row_id,ledger_group,accounting_level,geography,period_start,period_end,observation_month,metric,value_low,value_base,value_high,unit,status,data_cutoff,source_publication_date,confidence,source_url,method,interpretation,causal_assessment,double_counting_rule
demand-patc_world-202603,demand_counterfactual,headline,World,2026-03-01,2026-03-31,2026-03,consumption_below_frozen_february_forecast,40.411941,40.411941,40.411941,million_bbl,forecast_revision_preliminary,2026-07-31,2026-07-07,medium_high,https://www.eia.gov/outlooks/steo/archives/feb26_base.xlsx | https://www.eia.gov/outlooks/steo/archives/jul26_base.xlsx,(February STEO mb/d minus July STEO mb/d) times calendar days. March-June are preliminary in the July vintage; July is forecast.,Positive means consumption is lower than the frozen February path. Global forecast-vintage consumption gap; do not call the entire revision a causal Hormuz response.,"The revision is not a controlled causal estimate: it includes the Hormuz shock, ordinary data revisions, weather, macro changes, prices, and structural trends.",World equals the seven region components. Countries are nested within regions and must not be added to their parent region.
demand-patc_world-202604,demand_counterfactual,headline,World,2026-04-01,2026-04-30,2026-04,consumption_below_frozen_february_forecast,125.384846,125.384846,125.384846,million_bbl,forecast_revision_preliminary,2026-07-31,2026-07-07,medium_high,https://www.eia.gov/outlooks/steo/archives/feb26_base.xlsx | https://www.eia.gov/outlooks/steo/archives/jul26_base.xlsx,(February STEO mb/d minus July STEO mb/d) times calendar days. March-June are preliminary in the July vintage; July is forecast.,Positive means consumption is lower than the frozen February path. Global forecast-vintage consumption gap; do not call the entire revision a causal Hormuz response.,"The revision is not a controlled causal estimate: it includes the Hormuz shock, ordinary data revisions, weather, macro changes, prices, and structural trends.",World equals the seven region components. Countries are nested within regions and must not be added to their parent region.
demand-patc_world-202605,demand_counterfactual,headline,World,2026-05-01,2026-05-31,2026-05,consumption_below_frozen_february_forecast,140.3977,140.3977,140.3977,million_bbl,forecast_revision_preliminary,2026-07-31,2026-07-07,medium_high,https://www.eia.gov/outlooks/steo/archives/feb26_base.xlsx | https://www.eia.gov/outlooks/steo/archives/jul26_base.xlsx,(February STEO mb/d minus July STEO mb/d) times calendar days. March-June are preliminary in the July vintage; July is forecast.,Positive means consumption is lower than the frozen February path. Global forecast-vintage consumption gap; do not call the entire revision a causal Hormuz response.,"The revision is not a controlled causal estimate: it includes the Hormuz shock, ordinary data revisions, weather, macro changes, prices, and structural trends.",World equals the seven region components. Countries are nested within regions and must not be added to their parent region.
demand-patc_world-202606,demand_counterfactual,headline,World,2026-06-01,2026-06-30,2026-06,consumption_below_frozen_february_forecast,133.033907,133.033907,133.033907,million_bbl,forecast_revision_preliminary,2026-07-31,2026-07-07,medium_high,https://www.eia.gov/outlooks/steo/archives/feb26_base.xlsx | https://www.eia.gov/outlooks/steo/archives/jul26_base.xlsx,(February STEO mb/d minus July STEO mb/d) times calendar days. March-June are preliminary in the July vintage; July is forecast.,Positive means consumption is lower than the frozen February path. Global forecast-vintage consumption gap; do not call the entire revision a causal Hormuz response.,"The revision is not a controlled causal estimate: it includes the Hormuz shock, ordinary data revisions, weather, macro changes, prices, and structural trends.",World equals the seven region components. Countries are nested within regions and must not be added to their parent region.
demand-patc_world-202607,demand_counterfactual,headline,World,2026-07-01,2026-07-31,2026-07,consumption_below_frozen_february_forecast,127.127446,127.127446,127.127446,million_bbl,forecast_revision_july_forecast,2026-07-31,2026-07-07,medium_high,https://www.eia.gov/outlooks/steo/archives/feb26_base.xlsx | https://www.eia.gov/outlooks/steo/archives/jul26_base.xlsx,(February STEO mb/d minus July STEO mb/d) times calendar days. March-June are preliminary in the July vintage; July is forecast.,Positive means consumption is lower than the frozen February path. Global forecast-vintage consumption gap; do not call the entire revision a causal Hormuz response.,"The revision is not a controlled causal estimate: it includes the Hormuz shock, ordinary data revisions, weather, macro changes, prices, and structural trends.",World equals the seven region components. Countries are nested within regions and must not be added to their parent region.
demand-patc_world-cumulative,demand_counterfactual,headline,World,2026-03-01,2026-07-31,,cumulative_consumption_below_frozen_february_forecast,566.355841,566.355841,566.355841,million_bbl,march_june_preliminary_july_forecast,2026-07-31,2026-07-07,medium_high,https://www.eia.gov/outlooks/steo/archives/feb26_base.xlsx | https://www.eia.gov/outlooks/steo/archives/jul26_base.xlsx,Sum of the five monthly forecast-vintage gaps.,Cumulative March-July gap. Global forecast-vintage consumption gap; do not call the entire revision a causal Hormuz response.,"Use as the best reproducible demand counterfactual, not as proof that every barrel was destroyed by the closure.",World equals the seven region components. Countries are nested within regions and must not be added to their parent region.
demand-patc_r01-202603,demand_counterfactual,component,North America,2026-03-01,2026-03-31,2026-03,consumption_below_frozen_february_forecast,-11.69386,-11.69386,-11.69386,million_bbl,forecast_revision_preliminary,2026-07-31,2026-07-07,medium_high,https://www.eia.gov/outlooks/steo/archives/feb26_base.xlsx | https://www.eia.gov/outlooks/steo/archives/jul26_base.xlsx,(February STEO mb/d minus July STEO mb/d) times calendar days. March-June are preliminary in the July vintage; July is forecast.,"Positive means consumption is lower than the frozen February path. Regional revision; United States, Canada, and Mexico are suballocations.","The revision is not a controlled causal estimate: it includes the Hormuz shock, ordinary data revisions, weather, macro changes, prices, and structural trends.",World equals the seven region components. Countries are nested within regions and must not be added to their parent region.
demand-patc_r01-202604,demand_counterfactual,component,North America,2026-04-01,2026-04-30,2026-04,consumption_below_frozen_february_forecast,-13.239971,-13.239971,-13.239971,million_bbl,forecast_revision_preliminary,2026-07-31,2026-07-07,medium_high,https://www.eia.gov/outlooks/steo/archives/feb26_base.xlsx | https://www.eia.gov/outlooks/steo/archives/jul26_base.xlsx,(February STEO mb/d minus July STEO mb/d) times calendar days. March-June are preliminary in the July vintage; July is forecast.,"Positive means consumption is lower than the frozen February path. Regional revision; United States, Canada, and Mexico are suballocations.","The revision is not a controlled causal estimate: it includes the Hormuz shock, ordinary data revisions, weather, macro changes, prices, and structural trends.",World equals the seven region components. Countries are nested within regions and must not be added to their parent region.
demand-patc_r01-202605,demand_counterfactual,component,North America,2026-05-01,2026-05-31,2026-05,consumption_below_frozen_february_forecast,5.263566,5.263566,5.263566,million_bbl,forecast_revision_preliminary,2026-07-31,2026-07-07,medium_high,https://www.eia.gov/outlooks/steo/archives/feb26_base.xlsx | https://www.eia.gov/outlooks/steo/archives/jul26_base.xlsx,(February STEO mb/d minus July STEO mb/d) times calendar days. March-June are preliminary in the July vintage; July is forecast.,"Positive means consumption is lower than the frozen February path. Regional revision; United States, Canada, and Mexico are suballocations.","The revision is not a controlled causal estimate: it includes the Hormuz shock, ordinary data revisions, weather, macro changes, prices, and structural trends.",World equals the seven region components. Countries are nested within regions and must not be added to their parent region.
demand-patc_r01-202606,demand_counterfactual,component,North America,2026-06-01,2026-06-30,2026-06,consumption_below_frozen_february_forecast,3.981691,3.981691,3.981691,million_bbl,forecast_revision_preliminary,2026-07-31,2026-07-07,medium_high,https://www.eia.gov/outlooks/steo/archives/feb26_base.xlsx | https://www.eia.gov/outlooks/steo/archives/jul26_base.xlsx,(February STEO mb/d minus July STEO mb/d) times calendar days. March-June are preliminary in the July vintage; July is forecast.,"Positive means consumption is lower than the frozen February path. Regional revision; United States, Canada, and Mexico are suballocations.","The revision is not a controlled causal estimate: it includes the Hormuz shock, ordinary data revisions, weather, macro changes, prices, and structural trends.",World equals the seven region components. Countries are nested within regions and must not be added to their parent region.
demand-patc_r01-202607,demand_counterfactual,component,North America,2026-07-01,2026-07-31,2026-07,consumption_below_frozen_february_forecast,-0.944921,-0.944921,-0.944921,million_bbl,forecast_revision_july_forecast,2026-07-31,2026-07-07,medium_high,https://www.eia.gov/outlooks/steo/archives/feb26_base.xlsx | https://www.eia.gov/outlooks/steo/archives/jul26_base.xlsx,(February STEO mb/d minus July STEO mb/d) times calendar days. March-June are preliminary in the July vintage; July is forecast.,"Positive means consumption is lower than the frozen February path. Regional revision; United States, Canada, and Mexico are suballocations.","The revision is not a controlled causal estimate: it includes the Hormuz shock, ordinary data revisions, weather, macro changes, prices, and structural trends.",World equals the seven region components. Countries are nested within regions and must not be added to their parent region.
demand-patc_r01-cumulative,demand_counterfactual,component,North America,2026-03-01,2026-07-31,,cumulative_consumption_below_frozen_february_forecast,-16.633495,-16.633495,-16.633495,million_bbl,march_june_preliminary_july_forecast,2026-07-31,2026-07-07,medium_high,https://www.eia.gov/outlooks/steo/archives/feb26_base.xlsx | https://www.eia.gov/outlooks/steo/archives/jul26_base.xlsx,Sum of the five monthly forecast-vintage gaps.,"Cumulative March-July gap. Regional revision; United States, Canada, and Mexico are suballocations.","Use as the best reproducible demand counterfactual, not as proof that every barrel was destroyed by the closure.",World equals the seven region components. Countries are nested within regions and must not be added to their parent region.
demand-patc_r02-202603,demand_counterfactual,component,Central and South America,2026-03-01,2026-03-31,2026-03,consumption_below_frozen_february_forecast,1.287027,1.287027,1.287027,million_bbl,forecast_revision_preliminary,2026-07-31,2026-07-07,medium_high,https://www.eia.gov/outlooks/steo/archives/feb26_base.xlsx | https://www.eia.gov/outlooks/steo/archives/jul26_base.xlsx,(February STEO mb/d minus July STEO mb/d) times calendar days. March-June are preliminary in the July vintage; July is forecast.,Positive means consumption is lower than the frozen February path. Regional revision; Brazil is a suballocation.,"The revision is not a controlled causal estimate: it includes the Hormuz shock, ordinary data revisions, weather, macro changes, prices, and structural trends.",World equals the seven region components. Countries are nested within regions and must not be added to their parent region.
demand-patc_r02-202604,demand_counterfactual,component,Central and South America,2026-04-01,2026-04-30,2026-04,consumption_below_frozen_february_forecast,1.896988,1.896988,1.896988,million_bbl,forecast_revision_preliminary,2026-07-31,2026-07-07,medium_high,https://www.eia.gov/outlooks/steo/archives/feb26_base.xlsx | https://www.eia.gov/outlooks/steo/archives/jul26_base.xlsx,(February STEO mb/d minus July STEO mb/d) times calendar days. March-June are preliminary in the July vintage; July is forecast.,Positive means consumption is lower than the frozen February path. Regional revision; Brazil is a suballocation.,"The revision is not a controlled causal estimate: it includes the Hormuz shock, ordinary data revisions, weather, macro changes, prices, and structural trends.",World equals the seven region components. Countries are nested within regions and must not be added to their parent region.
demand-patc_r02-202605,demand_counterfactual,component,Central and South America,2026-05-01,2026-05-31,2026-05,consumption_below_frozen_february_forecast,1.938069,1.938069,1.938069,million_bbl,forecast_revision_preliminary,2026-07-31,2026-07-07,medium_high,https://www.eia.gov/outlooks/steo/archives/feb26_base.xlsx | https://www.eia.gov/outlooks/steo/archives/jul26_base.xlsx,(February STEO mb/d minus July STEO mb/d) times calendar days. March-June are preliminary in the July vintage; July is forecast.,Positive means consumption is lower than the frozen February path. Regional revision; Brazil is a suballocation.,"The revision is not a controlled causal estimate: it includes the Hormuz shock, ordinary data revisions, weather, macro changes, prices, and structural trends.",World equals the seven region components. Countries are nested within regions and must not be added to their parent region.
demand-patc_r02-202606,demand_counterfactual,component,Central and South America,2026-06-01,2026-06-30,2026-06,consumption_below_frozen_february_forecast,1.895884,1.895884,1.895884,million_bbl,forecast_revision_preliminary,2026-07-31,2026-07-07,medium_high,https://www.eia.gov/outlooks/steo/archives/feb26_base.xlsx | https://www.eia.gov/outlooks/steo/archives/jul26_base.xlsx,(February STEO mb/d minus July STEO mb/d) times calendar days. March-June are preliminary in the July vintage; July is forecast.,Positive means consumption is lower than the frozen February path. Regional revision; Brazil is a suballocation.,"The revision is not a controlled causal estimate: it includes the Hormuz shock, ordinary data revisions, weather, macro changes, prices, and structural trends.",World equals the seven region components. Countries are nested within regions and must not be added to their parent region.
demand-patc_r02-202607,demand_counterfactual,component,Central and South America,2026-07-01,2026-07-31,2026-07,consumption_below_frozen_february_forecast,1.340997,1.340997,1.340997,million_bbl,forecast_revision_july_forecast,2026-07-31,2026-07-07,medium_high,https://www.eia.gov/outlooks/steo/archives/feb26_base.xlsx | https://www.eia.gov/outlooks/steo/archives/jul26_base.xlsx,(February STEO mb/d minus July STEO mb/d) times calendar days. March-June are preliminary in the July vintage; July is forecast.,Positive means consumption is lower than the frozen February path. Regional revision; Brazil is a suballocation.,"The revision is not a controlled causal estimate: it includes the Hormuz shock, ordinary data revisions, weather, macro changes, prices, and structural trends.",World equals the seven region components. Countries are nested within regions and must not be added to their parent region.
demand-patc_r02-cumulative,demand_counterfactual,component,Central and South America,2026-03-01,2026-07-31,,cumulative_consumption_below_frozen_february_forecast,8.358965,8.358965,8.358965,million_bbl,march_june_preliminary_july_forecast,2026-07-31,2026-07-07,medium_high,https://www.eia.gov/outlooks/steo/archives/feb26_base.xlsx | https://www.eia.gov/outlooks/steo/archives/jul26_base.xlsx,Sum of the five monthly forecast-vintage gaps.,Cumulative March-July gap. Regional revision; Brazil is a suballocation.,"Use as the best reproducible demand counterfactual, not as proof that every barrel was destroyed by the closure.",World equals the seven region components. Countries are nested within regions and must not be added to their parent region.
demand-patc_r03-202603,demand_counterfactual,component,Europe,2026-03-01,2026-03-31,2026-03,consumption_below_frozen_february_forecast,6.543438,6.543438,6.543438,million_bbl,forecast_revision_preliminary,2026-07-31,2026-07-07,medium_high,https://www.eia.gov/outlooks/steo/archives/feb26_base.xlsx | https://www.eia.gov/outlooks/steo/archives/jul26_base.xlsx,(February STEO mb/d minus July STEO mb/d) times calendar days. March-June are preliminary in the July vintage; July is forecast.,"Positive means consumption is lower than the frozen February path. Regional revision, not an EU-only series.","The revision is not a controlled causal estimate: it includes the Hormuz shock, ordinary data revisions, weather, macro changes, prices, and structural trends.",World equals the seven region components. Countries are nested within regions and must not be added to their parent region.
demand-patc_r03-202604,demand_counterfactual,component,Europe,2026-04-01,2026-04-30,2026-04,consumption_below_frozen_february_forecast,5.657043,5.657043,5.657043,million_bbl,forecast_revision_preliminary,2026-07-31,2026-07-07,medium_high,https://www.eia.gov/outlooks/steo/archives/feb26_base.xlsx | https://www.eia.gov/outlooks/steo/archives/jul26_base.xlsx,(February STEO mb/d minus July STEO mb/d) times calendar days. March-June are preliminary in the July vintage; July is forecast.,"Positive means consumption is lower than the frozen February path. Regional revision, not an EU-only series.","The revision is not a controlled causal estimate: it includes the Hormuz shock, ordinary data revisions, weather, macro changes, prices, and structural trends.",World equals the seven region components. Countries are nested within regions and must not be added to their parent region.
demand-patc_r03-202605,demand_counterfactual,component,Europe,2026-05-01,2026-05-31,2026-05,consumption_below_frozen_february_forecast,5.825881,5.825881,5.825881,million_bbl,forecast_revision_preliminary,2026-07-31,2026-07-07,medium_high,https://www.eia.gov/outlooks/steo/archives/feb26_base.xlsx | https://www.eia.gov/outlooks/steo/archives/jul26_base.xlsx,(February STEO mb/d minus July STEO mb/d) times calendar days. March-June are preliminary in the July vintage; July is forecast.,"Positive means consumption is lower than the frozen February path. Regional revision, not an EU-only series.","The revision is not a controlled causal estimate: it includes the Hormuz shock, ordinary data revisions, weather, macro changes, prices, and structural trends.",World equals the seven region components. Countries are nested within regions and must not be added to their parent region.
demand-patc_r03-202606,demand_counterfactual,component,Europe,2026-06-01,2026-06-30,2026-06,consumption_below_frozen_february_forecast,5.684316,5.684316,5.684316,million_bbl,forecast_revision_preliminary,2026-07-31,2026-07-07,medium_high,https://www.eia.gov/outlooks/steo/archives/feb26_base.xlsx | https://www.eia.gov/outlooks/steo/archives/jul26_base.xlsx,(February STEO mb/d minus July STEO mb/d) times calendar days. March-June are preliminary in the July vintage; July is forecast.,"Positive means consumption is lower than the frozen February path. Regional revision, not an EU-only series.","The revision is not a controlled causal estimate: it includes the Hormuz shock, ordinary data revisions, weather, macro changes, prices, and structural trends.",World equals the seven region components. Countries are nested within regions and must not be added to their parent region.
demand-patc_r03-202607,demand_counterfactual,component,Europe,2026-07-01,2026-07-31,2026-07,consumption_below_frozen_february_forecast,5.990203,5.990203,5.990203,million_bbl,forecast_revision_july_forecast,2026-07-31,2026-07-07,medium_high,https://www.eia.gov/outlooks/steo/archives/feb26_base.xlsx | https://www.eia.gov/outlooks/steo/archives/jul26_base.xlsx,(February STEO mb/d minus July STEO mb/d) times calendar days. March-June are preliminary in the July vintage; July is forecast.,"Positive means consumption is lower than the frozen February path. Regional revision, not an EU-only series.","The revision is not a controlled causal estimate: it includes the Hormuz shock, ordinary data revisions, weather, macro changes, prices, and structural trends.",World equals the seven region components. Countries are nested within regions and must not be added to their parent region.
demand-patc_r03-cumulative,demand_counterfactual,component,Europe,2026-03-01,2026-07-31,,cumulative_consumption_below_frozen_february_forecast,29.70088,29.70088,29.70088,million_bbl,march_june_preliminary_july_forecast,2026-07-31,2026-07-07,medium_high,https://www.eia.gov/outlooks/steo/archives/feb26_base.xlsx | https://www.eia.gov/outlooks/steo/archives/jul26_base.xlsx,Sum of the five monthly forecast-vintage gaps.,"Cumulative March-July gap. Regional revision, not an EU-only series.","Use as the best reproducible demand counterfactual, not as proof that every barrel was destroyed by the closure.",World equals the seven region components. Countries are nested within regions and must not be added to their parent region.
demand-patc_r04-202603,demand_counterfactual,component,Eurasia,2026-03-01,2026-03-31,2026-03,consumption_below_frozen_february_forecast,-0.863079,-0.863079,-0.863079,million_bbl,forecast_revision_preliminary,2026-07-31,2026-07-07,medium_high,https://www.eia.gov/outlooks/steo/archives/feb26_base.xlsx | https://www.eia.gov/outlooks/steo/archives/jul26_base.xlsx,(February STEO mb/d minus July STEO mb/d) times calendar days. March-June are preliminary in the July vintage; July is forecast.,Positive means consumption is lower than the frozen February path. Regional revision; Russia is a suballocation.,"The revision is not a controlled causal estimate: it includes the Hormuz shock, ordinary data revisions, weather, macro changes, prices, and structural trends.",World equals the seven region components. Countries are nested within regions and must not be added to their parent region.
demand-patc_r04-202604,demand_counterfactual,component,Eurasia,2026-04-01,2026-04-30,2026-04,consumption_below_frozen_february_forecast,2.36048,2.36048,2.36048,million_bbl,forecast_revision_preliminary,2026-07-31,2026-07-07,medium_high,https://www.eia.gov/outlooks/steo/archives/feb26_base.xlsx | https://www.eia.gov/outlooks/steo/archives/jul26_base.xlsx,(February STEO mb/d minus July STEO mb/d) times calendar days. March-June are preliminary in the July vintage; July is forecast.,Positive means consumption is lower than the frozen February path. Regional revision; Russia is a suballocation.,"The revision is not a controlled causal estimate: it includes the Hormuz shock, ordinary data revisions, weather, macro changes, prices, and structural trends.",World equals the seven region components. Countries are nested within regions and must not be added to their parent region.
demand-patc_r04-202605,demand_counterfactual,component,Eurasia,2026-05-01,2026-05-31,2026-05,consumption_below_frozen_february_forecast,2.550853,2.550853,2.550853,million_bbl,forecast_revision_preliminary,2026-07-31,2026-07-07,medium_high,https://www.eia.gov/outlooks/steo/archives/feb26_base.xlsx | https://www.eia.gov/outlooks/steo/archives/jul26_base.xlsx,(February STEO mb/d minus July STEO mb/d) times calendar days. March-June are preliminary in the July vintage; July is forecast.,Positive means consumption is lower than the frozen February path. Regional revision; Russia is a suballocation.,"The revision is not a controlled causal estimate: it includes the Hormuz shock, ordinary data revisions, weather, macro changes, prices, and structural trends.",World equals the seven region components. Countries are nested within regions and must not be added to their parent region.
demand-patc_r04-202606,demand_counterfactual,component,Eurasia,2026-06-01,2026-06-30,2026-06,consumption_below_frozen_february_forecast,2.626488,2.626488,2.626488,million_bbl,forecast_revision_preliminary,2026-07-31,2026-07-07,medium_high,https://www.eia.gov/outlooks/steo/archives/feb26_base.xlsx | https://www.eia.gov/outlooks/steo/archives/jul26_base.xlsx,(February STEO mb/d minus July STEO mb/d) times calendar days. March-June are preliminary in the July vintage; July is forecast.,Positive means consumption is lower than the frozen February path. Regional revision; Russia is a suballocation.,"The revision is not a controlled causal estimate: it includes the Hormuz shock, ordinary data revisions, weather, macro changes, prices, and structural trends.",World equals the seven region components. Countries are nested within regions and must not be added to their parent region.
demand-patc_r04-202607,demand_counterfactual,component,Eurasia,2026-07-01,2026-07-31,2026-07,consumption_below_frozen_february_forecast,2.758587,2.758587,2.758587,million_bbl,forecast_revision_july_forecast,2026-07-31,2026-07-07,medium_high,https://www.eia.gov/outlooks/steo/archives/feb26_base.xlsx | https://www.eia.gov/outlooks/steo/archives/jul26_base.xlsx,(February STEO mb/d minus July STEO mb/d) times calendar days. March-June are preliminary in the July vintage; July is forecast.,Positive means consumption is lower than the frozen February path. Regional revision; Russia is a suballocation.,"The revision is not a controlled causal estimate: it includes the Hormuz shock, ordinary data revisions, weather, macro changes, prices, and structural trends.",World equals the seven region components. Countries are nested within regions and must not be added to their parent region.
demand-patc_r04-cumulative,demand_counterfactual,component,Eurasia,2026-03-01,2026-07-31,,cumulative_consumption_below_frozen_february_forecast,9.433329,9.433329,9.433329,million_bbl,march_june_preliminary_july_forecast,2026-07-31,2026-07-07,medium_high,https://www.eia.gov/outlooks/steo/archives/feb26_base.xlsx | https://www.eia.gov/outlooks/steo/archives/jul26_base.xlsx,Sum of the five monthly forecast-vintage gaps.,Cumulative March-July gap. Regional revision; Russia is a suballocation.,"Use as the best reproducible demand counterfactual, not as proof that every barrel was destroyed by the closure.",World equals the seven region components. Countries are nested within regions and must not be added to their parent region.
demand-patc_r05-202603,demand_counterfactual,component,Middle East,2026-03-01,2026-03-31,2026-03,consumption_below_frozen_february_forecast,21.231667,21.231667,21.231667,million_bbl,forecast_revision_preliminary,2026-07-31,2026-07-07,medium_high,https://www.eia.gov/outlooks/steo/archives/feb26_base.xlsx | https://www.eia.gov/outlooks/steo/archives/jul26_base.xlsx,(February STEO mb/d minus July STEO mb/d) times calendar days. March-June are preliminary in the July vintage; July is forecast.,"Positive means consumption is lower than the frozen February path. Regional revision; likely strongly affected by local feedstock, refinery, and mobility constraints.","The revision is not a controlled causal estimate: it includes the Hormuz shock, ordinary data revisions, weather, macro changes, prices, and structural trends.",World equals the seven region components. Countries are nested within regions and must not be added to their parent region.
demand-patc_r05-202604,demand_counterfactual,component,Middle East,2026-04-01,2026-04-30,2026-04,consumption_below_frozen_february_forecast,38.025632,38.025632,38.025632,million_bbl,forecast_revision_preliminary,2026-07-31,2026-07-07,medium_high,https://www.eia.gov/outlooks/steo/archives/feb26_base.xlsx | https://www.eia.gov/outlooks/steo/archives/jul26_base.xlsx,(February STEO mb/d minus July STEO mb/d) times calendar days. March-June are preliminary in the July vintage; July is forecast.,"Positive means consumption is lower than the frozen February path. Regional revision; likely strongly affected by local feedstock, refinery, and mobility constraints.","The revision is not a controlled causal estimate: it includes the Hormuz shock, ordinary data revisions, weather, macro changes, prices, and structural trends.",World equals the seven region components. Countries are nested within regions and must not be added to their parent region.
demand-patc_r05-202605,demand_counterfactual,component,Middle East,2026-05-01,2026-05-31,2026-05,consumption_below_frozen_february_forecast,37.71257,37.71257,37.71257,million_bbl,forecast_revision_preliminary,2026-07-31,2026-07-07,medium_high,https://www.eia.gov/outlooks/steo/archives/feb26_base.xlsx | https://www.eia.gov/outlooks/steo/archives/jul26_base.xlsx,(February STEO mb/d minus July STEO mb/d) times calendar days. March-June are preliminary in the July vintage; July is forecast.,"Positive means consumption is lower than the frozen February path. Regional revision; likely strongly affected by local feedstock, refinery, and mobility constraints.","The revision is not a controlled causal estimate: it includes the Hormuz shock, ordinary data revisions, weather, macro changes, prices, and structural trends.",World equals the seven region components. Countries are nested within regions and must not be added to their parent region.
demand-patc_r05-202606,demand_counterfactual,component,Middle East,2026-06-01,2026-06-30,2026-06,consumption_below_frozen_february_forecast,37.895111,37.895111,37.895111,million_bbl,forecast_revision_preliminary,2026-07-31,2026-07-07,medium_high,https://www.eia.gov/outlooks/steo/archives/feb26_base.xlsx | https://www.eia.gov/outlooks/steo/archives/jul26_base.xlsx,(February STEO mb/d minus July STEO mb/d) times calendar days. March-June are preliminary in the July vintage; July is forecast.,"Positive means consumption is lower than the frozen February path. Regional revision; likely strongly affected by local feedstock, refinery, and mobility constraints.","The revision is not a controlled causal estimate: it includes the Hormuz shock, ordinary data revisions, weather, macro changes, prices, and structural trends.",World equals the seven region components. Countries are nested within regions and must not be added to their parent region.
demand-patc_r05-202607,demand_counterfactual,component,Middle East,2026-07-01,2026-07-31,2026-07,consumption_below_frozen_february_forecast,38.631229,38.631229,38.631229,million_bbl,forecast_revision_july_forecast,2026-07-31,2026-07-07,medium_high,https://www.eia.gov/outlooks/steo/archives/feb26_base.xlsx | https://www.eia.gov/outlooks/steo/archives/jul26_base.xlsx,(February STEO mb/d minus July STEO mb/d) times calendar days. March-June are preliminary in the July vintage; July is forecast.,"Positive means consumption is lower than the frozen February path. Regional revision; likely strongly affected by local feedstock, refinery, and mobility constraints.","The revision is not a controlled causal estimate: it includes the Hormuz shock, ordinary data revisions, weather, macro changes, prices, and structural trends.",World equals the seven region components. Countries are nested within regions and must not be added to their parent region.
demand-patc_r05-cumulative,demand_counterfactual,component,Middle East,2026-03-01,2026-07-31,,cumulative_consumption_below_frozen_february_forecast,173.496208,173.496208,173.496208,million_bbl,march_june_preliminary_july_forecast,2026-07-31,2026-07-07,medium_high,https://www.eia.gov/outlooks/steo/archives/feb26_base.xlsx | https://www.eia.gov/outlooks/steo/archives/jul26_base.xlsx,Sum of the five monthly forecast-vintage gaps.,"Cumulative March-July gap. Regional revision; likely strongly affected by local feedstock, refinery, and mobility constraints.","Use as the best reproducible demand counterfactual, not as proof that every barrel was destroyed by the closure.",World equals the seven region components. Countries are nested within regions and must not be added to their parent region.
demand-patc_r06-202603,demand_counterfactual,component,Africa,2026-03-01,2026-03-31,2026-03,consumption_below_frozen_february_forecast,0.97502,0.97502,0.97502,million_bbl,forecast_revision_preliminary,2026-07-31,2026-07-07,medium_high,https://www.eia.gov/outlooks/steo/archives/feb26_base.xlsx | https://www.eia.gov/outlooks/steo/archives/jul26_base.xlsx,(February STEO mb/d minus July STEO mb/d) times calendar days. March-June are preliminary in the July vintage; July is forecast.,Positive means consumption is lower than the frozen February path. Regional revision; country detail is not published in this STEO table.,"The revision is not a controlled causal estimate: it includes the Hormuz shock, ordinary data revisions, weather, macro changes, prices, and structural trends.",World equals the seven region components. Countries are nested within regions and must not be added to their parent region.
demand-patc_r06-202604,demand_counterfactual,component,Africa,2026-04-01,2026-04-30,2026-04,consumption_below_frozen_february_forecast,8.474918,8.474918,8.474918,million_bbl,forecast_revision_preliminary,2026-07-31,2026-07-07,medium_high,https://www.eia.gov/outlooks/steo/archives/feb26_base.xlsx | https://www.eia.gov/outlooks/steo/archives/jul26_base.xlsx,(February STEO mb/d minus July STEO mb/d) times calendar days. March-June are preliminary in the July vintage; July is forecast.,Positive means consumption is lower than the frozen February path. Regional revision; country detail is not published in this STEO table.,"The revision is not a controlled causal estimate: it includes the Hormuz shock, ordinary data revisions, weather, macro changes, prices, and structural trends.",World equals the seven region components. Countries are nested within regions and must not be added to their parent region.
demand-patc_r06-202605,demand_counterfactual,component,Africa,2026-05-01,2026-05-31,2026-05,consumption_below_frozen_february_forecast,8.695266,8.695266,8.695266,million_bbl,forecast_revision_preliminary,2026-07-31,2026-07-07,medium_high,https://www.eia.gov/outlooks/steo/archives/feb26_base.xlsx | https://www.eia.gov/outlooks/steo/archives/jul26_base.xlsx,(February STEO mb/d minus July STEO mb/d) times calendar days. March-June are preliminary in the July vintage; July is forecast.,Positive means consumption is lower than the frozen February path. Regional revision; country detail is not published in this STEO table.,"The revision is not a controlled causal estimate: it includes the Hormuz shock, ordinary data revisions, weather, macro changes, prices, and structural trends.",World equals the seven region components. Countries are nested within regions and must not be added to their parent region.
demand-patc_r06-202606,demand_counterfactual,component,Africa,2026-06-01,2026-06-30,2026-06,consumption_below_frozen_february_forecast,8.414764,8.414764,8.414764,million_bbl,forecast_revision_preliminary,2026-07-31,2026-07-07,medium_high,https://www.eia.gov/outlooks/steo/archives/feb26_base.xlsx | https://www.eia.gov/outlooks/steo/archives/jul26_base.xlsx,(February STEO mb/d minus July STEO mb/d) times calendar days. March-June are preliminary in the July vintage; July is forecast.,Positive means consumption is lower than the frozen February path. Regional revision; country detail is not published in this STEO table.,"The revision is not a controlled causal estimate: it includes the Hormuz shock, ordinary data revisions, weather, macro changes, prices, and structural trends.",World equals the seven region components. Countries are nested within regions and must not be added to their parent region.
demand-patc_r06-202607,demand_counterfactual,component,Africa,2026-07-01,2026-07-31,2026-07,consumption_below_frozen_february_forecast,8.53963,8.53963,8.53963,million_bbl,forecast_revision_july_forecast,2026-07-31,2026-07-07,medium_high,https://www.eia.gov/outlooks/steo/archives/feb26_base.xlsx | https://www.eia.gov/outlooks/steo/archives/jul26_base.xlsx,(February STEO mb/d minus July STEO mb/d) times calendar days. March-June are preliminary in the July vintage; July is forecast.,Positive means consumption is lower than the frozen February path. Regional revision; country detail is not published in this STEO table.,"The revision is not a controlled causal estimate: it includes the Hormuz shock, ordinary data revisions, weather, macro changes, prices, and structural trends.",World equals the seven region components. Countries are nested within regions and must not be added to their parent region.
demand-patc_r06-cumulative,demand_counterfactual,component,Africa,2026-03-01,2026-07-31,,cumulative_consumption_below_frozen_february_forecast,35.099597,35.099597,35.099597,million_bbl,march_june_preliminary_july_forecast,2026-07-31,2026-07-07,medium_high,https://www.eia.gov/outlooks/steo/archives/feb26_base.xlsx | https://www.eia.gov/outlooks/steo/archives/jul26_base.xlsx,Sum of the five monthly forecast-vintage gaps.,Cumulative March-July gap. Regional revision; country detail is not published in this STEO table.,"Use as the best reproducible demand counterfactual, not as proof that every barrel was destroyed by the closure.",World equals the seven region components. Countries are nested within regions and must not be added to their parent region.
demand-patc_r07-202603,demand_counterfactual,component,Asia and Oceania,2026-03-01,2026-03-31,2026-03,consumption_below_frozen_february_forecast,22.931728,22.931728,22.931728,million_bbl,forecast_revision_preliminary,2026-07-31,2026-07-07,medium_high,https://www.eia.gov/outlooks/steo/archives/feb26_base.xlsx | https://www.eia.gov/outlooks/steo/archives/jul26_base.xlsx,(February STEO mb/d minus July STEO mb/d) times calendar days. March-June are preliminary in the July vintage; July is forecast.,"Positive means consumption is lower than the frozen February path. Regional revision; China, India, and Japan are suballocations.","The revision is not a controlled causal estimate: it includes the Hormuz shock, ordinary data revisions, weather, macro changes, prices, and structural trends.",World equals the seven region components. Countries are nested within regions and must not be added to their parent region.
demand-patc_r07-202604,demand_counterfactual,component,Asia and Oceania,2026-04-01,2026-04-30,2026-04,consumption_below_frozen_february_forecast,82.209755,82.209755,82.209755,million_bbl,forecast_revision_preliminary,2026-07-31,2026-07-07,medium_high,https://www.eia.gov/outlooks/steo/archives/feb26_base.xlsx | https://www.eia.gov/outlooks/steo/archives/jul26_base.xlsx,(February STEO mb/d minus July STEO mb/d) times calendar days. March-June are preliminary in the July vintage; July is forecast.,"Positive means consumption is lower than the frozen February path. Regional revision; China, India, and Japan are suballocations.","The revision is not a controlled causal estimate: it includes the Hormuz shock, ordinary data revisions, weather, macro changes, prices, and structural trends.",World equals the seven region components. Countries are nested within regions and must not be added to their parent region.
demand-patc_r07-202605,demand_counterfactual,component,Asia and Oceania,2026-05-01,2026-05-31,2026-05,consumption_below_frozen_february_forecast,78.411497,78.411497,78.411497,million_bbl,forecast_revision_preliminary,2026-07-31,2026-07-07,medium_high,https://www.eia.gov/outlooks/steo/archives/feb26_base.xlsx | https://www.eia.gov/outlooks/steo/archives/jul26_base.xlsx,(February STEO mb/d minus July STEO mb/d) times calendar days. March-June are preliminary in the July vintage; July is forecast.,"Positive means consumption is lower than the frozen February path. Regional revision; China, India, and Japan are suballocations.","The revision is not a controlled causal estimate: it includes the Hormuz shock, ordinary data revisions, weather, macro changes, prices, and structural trends.",World equals the seven region components. Countries are nested within regions and must not be added to their parent region.
demand-patc_r07-202606,demand_counterfactual,component,Asia and Oceania,2026-06-01,2026-06-30,2026-06,consumption_below_frozen_february_forecast,72.535652,72.535652,72.535652,million_bbl,forecast_revision_preliminary,2026-07-31,2026-07-07,medium_high,https://www.eia.gov/outlooks/steo/archives/feb26_base.xlsx | https://www.eia.gov/outlooks/steo/archives/jul26_base.xlsx,(February STEO mb/d minus July STEO mb/d) times calendar days. March-June are preliminary in the July vintage; July is forecast.,"Positive means consumption is lower than the frozen February path. Regional revision; China, India, and Japan are suballocations.","The revision is not a controlled causal estimate: it includes the Hormuz shock, ordinary data revisions, weather, macro changes, prices, and structural trends.",World equals the seven region components. Countries are nested within regions and must not be added to their parent region.
demand-patc_r07-202607,demand_counterfactual,component,Asia and Oceania,2026-07-01,2026-07-31,2026-07,consumption_below_frozen_february_forecast,70.811722,70.811722,70.811722,million_bbl,forecast_revision_july_forecast,2026-07-31,2026-07-07,medium_high,https://www.eia.gov/outlooks/steo/archives/feb26_base.xlsx | https://www.eia.gov/outlooks/steo/archives/jul26_base.xlsx,(February STEO mb/d minus July STEO mb/d) times calendar days. March-June are preliminary in the July vintage; July is forecast.,"Positive means consumption is lower than the frozen February path. Regional revision; China, India, and Japan are suballocations.","The revision is not a controlled causal estimate: it includes the Hormuz shock, ordinary data revisions, weather, macro changes, prices, and structural trends.",World equals the seven region components. Countries are nested within regions and must not be added to their parent region.
demand-patc_r07-cumulative,demand_counterfactual,component,Asia and Oceania,2026-03-01,2026-07-31,,cumulative_consumption_below_frozen_february_forecast,326.900353,326.900353,326.900353,million_bbl,march_june_preliminary_july_forecast,2026-07-31,2026-07-07,medium_high,https://www.eia.gov/outlooks/steo/archives/feb26_base.xlsx | https://www.eia.gov/outlooks/steo/archives/jul26_base.xlsx,Sum of the five monthly forecast-vintage gaps.,"Cumulative March-July gap. Regional revision; China, India, and Japan are suballocations.","Use as the best reproducible demand counterfactual, not as proof that every barrel was destroyed by the closure.",World equals the seven region components. Countries are nested within regions and must not be added to their parent region.
demand-patc_us-202603,demand_counterfactual,suballocation,United States,2026-03-01,2026-03-31,2026-03,consumption_below_frozen_february_forecast,-5.819537,-5.819537,-5.819537,million_bbl,forecast_revision_preliminary,2026-07-31,2026-07-07,medium_high,https://www.eia.gov/outlooks/steo/archives/feb26_base.xlsx | https://www.eia.gov/outlooks/steo/archives/jul26_base.xlsx,(February STEO mb/d minus July STEO mb/d) times calendar days. March-June are preliminary in the July vintage; July is forecast.,"Positive means consumption is lower than the frozen February path. Actual/postshock vintage is slightly above the February path cumulatively, so this is a negative demand-reduction contribution.","The revision is not a controlled causal estimate: it includes the Hormuz shock, ordinary data revisions, weather, macro changes, prices, and structural trends.",World equals the seven region components. Countries are nested within regions and must not be added to their parent region.
demand-patc_us-202604,demand_counterfactual,suballocation,United States,2026-04-01,2026-04-30,2026-04,consumption_below_frozen_february_forecast,-11.78373,-11.78373,-11.78373,million_bbl,forecast_revision_preliminary,2026-07-31,2026-07-07,medium_high,https://www.eia.gov/outlooks/steo/archives/feb26_base.xlsx | https://www.eia.gov/outlooks/steo/archives/jul26_base.xlsx,(February STEO mb/d minus July STEO mb/d) times calendar days. March-June are preliminary in the July vintage; July is forecast.,"Positive means consumption is lower than the frozen February path. Actual/postshock vintage is slightly above the February path cumulatively, so this is a negative demand-reduction contribution.","The revision is not a controlled causal estimate: it includes the Hormuz shock, ordinary data revisions, weather, macro changes, prices, and structural trends.",World equals the seven region components. Countries are nested within regions and must not be added to their parent region.
demand-patc_us-202605,demand_counterfactual,suballocation,United States,2026-05-01,2026-05-31,2026-05,consumption_below_frozen_february_forecast,6.222645,6.222645,6.222645,million_bbl,forecast_revision_preliminary,2026-07-31,2026-07-07,medium_high,https://www.eia.gov/outlooks/steo/archives/feb26_base.xlsx | https://www.eia.gov/outlooks/steo/archives/jul26_base.xlsx,(February STEO mb/d minus July STEO mb/d) times calendar days. March-June are preliminary in the July vintage; July is forecast.,"Positive means consumption is lower than the frozen February path. Actual/postshock vintage is slightly above the February path cumulatively, so this is a negative demand-reduction contribution.","The revision is not a controlled causal estimate: it includes the Hormuz shock, ordinary data revisions, weather, macro changes, prices, and structural trends.",World equals the seven region components. Countries are nested within regions and must not be added to their parent region.
demand-patc_us-202606,demand_counterfactual,suballocation,United States,2026-06-01,2026-06-30,2026-06,consumption_below_frozen_february_forecast,5.501867,5.501867,5.501867,million_bbl,forecast_revision_preliminary,2026-07-31,2026-07-07,medium_high,https://www.eia.gov/outlooks/steo/archives/feb26_base.xlsx | https://www.eia.gov/outlooks/steo/archives/jul26_base.xlsx,(February STEO mb/d minus July STEO mb/d) times calendar days. March-June are preliminary in the July vintage; July is forecast.,"Positive means consumption is lower than the frozen February path. Actual/postshock vintage is slightly above the February path cumulatively, so this is a negative demand-reduction contribution.","The revision is not a controlled causal estimate: it includes the Hormuz shock, ordinary data revisions, weather, macro changes, prices, and structural trends.",World equals the seven region components. Countries are nested within regions and must not be added to their parent region.
demand-patc_us-202607,demand_counterfactual,suballocation,United States,2026-07-01,2026-07-31,2026-07,consumption_below_frozen_february_forecast,0.31775,0.31775,0.31775,million_bbl,forecast_revision_july_forecast,2026-07-31,2026-07-07,medium_high,https://www.eia.gov/outlooks/steo/archives/feb26_base.xlsx | https://www.eia.gov/outlooks/steo/archives/jul26_base.xlsx,(February STEO mb/d minus July STEO mb/d) times calendar days. March-June are preliminary in the July vintage; July is forecast.,"Positive means consumption is lower than the frozen February path. Actual/postshock vintage is slightly above the February path cumulatively, so this is a negative demand-reduction contribution.","The revision is not a controlled causal estimate: it includes the Hormuz shock, ordinary data revisions, weather, macro changes, prices, and structural trends.",World equals the seven region components. Countries are nested within regions and must not be added to their parent region.
demand-patc_us-cumulative,demand_counterfactual,suballocation,United States,2026-03-01,2026-07-31,,cumulative_consumption_below_frozen_february_forecast,-5.561005,-5.561005,-5.561005,million_bbl,march_june_preliminary_july_forecast,2026-07-31,2026-07-07,medium_high,https://www.eia.gov/outlooks/steo/archives/feb26_base.xlsx | https://www.eia.gov/outlooks/steo/archives/jul26_base.xlsx,Sum of the five monthly forecast-vintage gaps.,"Cumulative March-July gap. Actual/postshock vintage is slightly above the February path cumulatively, so this is a negative demand-reduction contribution.","Use as the best reproducible demand counterfactual, not as proof that every barrel was destroyed by the closure.",World equals the seven region components. Countries are nested within regions and must not be added to their parent region.
demand-patc_ca-202603,demand_counterfactual,suballocation,Canada,2026-03-01,2026-03-31,2026-03,consumption_below_frozen_february_forecast,-3.476416,-3.476416,-3.476416,million_bbl,forecast_revision_preliminary,2026-07-31,2026-07-07,medium_high,https://www.eia.gov/outlooks/steo/archives/feb26_base.xlsx | https://www.eia.gov/outlooks/steo/archives/jul26_base.xlsx,(February STEO mb/d minus July STEO mb/d) times calendar days. March-June are preliminary in the July vintage; July is forecast.,Positive means consumption is lower than the frozen February path. Actual/postshock vintage is above the February path cumulatively.,"The revision is not a controlled causal estimate: it includes the Hormuz shock, ordinary data revisions, weather, macro changes, prices, and structural trends.",World equals the seven region components. Countries are nested within regions and must not be added to their parent region.
demand-patc_ca-202604,demand_counterfactual,suballocation,Canada,2026-04-01,2026-04-30,2026-04,consumption_below_frozen_february_forecast,-1.841837,-1.841837,-1.841837,million_bbl,forecast_revision_preliminary,2026-07-31,2026-07-07,medium_high,https://www.eia.gov/outlooks/steo/archives/feb26_base.xlsx | https://www.eia.gov/outlooks/steo/archives/jul26_base.xlsx,(February STEO mb/d minus July STEO mb/d) times calendar days. March-June are preliminary in the July vintage; July is forecast.,Positive means consumption is lower than the frozen February path. Actual/postshock vintage is above the February path cumulatively.,"The revision is not a controlled causal estimate: it includes the Hormuz shock, ordinary data revisions, weather, macro changes, prices, and structural trends.",World equals the seven region components. Countries are nested within regions and must not be added to their parent region.
demand-patc_ca-202605,demand_counterfactual,suballocation,Canada,2026-05-01,2026-05-31,2026-05,consumption_below_frozen_february_forecast,-1.327968,-1.327968,-1.327968,million_bbl,forecast_revision_preliminary,2026-07-31,2026-07-07,medium_high,https://www.eia.gov/outlooks/steo/archives/feb26_base.xlsx | https://www.eia.gov/outlooks/steo/archives/jul26_base.xlsx,(February STEO mb/d minus July STEO mb/d) times calendar days. March-June are preliminary in the July vintage; July is forecast.,Positive means consumption is lower than the frozen February path. Actual/postshock vintage is above the February path cumulatively.,"The revision is not a controlled causal estimate: it includes the Hormuz shock, ordinary data revisions, weather, macro changes, prices, and structural trends.",World equals the seven region components. Countries are nested within regions and must not be added to their parent region.
demand-patc_ca-202606,demand_counterfactual,suballocation,Canada,2026-06-01,2026-06-30,2026-06,consumption_below_frozen_february_forecast,-1.875835,-1.875835,-1.875835,million_bbl,forecast_revision_preliminary,2026-07-31,2026-07-07,medium_high,https://www.eia.gov/outlooks/steo/archives/feb26_base.xlsx | https://www.eia.gov/outlooks/steo/archives/jul26_base.xlsx,(February STEO mb/d minus July STEO mb/d) times calendar days. March-June are preliminary in the July vintage; July is forecast.,Positive means consumption is lower than the frozen February path. Actual/postshock vintage is above the February path cumulatively.,"The revision is not a controlled causal estimate: it includes the Hormuz shock, ordinary data revisions, weather, macro changes, prices, and structural trends.",World equals the seven region components. Countries are nested within regions and must not be added to their parent region.
demand-patc_ca-202607,demand_counterfactual,suballocation,Canada,2026-07-01,2026-07-31,2026-07,consumption_below_frozen_february_forecast,-1.615842,-1.615842,-1.615842,million_bbl,forecast_revision_july_forecast,2026-07-31,2026-07-07,medium_high,https://www.eia.gov/outlooks/steo/archives/feb26_base.xlsx | https://www.eia.gov/outlooks/steo/archives/jul26_base.xlsx,(February STEO mb/d minus July STEO mb/d) times calendar days. March-June are preliminary in the July vintage; July is forecast.,Positive means consumption is lower than the frozen February path. Actual/postshock vintage is above the February path cumulatively.,"The revision is not a controlled causal estimate: it includes the Hormuz shock, ordinary data revisions, weather, macro changes, prices, and structural trends.",World equals the seven region components. Countries are nested within regions and must not be added to their parent region.
demand-patc_ca-cumulative,demand_counterfactual,suballocation,Canada,2026-03-01,2026-07-31,,cumulative_consumption_below_frozen_february_forecast,-10.137898,-10.137898,-10.137898,million_bbl,march_june_preliminary_july_forecast,2026-07-31,2026-07-07,medium_high,https://www.eia.gov/outlooks/steo/archives/feb26_base.xlsx | https://www.eia.gov/outlooks/steo/archives/jul26_base.xlsx,Sum of the five monthly forecast-vintage gaps.,Cumulative March-July gap. Actual/postshock vintage is above the February path cumulatively.,"Use as the best reproducible demand counterfactual, not as proof that every barrel was destroyed by the closure.",World equals the seven region components. Countries are nested within regions and must not be added to their parent region.
demand-patc_mx-202603,demand_counterfactual,suballocation,Mexico,2026-03-01,2026-03-31,2026-03,consumption_below_frozen_february_forecast,-2.398434,-2.398434,-2.398434,million_bbl,forecast_revision_preliminary,2026-07-31,2026-07-07,medium_high,https://www.eia.gov/outlooks/steo/archives/feb26_base.xlsx | https://www.eia.gov/outlooks/steo/archives/jul26_base.xlsx,(February STEO mb/d minus July STEO mb/d) times calendar days. March-June are preliminary in the July vintage; July is forecast.,Positive means consumption is lower than the frozen February path. Country suballocation of North America.,"The revision is not a controlled causal estimate: it includes the Hormuz shock, ordinary data revisions, weather, macro changes, prices, and structural trends.",World equals the seven region components. Countries are nested within regions and must not be added to their parent region.
demand-patc_mx-202604,demand_counterfactual,suballocation,Mexico,2026-04-01,2026-04-30,2026-04,consumption_below_frozen_february_forecast,0.385086,0.385086,0.385086,million_bbl,forecast_revision_preliminary,2026-07-31,2026-07-07,medium_high,https://www.eia.gov/outlooks/steo/archives/feb26_base.xlsx | https://www.eia.gov/outlooks/steo/archives/jul26_base.xlsx,(February STEO mb/d minus July STEO mb/d) times calendar days. March-June are preliminary in the July vintage; July is forecast.,Positive means consumption is lower than the frozen February path. Country suballocation of North America.,"The revision is not a controlled causal estimate: it includes the Hormuz shock, ordinary data revisions, weather, macro changes, prices, and structural trends.",World equals the seven region components. Countries are nested within regions and must not be added to their parent region.
demand-patc_mx-202605,demand_counterfactual,suballocation,Mexico,2026-05-01,2026-05-31,2026-05,consumption_below_frozen_february_forecast,0.368363,0.368363,0.368363,million_bbl,forecast_revision_preliminary,2026-07-31,2026-07-07,medium_high,https://www.eia.gov/outlooks/steo/archives/feb26_base.xlsx | https://www.eia.gov/outlooks/steo/archives/jul26_base.xlsx,(February STEO mb/d minus July STEO mb/d) times calendar days. March-June are preliminary in the July vintage; July is forecast.,Positive means consumption is lower than the frozen February path. Country suballocation of North America.,"The revision is not a controlled causal estimate: it includes the Hormuz shock, ordinary data revisions, weather, macro changes, prices, and structural trends.",World equals the seven region components. Countries are nested within regions and must not be added to their parent region.
demand-patc_mx-202606,demand_counterfactual,suballocation,Mexico,2026-06-01,2026-06-30,2026-06,consumption_below_frozen_february_forecast,0.355149,0.355149,0.355149,million_bbl,forecast_revision_preliminary,2026-07-31,2026-07-07,medium_high,https://www.eia.gov/outlooks/steo/archives/feb26_base.xlsx | https://www.eia.gov/outlooks/steo/archives/jul26_base.xlsx,(February STEO mb/d minus July STEO mb/d) times calendar days. March-June are preliminary in the July vintage; July is forecast.,Positive means consumption is lower than the frozen February path. Country suballocation of North America.,"The revision is not a controlled causal estimate: it includes the Hormuz shock, ordinary data revisions, weather, macro changes, prices, and structural trends.",World equals the seven region components. Countries are nested within regions and must not be added to their parent region.
demand-patc_mx-202607,demand_counterfactual,suballocation,Mexico,2026-07-01,2026-07-31,2026-07,consumption_below_frozen_february_forecast,0.352645,0.352645,0.352645,million_bbl,forecast_revision_july_forecast,2026-07-31,2026-07-07,medium_high,https://www.eia.gov/outlooks/steo/archives/feb26_base.xlsx | https://www.eia.gov/outlooks/steo/archives/jul26_base.xlsx,(February STEO mb/d minus July STEO mb/d) times calendar days. March-June are preliminary in the July vintage; July is forecast.,Positive means consumption is lower than the frozen February path. Country suballocation of North America.,"The revision is not a controlled causal estimate: it includes the Hormuz shock, ordinary data revisions, weather, macro changes, prices, and structural trends.",World equals the seven region components. Countries are nested within regions and must not be added to their parent region.
demand-patc_mx-cumulative,demand_counterfactual,suballocation,Mexico,2026-03-01,2026-07-31,,cumulative_consumption_below_frozen_february_forecast,-0.937192,-0.937192,-0.937192,million_bbl,march_june_preliminary_july_forecast,2026-07-31,2026-07-07,medium_high,https://www.eia.gov/outlooks/steo/archives/feb26_base.xlsx | https://www.eia.gov/outlooks/steo/archives/jul26_base.xlsx,Sum of the five monthly forecast-vintage gaps.,Cumulative March-July gap. Country suballocation of North America.,"Use as the best reproducible demand counterfactual, not as proof that every barrel was destroyed by the closure.",World equals the seven region components. Countries are nested within regions and must not be added to their parent region.
demand-patc_br-202603,demand_counterfactual,suballocation,Brazil,2026-03-01,2026-03-31,2026-03,consumption_below_frozen_february_forecast,1.326846,1.326846,1.326846,million_bbl,forecast_revision_preliminary,2026-07-31,2026-07-07,medium_high,https://www.eia.gov/outlooks/steo/archives/feb26_base.xlsx | https://www.eia.gov/outlooks/steo/archives/jul26_base.xlsx,(February STEO mb/d minus July STEO mb/d) times calendar days. March-June are preliminary in the July vintage; July is forecast.,Positive means consumption is lower than the frozen February path. Country suballocation of Central and South America.,"The revision is not a controlled causal estimate: it includes the Hormuz shock, ordinary data revisions, weather, macro changes, prices, and structural trends.",World equals the seven region components. Countries are nested within regions and must not be added to their parent region.
demand-patc_br-202604,demand_counterfactual,suballocation,Brazil,2026-04-01,2026-04-30,2026-04,consumption_below_frozen_february_forecast,2.182421,2.182421,2.182421,million_bbl,forecast_revision_preliminary,2026-07-31,2026-07-07,medium_high,https://www.eia.gov/outlooks/steo/archives/feb26_base.xlsx | https://www.eia.gov/outlooks/steo/archives/jul26_base.xlsx,(February STEO mb/d minus July STEO mb/d) times calendar days. March-June are preliminary in the July vintage; July is forecast.,Positive means consumption is lower than the frozen February path. Country suballocation of Central and South America.,"The revision is not a controlled causal estimate: it includes the Hormuz shock, ordinary data revisions, weather, macro changes, prices, and structural trends.",World equals the seven region components. Countries are nested within regions and must not be added to their parent region.
demand-patc_br-202605,demand_counterfactual,suballocation,Brazil,2026-05-01,2026-05-31,2026-05,consumption_below_frozen_february_forecast,2.242231,2.242231,2.242231,million_bbl,forecast_revision_preliminary,2026-07-31,2026-07-07,medium_high,https://www.eia.gov/outlooks/steo/archives/feb26_base.xlsx | https://www.eia.gov/outlooks/steo/archives/jul26_base.xlsx,(February STEO mb/d minus July STEO mb/d) times calendar days. March-June are preliminary in the July vintage; July is forecast.,Positive means consumption is lower than the frozen February path. Country suballocation of Central and South America.,"The revision is not a controlled causal estimate: it includes the Hormuz shock, ordinary data revisions, weather, macro changes, prices, and structural trends.",World equals the seven region components. Countries are nested within regions and must not be added to their parent region.
demand-patc_br-202606,demand_counterfactual,suballocation,Brazil,2026-06-01,2026-06-30,2026-06,consumption_below_frozen_february_forecast,2.187591,2.187591,2.187591,million_bbl,forecast_revision_preliminary,2026-07-31,2026-07-07,medium_high,https://www.eia.gov/outlooks/steo/archives/feb26_base.xlsx | https://www.eia.gov/outlooks/steo/archives/jul26_base.xlsx,(February STEO mb/d minus July STEO mb/d) times calendar days. March-June are preliminary in the July vintage; July is forecast.,Positive means consumption is lower than the frozen February path. Country suballocation of Central and South America.,"The revision is not a controlled causal estimate: it includes the Hormuz shock, ordinary data revisions, weather, macro changes, prices, and structural trends.",World equals the seven region components. Countries are nested within regions and must not be added to their parent region.
demand-patc_br-202607,demand_counterfactual,suballocation,Brazil,2026-07-01,2026-07-31,2026-07,consumption_below_frozen_february_forecast,1.637878,1.637878,1.637878,million_bbl,forecast_revision_july_forecast,2026-07-31,2026-07-07,medium_high,https://www.eia.gov/outlooks/steo/archives/feb26_base.xlsx | https://www.eia.gov/outlooks/steo/archives/jul26_base.xlsx,(February STEO mb/d minus July STEO mb/d) times calendar days. March-June are preliminary in the July vintage; July is forecast.,Positive means consumption is lower than the frozen February path. Country suballocation of Central and South America.,"The revision is not a controlled causal estimate: it includes the Hormuz shock, ordinary data revisions, weather, macro changes, prices, and structural trends.",World equals the seven region components. Countries are nested within regions and must not be added to their parent region.
demand-patc_br-cumulative,demand_counterfactual,suballocation,Brazil,2026-03-01,2026-07-31,,cumulative_consumption_below_frozen_february_forecast,9.576967,9.576967,9.576967,million_bbl,march_june_preliminary_july_forecast,2026-07-31,2026-07-07,medium_high,https://www.eia.gov/outlooks/steo/archives/feb26_base.xlsx | https://www.eia.gov/outlooks/steo/archives/jul26_base.xlsx,Sum of the five monthly forecast-vintage gaps.,Cumulative March-July gap. Country suballocation of Central and South America.,"Use as the best reproducible demand counterfactual, not as proof that every barrel was destroyed by the closure.",World equals the seven region components. Countries are nested within regions and must not be added to their parent region.
demand-patc_rs-202603,demand_counterfactual,suballocation,Russia,2026-03-01,2026-03-31,2026-03,consumption_below_frozen_february_forecast,-0.936284,-0.936284,-0.936284,million_bbl,forecast_revision_preliminary,2026-07-31,2026-07-07,medium_high,https://www.eia.gov/outlooks/steo/archives/feb26_base.xlsx | https://www.eia.gov/outlooks/steo/archives/jul26_base.xlsx,(February STEO mb/d minus July STEO mb/d) times calendar days. March-June are preliminary in the July vintage; July is forecast.,Positive means consumption is lower than the frozen February path. Country suballocation of Eurasia.,"The revision is not a controlled causal estimate: it includes the Hormuz shock, ordinary data revisions, weather, macro changes, prices, and structural trends.",World equals the seven region components. Countries are nested within regions and must not be added to their parent region.
demand-patc_rs-202604,demand_counterfactual,suballocation,Russia,2026-04-01,2026-04-30,2026-04,consumption_below_frozen_february_forecast,2.287994,2.287994,2.287994,million_bbl,forecast_revision_preliminary,2026-07-31,2026-07-07,medium_high,https://www.eia.gov/outlooks/steo/archives/feb26_base.xlsx | https://www.eia.gov/outlooks/steo/archives/jul26_base.xlsx,(February STEO mb/d minus July STEO mb/d) times calendar days. March-June are preliminary in the July vintage; July is forecast.,Positive means consumption is lower than the frozen February path. Country suballocation of Eurasia.,"The revision is not a controlled causal estimate: it includes the Hormuz shock, ordinary data revisions, weather, macro changes, prices, and structural trends.",World equals the seven region components. Countries are nested within regions and must not be added to their parent region.
demand-patc_rs-202605,demand_counterfactual,suballocation,Russia,2026-05-01,2026-05-31,2026-05,consumption_below_frozen_february_forecast,2.476102,2.476102,2.476102,million_bbl,forecast_revision_preliminary,2026-07-31,2026-07-07,medium_high,https://www.eia.gov/outlooks/steo/archives/feb26_base.xlsx | https://www.eia.gov/outlooks/steo/archives/jul26_base.xlsx,(February STEO mb/d minus July STEO mb/d) times calendar days. March-June are preliminary in the July vintage; July is forecast.,Positive means consumption is lower than the frozen February path. Country suballocation of Eurasia.,"The revision is not a controlled causal estimate: it includes the Hormuz shock, ordinary data revisions, weather, macro changes, prices, and structural trends.",World equals the seven region components. Countries are nested within regions and must not be added to their parent region.
demand-patc_rs-202606,demand_counterfactual,suballocation,Russia,2026-06-01,2026-06-30,2026-06,consumption_below_frozen_february_forecast,2.55388,2.55388,2.55388,million_bbl,forecast_revision_preliminary,2026-07-31,2026-07-07,medium_high,https://www.eia.gov/outlooks/steo/archives/feb26_base.xlsx | https://www.eia.gov/outlooks/steo/archives/jul26_base.xlsx,(February STEO mb/d minus July STEO mb/d) times calendar days. March-June are preliminary in the July vintage; July is forecast.,Positive means consumption is lower than the frozen February path. Country suballocation of Eurasia.,"The revision is not a controlled causal estimate: it includes the Hormuz shock, ordinary data revisions, weather, macro changes, prices, and structural trends.",World equals the seven region components. Countries are nested within regions and must not be added to their parent region.
demand-patc_rs-202607,demand_counterfactual,suballocation,Russia,2026-07-01,2026-07-31,2026-07,consumption_below_frozen_february_forecast,2.682979,2.682979,2.682979,million_bbl,forecast_revision_july_forecast,2026-07-31,2026-07-07,medium_high,https://www.eia.gov/outlooks/steo/archives/feb26_base.xlsx | https://www.eia.gov/outlooks/steo/archives/jul26_base.xlsx,(February STEO mb/d minus July STEO mb/d) times calendar days. March-June are preliminary in the July vintage; July is forecast.,Positive means consumption is lower than the frozen February path. Country suballocation of Eurasia.,"The revision is not a controlled causal estimate: it includes the Hormuz shock, ordinary data revisions, weather, macro changes, prices, and structural trends.",World equals the seven region components. Countries are nested within regions and must not be added to their parent region.
demand-patc_rs-cumulative,demand_counterfactual,suballocation,Russia,2026-03-01,2026-07-31,,cumulative_consumption_below_frozen_february_forecast,9.064671,9.064671,9.064671,million_bbl,march_june_preliminary_july_forecast,2026-07-31,2026-07-07,medium_high,https://www.eia.gov/outlooks/steo/archives/feb26_base.xlsx | https://www.eia.gov/outlooks/steo/archives/jul26_base.xlsx,Sum of the five monthly forecast-vintage gaps.,Cumulative March-July gap. Country suballocation of Eurasia.,"Use as the best reproducible demand counterfactual, not as proof that every barrel was destroyed by the closure.",World equals the seven region components. Countries are nested within regions and must not be added to their parent region.
demand-patc_ch-202603,demand_counterfactual,suballocation,China,2026-03-01,2026-03-31,2026-03,consumption_below_frozen_february_forecast,3.149486,3.149486,3.149486,million_bbl,forecast_revision_preliminary,2026-07-31,2026-07-07,medium_high,https://www.eia.gov/outlooks/steo/archives/feb26_base.xlsx | https://www.eia.gov/outlooks/steo/archives/jul26_base.xlsx,(February STEO mb/d minus July STEO mb/d) times calendar days. March-June are preliminary in the July vintage; July is forecast.,"Positive means consumption is lower than the frozen February path. Lower runs and imports support a real adjustment, but macro revisions and structural transport trends also contribute.","The revision is not a controlled causal estimate: it includes the Hormuz shock, ordinary data revisions, weather, macro changes, prices, and structural trends.",World equals the seven region components. Countries are nested within regions and must not be added to their parent region.
demand-patc_ch-202604,demand_counterfactual,suballocation,China,2026-04-01,2026-04-30,2026-04,consumption_below_frozen_february_forecast,29.435058,29.435058,29.435058,million_bbl,forecast_revision_preliminary,2026-07-31,2026-07-07,medium_high,https://www.eia.gov/outlooks/steo/archives/feb26_base.xlsx | https://www.eia.gov/outlooks/steo/archives/jul26_base.xlsx,(February STEO mb/d minus July STEO mb/d) times calendar days. March-June are preliminary in the July vintage; July is forecast.,"Positive means consumption is lower than the frozen February path. Lower runs and imports support a real adjustment, but macro revisions and structural transport trends also contribute.","The revision is not a controlled causal estimate: it includes the Hormuz shock, ordinary data revisions, weather, macro changes, prices, and structural trends.",World equals the seven region components. Countries are nested within regions and must not be added to their parent region.
demand-patc_ch-202605,demand_counterfactual,suballocation,China,2026-05-01,2026-05-31,2026-05,consumption_below_frozen_february_forecast,29.752914,29.752914,29.752914,million_bbl,forecast_revision_preliminary,2026-07-31,2026-07-07,medium_high,https://www.eia.gov/outlooks/steo/archives/feb26_base.xlsx | https://www.eia.gov/outlooks/steo/archives/jul26_base.xlsx,(February STEO mb/d minus July STEO mb/d) times calendar days. March-June are preliminary in the July vintage; July is forecast.,"Positive means consumption is lower than the frozen February path. Lower runs and imports support a real adjustment, but macro revisions and structural transport trends also contribute.","The revision is not a controlled causal estimate: it includes the Hormuz shock, ordinary data revisions, weather, macro changes, prices, and structural trends.",World equals the seven region components. Countries are nested within regions and must not be added to their parent region.
demand-patc_ch-202606,demand_counterfactual,suballocation,China,2026-06-01,2026-06-30,2026-06,consumption_below_frozen_february_forecast,28.605728,28.605728,28.605728,million_bbl,forecast_revision_preliminary,2026-07-31,2026-07-07,medium_high,https://www.eia.gov/outlooks/steo/archives/feb26_base.xlsx | https://www.eia.gov/outlooks/steo/archives/jul26_base.xlsx,(February STEO mb/d minus July STEO mb/d) times calendar days. March-June are preliminary in the July vintage; July is forecast.,"Positive means consumption is lower than the frozen February path. Lower runs and imports support a real adjustment, but macro revisions and structural transport trends also contribute.","The revision is not a controlled causal estimate: it includes the Hormuz shock, ordinary data revisions, weather, macro changes, prices, and structural trends.",World equals the seven region components. Countries are nested within regions and must not be added to their parent region.
demand-patc_ch-202607,demand_counterfactual,suballocation,China,2026-07-01,2026-07-31,2026-07,consumption_below_frozen_february_forecast,29.048861,29.048861,29.048861,million_bbl,forecast_revision_july_forecast,2026-07-31,2026-07-07,medium_high,https://www.eia.gov/outlooks/steo/archives/feb26_base.xlsx | https://www.eia.gov/outlooks/steo/archives/jul26_base.xlsx,(February STEO mb/d minus July STEO mb/d) times calendar days. March-June are preliminary in the July vintage; July is forecast.,"Positive means consumption is lower than the frozen February path. Lower runs and imports support a real adjustment, but macro revisions and structural transport trends also contribute.","The revision is not a controlled causal estimate: it includes the Hormuz shock, ordinary data revisions, weather, macro changes, prices, and structural trends.",World equals the seven region components. Countries are nested within regions and must not be added to their parent region.
demand-patc_ch-cumulative,demand_counterfactual,suballocation,China,2026-03-01,2026-07-31,,cumulative_consumption_below_frozen_february_forecast,119.992047,119.992047,119.992047,million_bbl,march_june_preliminary_july_forecast,2026-07-31,2026-07-07,medium_high,https://www.eia.gov/outlooks/steo/archives/feb26_base.xlsx | https://www.eia.gov/outlooks/steo/archives/jul26_base.xlsx,Sum of the five monthly forecast-vintage gaps.,"Cumulative March-July gap. Lower runs and imports support a real adjustment, but macro revisions and structural transport trends also contribute.","Use as the best reproducible demand counterfactual, not as proof that every barrel was destroyed by the closure.",World equals the seven region components. Countries are nested within regions and must not be added to their parent region.
demand-patc_in-202603,demand_counterfactual,suballocation,India,2026-03-01,2026-03-31,2026-03,consumption_below_frozen_february_forecast,3.594333,3.594333,3.594333,million_bbl,forecast_revision_preliminary,2026-07-31,2026-07-07,medium_high,https://www.eia.gov/outlooks/steo/archives/feb26_base.xlsx | https://www.eia.gov/outlooks/steo/archives/jul26_base.xlsx,(February STEO mb/d minus July STEO mb/d) times calendar days. March-June are preliminary in the July vintage; July is forecast.,Positive means consumption is lower than the frozen February path. Official alternative sourcing improved; evidence for end-use crude-demand destruction is weaker than the forecast revision alone.,"The revision is not a controlled causal estimate: it includes the Hormuz shock, ordinary data revisions, weather, macro changes, prices, and structural trends.",World equals the seven region components. Countries are nested within regions and must not be added to their parent region.
demand-patc_in-202604,demand_counterfactual,suballocation,India,2026-04-01,2026-04-30,2026-04,consumption_below_frozen_february_forecast,10.200798,10.200798,10.200798,million_bbl,forecast_revision_preliminary,2026-07-31,2026-07-07,medium_high,https://www.eia.gov/outlooks/steo/archives/feb26_base.xlsx | https://www.eia.gov/outlooks/steo/archives/jul26_base.xlsx,(February STEO mb/d minus July STEO mb/d) times calendar days. March-June are preliminary in the July vintage; July is forecast.,Positive means consumption is lower than the frozen February path. Official alternative sourcing improved; evidence for end-use crude-demand destruction is weaker than the forecast revision alone.,"The revision is not a controlled causal estimate: it includes the Hormuz shock, ordinary data revisions, weather, macro changes, prices, and structural trends.",World equals the seven region components. Countries are nested within regions and must not be added to their parent region.
demand-patc_in-202605,demand_counterfactual,suballocation,India,2026-05-01,2026-05-31,2026-05,consumption_below_frozen_february_forecast,10.413482,10.413482,10.413482,million_bbl,forecast_revision_preliminary,2026-07-31,2026-07-07,medium_high,https://www.eia.gov/outlooks/steo/archives/feb26_base.xlsx | https://www.eia.gov/outlooks/steo/archives/jul26_base.xlsx,(February STEO mb/d minus July STEO mb/d) times calendar days. March-June are preliminary in the July vintage; July is forecast.,Positive means consumption is lower than the frozen February path. Official alternative sourcing improved; evidence for end-use crude-demand destruction is weaker than the forecast revision alone.,"The revision is not a controlled causal estimate: it includes the Hormuz shock, ordinary data revisions, weather, macro changes, prices, and structural trends.",World equals the seven region components. Countries are nested within regions and must not be added to their parent region.
demand-patc_in-202606,demand_counterfactual,suballocation,India,2026-06-01,2026-06-30,2026-06,consumption_below_frozen_february_forecast,9.331012,9.331012,9.331012,million_bbl,forecast_revision_preliminary,2026-07-31,2026-07-07,medium_high,https://www.eia.gov/outlooks/steo/archives/feb26_base.xlsx | https://www.eia.gov/outlooks/steo/archives/jul26_base.xlsx,(February STEO mb/d minus July STEO mb/d) times calendar days. March-June are preliminary in the July vintage; July is forecast.,Positive means consumption is lower than the frozen February path. Official alternative sourcing improved; evidence for end-use crude-demand destruction is weaker than the forecast revision alone.,"The revision is not a controlled causal estimate: it includes the Hormuz shock, ordinary data revisions, weather, macro changes, prices, and structural trends.",World equals the seven region components. Countries are nested within regions and must not be added to their parent region.
demand-patc_in-202607,demand_counterfactual,suballocation,India,2026-07-01,2026-07-31,2026-07,consumption_below_frozen_february_forecast,7.601085,7.601085,7.601085,million_bbl,forecast_revision_july_forecast,2026-07-31,2026-07-07,medium_high,https://www.eia.gov/outlooks/steo/archives/feb26_base.xlsx | https://www.eia.gov/outlooks/steo/archives/jul26_base.xlsx,(February STEO mb/d minus July STEO mb/d) times calendar days. March-June are preliminary in the July vintage; July is forecast.,Positive means consumption is lower than the frozen February path. Official alternative sourcing improved; evidence for end-use crude-demand destruction is weaker than the forecast revision alone.,"The revision is not a controlled causal estimate: it includes the Hormuz shock, ordinary data revisions, weather, macro changes, prices, and structural trends.",World equals the seven region components. Countries are nested within regions and must not be added to their parent region.
demand-patc_in-cumulative,demand_counterfactual,suballocation,India,2026-03-01,2026-07-31,,cumulative_consumption_below_frozen_february_forecast,41.140711,41.140711,41.140711,million_bbl,march_june_preliminary_july_forecast,2026-07-31,2026-07-07,medium_high,https://www.eia.gov/outlooks/steo/archives/feb26_base.xlsx | https://www.eia.gov/outlooks/steo/archives/jul26_base.xlsx,Sum of the five monthly forecast-vintage gaps.,Cumulative March-July gap. Official alternative sourcing improved; evidence for end-use crude-demand destruction is weaker than the forecast revision alone.,"Use as the best reproducible demand counterfactual, not as proof that every barrel was destroyed by the closure.",World equals the seven region components. Countries are nested within regions and must not be added to their parent region.
demand-patc_ja-202603,demand_counterfactual,suballocation,Japan,2026-03-01,2026-03-31,2026-03,consumption_below_frozen_february_forecast,4.374302,4.374302,4.374302,million_bbl,forecast_revision_preliminary,2026-07-31,2026-07-07,medium_high,https://www.eia.gov/outlooks/steo/archives/feb26_base.xlsx | https://www.eia.gov/outlooks/steo/archives/jul26_base.xlsx,(February STEO mb/d minus July STEO mb/d) times calendar days. March-June are preliminary in the July vintage; July is forecast.,Positive means consumption is lower than the frozen February path. Reserve use and alternative procurement were prominent; broad end-use demand destruction is not independently established.,"The revision is not a controlled causal estimate: it includes the Hormuz shock, ordinary data revisions, weather, macro changes, prices, and structural trends.",World equals the seven region components. Countries are nested within regions and must not be added to their parent region.
demand-patc_ja-202604,demand_counterfactual,suballocation,Japan,2026-04-01,2026-04-30,2026-04,consumption_below_frozen_february_forecast,4.729798,4.729798,4.729798,million_bbl,forecast_revision_preliminary,2026-07-31,2026-07-07,medium_high,https://www.eia.gov/outlooks/steo/archives/feb26_base.xlsx | https://www.eia.gov/outlooks/steo/archives/jul26_base.xlsx,(February STEO mb/d minus July STEO mb/d) times calendar days. March-June are preliminary in the July vintage; July is forecast.,Positive means consumption is lower than the frozen February path. Reserve use and alternative procurement were prominent; broad end-use demand destruction is not independently established.,"The revision is not a controlled causal estimate: it includes the Hormuz shock, ordinary data revisions, weather, macro changes, prices, and structural trends.",World equals the seven region components. Countries are nested within regions and must not be added to their parent region.
demand-patc_ja-202605,demand_counterfactual,suballocation,Japan,2026-05-01,2026-05-31,2026-05,consumption_below_frozen_february_forecast,3.774469,3.774469,3.774469,million_bbl,forecast_revision_preliminary,2026-07-31,2026-07-07,medium_high,https://www.eia.gov/outlooks/steo/archives/feb26_base.xlsx | https://www.eia.gov/outlooks/steo/archives/jul26_base.xlsx,(February STEO mb/d minus July STEO mb/d) times calendar days. March-June are preliminary in the July vintage; July is forecast.,Positive means consumption is lower than the frozen February path. Reserve use and alternative procurement were prominent; broad end-use demand destruction is not independently established.,"The revision is not a controlled causal estimate: it includes the Hormuz shock, ordinary data revisions, weather, macro changes, prices, and structural trends.",World equals the seven region components. Countries are nested within regions and must not be added to their parent region.
demand-patc_ja-202606,demand_counterfactual,suballocation,Japan,2026-06-01,2026-06-30,2026-06,consumption_below_frozen_february_forecast,3.352125,3.352125,3.352125,million_bbl,forecast_revision_preliminary,2026-07-31,2026-07-07,medium_high,https://www.eia.gov/outlooks/steo/archives/feb26_base.xlsx | https://www.eia.gov/outlooks/steo/archives/jul26_base.xlsx,(February STEO mb/d minus July STEO mb/d) times calendar days. March-June are preliminary in the July vintage; July is forecast.,Positive means consumption is lower than the frozen February path. Reserve use and alternative procurement were prominent; broad end-use demand destruction is not independently established.,"The revision is not a controlled causal estimate: it includes the Hormuz shock, ordinary data revisions, weather, macro changes, prices, and structural trends.",World equals the seven region components. Countries are nested within regions and must not be added to their parent region.
demand-patc_ja-202607,demand_counterfactual,suballocation,Japan,2026-07-01,2026-07-31,2026-07,consumption_below_frozen_february_forecast,3.291177,3.291177,3.291177,million_bbl,forecast_revision_july_forecast,2026-07-31,2026-07-07,medium_high,https://www.eia.gov/outlooks/steo/archives/feb26_base.xlsx | https://www.eia.gov/outlooks/steo/archives/jul26_base.xlsx,(February STEO mb/d minus July STEO mb/d) times calendar days. March-June are preliminary in the July vintage; July is forecast.,Positive means consumption is lower than the frozen February path. Reserve use and alternative procurement were prominent; broad end-use demand destruction is not independently established.,"The revision is not a controlled causal estimate: it includes the Hormuz shock, ordinary data revisions, weather, macro changes, prices, and structural trends.",World equals the seven region components. Countries are nested within regions and must not be added to their parent region.
demand-patc_ja-cumulative,demand_counterfactual,suballocation,Japan,2026-03-01,2026-07-31,,cumulative_consumption_below_frozen_february_forecast,19.521871,19.521871,19.521871,million_bbl,march_june_preliminary_july_forecast,2026-07-31,2026-07-07,medium_high,https://www.eia.gov/outlooks/steo/archives/feb26_base.xlsx | https://www.eia.gov/outlooks/steo/archives/jul26_base.xlsx,Sum of the five monthly forecast-vintage gaps.,Cumulative March-July gap. Reserve use and alternative procurement were prominent; broad end-use demand destruction is not independently established.,"Use as the best reproducible demand counterfactual, not as proof that every barrel was destroyed by the closure.",World equals the seven region components. Countries are nested within regions and must not be added to their parent region.
demand-residual-north-america-excluding-united-states-canada-and-mexico,demand_counterfactual,residual_suballocation,North America excluding United States Canada and Mexico,2026-03-01,2026-07-31,,cumulative_consumption_below_frozen_february_forecast,0.002601,0.002601,0.002601,million_bbl,arithmetic_residual_march_june_preliminary_july_forecast,2026-07-31,2026-07-07,medium,https://www.eia.gov/outlooks/steo/archives/feb26_base.xlsx | https://www.eia.gov/outlooks/steo/archives/jul26_base.xlsx,Parent-region cumulative gap minus named country suballocations.,Preserves exact regional accounting while acknowledging that STEO does not publish all country rows.,Contains both shock response and unrelated revisions.,"Use this residual or its named country children, not both."
demand-residual-central-and-south-america-excluding-brazil,demand_counterfactual,residual_suballocation,Central and South America excluding Brazil,2026-03-01,2026-07-31,,cumulative_consumption_below_frozen_february_forecast,-1.218002,-1.218002,-1.218002,million_bbl,arithmetic_residual_march_june_preliminary_july_forecast,2026-07-31,2026-07-07,medium,https://www.eia.gov/outlooks/steo/archives/feb26_base.xlsx | https://www.eia.gov/outlooks/steo/archives/jul26_base.xlsx,Parent-region cumulative gap minus named country suballocations.,Preserves exact regional accounting while acknowledging that STEO does not publish all country rows.,Contains both shock response and unrelated revisions.,"Use this residual or its named country children, not both."
demand-residual-eurasia-excluding-russia,demand_counterfactual,residual_suballocation,Eurasia excluding Russia,2026-03-01,2026-07-31,,cumulative_consumption_below_frozen_february_forecast,0.368658,0.368658,0.368658,million_bbl,arithmetic_residual_march_june_preliminary_july_forecast,2026-07-31,2026-07-07,medium,https://www.eia.gov/outlooks/steo/archives/feb26_base.xlsx | https://www.eia.gov/outlooks/steo/archives/jul26_base.xlsx,Parent-region cumulative gap minus named country suballocations.,Preserves exact regional accounting while acknowledging that STEO does not publish all country rows.,Contains both shock response and unrelated revisions.,"Use this residual or its named country children, not both."
demand-residual-asia-and-oceania-excluding-china-india-and-japan,demand_counterfactual,residual_suballocation,Asia and Oceania excluding China India and Japan,2026-03-01,2026-07-31,,cumulative_consumption_below_frozen_february_forecast,146.245724,146.245724,146.245724,million_bbl,arithmetic_residual_march_june_preliminary_july_forecast,2026-07-31,2026-07-07,medium,https://www.eia.gov/outlooks/steo/archives/feb26_base.xlsx | https://www.eia.gov/outlooks/steo/archives/jul26_base.xlsx,Parent-region cumulative gap minus named country suballocations.,Preserves exact regional accounting while acknowledging that STEO does not publish all country rows.,Contains both shock response and unrelated revisions.,"Use this residual or its named country children, not both."
us-spr-actual-202603,stock_actual,component,United States,2026-03-01,2026-03/27,2026-03,public_strategic_stock_draw,0.377,0.377,0.377,million_bbl,weekly_observed,2026-07-24,2026-07-29,high,https://www.eia.gov/dnav/pet/hist/LeafHandler.ashx?f=W&n=PET&s=WCSSTUS1,Prior selected weekly month-end stock level minus latest weekly level in the observation month; positive is a draw delivered from stocks.,"Government SPR; exchanges may require later barrel returns. Endpoint is the last weekly observation, so periods are not exact calendar months.","Observed inventory movement, but commercial movements include seasonal and market effects; SPR withdrawals may be exchanges.",Commercial crude is inside commercial total. Never add those two rows. SPR and commercial total may be added.
us-spr-feb-forecast-202603,stock_counterfactual,component,United States,2026-03-01,2026-03-31,2026-03,public_strategic_stock_draw,-1.39,-1.39,-1.39,million_bbl,frozen_february_forecast,2026-07-31,2026-02-10,high,https://www.eia.gov/outlooks/steo/archives/feb26_base.xlsx,Prior February-STEO monthly endpoint minus current endpoint; positive is a planned draw and negative is a planned build.,Frozen prewar path for government spr; exchanges may require later barrel returns.,"Counterfactual, not observed supply.",Use to calculate foregone builds; do not add the forecast stock movement directly to actual stock draws.
us-commercial_total-actual-202603,stock_actual,component,United States,2026-03-01,2026-03/27,2026-03,total_commercial_petroleum_stock_draw,-4.712,-4.712,-4.712,million_bbl,weekly_observed,2026-07-24,2026-07-29,high,https://www.eia.gov/dnav/pet/hist/LeafHandler.ashx?f=W&n=PET&s=WTESTUS1,Prior selected weekly month-end stock level minus latest weekly level in the observation month; positive is a draw delivered from stocks.,"All commercial crude and petroleum products excluding SPR. Endpoint is the last weekly observation, so periods are not exact calendar months.","Observed inventory movement, but commercial movements include seasonal and market effects; SPR withdrawals may be exchanges.",Commercial crude is inside commercial total. Never add those two rows. SPR and commercial total may be added.
us-commercial_total-feb-forecast-202603,stock_counterfactual,component,United States,2026-03-01,2026-03-31,2026-03,total_commercial_petroleum_stock_draw,-10.329,-10.329,-10.329,million_bbl,frozen_february_forecast,2026-07-31,2026-02-10,high,https://www.eia.gov/outlooks/steo/archives/feb26_base.xlsx,Prior February-STEO monthly endpoint minus current endpoint; positive is a planned draw and negative is a planned build.,Frozen prewar path for all commercial crude and petroleum products excluding spr.,"Counterfactual, not observed supply.",Use to calculate foregone builds; do not add the forecast stock movement directly to actual stock draws.
us-commercial_crude-actual-202603,stock_actual,memo_subcomponent,United States,2026-03-01,2026-03/27,2026-03,commercial_crude_stock_draw,-22.357,-22.357,-22.357,million_bbl,weekly_observed,2026-07-24,2026-07-29,high,https://www.eia.gov/dnav/pet/hist/LeafHandler.ashx?f=W&n=PET&s=WCESTUS1,Prior selected weekly month-end stock level minus latest weekly level in the observation month; positive is a draw delivered from stocks.,"Crude excluding SPR; memo subset of total commercial petroleum stocks. Endpoint is the last weekly observation, so periods are not exact calendar months.","Observed inventory movement, but commercial movements include seasonal and market effects; SPR withdrawals may be exchanges.",Commercial crude is inside commercial total. Never add those two rows. SPR and commercial total may be added.
us-commercial_crude-feb-forecast-202603,stock_counterfactual,memo_subcomponent,United States,2026-03-01,2026-03-31,2026-03,commercial_crude_stock_draw,-19.0269,-19.0269,-19.0269,million_bbl,frozen_february_forecast,2026-07-31,2026-02-10,high,https://www.eia.gov/outlooks/steo/archives/feb26_base.xlsx,Prior February-STEO monthly endpoint minus current endpoint; positive is a planned draw and negative is a planned build.,Frozen prewar path for crude excluding spr; memo subset of total commercial petroleum stocks.,"Counterfactual, not observed supply.",Use to calculate foregone builds; do not add the forecast stock movement directly to actual stock draws.
us-spr-actual-202604,stock_actual,component,United States,2026-04-01,2026-04/24,2026-04,public_strategic_stock_draw,17.14,17.14,17.14,million_bbl,weekly_observed,2026-07-24,2026-07-29,high,https://www.eia.gov/dnav/pet/hist/LeafHandler.ashx?f=W&n=PET&s=WCSSTUS1,Prior selected weekly month-end stock level minus latest weekly level in the observation month; positive is a draw delivered from stocks.,"Government SPR; exchanges may require later barrel returns. Endpoint is the last weekly observation, so periods are not exact calendar months.","Observed inventory movement, but commercial movements include seasonal and market effects; SPR withdrawals may be exchanges.",Commercial crude is inside commercial total. Never add those two rows. SPR and commercial total may be added.
us-spr-feb-forecast-202604,stock_counterfactual,component,United States,2026-04-01,2026-04-30,2026-04,public_strategic_stock_draw,-1.39,-1.39,-1.39,million_bbl,frozen_february_forecast,2026-07-31,2026-02-10,high,https://www.eia.gov/outlooks/steo/archives/feb26_base.xlsx,Prior February-STEO monthly endpoint minus current endpoint; positive is a planned draw and negative is a planned build.,Frozen prewar path for government spr; exchanges may require later barrel returns.,"Counterfactual, not observed supply.",Use to calculate foregone builds; do not add the forecast stock movement directly to actual stock draws.
us-commercial_total-actual-202604,stock_actual,component,United States,2026-04-01,2026-04/24,2026-04,total_commercial_petroleum_stock_draw,26.411,26.411,26.411,million_bbl,weekly_observed,2026-07-24,2026-07-29,high,https://www.eia.gov/dnav/pet/hist/LeafHandler.ashx?f=W&n=PET&s=WTESTUS1,Prior selected weekly month-end stock level minus latest weekly level in the observation month; positive is a draw delivered from stocks.,"All commercial crude and petroleum products excluding SPR. Endpoint is the last weekly observation, so periods are not exact calendar months.","Observed inventory movement, but commercial movements include seasonal and market effects; SPR withdrawals may be exchanges.",Commercial crude is inside commercial total. Never add those two rows. SPR and commercial total may be added.
us-commercial_total-feb-forecast-202604,stock_counterfactual,component,United States,2026-04-01,2026-04-30,2026-04,total_commercial_petroleum_stock_draw,-14.079,-14.079,-14.079,million_bbl,frozen_february_forecast,2026-07-31,2026-02-10,high,https://www.eia.gov/outlooks/steo/archives/feb26_base.xlsx,Prior February-STEO monthly endpoint minus current endpoint; positive is a planned draw and negative is a planned build.,Frozen prewar path for all commercial crude and petroleum products excluding spr.,"Counterfactual, not observed supply.",Use to calculate foregone builds; do not add the forecast stock movement directly to actual stock draws.
us-commercial_crude-actual-202604,stock_actual,memo_subcomponent,United States,2026-04-01,2026-04/24,2026-04,commercial_crude_stock_draw,2.141,2.141,2.141,million_bbl,weekly_observed,2026-07-24,2026-07-29,high,https://www.eia.gov/dnav/pet/hist/LeafHandler.ashx?f=W&n=PET&s=WCESTUS1,Prior selected weekly month-end stock level minus latest weekly level in the observation month; positive is a draw delivered from stocks.,"Crude excluding SPR; memo subset of total commercial petroleum stocks. Endpoint is the last weekly observation, so periods are not exact calendar months.","Observed inventory movement, but commercial movements include seasonal and market effects; SPR withdrawals may be exchanges.",Commercial crude is inside commercial total. Never add those two rows. SPR and commercial total may be added.
us-commercial_crude-feb-forecast-202604,stock_counterfactual,memo_subcomponent,United States,2026-04-01,2026-04-30,2026-04,commercial_crude_stock_draw,-10.082,-10.082,-10.082,million_bbl,frozen_february_forecast,2026-07-31,2026-02-10,high,https://www.eia.gov/outlooks/steo/archives/feb26_base.xlsx,Prior February-STEO monthly endpoint minus current endpoint; positive is a planned draw and negative is a planned build.,Frozen prewar path for crude excluding spr; memo subset of total commercial petroleum stocks.,"Counterfactual, not observed supply.",Use to calculate foregone builds; do not add the forecast stock movement directly to actual stock draws.
us-spr-actual-202605,stock_actual,component,United States,2026-05-01,2026-05/29,2026-05,public_strategic_stock_draw,40.805,40.805,40.805,million_bbl,weekly_observed,2026-07-24,2026-07-29,high,https://www.eia.gov/dnav/pet/hist/LeafHandler.ashx?f=W&n=PET&s=WCSSTUS1,Prior selected weekly month-end stock level minus latest weekly level in the observation month; positive is a draw delivered from stocks.,"Government SPR; exchanges may require later barrel returns. Endpoint is the last weekly observation, so periods are not exact calendar months.","Observed inventory movement, but commercial movements include seasonal and market effects; SPR withdrawals may be exchanges.",Commercial crude is inside commercial total. Never add those two rows. SPR and commercial total may be added.
us-spr-feb-forecast-202605,stock_counterfactual,component,United States,2026-05-01,2026-05-31,2026-05,public_strategic_stock_draw,-1.39,-1.39,-1.39,million_bbl,frozen_february_forecast,2026-07-31,2026-02-10,high,https://www.eia.gov/outlooks/steo/archives/feb26_base.xlsx,Prior February-STEO monthly endpoint minus current endpoint; positive is a planned draw and negative is a planned build.,Frozen prewar path for government spr; exchanges may require later barrel returns.,"Counterfactual, not observed supply.",Use to calculate foregone builds; do not add the forecast stock movement directly to actual stock draws.
us-commercial_total-actual-202605,stock_actual,component,United States,2026-05-01,2026-05/29,2026-05,total_commercial_petroleum_stock_draw,30.837,30.837,30.837,million_bbl,weekly_observed,2026-07-24,2026-07-29,high,https://www.eia.gov/dnav/pet/hist/LeafHandler.ashx?f=W&n=PET&s=WTESTUS1,Prior selected weekly month-end stock level minus latest weekly level in the observation month; positive is a draw delivered from stocks.,"All commercial crude and petroleum products excluding SPR. Endpoint is the last weekly observation, so periods are not exact calendar months.","Observed inventory movement, but commercial movements include seasonal and market effects; SPR withdrawals may be exchanges.",Commercial crude is inside commercial total. Never add those two rows. SPR and commercial total may be added.
us-commercial_total-feb-forecast-202605,stock_counterfactual,component,United States,2026-05-01,2026-05-31,2026-05,total_commercial_petroleum_stock_draw,-24.029,-24.029,-24.029,million_bbl,frozen_february_forecast,2026-07-31,2026-02-10,high,https://www.eia.gov/outlooks/steo/archives/feb26_base.xlsx,Prior February-STEO monthly endpoint minus current endpoint; positive is a planned draw and negative is a planned build.,Frozen prewar path for all commercial crude and petroleum products excluding spr.,"Counterfactual, not observed supply.",Use to calculate foregone builds; do not add the forecast stock movement directly to actual stock draws.
us-commercial_crude-actual-202605,stock_actual,memo_subcomponent,United States,2026-05-01,2026-05/29,2026-05,commercial_crude_stock_draw,25.783,25.783,25.783,million_bbl,weekly_observed,2026-07-24,2026-07-29,high,https://www.eia.gov/dnav/pet/hist/LeafHandler.ashx?f=W&n=PET&s=WCESTUS1,Prior selected weekly month-end stock level minus latest weekly level in the observation month; positive is a draw delivered from stocks.,"Crude excluding SPR; memo subset of total commercial petroleum stocks. Endpoint is the last weekly observation, so periods are not exact calendar months.","Observed inventory movement, but commercial movements include seasonal and market effects; SPR withdrawals may be exchanges.",Commercial crude is inside commercial total. Never add those two rows. SPR and commercial total may be added.
us-commercial_crude-feb-forecast-202605,stock_counterfactual,memo_subcomponent,United States,2026-05-01,2026-05-31,2026-05,commercial_crude_stock_draw,-4.0146,-4.0146,-4.0146,million_bbl,frozen_february_forecast,2026-07-31,2026-02-10,high,https://www.eia.gov/outlooks/steo/archives/feb26_base.xlsx,Prior February-STEO monthly endpoint minus current endpoint; positive is a planned draw and negative is a planned build.,Frozen prewar path for crude excluding spr; memo subset of total commercial petroleum stocks.,"Counterfactual, not observed supply.",Use to calculate foregone builds; do not add the forecast stock movement directly to actual stock draws.
us-spr-actual-202606,stock_actual,component,United States,2026-06-01,2026-06/26,2026-06,public_strategic_stock_draw,31.464,31.464,31.464,million_bbl,weekly_observed,2026-07-24,2026-07-29,high,https://www.eia.gov/dnav/pet/hist/LeafHandler.ashx?f=W&n=PET&s=WCSSTUS1,Prior selected weekly month-end stock level minus latest weekly level in the observation month; positive is a draw delivered from stocks.,"Government SPR; exchanges may require later barrel returns. Endpoint is the last weekly observation, so periods are not exact calendar months.","Observed inventory movement, but commercial movements include seasonal and market effects; SPR withdrawals may be exchanges.",Commercial crude is inside commercial total. Never add those two rows. SPR and commercial total may be added.
us-spr-feb-forecast-202606,stock_counterfactual,component,United States,2026-06-01,2026-06-30,2026-06,public_strategic_stock_draw,-1.39,-1.39,-1.39,million_bbl,frozen_february_forecast,2026-07-31,2026-02-10,high,https://www.eia.gov/outlooks/steo/archives/feb26_base.xlsx,Prior February-STEO monthly endpoint minus current endpoint; positive is a planned draw and negative is a planned build.,Frozen prewar path for government spr; exchanges may require later barrel returns.,"Counterfactual, not observed supply.",Use to calculate foregone builds; do not add the forecast stock movement directly to actual stock draws.
us-commercial_total-actual-202606,stock_actual,component,United States,2026-06-01,2026-06/26,2026-06,total_commercial_petroleum_stock_draw,14.781,14.781,14.781,million_bbl,weekly_observed,2026-07-24,2026-07-29,high,https://www.eia.gov/dnav/pet/hist/LeafHandler.ashx?f=W&n=PET&s=WTESTUS1,Prior selected weekly month-end stock level minus latest weekly level in the observation month; positive is a draw delivered from stocks.,"All commercial crude and petroleum products excluding SPR. Endpoint is the last weekly observation, so periods are not exact calendar months.","Observed inventory movement, but commercial movements include seasonal and market effects; SPR withdrawals may be exchanges.",Commercial crude is inside commercial total. Never add those two rows. SPR and commercial total may be added.
us-commercial_total-feb-forecast-202606,stock_counterfactual,component,United States,2026-06-01,2026-06-30,2026-06,total_commercial_petroleum_stock_draw,-4.635,-4.635,-4.635,million_bbl,frozen_february_forecast,2026-07-31,2026-02-10,high,https://www.eia.gov/outlooks/steo/archives/feb26_base.xlsx,Prior February-STEO monthly endpoint minus current endpoint; positive is a planned draw and negative is a planned build.,Frozen prewar path for all commercial crude and petroleum products excluding spr.,"Counterfactual, not observed supply.",Use to calculate foregone builds; do not add the forecast stock movement directly to actual stock draws.
us-commercial_crude-actual-202606,stock_actual,memo_subcomponent,United States,2026-06-01,2026-06/26,2026-06,commercial_crude_stock_draw,25.353,25.353,25.353,million_bbl,weekly_observed,2026-07-24,2026-07-29,high,https://www.eia.gov/dnav/pet/hist/LeafHandler.ashx?f=W&n=PET&s=WCESTUS1,Prior selected weekly month-end stock level minus latest weekly level in the observation month; positive is a draw delivered from stocks.,"Crude excluding SPR; memo subset of total commercial petroleum stocks. Endpoint is the last weekly observation, so periods are not exact calendar months.","Observed inventory movement, but commercial movements include seasonal and market effects; SPR withdrawals may be exchanges.",Commercial crude is inside commercial total. Never add those two rows. SPR and commercial total may be added.
us-commercial_crude-feb-forecast-202606,stock_counterfactual,memo_subcomponent,United States,2026-06-01,2026-06-30,2026-06,commercial_crude_stock_draw,5.4014,5.4014,5.4014,million_bbl,frozen_february_forecast,2026-07-31,2026-02-10,high,https://www.eia.gov/outlooks/steo/archives/feb26_base.xlsx,Prior February-STEO monthly endpoint minus current endpoint; positive is a planned draw and negative is a planned build.,Frozen prewar path for crude excluding spr; memo subset of total commercial petroleum stocks.,"Counterfactual, not observed supply.",Use to calculate foregone builds; do not add the forecast stock movement directly to actual stock draws.
us-spr-actual-202607,stock_actual,component,United States,2026-07-01,2026-07/24,2026-07,public_strategic_stock_draw,18.005,18.005,18.005,million_bbl,weekly_observed,2026-07-24,2026-07-29,high,https://www.eia.gov/dnav/pet/hist/LeafHandler.ashx?f=W&n=PET&s=WCSSTUS1,Prior selected weekly month-end stock level minus latest weekly level in the observation month; positive is a draw delivered from stocks.,"Government SPR; exchanges may require later barrel returns. Endpoint is the last weekly observation, so periods are not exact calendar months.","Observed inventory movement, but commercial movements include seasonal and market effects; SPR withdrawals may be exchanges.",Commercial crude is inside commercial total. Never add those two rows. SPR and commercial total may be added.
us-spr-feb-forecast-202607,stock_counterfactual,component,United States,2026-07-01,2026-07-31,2026-07,public_strategic_stock_draw,-1.39,-1.39,-1.39,million_bbl,frozen_february_forecast,2026-07-31,2026-02-10,high,https://www.eia.gov/outlooks/steo/archives/feb26_base.xlsx,Prior February-STEO monthly endpoint minus current endpoint; positive is a planned draw and negative is a planned build.,Frozen prewar path for government spr; exchanges may require later barrel returns.,"Counterfactual, not observed supply.",Use to calculate foregone builds; do not add the forecast stock movement directly to actual stock draws.
us-commercial_total-actual-202607,stock_actual,component,United States,2026-07-01,2026-07/24,2026-07,total_commercial_petroleum_stock_draw,-17.13,-17.13,-17.13,million_bbl,weekly_observed,2026-07-24,2026-07-29,high,https://www.eia.gov/dnav/pet/hist/LeafHandler.ashx?f=W&n=PET&s=WTESTUS1,Prior selected weekly month-end stock level minus latest weekly level in the observation month; positive is a draw delivered from stocks.,"All commercial crude and petroleum products excluding SPR. Endpoint is the last weekly observation, so periods are not exact calendar months.","Observed inventory movement, but commercial movements include seasonal and market effects; SPR withdrawals may be exchanges.",Commercial crude is inside commercial total. Never add those two rows. SPR and commercial total may be added.
us-commercial_total-feb-forecast-202607,stock_counterfactual,component,United States,2026-07-01,2026-07-31,2026-07,total_commercial_petroleum_stock_draw,-6.683,-6.683,-6.683,million_bbl,frozen_february_forecast,2026-07-31,2026-02-10,high,https://www.eia.gov/outlooks/steo/archives/feb26_base.xlsx,Prior February-STEO monthly endpoint minus current endpoint; positive is a planned draw and negative is a planned build.,Frozen prewar path for all commercial crude and petroleum products excluding spr.,"Counterfactual, not observed supply.",Use to calculate foregone builds; do not add the forecast stock movement directly to actual stock draws.
us-commercial_crude-actual-202607,stock_actual,memo_subcomponent,United States,2026-07-01,2026-07/24,2026-07,commercial_crude_stock_draw,3.851,3.851,3.851,million_bbl,weekly_observed,2026-07-24,2026-07-29,high,https://www.eia.gov/dnav/pet/hist/LeafHandler.ashx?f=W&n=PET&s=WCESTUS1,Prior selected weekly month-end stock level minus latest weekly level in the observation month; positive is a draw delivered from stocks.,"Crude excluding SPR; memo subset of total commercial petroleum stocks. Endpoint is the last weekly observation, so periods are not exact calendar months.","Observed inventory movement, but commercial movements include seasonal and market effects; SPR withdrawals may be exchanges.",Commercial crude is inside commercial total. Never add those two rows. SPR and commercial total may be added.
us-commercial_crude-feb-forecast-202607,stock_counterfactual,memo_subcomponent,United States,2026-07-01,2026-07-31,2026-07,commercial_crude_stock_draw,9.6095,9.6095,9.6095,million_bbl,frozen_february_forecast,2026-07-31,2026-02-10,high,https://www.eia.gov/outlooks/steo/archives/feb26_base.xlsx,Prior February-STEO monthly endpoint minus current endpoint; positive is a planned draw and negative is a planned build.,Frozen prewar path for crude excluding spr; memo subset of total commercial petroleum stocks.,"Counterfactual, not observed supply.",Use to calculate foregone builds; do not add the forecast stock movement directly to actual stock draws.
us-spr-actual-cumulative,stock_actual,component,United States,2026-03-01,2026-07-24,,public_strategic_stock_draw,107.791,107.791,107.791,million_bbl,weekly_observed,2026-07-24,2026-07-29,high,https://www.eia.gov/dnav/pet/hist/LeafHandler.ashx?f=W&n=PET&s=WCSSTUS1 | https://www.eia.gov/outlooks/steo/archives/feb26_base.xlsx,27 February actual endpoint minus 24 July actual endpoint.,Actual stocks fell by 107.8 mb.,Counterfactual comparison; not all commercial movement is attributable to Hormuz.,"Commercial crude is inside commercial total. Use either change-swing or actual draw plus foregone build, never both."
us-spr-forecast-cumulative,stock_counterfactual_gap,component,United States,2026-03-01,2026-07-24,,forecast_public_strategic_stock_draw,-6.95,-6.95,-6.95,million_bbl,observed_vs_frozen_forecast,2026-07-24,2026-07-29_and_2026-02-10,high,https://www.eia.gov/dnav/pet/hist/LeafHandler.ashx?f=W&n=PET&s=WCSSTUS1 | https://www.eia.gov/outlooks/steo/archives/feb26_base.xlsx,February-STEO February endpoint minus July endpoint.,The frozen February path implied a build of 6.9 mb.,Counterfactual comparison; not all commercial movement is attributable to Hormuz.,"Commercial crude is inside commercial total. Use either change-swing or actual draw plus foregone build, never both."
us-spr-change-swing,stock_counterfactual_gap,component,United States,2026-03-01,2026-07-24,,actual_draw_plus_foregone_build_public_strategic_stock_draw,114.741,114.741,114.741,million_bbl,observed_vs_frozen_forecast,2026-07-24,2026-07-29_and_2026-02-10,high,https://www.eia.gov/dnav/pet/hist/LeafHandler.ashx?f=W&n=PET&s=WCSSTUS1 | https://www.eia.gov/outlooks/steo/archives/feb26_base.xlsx,Actual draw minus forecast draw; when the forecast expected a build this equals actual draw plus foregone build.,Preferred additive accounting against observed February baseline.,Counterfactual comparison; not all commercial movement is attributable to Hormuz.,"Commercial crude is inside commercial total. Use either change-swing or actual draw plus foregone build, never both."
us-spr-july-level-gap,stock_counterfactual_gap,component,United States,2026-03-01,2026-07-24,,actual_stock_below_february_july_path_public_strategic_stock_draw,116.2114,116.2114,116.2114,million_bbl,observed_vs_frozen_forecast,2026-07-24,2026-07-29_and_2026-02-10,high,https://www.eia.gov/dnav/pet/hist/LeafHandler.ashx?f=W&n=PET&s=WCSSTUS1 | https://www.eia.gov/outlooks/steo/archives/feb26_base.xlsx,February-STEO July endpoint minus 24 July weekly actual endpoint.,Includes the February baseline level mismatch as well as the March-July change swing.,Counterfactual comparison; not all commercial movement is attributable to Hormuz.,"Commercial crude is inside commercial total. Use either change-swing or actual draw plus foregone build, never both."
us-commercial_total-actual-cumulative,stock_actual,component,United States,2026-03-01,2026-07-24,,total_commercial_petroleum_stock_draw,50.187,50.187,50.187,million_bbl,weekly_observed,2026-07-24,2026-07-29,high,https://www.eia.gov/dnav/pet/hist/LeafHandler.ashx?f=W&n=PET&s=WTESTUS1 | https://www.eia.gov/outlooks/steo/archives/feb26_base.xlsx,27 February actual endpoint minus 24 July actual endpoint.,Actual stocks fell by 50.2 mb.,Counterfactual comparison; not all commercial movement is attributable to Hormuz.,"Commercial crude is inside commercial total. Use either change-swing or actual draw plus foregone build, never both."
us-commercial_total-forecast-cumulative,stock_counterfactual_gap,component,United States,2026-03-01,2026-07-24,,forecast_total_commercial_petroleum_stock_draw,-59.755,-59.755,-59.755,million_bbl,observed_vs_frozen_forecast,2026-07-24,2026-07-29_and_2026-02-10,high,https://www.eia.gov/dnav/pet/hist/LeafHandler.ashx?f=W&n=PET&s=WTESTUS1 | https://www.eia.gov/outlooks/steo/archives/feb26_base.xlsx,February-STEO February endpoint minus July endpoint.,The frozen February path implied a build of 59.8 mb.,Counterfactual comparison; not all commercial movement is attributable to Hormuz.,"Commercial crude is inside commercial total. Use either change-swing or actual draw plus foregone build, never both."
us-commercial_total-change-swing,stock_counterfactual_gap,component,United States,2026-03-01,2026-07-24,,actual_draw_plus_foregone_build_total_commercial_petroleum_stock_draw,109.942,109.942,109.942,million_bbl,observed_vs_frozen_forecast,2026-07-24,2026-07-29_and_2026-02-10,high,https://www.eia.gov/dnav/pet/hist/LeafHandler.ashx?f=W&n=PET&s=WTESTUS1 | https://www.eia.gov/outlooks/steo/archives/feb26_base.xlsx,Actual draw minus forecast draw; when the forecast expected a build this equals actual draw plus foregone build.,Preferred additive accounting against observed February baseline.,Counterfactual comparison; not all commercial movement is attributable to Hormuz.,"Commercial crude is inside commercial total. Use either change-swing or actual draw plus foregone build, never both."
us-commercial_total-july-level-gap,stock_counterfactual_gap,component,United States,2026-03-01,2026-07-24,,actual_stock_below_february_july_path_total_commercial_petroleum_stock_draw,127.49,127.49,127.49,million_bbl,observed_vs_frozen_forecast,2026-07-24,2026-07-29_and_2026-02-10,high,https://www.eia.gov/dnav/pet/hist/LeafHandler.ashx?f=W&n=PET&s=WTESTUS1 | https://www.eia.gov/outlooks/steo/archives/feb26_base.xlsx,February-STEO July endpoint minus 24 July weekly actual endpoint.,Includes the February baseline level mismatch as well as the March-July change swing.,Counterfactual comparison; not all commercial movement is attributable to Hormuz.,"Commercial crude is inside commercial total. Use either change-swing or actual draw plus foregone build, never both."
us-commercial_crude-actual-cumulative,stock_actual,memo_subcomponent,United States,2026-03-01,2026-07-24,,commercial_crude_stock_draw,34.771,34.771,34.771,million_bbl,weekly_observed,2026-07-24,2026-07-29,high,https://www.eia.gov/dnav/pet/hist/LeafHandler.ashx?f=W&n=PET&s=WCESTUS1 | https://www.eia.gov/outlooks/steo/archives/feb26_base.xlsx,27 February actual endpoint minus 24 July actual endpoint.,Actual stocks fell by 34.8 mb.,Counterfactual comparison; not all commercial movement is attributable to Hormuz.,"Commercial crude is inside commercial total. Use either change-swing or actual draw plus foregone build, never both."
us-commercial_crude-forecast-cumulative,stock_counterfactual_gap,memo_subcomponent,United States,2026-03-01,2026-07-24,,forecast_commercial_crude_stock_draw,-18.1126,-18.1126,-18.1126,million_bbl,observed_vs_frozen_forecast,2026-07-24,2026-07-29_and_2026-02-10,high,https://www.eia.gov/dnav/pet/hist/LeafHandler.ashx?f=W&n=PET&s=WCESTUS1 | https://www.eia.gov/outlooks/steo/archives/feb26_base.xlsx,February-STEO February endpoint minus July endpoint.,The frozen February path implied a build of 18.1 mb.,Counterfactual comparison; not all commercial movement is attributable to Hormuz.,"Commercial crude is inside commercial total. Use either change-swing or actual draw plus foregone build, never both."
us-commercial_crude-change-swing,stock_counterfactual_gap,memo_subcomponent,United States,2026-03-01,2026-07-24,,actual_draw_plus_foregone_build_commercial_crude_stock_draw,52.8836,52.8836,52.8836,million_bbl,observed_vs_frozen_forecast,2026-07-24,2026-07-29_and_2026-02-10,high,https://www.eia.gov/dnav/pet/hist/LeafHandler.ashx?f=W&n=PET&s=WCESTUS1 | https://www.eia.gov/outlooks/steo/archives/feb26_base.xlsx,Actual draw minus forecast draw; when the forecast expected a build this equals actual draw plus foregone build.,Preferred additive accounting against observed February baseline.,Counterfactual comparison; not all commercial movement is attributable to Hormuz.,"Commercial crude is inside commercial total. Use either change-swing or actual draw plus foregone build, never both."
us-commercial_crude-july-level-gap,stock_counterfactual_gap,memo_subcomponent,United States,2026-03-01,2026-07-24,,actual_stock_below_february_july_path_commercial_crude_stock_draw,64.5933,64.5933,64.5933,million_bbl,observed_vs_frozen_forecast,2026-07-24,2026-07-29_and_2026-02-10,high,https://www.eia.gov/dnav/pet/hist/LeafHandler.ashx?f=W&n=PET&s=WCESTUS1 | https://www.eia.gov/outlooks/steo/archives/feb26_base.xlsx,February-STEO July endpoint minus 24 July weekly actual endpoint.,Includes the February baseline level mismatch as well as the March-July change swing.,Counterfactual comparison; not all commercial movement is attributable to Hormuz.,"Commercial crude is inside commercial total. Use either change-swing or actual draw plus foregone build, never both."
iea-announced,collective_action,context,IEA members,2026-03-11,2026-03-11,,emergency_oil_announced,400,400,400,million_bbl,announcement,2026-03-11,2026-03-11,high,https://www.iea.org/news/iea-member-countries-to-carry-out-largest-ever-oil-stock-release-amid-market-disruptions-from-middle-east-conflict,Direct reported amount.,"Announced envelope, not delivered barrels.",Policy/stock accounting rather than causal demand evidence.,The 290 mb actual aggregate supersedes the 400/426 mb plans for delivered-supply accounting. Components are nested.
iea-provisional-total,collective_action,context,IEA members,2026-03-19,2026-03-19,,provisional_country_contributions,426,426,426,million_bbl,provisional_plan,2026-03-19,2026-03-19,high,https://www.iea.org/news/iea-confirms-member-country-contributions-to-collective-action-to-release-oil-stocks-in-response-to-middle-east-disruptions,Direct reported amount.,Country table total; explicitly provisional and not equivalent to observed delivery.,Policy/stock accounting rather than causal demand evidence.,The 290 mb actual aggregate supersedes the 400/426 mb plans for delivered-supply accounting. Components are nested.
iea-provisional-public,collective_action,context,IEA members,2026-03-19,2026-03-19,,provisional_public_stock_contribution,280,280,280,million_bbl,provisional_plan,2026-03-19,2026-03-19,high,https://www.iea.org/news/iea-confirms-member-country-contributions-to-collective-action-to-release-oil-stocks-in-response-to-middle-east-disruptions,Direct reported amount.,Component of provisional plan.,Policy/stock accounting rather than causal demand evidence.,The 290 mb actual aggregate supersedes the 400/426 mb plans for delivered-supply accounting. Components are nested.
iea-provisional-industry,collective_action,context,IEA members,2026-03-19,2026-03-19,,provisional_obligated_industry_stock_contribution,119,119,119,million_bbl,provisional_plan,2026-03-19,2026-03-19,high,https://www.iea.org/news/iea-confirms-member-country-contributions-to-collective-action-to-release-oil-stocks-in-response-to-middle-east-disruptions,Direct reported amount.,Component of provisional plan; release of an obligation is not necessarily a measured physical draw.,Policy/stock accounting rather than causal demand evidence.,The 290 mb actual aggregate supersedes the 400/426 mb plans for delivered-supply accounting. Components are nested.
iea-provisional-production,collective_action,context,IEA members,2026-03-19,2026-03-19,,provisional_production_increase_contribution,28,28,28,million_bbl,provisional_plan,2026-03-19,2026-03-19,high,https://www.iea.org/news/iea-confirms-member-country-contributions-to-collective-action-to-release-oil-stocks-in-response-to-middle-east-disruptions,Direct reported amount.,"Production, not stocks; rounded components do not exactly reproduce the stated 426 mb total.",Policy/stock accounting rather than causal demand evidence.,The 290 mb actual aggregate supersedes the 400/426 mb plans for delivered-supply accounting. Components are nested.
iea-actual-jul21,collective_action,headline,IEA members,2026-07-21,2026-07-21,,emergency_oil_delivered,290,290,290,million_bbl,observed_aggregate,2026-07-21,2026-07-21,high,https://www.iea.org/news/iea-executive-director-statement-on-oil-markets,Direct reported amount.,Preferred observed aggregate through 21 July; no public executed country split accompanies it.,Policy/stock accounting rather than causal demand evidence.,The 290 mb actual aggregate supersedes the 400/426 mb plans for delivered-supply accounting. Components are nested.
oecd-govt-june,collective_action,context,OECD,2026-06-30,2026-06-30,,government_stock_release,44,44,44,million_bbl,preliminary_observation,2026-06-30,2026-06-30,high,https://www.iea.org/reports/oil-market-report-july-2026,Direct reported amount.,June component included within the collective-action delivery and global stocks.,Policy/stock accounting rather than causal demand evidence.,The 290 mb actual aggregate supersedes the 400/426 mb plans for delivered-supply accounting. Components are nested.
iea-plan-united-states,collective_action,country_plan,United States,2026-03-11,2026-03-19,,provisional_emergency_contribution,172.2,172.2,172.2,million_bbl,provisional_plan,2026-03-19,2026-03-19,high,https://www.iea.org/news/iea-confirms-member-country-contributions-to-collective-action-to-release-oil-stocks-in-response-to-middle-east-disruptions,Direct table value or labeled arithmetic residual.,public stocks,Allocation is not proof of delivery.,Do not add country plans to the delivered 290 mb aggregate.
iea-plan-japan,collective_action,country_plan,Japan,2026-03-11,2026-03-19,,provisional_emergency_contribution,79.8,79.8,79.8,million_bbl,provisional_plan,2026-03-19,2026-03-19,high,https://www.iea.org/news/iea-confirms-member-country-contributions-to-collective-action-to-release-oil-stocks-in-response-to-middle-east-disruptions,Direct table value or labeled arithmetic residual.,54.0 mb public plus 25.8 mb obligated industry stocks,Allocation is not proof of delivery.,Do not add country plans to the delivered 290 mb aggregate.
iea-plan-south-korea,collective_action,country_plan,South Korea,2026-03-11,2026-03-19,,provisional_emergency_contribution,22.5,22.5,22.5,million_bbl,provisional_plan,2026-03-19,2026-03-19,high,https://www.iea.org/news/iea-confirms-member-country-contributions-to-collective-action-to-release-oil-stocks-in-response-to-middle-east-disruptions,Direct table value or labeled arithmetic residual.,public/industry split not finalized in the cited public table,Allocation is not proof of delivery.,Do not add country plans to the delivered 290 mb aggregate.
iea-plan-european-union-aggregate,collective_action,country_plan,European Union aggregate,2026-03-11,2026-03-19,,provisional_emergency_contribution,80,80,80,million_bbl,provisional_plan,2026-03-19,2026-03-19,medium,https://energy.ec.europa.eu/news/commission-calls-eu-countries-coordinate-measures-ensure-oil-security-supply-amid-middle-east-energy-disruption-2026-03-31_en,Direct table value or labeled arithmetic residual.,approximately 20% of the original 400 mb action; not an IEA-table country line,Allocation is not proof of delivery.,Do not add country plans to the delivered 290 mb aggregate.
iea-plan-other-iea-members,collective_action,country_plan,Other IEA members,2026-03-11,2026-03-19,,provisional_emergency_contribution,71.5,71.5,71.5,million_bbl,provisional_plan,2026-03-19,2026-03-19,medium,https://www.iea.org/news/iea-confirms-member-country-contributions-to-collective-action-to-release-oil-stocks-in-response-to-middle-east-disruptions,Direct table value or labeled arithmetic residual.,arithmetic residual to the 426 mb provisional total,Allocation is not proof of delivery.,Do not add country plans to the delivered 290 mb aggregate.
iea-imputed-delivery-united-states,collective_action,imputed_country_suballocation,United States,2026-03-11,2026-07-21,,imputed_emergency_oil_delivered,103.994,103.994,103.994,million_bbl,project_imputation_constrained_to_actual_aggregate,2026-07-21,2026-07-21,high,https://www.iea.org/news/iea-executive-director-statement-on-oil-markets | https://www.iea.org/news/iea-confirms-member-country-contributions-to-collective-action-to-release-oil-stocks-in-response-to-middle-east-disruptions | https://www.eia.gov/dnav/pet/hist/LeafHandler.ashx?f=W&n=PET&s=WCSSTUS1,"Direct weekly SPR change from 27 February to 17 July, the last weekly endpoint before the 21 July IEA statement.","This is a transparent country attribution of a known aggregate, not an official executed country table.",Only the U.S. component is directly observed at high frequency.,"Country imputation rows sum to 290 mb in each low/base/high case; use them instead of, never in addition to, the aggregate."
iea-imputed-delivery-japan,collective_action,imputed_country_suballocation,Japan,2026-03-11,2026-07-21,,imputed_emergency_oil_delivered,50,61.8,72,million_bbl,project_imputation_constrained_to_actual_aggregate,2026-07-21,2026-07-21,low,https://www.iea.org/news/iea-executive-director-statement-on-oil-markets | https://www.iea.org/news/iea-confirms-member-country-contributions-to-collective-action-to-release-oil-stocks-in-response-to-middle-east-disruptions | https://www.eia.gov/dnav/pet/hist/LeafHandler.ashx?f=W&n=PET&s=WCSSTUS1,Project allocation: base assumes all 25.8 mb private relief plus two of three equal 18 mb public tranches; third national release was canceled.,"This is a transparent country attribution of a known aggregate, not an official executed country table.",Only the U.S. component is directly observed at high frequency.,"Country imputation rows sum to 290 mb in each low/base/high case; use them instead of, never in addition to, the aggregate."
iea-imputed-delivery-south-korea,collective_action,imputed_country_suballocation,South Korea,2026-03-11,2026-07-21,,imputed_emergency_oil_delivered,12,15,19,million_bbl,project_imputation_constrained_to_actual_aggregate,2026-07-21,2026-07-21,low,https://www.iea.org/news/iea-executive-director-statement-on-oil-markets | https://www.iea.org/news/iea-confirms-member-country-contributions-to-collective-action-to-release-oil-stocks-in-response-to-middle-east-disruptions | https://www.eia.gov/dnav/pet/hist/LeafHandler.ashx?f=W&n=PET&s=WCSSTUS1,Project allocation bounded below the 22.5 mb provisional plan; no public weekly execution series located.,"This is a transparent country attribution of a known aggregate, not an official executed country table.",Only the U.S. component is directly observed at high frequency.,"Country imputation rows sum to 290 mb in each low/base/high case; use them instead of, never in addition to, the aggregate."
iea-imputed-delivery-european-union-aggregate,collective_action,imputed_country_suballocation,European Union aggregate,2026-03-11,2026-07-21,,imputed_emergency_oil_delivered,52,60,70,million_bbl,project_imputation_constrained_to_actual_aggregate,2026-07-21,2026-07-21,low,https://www.iea.org/news/iea-executive-director-statement-on-oil-markets | https://www.iea.org/news/iea-confirms-member-country-contributions-to-collective-action-to-release-oil-stocks-in-response-to-middle-east-disruptions | https://www.eia.gov/dnav/pet/hist/LeafHandler.ashx?f=W&n=PET&s=WCSSTUS1,Project allocation bounded below the approximately 80 mb plan; country execution is not public in one reconciled series.,"This is a transparent country attribution of a known aggregate, not an official executed country table.",Only the U.S. component is directly observed at high frequency.,"Country imputation rows sum to 290 mb in each low/base/high case; use them instead of, never in addition to, the aggregate."
iea-imputed-delivery-other-iea-members,collective_action,imputed_country_suballocation,Other IEA members,2026-03-11,2026-07-21,,imputed_emergency_oil_delivered,72.006,49.206,25.006,million_bbl,project_imputation_constrained_to_actual_aggregate,2026-07-21,2026-07-21,low,https://www.iea.org/news/iea-executive-director-statement-on-oil-markets | https://www.iea.org/news/iea-confirms-member-country-contributions-to-collective-action-to-release-oil-stocks-in-response-to-middle-east-disruptions | https://www.eia.gov/dnav/pet/hist/LeafHandler.ashx?f=W&n=PET&s=WCSSTUS1,Closing residual so each imputation case equals the reported 290 mb delivered aggregate.,"This is a transparent country attribution of a known aggregate, not an official executed country table.",Only the U.S. component is directly observed at high frequency.,"Country imputation rows sum to 290 mb in each low/base/high case; use them instead of, never in addition to, the aggregate."
iea-jul31-nowcast,collective_action,headline,IEA members,2026-03-11,2026-07-31,,emergency_oil_delivered_july_end_nowcast,290,315,330,million_bbl,project_nowcast,2026-07-31,2026-07-21,medium_low,https://www.iea.org/news/iea-executive-director-statement-on-oil-markets,Low holds the 21 July observation; base carries the reported May delivery rate of 2.5 mb/d through the last ten days; high allows modest acceleration below the plan envelope.,Use only when the chart cutoff must be 31 July; otherwise use the 290 mb observed aggregate.,Not an official July-end execution update.,"Alternative cutoff to the 290 mb row, not additive."
china-march-tanks,country_stock_evidence,memo,China,2026-03-01,2026-03-31,2026-03,crude_stock_draw,-40,-40,-40,million_bbl,preliminary_observation,2026-03-31,2026-07-10,medium,https://www.iea.org/reports/oil-market-report-july-2026,IEA tank-change estimate; positive draw convention.,IEA reported a 40 mb build; draw convention therefore records -40 mb.,"Ownership is unresolved among government, commercial/operational, bonded, and other stocks.",Included within global/non-OECD observed inventories; the known-month net is derived from the two monthly rows.
china-june-tanks,country_stock_evidence,memo,China,2026-06-01,2026-06-30,2026-06,crude_stock_draw,41,41,41,million_bbl,preliminary_observation,2026-06-30,2026-07-10,medium,https://www.iea.org/reports/oil-market-report-july-2026,IEA tank-change estimate; positive draw convention.,IEA reported China led the June non-OECD draw with a 41 mb decline.,"Ownership is unresolved among government, commercial/operational, bonded, and other stocks.",Included within global/non-OECD observed inventories; the known-month net is derived from the two monthly rows.
china-known-months-net,country_stock_evidence,memo,China,2026-03-01,2026-06-30,,known_month_crude_stock_draw,1,1,1,million_bbl,partial_observation,2026-06-30,2026-07-10,medium,https://www.iea.org/reports/oil-market-report-july-2026,IEA tank-change estimate; positive draw convention.,"Net of March +40 mb build and June -41 mb draw; April, May, and July ownership-resolved changes remain unknown.","Ownership is unresolved among government, commercial/operational, bonded, and other stocks.",Included within global/non-OECD observed inventories; the known-month net is derived from the two monthly rows.
china-government-spr,country_stock_evidence,context,China,2026-03-01,2026-07-31,,confirmed_government_spr_release,,,,not_quantified,not_publicly_confirmed,2026-07-31,2026-07-10,medium_high_for_nonconfirmation,https://www.eia.gov/todayinenergy/detail.php?id=67504 | https://www.iea.org/reports/oil-market-report-july-2026,"Public evidence review; EIA estimates roughly 360 mb government-held and about 1 bn barrels commercial crude at end-2025, but China publishes no ownership-resolved release series.",A large government-SPR release is not supported; commercial and operational use is better supported.,"Some hidden government use remains possible, so do not encode zero as a measured release.",Use aggregate China tank changes in stock accounting; do not invent a separate government slice.
china-refinery-run-shortfall-202604,demand_mechanism,memo_subset_proxy,China,2026-04-01,2026-04-30,2026-04,refinery_throughput_below_prior_year_oil_equivalent,23.89052,24.664438,25.236465,million_bbl,official_year_on_year_observation_converted,2026-04-30,2026-05-19,medium_high,https://www.stats.gov.cn/english/PressRelease/202605/t20260519_1963756.html,Reported 54.65 Mt and 5.8% y/y decline imply prior-year throughput 58.01 Mt and shortfall 3.36 Mt; convert at 7.1/7.33/7.5 bbl per metric tonne.,"Observed lower crude processing, not a direct measure of end-user oil demand.",Likely reflects crude scarcity/run cuts plus macro and product-export decisions.,Nested within China's EIA consumption revision and inventory/import adjustment; never add as a separate demand slice.
china-refinery-run-shortfall-202605,demand_mechanism,memo_subset_proxy,China,2026-05-01,2026-05-31,2026-05,refinery_throughput_below_prior_year_oil_equivalent,38.18316,39.420079,40.334323,million_bbl,official_year_on_year_observation_converted,2026-05-31,2026-06-17,medium_high,https://www.stats.gov.cn/english/PressRelease/202606/t20260617_1963970.html,Reported 53.72 Mt and 9.1% y/y decline imply prior-year throughput 59.10 Mt and shortfall 5.38 Mt; convert at 7.1/7.33/7.5 bbl per metric tonne.,"Observed lower crude processing, not a direct measure of end-user oil demand.",Likely reflects crude scarcity/run cuts plus macro and product-export decisions.,Nested within China's EIA consumption revision and inventory/import adjustment; never add as a separate demand slice.
china-refinery-run-shortfall-202606,demand_mechanism,memo_subset_proxy,China,2026-06-01,2026-06-30,2026-06,refinery_throughput_below_prior_year_oil_equivalent,78.242173,80.776778,82.650182,million_bbl,official_year_on_year_observation_converted,2026-06-30,2026-07-17,medium_high,https://www.stats.gov.cn/english/PressRelease/202607/t20260717_1964155.html,Reported 51.24 Mt and 17.7% y/y decline imply prior-year throughput 62.26 Mt and shortfall 11.02 Mt; convert at 7.1/7.33/7.5 bbl per metric tonne.,"Observed lower crude processing, not a direct measure of end-user oil demand.",Likely reflects crude scarcity/run cuts plus macro and product-export decisions.,Nested within China's EIA consumption revision and inventory/import adjustment; never add as a separate demand slice.
korea-demand-inference-202603,demand_country_imputation,candidate_suballocation,South Korea,2026-03-01,2026-03-31,2026-03,inferred_consumption_reduction,1.55,6.2,12.4,million_bbl,project_inference,2026-07-31,2026-07-06,low,https://english.motir.go.kr/eng/article/EATCLdfa319ada/2661/view,Prior F6R bounded inference of 0.05/0.20/0.40 mb/d multiplied by calendar days.,"Exposure and reserve capacity are clear, but actual customs, runs, and end-use data are insufficient for a point estimate.","Possible shortage, run-cut, conservation, and macro response.","Candidate suballocation inside Asia/Oceania excluding China, India, and Japan; subtract from that residual if used."
korea-demand-inference-202604,demand_country_imputation,candidate_suballocation,South Korea,2026-04-01,2026-04-30,2026-04,inferred_consumption_reduction,1.5,6,12,million_bbl,project_inference,2026-07-31,2026-07-06,low,https://english.motir.go.kr/eng/article/EATCLdfa319ada/2661/view,Prior F6R bounded inference of 0.05/0.20/0.40 mb/d multiplied by calendar days.,"Exposure and reserve capacity are clear, but actual customs, runs, and end-use data are insufficient for a point estimate.","Possible shortage, run-cut, conservation, and macro response.","Candidate suballocation inside Asia/Oceania excluding China, India, and Japan; subtract from that residual if used."
korea-demand-inference-202605,demand_country_imputation,candidate_suballocation,South Korea,2026-05-01,2026-05-31,2026-05,inferred_consumption_reduction,1.55,6.2,12.4,million_bbl,project_inference,2026-07-31,2026-07-06,low,https://english.motir.go.kr/eng/article/EATCLdfa319ada/2661/view,Prior F6R bounded inference of 0.05/0.20/0.40 mb/d multiplied by calendar days.,"Exposure and reserve capacity are clear, but actual customs, runs, and end-use data are insufficient for a point estimate.","Possible shortage, run-cut, conservation, and macro response.","Candidate suballocation inside Asia/Oceania excluding China, India, and Japan; subtract from that residual if used."
korea-demand-inference-202606,demand_country_imputation,candidate_suballocation,South Korea,2026-06-01,2026-06-30,2026-06,inferred_consumption_reduction,1.5,6,12,million_bbl,project_inference,2026-07-31,2026-07-06,low,https://english.motir.go.kr/eng/article/EATCLdfa319ada/2661/view,Prior F6R bounded inference of 0.05/0.20/0.40 mb/d multiplied by calendar days.,"Exposure and reserve capacity are clear, but actual customs, runs, and end-use data are insufficient for a point estimate.","Possible shortage, run-cut, conservation, and macro response.","Candidate suballocation inside Asia/Oceania excluding China, India, and Japan; subtract from that residual if used."
korea-demand-inference-202607,demand_country_imputation,candidate_suballocation,South Korea,2026-07-01,2026-07-31,2026-07,inferred_consumption_reduction,1.55,6.2,12.4,million_bbl,project_inference,2026-07-31,2026-07-06,low,https://english.motir.go.kr/eng/article/EATCLdfa319ada/2661/view,Prior F6R bounded inference of 0.05/0.20/0.40 mb/d multiplied by calendar days.,"Exposure and reserve capacity are clear, but actual customs, runs, and end-use data are insufficient for a point estimate.","Possible shortage, run-cut, conservation, and macro response.","Candidate suballocation inside Asia/Oceania excluding China, India, and Japan; subtract from that residual if used."
korea-demand-inference-cumulative,demand_country_imputation,candidate_suballocation,South Korea,2026-03-01,2026-07-31,,inferred_consumption_reduction,7.65,30.6,61.2,million_bbl,project_inference,2026-07-31,2026-07-06,low,https://english.motir.go.kr/eng/article/EATCLdfa319ada/2661/view,Sum of monthly bounded inference.,Low/base/high are 7.65/30.6/61.2 mb; not a measured series.,"Possible shortage, run-cut, conservation, and macro response.",Candidate suballocation inside the 146.3 mb residual Asia/Oceania demand gap; not additive to that residual.
china-ev-share,structural_energy_context,context,China,2024-01-01,2024-12-31,,new_vehicle_sales_ev_share,48,48,48,percent,historical_observation,2024-12-31,2025,high,https://www.eia.gov/international/content/analysis/countries_long/China/,Direct EIA country-analysis statistic.,EVs were 48% of new vehicle sales in 2024; structural context predating the shock.,"EVs, electric rail, and LNG/electric trucks plausibly lowered transport-oil demand, but the February 2026 forecast already embedded these structural trends.","Do not convert to a March-July oil slice: installed electricity capacity is not oil displacement, China uses little oil-fired power, and incremental post-February adoption is not isolated."
china-renewables-capacity,structural_energy_context,context,China,2024-01-01,2024-12-31,,nonhydro_renewable_capacity_added,356,356,356,GW,historical_observation,2024-12-31,2025,high,https://www.eia.gov/international/content/analysis/countries_long/China/,Direct EIA country-analysis statistic.,China added 277 GW solar and 79 GW wind in 2024.,"EVs, electric rail, and LNG/electric trucks plausibly lowered transport-oil demand, but the February 2026 forecast already embedded these structural trends.","Do not convert to a March-July oil slice: installed electricity capacity is not oil displacement, China uses little oil-fired power, and incremental post-February adoption is not isolated."
china-renewables-capacity-share,structural_energy_context,context,China,2024-01-01,2024-12-31,,renewable_share_installed_generation_capacity,55,55,55,percent,historical_observation,2024-12-31,2025,high,https://www.eia.gov/international/content/analysis/countries_long/China/,Direct EIA country-analysis statistic.,Renewables were 55% of installed power-generation capacity in 2024.,"EVs, electric rail, and LNG/electric trucks plausibly lowered transport-oil demand, but the February 2026 forecast already embedded these structural trends.","Do not convert to a March-July oil slice: installed electricity capacity is not oil displacement, China uses little oil-fired power, and incremental post-February adoption is not isolated."
china-june-nev-output,structural_energy_context,context,China,2024-01-01,2024-12-31,,new_energy_vehicle_output_year_on_year_change,29.4,29.4,29.4,percent,current_official_observation,2026-06-30,2026-07-17,high,https://www.stats.gov.cn/english/PressRelease/202607/t20260717_1964155.html,Direct EIA country-analysis statistic.,"June 2026 new-energy vehicle output rose 29.4% y/y; a current electrification indicator, not measured oil displacement.","EVs, electric rail, and LNG/electric trucks plausibly lowered transport-oil demand, but the February 2026 forecast already embedded these structural trends.","Do not convert to a March-July oil slice: installed electricity capacity is not oil displacement, China uses little oil-fired power, and incremental post-February adoption is not isolated."
china-june-solar-generation,structural_energy_context,context,China,2024-01-01,2024-12-31,,solar_generation_year_on_year_change,14.2,14.2,14.2,percent,current_official_observation,2026-06-30,2026-07-17,high,https://www.stats.gov.cn/english/PressRelease/202607/t20260717_1964155.html,Direct EIA country-analysis statistic.,June 2026 solar generation rose 14.2% y/y.,"EVs, electric rail, and LNG/electric trucks plausibly lowered transport-oil demand, but the February 2026 forecast already embedded these structural trends.","Do not convert to a March-July oil slice: installed electricity capacity is not oil displacement, China uses little oil-fired power, and incremental post-February adoption is not isolated."
china-june-wind-generation,structural_energy_context,context,China,2024-01-01,2024-12-31,,wind_generation_year_on_year_change,-5.6,-5.6,-5.6,percent,current_official_observation,2026-06-30,2026-07-17,high,https://www.stats.gov.cn/english/PressRelease/202607/t20260717_1964155.html,Direct EIA country-analysis statistic.,"June 2026 wind generation fell 5.6% y/y, illustrating why a renewables narrative cannot use solar alone.","EVs, electric rail, and LNG/electric trucks plausibly lowered transport-oil demand, but the February 2026 forecast already embedded these structural trends.","Do not convert to a March-July oil slice: installed electricity capacity is not oil displacement, China uses little oil-fired power, and incremental post-February adoption is not isolated."
china-june-thermal-generation,structural_energy_context,context,China,2024-01-01,2024-12-31,,thermal_generation_year_on_year_change,0.5,0.5,0.5,percent,current_official_observation,2026-06-30,2026-07-17,high,https://www.stats.gov.cn/english/PressRelease/202607/t20260717_1964155.html,Direct EIA country-analysis statistic.,June 2026 thermal generation rose 0.5% y/y; the power mix did not shift uniformly away from fossil generation.,"EVs, electric rail, and LNG/electric trucks plausibly lowered transport-oil demand, but the February 2026 forecast already embedded these structural trends.","Do not convert to a March-July oil slice: installed electricity capacity is not oil displacement, China uses little oil-fired power, and incremental post-February adoption is not isolated."
global-fuel-switching-not-quantified,structural_energy_context,context,Global,2026-03-01,2026-07-31,,incremental_realized_oil_displacement_from_fuel_switching_renewables_evs,,,,not_quantified,policy_evidence_without_realized_volume,2026-07-31,2026-06-12,medium,https://www.iea.org/data-and-statistics/data-tools/2026-energy-crisis-policy-response-tracker,IEA tracker documents measures in nearly 80 countries but does not publish a de-duplicated realized oil-savings volume.,The correct historical accounting leaves this inside measured demand reduction or residual.,"Policies may matter, but announcements are not realized barrels and baseline structural trends are already forecast.",No standalone renewable/EV/fuel-switching slice until incremental 2026 oil displacement is measured.
