row_id,record_type,frame,region,geography,period_start,period_end,scenario_case,mechanism,allocation_million_bbl,regional_gap_million_bbl,share_of_absolute_region_gap_pct,unit,evidence_status,confidence,source_url,method,interpretation,overlap_rule
march_june-north-america-scarcity_dominant-explicit_government_demand_restraint,mechanism_scenario,march_june,North America,North America,2026-03-01,2026-06-30,scarcity_dominant,explicit_government_demand_restraint,0,-6.850064,0,million_bbl,project_scenario_allocation_not_observation,low,https://www.eia.gov/outlooks/steo/archives/feb26_base.xlsx | https://www.eia.gov/outlooks/steo/archives/aug26_base.xlsx,Old documented scenario proportions rescaled to the August-vintage absolute regional gap; positive/negative sign remains in regional_gap_million_bbl.,Counterexample: consumption is above the frozen February path.,"Classes close to the absolute regional gap within each scenario; upward-revision regions are offsets, not gross demand reduction."
march_june-north-america-scarcity_dominant-decentralized_response_and_rapid_switching,mechanism_scenario,march_june,North America,North America,2026-03-01,2026-06-30,scarcity_dominant,decentralized_response_and_rapid_switching,0,-6.850064,0,million_bbl,project_scenario_allocation_not_observation,low,https://www.eia.gov/outlooks/steo/archives/feb26_base.xlsx | https://www.eia.gov/outlooks/steo/archives/aug26_base.xlsx,Old documented scenario proportions rescaled to the August-vintage absolute regional gap; positive/negative sign remains in regional_gap_million_bbl.,Counterexample: consumption is above the frozen February path.,"Classes close to the absolute regional gap within each scenario; upward-revision regions are offsets, not gross demand reduction."
march_june-north-america-scarcity_dominant-forced_supply_refinery_feedstock_and_activity_constraint,mechanism_scenario,march_june,North America,North America,2026-03-01,2026-06-30,scarcity_dominant,forced_supply_refinery_feedstock_and_activity_constraint,2.059117,-6.850064,30.059828,million_bbl,project_scenario_allocation_not_observation,low,https://www.eia.gov/outlooks/steo/archives/feb26_base.xlsx | https://www.eia.gov/outlooks/steo/archives/aug26_base.xlsx,Old documented scenario proportions rescaled to the August-vintage absolute regional gap; positive/negative sign remains in regional_gap_million_bbl.,Counterexample: consumption is above the frozen February path.,"Classes close to the absolute regional gap within each scenario; upward-revision regions are offsets, not gross demand reduction."
march_june-north-america-scarcity_dominant-structural_ordinary_revision_and_unknown,mechanism_scenario,march_june,North America,North America,2026-03-01,2026-06-30,scarcity_dominant,structural_ordinary_revision_and_unknown,4.790946,-6.850064,69.940172,million_bbl,project_scenario_allocation_not_observation,low,https://www.eia.gov/outlooks/steo/archives/feb26_base.xlsx | https://www.eia.gov/outlooks/steo/archives/aug26_base.xlsx,Old documented scenario proportions rescaled to the August-vintage absolute regional gap; positive/negative sign remains in regional_gap_million_bbl.,Counterexample: consumption is above the frozen February path.,"Classes close to the absolute regional gap within each scenario; upward-revision regions are offsets, not gross demand reduction."
march_june-north-america-base-explicit_government_demand_restraint,mechanism_scenario,march_june,North America,North America,2026-03-01,2026-06-30,base,explicit_government_demand_restraint,0,-6.850064,0,million_bbl,project_scenario_allocation_not_observation,low,https://www.eia.gov/outlooks/steo/archives/feb26_base.xlsx | https://www.eia.gov/outlooks/steo/archives/aug26_base.xlsx,Old documented scenario proportions rescaled to the August-vintage absolute regional gap; positive/negative sign remains in regional_gap_million_bbl.,Counterexample: consumption is above the frozen February path.,"Classes close to the absolute regional gap within each scenario; upward-revision regions are offsets, not gross demand reduction."
march_june-north-america-base-decentralized_response_and_rapid_switching,mechanism_scenario,march_june,North America,North America,2026-03-01,2026-06-30,base,decentralized_response_and_rapid_switching,0,-6.850064,0,million_bbl,project_scenario_allocation_not_observation,low,https://www.eia.gov/outlooks/steo/archives/feb26_base.xlsx | https://www.eia.gov/outlooks/steo/archives/aug26_base.xlsx,Old documented scenario proportions rescaled to the August-vintage absolute regional gap; positive/negative sign remains in regional_gap_million_bbl.,Counterexample: consumption is above the frozen February path.,"Classes close to the absolute regional gap within each scenario; upward-revision regions are offsets, not gross demand reduction."
march_june-north-america-base-forced_supply_refinery_feedstock_and_activity_constraint,mechanism_scenario,march_june,North America,North America,2026-03-01,2026-06-30,base,forced_supply_refinery_feedstock_and_activity_constraint,3.294588,-6.850064,48.095725,million_bbl,project_scenario_allocation_not_observation,low,https://www.eia.gov/outlooks/steo/archives/feb26_base.xlsx | https://www.eia.gov/outlooks/steo/archives/aug26_base.xlsx,Old documented scenario proportions rescaled to the August-vintage absolute regional gap; positive/negative sign remains in regional_gap_million_bbl.,Counterexample: consumption is above the frozen February path.,"Classes close to the absolute regional gap within each scenario; upward-revision regions are offsets, not gross demand reduction."
march_june-north-america-base-structural_ordinary_revision_and_unknown,mechanism_scenario,march_june,North America,North America,2026-03-01,2026-06-30,base,structural_ordinary_revision_and_unknown,3.555476,-6.850064,51.904275,million_bbl,project_scenario_allocation_not_observation,low,https://www.eia.gov/outlooks/steo/archives/feb26_base.xlsx | https://www.eia.gov/outlooks/steo/archives/aug26_base.xlsx,Old documented scenario proportions rescaled to the August-vintage absolute regional gap; positive/negative sign remains in regional_gap_million_bbl.,Counterexample: consumption is above the frozen February path.,"Classes close to the absolute regional gap within each scenario; upward-revision regions are offsets, not gross demand reduction."
march_june-north-america-behavior_switching_high-explicit_government_demand_restraint,mechanism_scenario,march_june,North America,North America,2026-03-01,2026-06-30,behavior_switching_high,explicit_government_demand_restraint,0,-6.850064,0,million_bbl,project_scenario_allocation_not_observation,low,https://www.eia.gov/outlooks/steo/archives/feb26_base.xlsx | https://www.eia.gov/outlooks/steo/archives/aug26_base.xlsx,Old documented scenario proportions rescaled to the August-vintage absolute regional gap; positive/negative sign remains in regional_gap_million_bbl.,Counterexample: consumption is above the frozen February path.,"Classes close to the absolute regional gap within each scenario; upward-revision regions are offsets, not gross demand reduction."
march_june-north-america-behavior_switching_high-decentralized_response_and_rapid_switching,mechanism_scenario,march_june,North America,North America,2026-03-01,2026-06-30,behavior_switching_high,decentralized_response_and_rapid_switching,0,-6.850064,0,million_bbl,project_scenario_allocation_not_observation,low,https://www.eia.gov/outlooks/steo/archives/feb26_base.xlsx | https://www.eia.gov/outlooks/steo/archives/aug26_base.xlsx,Old documented scenario proportions rescaled to the August-vintage absolute regional gap; positive/negative sign remains in regional_gap_million_bbl.,Counterexample: consumption is above the frozen February path.,"Classes close to the absolute regional gap within each scenario; upward-revision regions are offsets, not gross demand reduction."
march_june-north-america-behavior_switching_high-forced_supply_refinery_feedstock_and_activity_constraint,mechanism_scenario,march_june,North America,North America,2026-03-01,2026-06-30,behavior_switching_high,forced_supply_refinery_feedstock_and_activity_constraint,4.118235,-6.850064,60.119656,million_bbl,project_scenario_allocation_not_observation,low,https://www.eia.gov/outlooks/steo/archives/feb26_base.xlsx | https://www.eia.gov/outlooks/steo/archives/aug26_base.xlsx,Old documented scenario proportions rescaled to the August-vintage absolute regional gap; positive/negative sign remains in regional_gap_million_bbl.,Counterexample: consumption is above the frozen February path.,"Classes close to the absolute regional gap within each scenario; upward-revision regions are offsets, not gross demand reduction."
march_june-north-america-behavior_switching_high-structural_ordinary_revision_and_unknown,mechanism_scenario,march_june,North America,North America,2026-03-01,2026-06-30,behavior_switching_high,structural_ordinary_revision_and_unknown,2.731829,-6.850064,39.880344,million_bbl,project_scenario_allocation_not_observation,low,https://www.eia.gov/outlooks/steo/archives/feb26_base.xlsx | https://www.eia.gov/outlooks/steo/archives/aug26_base.xlsx,Old documented scenario proportions rescaled to the August-vintage absolute regional gap; positive/negative sign remains in regional_gap_million_bbl.,Counterexample: consumption is above the frozen February path.,"Classes close to the absolute regional gap within each scenario; upward-revision regions are offsets, not gross demand reduction."
march_june-central-and-south-america-scarcity_dominant-explicit_government_demand_restraint,mechanism_scenario,march_june,Central and South America,Central and South America,2026-03-01,2026-06-30,scarcity_dominant,explicit_government_demand_restraint,0.26797,-4.479901,5.981602,million_bbl,project_scenario_allocation_not_observation,low,https://www.eia.gov/outlooks/steo/archives/feb26_base.xlsx | https://www.eia.gov/outlooks/steo/archives/aug26_base.xlsx,Old documented scenario proportions rescaled to the August-vintage absolute regional gap; positive/negative sign remains in regional_gap_million_bbl.,Counterexample: consumption is above the frozen February path.,"Classes close to the absolute regional gap within each scenario; upward-revision regions are offsets, not gross demand reduction."
march_june-central-and-south-america-scarcity_dominant-decentralized_response_and_rapid_switching,mechanism_scenario,march_june,Central and South America,Central and South America,2026-03-01,2026-06-30,scarcity_dominant,decentralized_response_and_rapid_switching,0.696722,-4.479901,15.552165,million_bbl,project_scenario_allocation_not_observation,low,https://www.eia.gov/outlooks/steo/archives/feb26_base.xlsx | https://www.eia.gov/outlooks/steo/archives/aug26_base.xlsx,Old documented scenario proportions rescaled to the August-vintage absolute regional gap; positive/negative sign remains in regional_gap_million_bbl.,Counterexample: consumption is above the frozen February path.,"Classes close to the absolute regional gap within each scenario; upward-revision regions are offsets, not gross demand reduction."
march_june-central-and-south-america-scarcity_dominant-forced_supply_refinery_feedstock_and_activity_constraint,mechanism_scenario,march_june,Central and South America,Central and South America,2026-03-01,2026-06-30,scarcity_dominant,forced_supply_refinery_feedstock_and_activity_constraint,1.071879,-4.479901,23.926407,million_bbl,project_scenario_allocation_not_observation,low,https://www.eia.gov/outlooks/steo/archives/feb26_base.xlsx | https://www.eia.gov/outlooks/steo/archives/aug26_base.xlsx,Old documented scenario proportions rescaled to the August-vintage absolute regional gap; positive/negative sign remains in regional_gap_million_bbl.,Counterexample: consumption is above the frozen February path.,"Classes close to the absolute regional gap within each scenario; upward-revision regions are offsets, not gross demand reduction."
march_june-central-and-south-america-scarcity_dominant-structural_ordinary_revision_and_unknown,mechanism_scenario,march_june,Central and South America,Central and South America,2026-03-01,2026-06-30,scarcity_dominant,structural_ordinary_revision_and_unknown,2.44333,-4.479901,54.539826,million_bbl,project_scenario_allocation_not_observation,low,https://www.eia.gov/outlooks/steo/archives/feb26_base.xlsx | https://www.eia.gov/outlooks/steo/archives/aug26_base.xlsx,Old documented scenario proportions rescaled to the August-vintage absolute regional gap; positive/negative sign remains in regional_gap_million_bbl.,Counterexample: consumption is above the frozen February path.,"Classes close to the absolute regional gap within each scenario; upward-revision regions are offsets, not gross demand reduction."
march_june-central-and-south-america-base-explicit_government_demand_restraint,mechanism_scenario,march_june,Central and South America,Central and South America,2026-03-01,2026-06-30,base,explicit_government_demand_restraint,0.375158,-4.479901,8.374243,million_bbl,project_scenario_allocation_not_observation,low,https://www.eia.gov/outlooks/steo/archives/feb26_base.xlsx | https://www.eia.gov/outlooks/steo/archives/aug26_base.xlsx,Old documented scenario proportions rescaled to the August-vintage absolute regional gap; positive/negative sign remains in regional_gap_million_bbl.,Counterexample: consumption is above the frozen February path.,"Classes close to the absolute regional gap within each scenario; upward-revision regions are offsets, not gross demand reduction."
march_june-central-and-south-america-base-decentralized_response_and_rapid_switching,mechanism_scenario,march_june,Central and South America,Central and South America,2026-03-01,2026-06-30,base,decentralized_response_and_rapid_switching,1.232661,-4.479901,27.515368,million_bbl,project_scenario_allocation_not_observation,low,https://www.eia.gov/outlooks/steo/archives/feb26_base.xlsx | https://www.eia.gov/outlooks/steo/archives/aug26_base.xlsx,Old documented scenario proportions rescaled to the August-vintage absolute regional gap; positive/negative sign remains in regional_gap_million_bbl.,Counterexample: consumption is above the frozen February path.,"Classes close to the absolute regional gap within each scenario; upward-revision regions are offsets, not gross demand reduction."
march_june-central-and-south-america-base-forced_supply_refinery_feedstock_and_activity_constraint,mechanism_scenario,march_june,Central and South America,Central and South America,2026-03-01,2026-06-30,base,forced_supply_refinery_feedstock_and_activity_constraint,1.286255,-4.479901,28.711689,million_bbl,project_scenario_allocation_not_observation,low,https://www.eia.gov/outlooks/steo/archives/feb26_base.xlsx | https://www.eia.gov/outlooks/steo/archives/aug26_base.xlsx,Old documented scenario proportions rescaled to the August-vintage absolute regional gap; positive/negative sign remains in regional_gap_million_bbl.,Counterexample: consumption is above the frozen February path.,"Classes close to the absolute regional gap within each scenario; upward-revision regions are offsets, not gross demand reduction."
march_june-central-and-south-america-base-structural_ordinary_revision_and_unknown,mechanism_scenario,march_june,Central and South America,Central and South America,2026-03-01,2026-06-30,base,structural_ordinary_revision_and_unknown,1.585827,-4.479901,35.398701,million_bbl,project_scenario_allocation_not_observation,low,https://www.eia.gov/outlooks/steo/archives/feb26_base.xlsx | https://www.eia.gov/outlooks/steo/archives/aug26_base.xlsx,Old documented scenario proportions rescaled to the August-vintage absolute regional gap; positive/negative sign remains in regional_gap_million_bbl.,Counterexample: consumption is above the frozen February path.,"Classes close to the absolute regional gap within each scenario; upward-revision regions are offsets, not gross demand reduction."
march_june-central-and-south-america-behavior_switching_high-explicit_government_demand_restraint,mechanism_scenario,march_june,Central and South America,Central and South America,2026-03-01,2026-06-30,behavior_switching_high,explicit_government_demand_restraint,0.53594,-4.479901,11.963204,million_bbl,project_scenario_allocation_not_observation,low,https://www.eia.gov/outlooks/steo/archives/feb26_base.xlsx | https://www.eia.gov/outlooks/steo/archives/aug26_base.xlsx,Old documented scenario proportions rescaled to the August-vintage absolute regional gap; positive/negative sign remains in regional_gap_million_bbl.,Counterexample: consumption is above the frozen February path.,"Classes close to the absolute regional gap within each scenario; upward-revision regions are offsets, not gross demand reduction."
march_june-central-and-south-america-behavior_switching_high-decentralized_response_and_rapid_switching,mechanism_scenario,march_june,Central and South America,Central and South America,2026-03-01,2026-06-30,behavior_switching_high,decentralized_response_and_rapid_switching,1.715007,-4.479901,38.282251,million_bbl,project_scenario_allocation_not_observation,low,https://www.eia.gov/outlooks/steo/archives/feb26_base.xlsx | https://www.eia.gov/outlooks/steo/archives/aug26_base.xlsx,Old documented scenario proportions rescaled to the August-vintage absolute regional gap; positive/negative sign remains in regional_gap_million_bbl.,Counterexample: consumption is above the frozen February path.,"Classes close to the absolute regional gap within each scenario; upward-revision regions are offsets, not gross demand reduction."
march_june-central-and-south-america-behavior_switching_high-forced_supply_refinery_feedstock_and_activity_constraint,mechanism_scenario,march_june,Central and South America,Central and South America,2026-03-01,2026-06-30,behavior_switching_high,forced_supply_refinery_feedstock_and_activity_constraint,1.393443,-4.479901,31.104329,million_bbl,project_scenario_allocation_not_observation,low,https://www.eia.gov/outlooks/steo/archives/feb26_base.xlsx | https://www.eia.gov/outlooks/steo/archives/aug26_base.xlsx,Old documented scenario proportions rescaled to the August-vintage absolute regional gap; positive/negative sign remains in regional_gap_million_bbl.,Counterexample: consumption is above the frozen February path.,"Classes close to the absolute regional gap within each scenario; upward-revision regions are offsets, not gross demand reduction."
march_june-central-and-south-america-behavior_switching_high-structural_ordinary_revision_and_unknown,mechanism_scenario,march_june,Central and South America,Central and South America,2026-03-01,2026-06-30,behavior_switching_high,structural_ordinary_revision_and_unknown,0.835511,-4.479901,18.650216,million_bbl,project_scenario_allocation_not_observation,low,https://www.eia.gov/outlooks/steo/archives/feb26_base.xlsx | https://www.eia.gov/outlooks/steo/archives/aug26_base.xlsx,Old documented scenario proportions rescaled to the August-vintage absolute regional gap; positive/negative sign remains in regional_gap_million_bbl.,Counterexample: consumption is above the frozen February path.,"Classes close to the absolute regional gap within each scenario; upward-revision regions are offsets, not gross demand reduction."
march_june-europe-scarcity_dominant-explicit_government_demand_restraint,mechanism_scenario,march_june,Europe,Europe,2026-03-01,2026-06-30,scarcity_dominant,explicit_government_demand_restraint,1.97536,29.334968,6.733807,million_bbl,project_scenario_allocation_not_observation,low,https://www.eia.gov/outlooks/steo/archives/feb26_base.xlsx | https://www.eia.gov/outlooks/steo/archives/aug26_base.xlsx,Old documented scenario proportions rescaled to the August-vintage absolute regional gap; positive/negative sign remains in regional_gap_million_bbl.,Explains lower consumption.,"Classes close to the absolute regional gap within each scenario; upward-revision regions are offsets, not gross demand reduction."
march_june-europe-scarcity_dominant-decentralized_response_and_rapid_switching,mechanism_scenario,march_june,Europe,Europe,2026-03-01,2026-06-30,scarcity_dominant,decentralized_response_and_rapid_switching,3.45688,29.334968,11.784163,million_bbl,project_scenario_allocation_not_observation,low,https://www.eia.gov/outlooks/steo/archives/feb26_base.xlsx | https://www.eia.gov/outlooks/steo/archives/aug26_base.xlsx,Old documented scenario proportions rescaled to the August-vintage absolute regional gap; positive/negative sign remains in regional_gap_million_bbl.,Explains lower consumption.,"Classes close to the absolute regional gap within each scenario; upward-revision regions are offsets, not gross demand reduction."
march_june-europe-scarcity_dominant-forced_supply_refinery_feedstock_and_activity_constraint,mechanism_scenario,march_june,Europe,Europe,2026-03-01,2026-06-30,scarcity_dominant,forced_supply_refinery_feedstock_and_activity_constraint,17.778242,29.334968,60.604265,million_bbl,project_scenario_allocation_not_observation,low,https://www.eia.gov/outlooks/steo/archives/feb26_base.xlsx | https://www.eia.gov/outlooks/steo/archives/aug26_base.xlsx,Old documented scenario proportions rescaled to the August-vintage absolute regional gap; positive/negative sign remains in regional_gap_million_bbl.,Explains lower consumption.,"Classes close to the absolute regional gap within each scenario; upward-revision regions are offsets, not gross demand reduction."
march_june-europe-scarcity_dominant-structural_ordinary_revision_and_unknown,mechanism_scenario,march_june,Europe,Europe,2026-03-01,2026-06-30,scarcity_dominant,structural_ordinary_revision_and_unknown,6.124486,29.334968,20.877765,million_bbl,project_scenario_allocation_not_observation,low,https://www.eia.gov/outlooks/steo/archives/feb26_base.xlsx | https://www.eia.gov/outlooks/steo/archives/aug26_base.xlsx,Old documented scenario proportions rescaled to the August-vintage absolute regional gap; positive/negative sign remains in regional_gap_million_bbl.,Explains lower consumption.,"Classes close to the absolute regional gap within each scenario; upward-revision regions are offsets, not gross demand reduction."
march_june-europe-base-explicit_government_demand_restraint,mechanism_scenario,march_june,Europe,Europe,2026-03-01,2026-06-30,base,explicit_government_demand_restraint,3.95072,29.334968,13.467614,million_bbl,project_scenario_allocation_not_observation,low,https://www.eia.gov/outlooks/steo/archives/feb26_base.xlsx | https://www.eia.gov/outlooks/steo/archives/aug26_base.xlsx,Old documented scenario proportions rescaled to the August-vintage absolute regional gap; positive/negative sign remains in regional_gap_million_bbl.,Explains lower consumption.,"Classes close to the absolute regional gap within each scenario; upward-revision regions are offsets, not gross demand reduction."
march_june-europe-base-decentralized_response_and_rapid_switching,mechanism_scenario,march_june,Europe,Europe,2026-03-01,2026-06-30,base,decentralized_response_and_rapid_switching,5.43224,29.334968,18.51797,million_bbl,project_scenario_allocation_not_observation,low,https://www.eia.gov/outlooks/steo/archives/feb26_base.xlsx | https://www.eia.gov/outlooks/steo/archives/aug26_base.xlsx,Old documented scenario proportions rescaled to the August-vintage absolute regional gap; positive/negative sign remains in regional_gap_million_bbl.,Explains lower consumption.,"Classes close to the absolute regional gap within each scenario; upward-revision regions are offsets, not gross demand reduction."
march_june-europe-base-forced_supply_refinery_feedstock_and_activity_constraint,mechanism_scenario,march_june,Europe,Europe,2026-03-01,2026-06-30,base,forced_supply_refinery_feedstock_and_activity_constraint,14.815201,29.334968,50.503554,million_bbl,project_scenario_allocation_not_observation,low,https://www.eia.gov/outlooks/steo/archives/feb26_base.xlsx | https://www.eia.gov/outlooks/steo/archives/aug26_base.xlsx,Old documented scenario proportions rescaled to the August-vintage absolute regional gap; positive/negative sign remains in regional_gap_million_bbl.,Explains lower consumption.,"Classes close to the absolute regional gap within each scenario; upward-revision regions are offsets, not gross demand reduction."
march_june-europe-base-structural_ordinary_revision_and_unknown,mechanism_scenario,march_june,Europe,Europe,2026-03-01,2026-06-30,base,structural_ordinary_revision_and_unknown,5.136806,29.334968,17.510862,million_bbl,project_scenario_allocation_not_observation,low,https://www.eia.gov/outlooks/steo/archives/feb26_base.xlsx | https://www.eia.gov/outlooks/steo/archives/aug26_base.xlsx,Old documented scenario proportions rescaled to the August-vintage absolute regional gap; positive/negative sign remains in regional_gap_million_bbl.,Explains lower consumption.,"Classes close to the absolute regional gap within each scenario; upward-revision regions are offsets, not gross demand reduction."
march_june-europe-behavior_switching_high-explicit_government_demand_restraint,mechanism_scenario,march_june,Europe,Europe,2026-03-01,2026-06-30,behavior_switching_high,explicit_government_demand_restraint,5.926081,29.334968,20.201422,million_bbl,project_scenario_allocation_not_observation,low,https://www.eia.gov/outlooks/steo/archives/feb26_base.xlsx | https://www.eia.gov/outlooks/steo/archives/aug26_base.xlsx,Old documented scenario proportions rescaled to the August-vintage absolute regional gap; positive/negative sign remains in regional_gap_million_bbl.,Explains lower consumption.,"Classes close to the absolute regional gap within each scenario; upward-revision regions are offsets, not gross demand reduction."
march_june-europe-behavior_switching_high-decentralized_response_and_rapid_switching,mechanism_scenario,march_june,Europe,Europe,2026-03-01,2026-06-30,behavior_switching_high,decentralized_response_and_rapid_switching,7.901441,29.334968,26.935229,million_bbl,project_scenario_allocation_not_observation,low,https://www.eia.gov/outlooks/steo/archives/feb26_base.xlsx | https://www.eia.gov/outlooks/steo/archives/aug26_base.xlsx,Old documented scenario proportions rescaled to the August-vintage absolute regional gap; positive/negative sign remains in regional_gap_million_bbl.,Explains lower consumption.,"Classes close to the absolute regional gap within each scenario; upward-revision regions are offsets, not gross demand reduction."
march_june-europe-behavior_switching_high-forced_supply_refinery_feedstock_and_activity_constraint,mechanism_scenario,march_june,Europe,Europe,2026-03-01,2026-06-30,behavior_switching_high,forced_supply_refinery_feedstock_and_activity_constraint,11.358321,29.334968,38.719391,million_bbl,project_scenario_allocation_not_observation,low,https://www.eia.gov/outlooks/steo/archives/feb26_base.xlsx | https://www.eia.gov/outlooks/steo/archives/aug26_base.xlsx,Old documented scenario proportions rescaled to the August-vintage absolute regional gap; positive/negative sign remains in regional_gap_million_bbl.,Explains lower consumption.,"Classes close to the absolute regional gap within each scenario; upward-revision regions are offsets, not gross demand reduction."
march_june-europe-behavior_switching_high-structural_ordinary_revision_and_unknown,mechanism_scenario,march_june,Europe,Europe,2026-03-01,2026-06-30,behavior_switching_high,structural_ordinary_revision_and_unknown,4.149126,29.334968,14.143958,million_bbl,project_scenario_allocation_not_observation,low,https://www.eia.gov/outlooks/steo/archives/feb26_base.xlsx | https://www.eia.gov/outlooks/steo/archives/aug26_base.xlsx,Old documented scenario proportions rescaled to the August-vintage absolute regional gap; positive/negative sign remains in regional_gap_million_bbl.,Explains lower consumption.,"Classes close to the absolute regional gap within each scenario; upward-revision regions are offsets, not gross demand reduction."
march_june-eurasia-scarcity_dominant-explicit_government_demand_restraint,mechanism_scenario,march_june,Eurasia,Eurasia,2026-03-01,2026-06-30,scarcity_dominant,explicit_government_demand_restraint,0.20487,6.442005,3.180213,million_bbl,project_scenario_allocation_not_observation,low,https://www.eia.gov/outlooks/steo/archives/feb26_base.xlsx | https://www.eia.gov/outlooks/steo/archives/aug26_base.xlsx,Old documented scenario proportions rescaled to the August-vintage absolute regional gap; positive/negative sign remains in regional_gap_million_bbl.,Explains lower consumption.,"Classes close to the absolute regional gap within each scenario; upward-revision regions are offsets, not gross demand reduction."
march_june-eurasia-scarcity_dominant-decentralized_response_and_rapid_switching,mechanism_scenario,march_june,Eurasia,Eurasia,2026-03-01,2026-06-30,scarcity_dominant,decentralized_response_and_rapid_switching,0.409739,6.442005,6.360427,million_bbl,project_scenario_allocation_not_observation,low,https://www.eia.gov/outlooks/steo/archives/feb26_base.xlsx | https://www.eia.gov/outlooks/steo/archives/aug26_base.xlsx,Old documented scenario proportions rescaled to the August-vintage absolute regional gap; positive/negative sign remains in regional_gap_million_bbl.,Explains lower consumption.,"Classes close to the absolute regional gap within each scenario; upward-revision regions are offsets, not gross demand reduction."
march_june-eurasia-scarcity_dominant-forced_supply_refinery_feedstock_and_activity_constraint,mechanism_scenario,march_june,Eurasia,Eurasia,2026-03-01,2026-06-30,scarcity_dominant,forced_supply_refinery_feedstock_and_activity_constraint,4.780289,6.442005,74.204981,million_bbl,project_scenario_allocation_not_observation,low,https://www.eia.gov/outlooks/steo/archives/feb26_base.xlsx | https://www.eia.gov/outlooks/steo/archives/aug26_base.xlsx,Old documented scenario proportions rescaled to the August-vintage absolute regional gap; positive/negative sign remains in regional_gap_million_bbl.,Explains lower consumption.,"Classes close to the absolute regional gap within each scenario; upward-revision regions are offsets, not gross demand reduction."
march_june-eurasia-scarcity_dominant-structural_ordinary_revision_and_unknown,mechanism_scenario,march_june,Eurasia,Eurasia,2026-03-01,2026-06-30,scarcity_dominant,structural_ordinary_revision_and_unknown,1.047108,6.442005,16.254378,million_bbl,project_scenario_allocation_not_observation,low,https://www.eia.gov/outlooks/steo/archives/feb26_base.xlsx | https://www.eia.gov/outlooks/steo/archives/aug26_base.xlsx,Old documented scenario proportions rescaled to the August-vintage absolute regional gap; positive/negative sign remains in regional_gap_million_bbl.,Explains lower consumption.,"Classes close to the absolute regional gap within each scenario; upward-revision regions are offsets, not gross demand reduction."
march_june-eurasia-base-explicit_government_demand_restraint,mechanism_scenario,march_june,Eurasia,Eurasia,2026-03-01,2026-06-30,base,explicit_government_demand_restraint,0.341449,6.442005,5.300356,million_bbl,project_scenario_allocation_not_observation,low,https://www.eia.gov/outlooks/steo/archives/feb26_base.xlsx | https://www.eia.gov/outlooks/steo/archives/aug26_base.xlsx,Old documented scenario proportions rescaled to the August-vintage absolute regional gap; positive/negative sign remains in regional_gap_million_bbl.,Explains lower consumption.,"Classes close to the absolute regional gap within each scenario; upward-revision regions are offsets, not gross demand reduction."
march_june-eurasia-base-decentralized_response_and_rapid_switching,mechanism_scenario,march_june,Eurasia,Eurasia,2026-03-01,2026-06-30,base,decentralized_response_and_rapid_switching,0.682898,6.442005,10.600712,million_bbl,project_scenario_allocation_not_observation,low,https://www.eia.gov/outlooks/steo/archives/feb26_base.xlsx | https://www.eia.gov/outlooks/steo/archives/aug26_base.xlsx,Old documented scenario proportions rescaled to the August-vintage absolute regional gap; positive/negative sign remains in regional_gap_million_bbl.,Explains lower consumption.,"Classes close to the absolute regional gap within each scenario; upward-revision regions are offsets, not gross demand reduction."
march_june-eurasia-base-forced_supply_refinery_feedstock_and_activity_constraint,mechanism_scenario,march_june,Eurasia,Eurasia,2026-03-01,2026-06-30,base,forced_supply_refinery_feedstock_and_activity_constraint,4.30226,6.442005,66.784483,million_bbl,project_scenario_allocation_not_observation,low,https://www.eia.gov/outlooks/steo/archives/feb26_base.xlsx | https://www.eia.gov/outlooks/steo/archives/aug26_base.xlsx,Old documented scenario proportions rescaled to the August-vintage absolute regional gap; positive/negative sign remains in regional_gap_million_bbl.,Explains lower consumption.,"Classes close to the absolute regional gap within each scenario; upward-revision regions are offsets, not gross demand reduction."
march_june-eurasia-base-structural_ordinary_revision_and_unknown,mechanism_scenario,march_june,Eurasia,Eurasia,2026-03-01,2026-06-30,base,structural_ordinary_revision_and_unknown,1.115398,6.442005,17.31445,million_bbl,project_scenario_allocation_not_observation,low,https://www.eia.gov/outlooks/steo/archives/feb26_base.xlsx | https://www.eia.gov/outlooks/steo/archives/aug26_base.xlsx,Old documented scenario proportions rescaled to the August-vintage absolute regional gap; positive/negative sign remains in regional_gap_million_bbl.,Explains lower consumption.,"Classes close to the absolute regional gap within each scenario; upward-revision regions are offsets, not gross demand reduction."
march_june-eurasia-behavior_switching_high-explicit_government_demand_restraint,mechanism_scenario,march_june,Eurasia,Eurasia,2026-03-01,2026-06-30,behavior_switching_high,explicit_government_demand_restraint,0.546319,6.442005,8.480569,million_bbl,project_scenario_allocation_not_observation,low,https://www.eia.gov/outlooks/steo/archives/feb26_base.xlsx | https://www.eia.gov/outlooks/steo/archives/aug26_base.xlsx,Old documented scenario proportions rescaled to the August-vintage absolute regional gap; positive/negative sign remains in regional_gap_million_bbl.,Explains lower consumption.,"Classes close to the absolute regional gap within each scenario; upward-revision regions are offsets, not gross demand reduction."
march_june-eurasia-behavior_switching_high-decentralized_response_and_rapid_switching,mechanism_scenario,march_june,Eurasia,Eurasia,2026-03-01,2026-06-30,behavior_switching_high,decentralized_response_and_rapid_switching,1.092637,6.442005,16.961139,million_bbl,project_scenario_allocation_not_observation,low,https://www.eia.gov/outlooks/steo/archives/feb26_base.xlsx | https://www.eia.gov/outlooks/steo/archives/aug26_base.xlsx,Old documented scenario proportions rescaled to the August-vintage absolute regional gap; positive/negative sign remains in regional_gap_million_bbl.,Explains lower consumption.,"Classes close to the absolute regional gap within each scenario; upward-revision regions are offsets, not gross demand reduction."
march_june-eurasia-behavior_switching_high-forced_supply_refinery_feedstock_and_activity_constraint,mechanism_scenario,march_june,Eurasia,Eurasia,2026-03-01,2026-06-30,behavior_switching_high,forced_supply_refinery_feedstock_and_activity_constraint,3.755941,6.442005,58.303914,million_bbl,project_scenario_allocation_not_observation,low,https://www.eia.gov/outlooks/steo/archives/feb26_base.xlsx | https://www.eia.gov/outlooks/steo/archives/aug26_base.xlsx,Old documented scenario proportions rescaled to the August-vintage absolute regional gap; positive/negative sign remains in regional_gap_million_bbl.,Explains lower consumption.,"Classes close to the absolute regional gap within each scenario; upward-revision regions are offsets, not gross demand reduction."
march_june-eurasia-behavior_switching_high-structural_ordinary_revision_and_unknown,mechanism_scenario,march_june,Eurasia,Eurasia,2026-03-01,2026-06-30,behavior_switching_high,structural_ordinary_revision_and_unknown,1.047108,6.442005,16.254378,million_bbl,project_scenario_allocation_not_observation,low,https://www.eia.gov/outlooks/steo/archives/feb26_base.xlsx | https://www.eia.gov/outlooks/steo/archives/aug26_base.xlsx,Old documented scenario proportions rescaled to the August-vintage absolute regional gap; positive/negative sign remains in regional_gap_million_bbl.,Explains lower consumption.,"Classes close to the absolute regional gap within each scenario; upward-revision regions are offsets, not gross demand reduction."
march_june-middle-east-scarcity_dominant-explicit_government_demand_restraint,mechanism_scenario,march_june,Middle East,Middle East,2026-03-01,2026-06-30,scarcity_dominant,explicit_government_demand_restraint,3.340781,115.92256,2.881907,million_bbl,project_scenario_allocation_not_observation,low,https://www.eia.gov/outlooks/steo/archives/feb26_base.xlsx | https://www.eia.gov/outlooks/steo/archives/aug26_base.xlsx,Old documented scenario proportions rescaled to the August-vintage absolute regional gap; positive/negative sign remains in regional_gap_million_bbl.,Explains lower consumption.,"Classes close to the absolute regional gap within each scenario; upward-revision regions are offsets, not gross demand reduction."
march_june-middle-east-scarcity_dominant-decentralized_response_and_rapid_switching,mechanism_scenario,march_june,Middle East,Middle East,2026-03-01,2026-06-30,scarcity_dominant,decentralized_response_and_rapid_switching,6.681562,115.92256,5.763815,million_bbl,project_scenario_allocation_not_observation,low,https://www.eia.gov/outlooks/steo/archives/feb26_base.xlsx | https://www.eia.gov/outlooks/steo/archives/aug26_base.xlsx,Old documented scenario proportions rescaled to the August-vintage absolute regional gap; positive/negative sign remains in regional_gap_million_bbl.,Explains lower consumption.,"Classes close to the absolute regional gap within each scenario; upward-revision regions are offsets, not gross demand reduction."
march_june-middle-east-scarcity_dominant-forced_supply_refinery_feedstock_and_activity_constraint,mechanism_scenario,march_june,Middle East,Middle East,2026-03-01,2026-06-30,scarcity_dominant,forced_supply_refinery_feedstock_and_activity_constraint,93.541862,115.92256,80.693406,million_bbl,project_scenario_allocation_not_observation,low,https://www.eia.gov/outlooks/steo/archives/feb26_base.xlsx | https://www.eia.gov/outlooks/steo/archives/aug26_base.xlsx,Old documented scenario proportions rescaled to the August-vintage absolute regional gap; positive/negative sign remains in regional_gap_million_bbl.,Explains lower consumption.,"Classes close to the absolute regional gap within each scenario; upward-revision regions are offsets, not gross demand reduction."
march_june-middle-east-scarcity_dominant-structural_ordinary_revision_and_unknown,mechanism_scenario,march_june,Middle East,Middle East,2026-03-01,2026-06-30,scarcity_dominant,structural_ordinary_revision_and_unknown,12.358355,115.92256,10.660872,million_bbl,project_scenario_allocation_not_observation,low,https://www.eia.gov/outlooks/steo/archives/feb26_base.xlsx | https://www.eia.gov/outlooks/steo/archives/aug26_base.xlsx,Old documented scenario proportions rescaled to the August-vintage absolute regional gap; positive/negative sign remains in regional_gap_million_bbl.,Explains lower consumption.,"Classes close to the absolute regional gap within each scenario; upward-revision regions are offsets, not gross demand reduction."
march_june-middle-east-base-explicit_government_demand_restraint,mechanism_scenario,march_june,Middle East,Middle East,2026-03-01,2026-06-30,base,explicit_government_demand_restraint,6.681562,115.92256,5.763815,million_bbl,project_scenario_allocation_not_observation,low,https://www.eia.gov/outlooks/steo/archives/feb26_base.xlsx | https://www.eia.gov/outlooks/steo/archives/aug26_base.xlsx,Old documented scenario proportions rescaled to the August-vintage absolute regional gap; positive/negative sign remains in regional_gap_million_bbl.,Explains lower consumption.,"Classes close to the absolute regional gap within each scenario; upward-revision regions are offsets, not gross demand reduction."
march_june-middle-east-base-decentralized_response_and_rapid_switching,mechanism_scenario,march_june,Middle East,Middle East,2026-03-01,2026-06-30,base,decentralized_response_and_rapid_switching,10.690499,115.92256,9.222104,million_bbl,project_scenario_allocation_not_observation,low,https://www.eia.gov/outlooks/steo/archives/feb26_base.xlsx | https://www.eia.gov/outlooks/steo/archives/aug26_base.xlsx,Old documented scenario proportions rescaled to the August-vintage absolute regional gap; positive/negative sign remains in regional_gap_million_bbl.,Explains lower consumption.,"Classes close to the absolute regional gap within each scenario; upward-revision regions are offsets, not gross demand reduction."
march_june-middle-east-base-forced_supply_refinery_feedstock_and_activity_constraint,mechanism_scenario,march_june,Middle East,Middle East,2026-03-01,2026-06-30,base,forced_supply_refinery_feedstock_and_activity_constraint,88.864769,115.92256,76.658736,million_bbl,project_scenario_allocation_not_observation,low,https://www.eia.gov/outlooks/steo/archives/feb26_base.xlsx | https://www.eia.gov/outlooks/steo/archives/aug26_base.xlsx,Old documented scenario proportions rescaled to the August-vintage absolute regional gap; positive/negative sign remains in regional_gap_million_bbl.,Explains lower consumption.,"Classes close to the absolute regional gap within each scenario; upward-revision regions are offsets, not gross demand reduction."
march_june-middle-east-base-structural_ordinary_revision_and_unknown,mechanism_scenario,march_june,Middle East,Middle East,2026-03-01,2026-06-30,base,structural_ordinary_revision_and_unknown,9.685731,115.92256,8.355346,million_bbl,project_scenario_allocation_not_observation,low,https://www.eia.gov/outlooks/steo/archives/feb26_base.xlsx | https://www.eia.gov/outlooks/steo/archives/aug26_base.xlsx,Old documented scenario proportions rescaled to the August-vintage absolute regional gap; positive/negative sign remains in regional_gap_million_bbl.,Explains lower consumption.,"Classes close to the absolute regional gap within each scenario; upward-revision regions are offsets, not gross demand reduction."
march_june-middle-east-behavior_switching_high-explicit_government_demand_restraint,mechanism_scenario,march_june,Middle East,Middle East,2026-03-01,2026-06-30,behavior_switching_high,explicit_government_demand_restraint,12.026811,115.92256,10.374867,million_bbl,project_scenario_allocation_not_observation,low,https://www.eia.gov/outlooks/steo/archives/feb26_base.xlsx | https://www.eia.gov/outlooks/steo/archives/aug26_base.xlsx,Old documented scenario proportions rescaled to the August-vintage absolute regional gap; positive/negative sign remains in regional_gap_million_bbl.,Explains lower consumption.,"Classes close to the absolute regional gap within each scenario; upward-revision regions are offsets, not gross demand reduction."
march_june-middle-east-behavior_switching_high-decentralized_response_and_rapid_switching,mechanism_scenario,march_june,Middle East,Middle East,2026-03-01,2026-06-30,behavior_switching_high,decentralized_response_and_rapid_switching,14.699436,115.92256,12.680392,million_bbl,project_scenario_allocation_not_observation,low,https://www.eia.gov/outlooks/steo/archives/feb26_base.xlsx | https://www.eia.gov/outlooks/steo/archives/aug26_base.xlsx,Old documented scenario proportions rescaled to the August-vintage absolute regional gap; positive/negative sign remains in regional_gap_million_bbl.,Explains lower consumption.,"Classes close to the absolute regional gap within each scenario; upward-revision regions are offsets, not gross demand reduction."
march_june-middle-east-behavior_switching_high-forced_supply_refinery_feedstock_and_activity_constraint,mechanism_scenario,march_june,Middle East,Middle East,2026-03-01,2026-06-30,behavior_switching_high,forced_supply_refinery_feedstock_and_activity_constraint,82.183208,115.92256,70.894921,million_bbl,project_scenario_allocation_not_observation,low,https://www.eia.gov/outlooks/steo/archives/feb26_base.xlsx | https://www.eia.gov/outlooks/steo/archives/aug26_base.xlsx,Old documented scenario proportions rescaled to the August-vintage absolute regional gap; positive/negative sign remains in regional_gap_million_bbl.,Explains lower consumption.,"Classes close to the absolute regional gap within each scenario; upward-revision regions are offsets, not gross demand reduction."
march_june-middle-east-behavior_switching_high-structural_ordinary_revision_and_unknown,mechanism_scenario,march_june,Middle East,Middle East,2026-03-01,2026-06-30,behavior_switching_high,structural_ordinary_revision_and_unknown,7.013106,115.92256,6.04982,million_bbl,project_scenario_allocation_not_observation,low,https://www.eia.gov/outlooks/steo/archives/feb26_base.xlsx | https://www.eia.gov/outlooks/steo/archives/aug26_base.xlsx,Old documented scenario proportions rescaled to the August-vintage absolute regional gap; positive/negative sign remains in regional_gap_million_bbl.,Explains lower consumption.,"Classes close to the absolute regional gap within each scenario; upward-revision regions are offsets, not gross demand reduction."
march_june-africa-scarcity_dominant-explicit_government_demand_restraint,mechanism_scenario,march_june,Africa,Africa,2026-03-01,2026-06-30,scarcity_dominant,explicit_government_demand_restraint,1.512273,26.540095,5.698071,million_bbl,project_scenario_allocation_not_observation,low,https://www.eia.gov/outlooks/steo/archives/feb26_base.xlsx | https://www.eia.gov/outlooks/steo/archives/aug26_base.xlsx,Old documented scenario proportions rescaled to the August-vintage absolute regional gap; positive/negative sign remains in regional_gap_million_bbl.,Explains lower consumption.,"Classes close to the absolute regional gap within each scenario; upward-revision regions are offsets, not gross demand reduction."
march_june-africa-scarcity_dominant-decentralized_response_and_rapid_switching,mechanism_scenario,march_june,Africa,Africa,2026-03-01,2026-06-30,scarcity_dominant,decentralized_response_and_rapid_switching,1.890342,26.540095,7.122589,million_bbl,project_scenario_allocation_not_observation,low,https://www.eia.gov/outlooks/steo/archives/feb26_base.xlsx | https://www.eia.gov/outlooks/steo/archives/aug26_base.xlsx,Old documented scenario proportions rescaled to the August-vintage absolute regional gap; positive/negative sign remains in regional_gap_million_bbl.,Explains lower consumption.,"Classes close to the absolute regional gap within each scenario; upward-revision regions are offsets, not gross demand reduction."
march_june-africa-scarcity_dominant-forced_supply_refinery_feedstock_and_activity_constraint,mechanism_scenario,march_june,Africa,Africa,2026-03-01,2026-06-30,scarcity_dominant,forced_supply_refinery_feedstock_and_activity_constraint,22.684102,26.540095,85.471067,million_bbl,project_scenario_allocation_not_observation,low,https://www.eia.gov/outlooks/steo/archives/feb26_base.xlsx | https://www.eia.gov/outlooks/steo/archives/aug26_base.xlsx,Old documented scenario proportions rescaled to the August-vintage absolute regional gap; positive/negative sign remains in regional_gap_million_bbl.,Explains lower consumption.,"Classes close to the absolute regional gap within each scenario; upward-revision regions are offsets, not gross demand reduction."
march_june-africa-scarcity_dominant-structural_ordinary_revision_and_unknown,mechanism_scenario,march_june,Africa,Africa,2026-03-01,2026-06-30,scarcity_dominant,structural_ordinary_revision_and_unknown,0.453377,26.540095,1.708273,million_bbl,project_scenario_allocation_not_observation,low,https://www.eia.gov/outlooks/steo/archives/feb26_base.xlsx | https://www.eia.gov/outlooks/steo/archives/aug26_base.xlsx,Old documented scenario proportions rescaled to the August-vintage absolute regional gap; positive/negative sign remains in regional_gap_million_bbl.,Explains lower consumption.,"Classes close to the absolute regional gap within each scenario; upward-revision regions are offsets, not gross demand reduction."
march_june-africa-base-explicit_government_demand_restraint,mechanism_scenario,march_june,Africa,Africa,2026-03-01,2026-06-30,base,explicit_government_demand_restraint,1.890342,26.540095,7.122589,million_bbl,project_scenario_allocation_not_observation,low,https://www.eia.gov/outlooks/steo/archives/feb26_base.xlsx | https://www.eia.gov/outlooks/steo/archives/aug26_base.xlsx,Old documented scenario proportions rescaled to the August-vintage absolute regional gap; positive/negative sign remains in regional_gap_million_bbl.,Explains lower consumption.,"Classes close to the absolute regional gap within each scenario; upward-revision regions are offsets, not gross demand reduction."
march_june-africa-base-decentralized_response_and_rapid_switching,mechanism_scenario,march_june,Africa,Africa,2026-03-01,2026-06-30,base,decentralized_response_and_rapid_switching,2.26841,26.540095,8.547107,million_bbl,project_scenario_allocation_not_observation,low,https://www.eia.gov/outlooks/steo/archives/feb26_base.xlsx | https://www.eia.gov/outlooks/steo/archives/aug26_base.xlsx,Old documented scenario proportions rescaled to the August-vintage absolute regional gap; positive/negative sign remains in regional_gap_million_bbl.,Explains lower consumption.,"Classes close to the absolute regional gap within each scenario; upward-revision regions are offsets, not gross demand reduction."
march_june-africa-base-forced_supply_refinery_feedstock_and_activity_constraint,mechanism_scenario,march_june,Africa,Africa,2026-03-01,2026-06-30,base,forced_supply_refinery_feedstock_and_activity_constraint,21.549897,26.540095,81.197513,million_bbl,project_scenario_allocation_not_observation,low,https://www.eia.gov/outlooks/steo/archives/feb26_base.xlsx | https://www.eia.gov/outlooks/steo/archives/aug26_base.xlsx,Old documented scenario proportions rescaled to the August-vintage absolute regional gap; positive/negative sign remains in regional_gap_million_bbl.,Explains lower consumption.,"Classes close to the absolute regional gap within each scenario; upward-revision regions are offsets, not gross demand reduction."
march_june-africa-base-structural_ordinary_revision_and_unknown,mechanism_scenario,march_june,Africa,Africa,2026-03-01,2026-06-30,base,structural_ordinary_revision_and_unknown,0.831446,26.540095,3.132791,million_bbl,project_scenario_allocation_not_observation,low,https://www.eia.gov/outlooks/steo/archives/feb26_base.xlsx | https://www.eia.gov/outlooks/steo/archives/aug26_base.xlsx,Old documented scenario proportions rescaled to the August-vintage absolute regional gap; positive/negative sign remains in regional_gap_million_bbl.,Explains lower consumption.,"Classes close to the absolute regional gap within each scenario; upward-revision regions are offsets, not gross demand reduction."
march_june-africa-behavior_switching_high-explicit_government_demand_restraint,mechanism_scenario,march_june,Africa,Africa,2026-03-01,2026-06-30,behavior_switching_high,explicit_government_demand_restraint,3.024547,26.540095,11.396142,million_bbl,project_scenario_allocation_not_observation,low,https://www.eia.gov/outlooks/steo/archives/feb26_base.xlsx | https://www.eia.gov/outlooks/steo/archives/aug26_base.xlsx,Old documented scenario proportions rescaled to the August-vintage absolute regional gap; positive/negative sign remains in regional_gap_million_bbl.,Explains lower consumption.,"Classes close to the absolute regional gap within each scenario; upward-revision regions are offsets, not gross demand reduction."
march_june-africa-behavior_switching_high-decentralized_response_and_rapid_switching,mechanism_scenario,march_june,Africa,Africa,2026-03-01,2026-06-30,behavior_switching_high,decentralized_response_and_rapid_switching,3.780684,26.540095,14.245178,million_bbl,project_scenario_allocation_not_observation,low,https://www.eia.gov/outlooks/steo/archives/feb26_base.xlsx | https://www.eia.gov/outlooks/steo/archives/aug26_base.xlsx,Old documented scenario proportions rescaled to the August-vintage absolute regional gap; positive/negative sign remains in regional_gap_million_bbl.,Explains lower consumption.,"Classes close to the absolute regional gap within each scenario; upward-revision regions are offsets, not gross demand reduction."
march_june-africa-behavior_switching_high-forced_supply_refinery_feedstock_and_activity_constraint,mechanism_scenario,march_june,Africa,Africa,2026-03-01,2026-06-30,behavior_switching_high,forced_supply_refinery_feedstock_and_activity_constraint,18.903419,26.540095,71.225889,million_bbl,project_scenario_allocation_not_observation,low,https://www.eia.gov/outlooks/steo/archives/feb26_base.xlsx | https://www.eia.gov/outlooks/steo/archives/aug26_base.xlsx,Old documented scenario proportions rescaled to the August-vintage absolute regional gap; positive/negative sign remains in regional_gap_million_bbl.,Explains lower consumption.,"Classes close to the absolute regional gap within each scenario; upward-revision regions are offsets, not gross demand reduction."
march_june-africa-behavior_switching_high-structural_ordinary_revision_and_unknown,mechanism_scenario,march_june,Africa,Africa,2026-03-01,2026-06-30,behavior_switching_high,structural_ordinary_revision_and_unknown,0.831446,26.540095,3.132791,million_bbl,project_scenario_allocation_not_observation,low,https://www.eia.gov/outlooks/steo/archives/feb26_base.xlsx | https://www.eia.gov/outlooks/steo/archives/aug26_base.xlsx,Old documented scenario proportions rescaled to the August-vintage absolute regional gap; positive/negative sign remains in regional_gap_million_bbl.,Explains lower consumption.,"Classes close to the absolute regional gap within each scenario; upward-revision regions are offsets, not gross demand reduction."
march_july-north-america-scarcity_dominant-explicit_government_demand_restraint,mechanism_scenario,march_july,North America,North America,2026-03-01,2026-07-31,scarcity_dominant,explicit_government_demand_restraint,0,2.037116,0,million_bbl,project_scenario_allocation_not_observation,low,https://www.eia.gov/outlooks/steo/archives/feb26_base.xlsx | https://www.eia.gov/outlooks/steo/archives/aug26_base.xlsx,Old documented scenario proportions rescaled to the August-vintage absolute regional gap; positive/negative sign remains in regional_gap_million_bbl.,Explains lower consumption.,"Classes close to the absolute regional gap within each scenario; upward-revision regions are offsets, not gross demand reduction."
march_july-north-america-scarcity_dominant-decentralized_response_and_rapid_switching,mechanism_scenario,march_july,North America,North America,2026-03-01,2026-07-31,scarcity_dominant,decentralized_response_and_rapid_switching,0,2.037116,0,million_bbl,project_scenario_allocation_not_observation,low,https://www.eia.gov/outlooks/steo/archives/feb26_base.xlsx | https://www.eia.gov/outlooks/steo/archives/aug26_base.xlsx,Old documented scenario proportions rescaled to the August-vintage absolute regional gap; positive/negative sign remains in regional_gap_million_bbl.,Explains lower consumption.,"Classes close to the absolute regional gap within each scenario; upward-revision regions are offsets, not gross demand reduction."
march_july-north-america-scarcity_dominant-forced_supply_refinery_feedstock_and_activity_constraint,mechanism_scenario,march_july,North America,North America,2026-03-01,2026-07-31,scarcity_dominant,forced_supply_refinery_feedstock_and_activity_constraint,0,2.037116,0,million_bbl,project_scenario_allocation_not_observation,low,https://www.eia.gov/outlooks/steo/archives/feb26_base.xlsx | https://www.eia.gov/outlooks/steo/archives/aug26_base.xlsx,Old documented scenario proportions rescaled to the August-vintage absolute regional gap; positive/negative sign remains in regional_gap_million_bbl.,Explains lower consumption.,"Classes close to the absolute regional gap within each scenario; upward-revision regions are offsets, not gross demand reduction."
march_july-north-america-scarcity_dominant-structural_ordinary_revision_and_unknown,mechanism_scenario,march_july,North America,North America,2026-03-01,2026-07-31,scarcity_dominant,structural_ordinary_revision_and_unknown,2.037116,2.037116,100,million_bbl,project_scenario_allocation_not_observation,low,https://www.eia.gov/outlooks/steo/archives/feb26_base.xlsx | https://www.eia.gov/outlooks/steo/archives/aug26_base.xlsx,Old documented scenario proportions rescaled to the August-vintage absolute regional gap; positive/negative sign remains in regional_gap_million_bbl.,Explains lower consumption.,"Classes close to the absolute regional gap within each scenario; upward-revision regions are offsets, not gross demand reduction."
march_july-north-america-base-explicit_government_demand_restraint,mechanism_scenario,march_july,North America,North America,2026-03-01,2026-07-31,base,explicit_government_demand_restraint,0,2.037116,0,million_bbl,project_scenario_allocation_not_observation,low,https://www.eia.gov/outlooks/steo/archives/feb26_base.xlsx | https://www.eia.gov/outlooks/steo/archives/aug26_base.xlsx,Old documented scenario proportions rescaled to the August-vintage absolute regional gap; positive/negative sign remains in regional_gap_million_bbl.,Explains lower consumption.,"Classes close to the absolute regional gap within each scenario; upward-revision regions are offsets, not gross demand reduction."
march_july-north-america-base-decentralized_response_and_rapid_switching,mechanism_scenario,march_july,North America,North America,2026-03-01,2026-07-31,base,decentralized_response_and_rapid_switching,0,2.037116,0,million_bbl,project_scenario_allocation_not_observation,low,https://www.eia.gov/outlooks/steo/archives/feb26_base.xlsx | https://www.eia.gov/outlooks/steo/archives/aug26_base.xlsx,Old documented scenario proportions rescaled to the August-vintage absolute regional gap; positive/negative sign remains in regional_gap_million_bbl.,Explains lower consumption.,"Classes close to the absolute regional gap within each scenario; upward-revision regions are offsets, not gross demand reduction."
march_july-north-america-base-forced_supply_refinery_feedstock_and_activity_constraint,mechanism_scenario,march_july,North America,North America,2026-03-01,2026-07-31,base,forced_supply_refinery_feedstock_and_activity_constraint,0,2.037116,0,million_bbl,project_scenario_allocation_not_observation,low,https://www.eia.gov/outlooks/steo/archives/feb26_base.xlsx | https://www.eia.gov/outlooks/steo/archives/aug26_base.xlsx,Old documented scenario proportions rescaled to the August-vintage absolute regional gap; positive/negative sign remains in regional_gap_million_bbl.,Explains lower consumption.,"Classes close to the absolute regional gap within each scenario; upward-revision regions are offsets, not gross demand reduction."
march_july-north-america-base-structural_ordinary_revision_and_unknown,mechanism_scenario,march_july,North America,North America,2026-03-01,2026-07-31,base,structural_ordinary_revision_and_unknown,2.037116,2.037116,100,million_bbl,project_scenario_allocation_not_observation,low,https://www.eia.gov/outlooks/steo/archives/feb26_base.xlsx | https://www.eia.gov/outlooks/steo/archives/aug26_base.xlsx,Old documented scenario proportions rescaled to the August-vintage absolute regional gap; positive/negative sign remains in regional_gap_million_bbl.,Explains lower consumption.,"Classes close to the absolute regional gap within each scenario; upward-revision regions are offsets, not gross demand reduction."
march_july-north-america-behavior_switching_high-explicit_government_demand_restraint,mechanism_scenario,march_july,North America,North America,2026-03-01,2026-07-31,behavior_switching_high,explicit_government_demand_restraint,0,2.037116,0,million_bbl,project_scenario_allocation_not_observation,low,https://www.eia.gov/outlooks/steo/archives/feb26_base.xlsx | https://www.eia.gov/outlooks/steo/archives/aug26_base.xlsx,Old documented scenario proportions rescaled to the August-vintage absolute regional gap; positive/negative sign remains in regional_gap_million_bbl.,Explains lower consumption.,"Classes close to the absolute regional gap within each scenario; upward-revision regions are offsets, not gross demand reduction."
march_july-north-america-behavior_switching_high-decentralized_response_and_rapid_switching,mechanism_scenario,march_july,North America,North America,2026-03-01,2026-07-31,behavior_switching_high,decentralized_response_and_rapid_switching,0,2.037116,0,million_bbl,project_scenario_allocation_not_observation,low,https://www.eia.gov/outlooks/steo/archives/feb26_base.xlsx | https://www.eia.gov/outlooks/steo/archives/aug26_base.xlsx,Old documented scenario proportions rescaled to the August-vintage absolute regional gap; positive/negative sign remains in regional_gap_million_bbl.,Explains lower consumption.,"Classes close to the absolute regional gap within each scenario; upward-revision regions are offsets, not gross demand reduction."
march_july-north-america-behavior_switching_high-forced_supply_refinery_feedstock_and_activity_constraint,mechanism_scenario,march_july,North America,North America,2026-03-01,2026-07-31,behavior_switching_high,forced_supply_refinery_feedstock_and_activity_constraint,0,2.037116,0,million_bbl,project_scenario_allocation_not_observation,low,https://www.eia.gov/outlooks/steo/archives/feb26_base.xlsx | https://www.eia.gov/outlooks/steo/archives/aug26_base.xlsx,Old documented scenario proportions rescaled to the August-vintage absolute regional gap; positive/negative sign remains in regional_gap_million_bbl.,Explains lower consumption.,"Classes close to the absolute regional gap within each scenario; upward-revision regions are offsets, not gross demand reduction."
march_july-north-america-behavior_switching_high-structural_ordinary_revision_and_unknown,mechanism_scenario,march_july,North America,North America,2026-03-01,2026-07-31,behavior_switching_high,structural_ordinary_revision_and_unknown,2.037116,2.037116,100,million_bbl,project_scenario_allocation_not_observation,low,https://www.eia.gov/outlooks/steo/archives/feb26_base.xlsx | https://www.eia.gov/outlooks/steo/archives/aug26_base.xlsx,Old documented scenario proportions rescaled to the August-vintage absolute regional gap; positive/negative sign remains in regional_gap_million_bbl.,Explains lower consumption.,"Classes close to the absolute regional gap within each scenario; upward-revision regions are offsets, not gross demand reduction."
march_july-central-and-south-america-scarcity_dominant-explicit_government_demand_restraint,mechanism_scenario,march_july,Central and South America,Central and South America,2026-03-01,2026-07-31,scarcity_dominant,explicit_government_demand_restraint,0.350947,-5.867112,5.981602,million_bbl,project_scenario_allocation_not_observation,low,https://www.eia.gov/outlooks/steo/archives/feb26_base.xlsx | https://www.eia.gov/outlooks/steo/archives/aug26_base.xlsx,Old documented scenario proportions rescaled to the August-vintage absolute regional gap; positive/negative sign remains in regional_gap_million_bbl.,Counterexample: consumption is above the frozen February path.,"Classes close to the absolute regional gap within each scenario; upward-revision regions are offsets, not gross demand reduction."
march_july-central-and-south-america-scarcity_dominant-decentralized_response_and_rapid_switching,mechanism_scenario,march_july,Central and South America,Central and South America,2026-03-01,2026-07-31,scarcity_dominant,decentralized_response_and_rapid_switching,0.912463,-5.867112,15.552165,million_bbl,project_scenario_allocation_not_observation,low,https://www.eia.gov/outlooks/steo/archives/feb26_base.xlsx | https://www.eia.gov/outlooks/steo/archives/aug26_base.xlsx,Old documented scenario proportions rescaled to the August-vintage absolute regional gap; positive/negative sign remains in regional_gap_million_bbl.,Counterexample: consumption is above the frozen February path.,"Classes close to the absolute regional gap within each scenario; upward-revision regions are offsets, not gross demand reduction."
march_july-central-and-south-america-scarcity_dominant-forced_supply_refinery_feedstock_and_activity_constraint,mechanism_scenario,march_july,Central and South America,Central and South America,2026-03-01,2026-07-31,scarcity_dominant,forced_supply_refinery_feedstock_and_activity_constraint,1.403789,-5.867112,23.926407,million_bbl,project_scenario_allocation_not_observation,low,https://www.eia.gov/outlooks/steo/archives/feb26_base.xlsx | https://www.eia.gov/outlooks/steo/archives/aug26_base.xlsx,Old documented scenario proportions rescaled to the August-vintage absolute regional gap; positive/negative sign remains in regional_gap_million_bbl.,Counterexample: consumption is above the frozen February path.,"Classes close to the absolute regional gap within each scenario; upward-revision regions are offsets, not gross demand reduction."
march_july-central-and-south-america-scarcity_dominant-structural_ordinary_revision_and_unknown,mechanism_scenario,march_july,Central and South America,Central and South America,2026-03-01,2026-07-31,scarcity_dominant,structural_ordinary_revision_and_unknown,3.199913,-5.867112,54.539826,million_bbl,project_scenario_allocation_not_observation,low,https://www.eia.gov/outlooks/steo/archives/feb26_base.xlsx | https://www.eia.gov/outlooks/steo/archives/aug26_base.xlsx,Old documented scenario proportions rescaled to the August-vintage absolute regional gap; positive/negative sign remains in regional_gap_million_bbl.,Counterexample: consumption is above the frozen February path.,"Classes close to the absolute regional gap within each scenario; upward-revision regions are offsets, not gross demand reduction."
march_july-central-and-south-america-base-explicit_government_demand_restraint,mechanism_scenario,march_july,Central and South America,Central and South America,2026-03-01,2026-07-31,base,explicit_government_demand_restraint,0.491326,-5.867112,8.374243,million_bbl,project_scenario_allocation_not_observation,low,https://www.eia.gov/outlooks/steo/archives/feb26_base.xlsx | https://www.eia.gov/outlooks/steo/archives/aug26_base.xlsx,Old documented scenario proportions rescaled to the August-vintage absolute regional gap; positive/negative sign remains in regional_gap_million_bbl.,Counterexample: consumption is above the frozen February path.,"Classes close to the absolute regional gap within each scenario; upward-revision regions are offsets, not gross demand reduction."
march_july-central-and-south-america-base-decentralized_response_and_rapid_switching,mechanism_scenario,march_july,Central and South America,Central and South America,2026-03-01,2026-07-31,base,decentralized_response_and_rapid_switching,1.614358,-5.867112,27.515368,million_bbl,project_scenario_allocation_not_observation,low,https://www.eia.gov/outlooks/steo/archives/feb26_base.xlsx | https://www.eia.gov/outlooks/steo/archives/aug26_base.xlsx,Old documented scenario proportions rescaled to the August-vintage absolute regional gap; positive/negative sign remains in regional_gap_million_bbl.,Counterexample: consumption is above the frozen February path.,"Classes close to the absolute regional gap within each scenario; upward-revision regions are offsets, not gross demand reduction."
march_july-central-and-south-america-base-forced_supply_refinery_feedstock_and_activity_constraint,mechanism_scenario,march_july,Central and South America,Central and South America,2026-03-01,2026-07-31,base,forced_supply_refinery_feedstock_and_activity_constraint,1.684547,-5.867112,28.711689,million_bbl,project_scenario_allocation_not_observation,low,https://www.eia.gov/outlooks/steo/archives/feb26_base.xlsx | https://www.eia.gov/outlooks/steo/archives/aug26_base.xlsx,Old documented scenario proportions rescaled to the August-vintage absolute regional gap; positive/negative sign remains in regional_gap_million_bbl.,Counterexample: consumption is above the frozen February path.,"Classes close to the absolute regional gap within each scenario; upward-revision regions are offsets, not gross demand reduction."
march_july-central-and-south-america-base-structural_ordinary_revision_and_unknown,mechanism_scenario,march_july,Central and South America,Central and South America,2026-03-01,2026-07-31,base,structural_ordinary_revision_and_unknown,2.076881,-5.867112,35.398701,million_bbl,project_scenario_allocation_not_observation,low,https://www.eia.gov/outlooks/steo/archives/feb26_base.xlsx | https://www.eia.gov/outlooks/steo/archives/aug26_base.xlsx,Old documented scenario proportions rescaled to the August-vintage absolute regional gap; positive/negative sign remains in regional_gap_million_bbl.,Counterexample: consumption is above the frozen February path.,"Classes close to the absolute regional gap within each scenario; upward-revision regions are offsets, not gross demand reduction."
march_july-central-and-south-america-behavior_switching_high-explicit_government_demand_restraint,mechanism_scenario,march_july,Central and South America,Central and South America,2026-03-01,2026-07-31,behavior_switching_high,explicit_government_demand_restraint,0.701895,-5.867112,11.963204,million_bbl,project_scenario_allocation_not_observation,low,https://www.eia.gov/outlooks/steo/archives/feb26_base.xlsx | https://www.eia.gov/outlooks/steo/archives/aug26_base.xlsx,Old documented scenario proportions rescaled to the August-vintage absolute regional gap; positive/negative sign remains in regional_gap_million_bbl.,Counterexample: consumption is above the frozen February path.,"Classes close to the absolute regional gap within each scenario; upward-revision regions are offsets, not gross demand reduction."
march_july-central-and-south-america-behavior_switching_high-decentralized_response_and_rapid_switching,mechanism_scenario,march_july,Central and South America,Central and South America,2026-03-01,2026-07-31,behavior_switching_high,decentralized_response_and_rapid_switching,2.246063,-5.867112,38.282251,million_bbl,project_scenario_allocation_not_observation,low,https://www.eia.gov/outlooks/steo/archives/feb26_base.xlsx | https://www.eia.gov/outlooks/steo/archives/aug26_base.xlsx,Old documented scenario proportions rescaled to the August-vintage absolute regional gap; positive/negative sign remains in regional_gap_million_bbl.,Counterexample: consumption is above the frozen February path.,"Classes close to the absolute regional gap within each scenario; upward-revision regions are offsets, not gross demand reduction."
march_july-central-and-south-america-behavior_switching_high-forced_supply_refinery_feedstock_and_activity_constraint,mechanism_scenario,march_july,Central and South America,Central and South America,2026-03-01,2026-07-31,behavior_switching_high,forced_supply_refinery_feedstock_and_activity_constraint,1.824926,-5.867112,31.104329,million_bbl,project_scenario_allocation_not_observation,low,https://www.eia.gov/outlooks/steo/archives/feb26_base.xlsx | https://www.eia.gov/outlooks/steo/archives/aug26_base.xlsx,Old documented scenario proportions rescaled to the August-vintage absolute regional gap; positive/negative sign remains in regional_gap_million_bbl.,Counterexample: consumption is above the frozen February path.,"Classes close to the absolute regional gap within each scenario; upward-revision regions are offsets, not gross demand reduction."
march_july-central-and-south-america-behavior_switching_high-structural_ordinary_revision_and_unknown,mechanism_scenario,march_july,Central and South America,Central and South America,2026-03-01,2026-07-31,behavior_switching_high,structural_ordinary_revision_and_unknown,1.094229,-5.867112,18.650216,million_bbl,project_scenario_allocation_not_observation,low,https://www.eia.gov/outlooks/steo/archives/feb26_base.xlsx | https://www.eia.gov/outlooks/steo/archives/aug26_base.xlsx,Old documented scenario proportions rescaled to the August-vintage absolute regional gap; positive/negative sign remains in regional_gap_million_bbl.,Counterexample: consumption is above the frozen February path.,"Classes close to the absolute regional gap within each scenario; upward-revision regions are offsets, not gross demand reduction."
march_july-europe-scarcity_dominant-explicit_government_demand_restraint,mechanism_scenario,march_july,Europe,Europe,2026-03-01,2026-07-31,scarcity_dominant,explicit_government_demand_restraint,2.253944,33.472055,6.733807,million_bbl,project_scenario_allocation_not_observation,low,https://www.eia.gov/outlooks/steo/archives/feb26_base.xlsx | https://www.eia.gov/outlooks/steo/archives/aug26_base.xlsx,Old documented scenario proportions rescaled to the August-vintage absolute regional gap; positive/negative sign remains in regional_gap_million_bbl.,Explains lower consumption.,"Classes close to the absolute regional gap within each scenario; upward-revision regions are offsets, not gross demand reduction."
march_july-europe-scarcity_dominant-decentralized_response_and_rapid_switching,mechanism_scenario,march_july,Europe,Europe,2026-03-01,2026-07-31,scarcity_dominant,decentralized_response_and_rapid_switching,3.944401,33.472055,11.784163,million_bbl,project_scenario_allocation_not_observation,low,https://www.eia.gov/outlooks/steo/archives/feb26_base.xlsx | https://www.eia.gov/outlooks/steo/archives/aug26_base.xlsx,Old documented scenario proportions rescaled to the August-vintage absolute regional gap; positive/negative sign remains in regional_gap_million_bbl.,Explains lower consumption.,"Classes close to the absolute regional gap within each scenario; upward-revision regions are offsets, not gross demand reduction."
march_july-europe-scarcity_dominant-forced_supply_refinery_feedstock_and_activity_constraint,mechanism_scenario,march_july,Europe,Europe,2026-03-01,2026-07-31,scarcity_dominant,forced_supply_refinery_feedstock_and_activity_constraint,20.285493,33.472055,60.604265,million_bbl,project_scenario_allocation_not_observation,low,https://www.eia.gov/outlooks/steo/archives/feb26_base.xlsx | https://www.eia.gov/outlooks/steo/archives/aug26_base.xlsx,Old documented scenario proportions rescaled to the August-vintage absolute regional gap; positive/negative sign remains in regional_gap_million_bbl.,Explains lower consumption.,"Classes close to the absolute regional gap within each scenario; upward-revision regions are offsets, not gross demand reduction."
march_july-europe-scarcity_dominant-structural_ordinary_revision_and_unknown,mechanism_scenario,march_july,Europe,Europe,2026-03-01,2026-07-31,scarcity_dominant,structural_ordinary_revision_and_unknown,6.988217,33.472055,20.877765,million_bbl,project_scenario_allocation_not_observation,low,https://www.eia.gov/outlooks/steo/archives/feb26_base.xlsx | https://www.eia.gov/outlooks/steo/archives/aug26_base.xlsx,Old documented scenario proportions rescaled to the August-vintage absolute regional gap; positive/negative sign remains in regional_gap_million_bbl.,Explains lower consumption.,"Classes close to the absolute regional gap within each scenario; upward-revision regions are offsets, not gross demand reduction."
march_july-europe-base-explicit_government_demand_restraint,mechanism_scenario,march_july,Europe,Europe,2026-03-01,2026-07-31,base,explicit_government_demand_restraint,4.507887,33.472055,13.467614,million_bbl,project_scenario_allocation_not_observation,low,https://www.eia.gov/outlooks/steo/archives/feb26_base.xlsx | https://www.eia.gov/outlooks/steo/archives/aug26_base.xlsx,Old documented scenario proportions rescaled to the August-vintage absolute regional gap; positive/negative sign remains in regional_gap_million_bbl.,Explains lower consumption.,"Classes close to the absolute regional gap within each scenario; upward-revision regions are offsets, not gross demand reduction."
march_july-europe-base-decentralized_response_and_rapid_switching,mechanism_scenario,march_july,Europe,Europe,2026-03-01,2026-07-31,base,decentralized_response_and_rapid_switching,6.198345,33.472055,18.51797,million_bbl,project_scenario_allocation_not_observation,low,https://www.eia.gov/outlooks/steo/archives/feb26_base.xlsx | https://www.eia.gov/outlooks/steo/archives/aug26_base.xlsx,Old documented scenario proportions rescaled to the August-vintage absolute regional gap; positive/negative sign remains in regional_gap_million_bbl.,Explains lower consumption.,"Classes close to the absolute regional gap within each scenario; upward-revision regions are offsets, not gross demand reduction."
march_july-europe-base-forced_supply_refinery_feedstock_and_activity_constraint,mechanism_scenario,march_july,Europe,Europe,2026-03-01,2026-07-31,base,forced_supply_refinery_feedstock_and_activity_constraint,16.904578,33.472055,50.503554,million_bbl,project_scenario_allocation_not_observation,low,https://www.eia.gov/outlooks/steo/archives/feb26_base.xlsx | https://www.eia.gov/outlooks/steo/archives/aug26_base.xlsx,Old documented scenario proportions rescaled to the August-vintage absolute regional gap; positive/negative sign remains in regional_gap_million_bbl.,Explains lower consumption.,"Classes close to the absolute regional gap within each scenario; upward-revision regions are offsets, not gross demand reduction."
march_july-europe-base-structural_ordinary_revision_and_unknown,mechanism_scenario,march_july,Europe,Europe,2026-03-01,2026-07-31,base,structural_ordinary_revision_and_unknown,5.861245,33.472055,17.510862,million_bbl,project_scenario_allocation_not_observation,low,https://www.eia.gov/outlooks/steo/archives/feb26_base.xlsx | https://www.eia.gov/outlooks/steo/archives/aug26_base.xlsx,Old documented scenario proportions rescaled to the August-vintage absolute regional gap; positive/negative sign remains in regional_gap_million_bbl.,Explains lower consumption.,"Classes close to the absolute regional gap within each scenario; upward-revision regions are offsets, not gross demand reduction."
march_july-europe-behavior_switching_high-explicit_government_demand_restraint,mechanism_scenario,march_july,Europe,Europe,2026-03-01,2026-07-31,behavior_switching_high,explicit_government_demand_restraint,6.761831,33.472055,20.201422,million_bbl,project_scenario_allocation_not_observation,low,https://www.eia.gov/outlooks/steo/archives/feb26_base.xlsx | https://www.eia.gov/outlooks/steo/archives/aug26_base.xlsx,Old documented scenario proportions rescaled to the August-vintage absolute regional gap; positive/negative sign remains in regional_gap_million_bbl.,Explains lower consumption.,"Classes close to the absolute regional gap within each scenario; upward-revision regions are offsets, not gross demand reduction."
march_july-europe-behavior_switching_high-decentralized_response_and_rapid_switching,mechanism_scenario,march_july,Europe,Europe,2026-03-01,2026-07-31,behavior_switching_high,decentralized_response_and_rapid_switching,9.015775,33.472055,26.935229,million_bbl,project_scenario_allocation_not_observation,low,https://www.eia.gov/outlooks/steo/archives/feb26_base.xlsx | https://www.eia.gov/outlooks/steo/archives/aug26_base.xlsx,Old documented scenario proportions rescaled to the August-vintage absolute regional gap; positive/negative sign remains in regional_gap_million_bbl.,Explains lower consumption.,"Classes close to the absolute regional gap within each scenario; upward-revision regions are offsets, not gross demand reduction."
march_july-europe-behavior_switching_high-forced_supply_refinery_feedstock_and_activity_constraint,mechanism_scenario,march_july,Europe,Europe,2026-03-01,2026-07-31,behavior_switching_high,forced_supply_refinery_feedstock_and_activity_constraint,12.960176,33.472055,38.719391,million_bbl,project_scenario_allocation_not_observation,low,https://www.eia.gov/outlooks/steo/archives/feb26_base.xlsx | https://www.eia.gov/outlooks/steo/archives/aug26_base.xlsx,Old documented scenario proportions rescaled to the August-vintage absolute regional gap; positive/negative sign remains in regional_gap_million_bbl.,Explains lower consumption.,"Classes close to the absolute regional gap within each scenario; upward-revision regions are offsets, not gross demand reduction."
march_july-europe-behavior_switching_high-structural_ordinary_revision_and_unknown,mechanism_scenario,march_july,Europe,Europe,2026-03-01,2026-07-31,behavior_switching_high,structural_ordinary_revision_and_unknown,4.734273,33.472055,14.143958,million_bbl,project_scenario_allocation_not_observation,low,https://www.eia.gov/outlooks/steo/archives/feb26_base.xlsx | https://www.eia.gov/outlooks/steo/archives/aug26_base.xlsx,Old documented scenario proportions rescaled to the August-vintage absolute regional gap; positive/negative sign remains in regional_gap_million_bbl.,Explains lower consumption.,"Classes close to the absolute regional gap within each scenario; upward-revision regions are offsets, not gross demand reduction."
march_july-eurasia-scarcity_dominant-explicit_government_demand_restraint,mechanism_scenario,march_july,Eurasia,Eurasia,2026-03-01,2026-07-31,scarcity_dominant,explicit_government_demand_restraint,0.290613,9.138167,3.180213,million_bbl,project_scenario_allocation_not_observation,low,https://www.eia.gov/outlooks/steo/archives/feb26_base.xlsx | https://www.eia.gov/outlooks/steo/archives/aug26_base.xlsx,Old documented scenario proportions rescaled to the August-vintage absolute regional gap; positive/negative sign remains in regional_gap_million_bbl.,Explains lower consumption.,"Classes close to the absolute regional gap within each scenario; upward-revision regions are offsets, not gross demand reduction."
march_july-eurasia-scarcity_dominant-decentralized_response_and_rapid_switching,mechanism_scenario,march_july,Eurasia,Eurasia,2026-03-01,2026-07-31,scarcity_dominant,decentralized_response_and_rapid_switching,0.581226,9.138167,6.360427,million_bbl,project_scenario_allocation_not_observation,low,https://www.eia.gov/outlooks/steo/archives/feb26_base.xlsx | https://www.eia.gov/outlooks/steo/archives/aug26_base.xlsx,Old documented scenario proportions rescaled to the August-vintage absolute regional gap; positive/negative sign remains in regional_gap_million_bbl.,Explains lower consumption.,"Classes close to the absolute regional gap within each scenario; upward-revision regions are offsets, not gross demand reduction."
march_july-eurasia-scarcity_dominant-forced_supply_refinery_feedstock_and_activity_constraint,mechanism_scenario,march_july,Eurasia,Eurasia,2026-03-01,2026-07-31,scarcity_dominant,forced_supply_refinery_feedstock_and_activity_constraint,6.780975,9.138167,74.204981,million_bbl,project_scenario_allocation_not_observation,low,https://www.eia.gov/outlooks/steo/archives/feb26_base.xlsx | https://www.eia.gov/outlooks/steo/archives/aug26_base.xlsx,Old documented scenario proportions rescaled to the August-vintage absolute regional gap; positive/negative sign remains in regional_gap_million_bbl.,Explains lower consumption.,"Classes close to the absolute regional gap within each scenario; upward-revision regions are offsets, not gross demand reduction."
march_july-eurasia-scarcity_dominant-structural_ordinary_revision_and_unknown,mechanism_scenario,march_july,Eurasia,Eurasia,2026-03-01,2026-07-31,scarcity_dominant,structural_ordinary_revision_and_unknown,1.485352,9.138167,16.254378,million_bbl,project_scenario_allocation_not_observation,low,https://www.eia.gov/outlooks/steo/archives/feb26_base.xlsx | https://www.eia.gov/outlooks/steo/archives/aug26_base.xlsx,Old documented scenario proportions rescaled to the August-vintage absolute regional gap; positive/negative sign remains in regional_gap_million_bbl.,Explains lower consumption.,"Classes close to the absolute regional gap within each scenario; upward-revision regions are offsets, not gross demand reduction."
march_july-eurasia-base-explicit_government_demand_restraint,mechanism_scenario,march_july,Eurasia,Eurasia,2026-03-01,2026-07-31,base,explicit_government_demand_restraint,0.484355,9.138167,5.300356,million_bbl,project_scenario_allocation_not_observation,low,https://www.eia.gov/outlooks/steo/archives/feb26_base.xlsx | https://www.eia.gov/outlooks/steo/archives/aug26_base.xlsx,Old documented scenario proportions rescaled to the August-vintage absolute regional gap; positive/negative sign remains in regional_gap_million_bbl.,Explains lower consumption.,"Classes close to the absolute regional gap within each scenario; upward-revision regions are offsets, not gross demand reduction."
march_july-eurasia-base-decentralized_response_and_rapid_switching,mechanism_scenario,march_july,Eurasia,Eurasia,2026-03-01,2026-07-31,base,decentralized_response_and_rapid_switching,0.968711,9.138167,10.600712,million_bbl,project_scenario_allocation_not_observation,low,https://www.eia.gov/outlooks/steo/archives/feb26_base.xlsx | https://www.eia.gov/outlooks/steo/archives/aug26_base.xlsx,Old documented scenario proportions rescaled to the August-vintage absolute regional gap; positive/negative sign remains in regional_gap_million_bbl.,Explains lower consumption.,"Classes close to the absolute regional gap within each scenario; upward-revision regions are offsets, not gross demand reduction."
march_july-eurasia-base-forced_supply_refinery_feedstock_and_activity_constraint,mechanism_scenario,march_july,Eurasia,Eurasia,2026-03-01,2026-07-31,base,forced_supply_refinery_feedstock_and_activity_constraint,6.102877,9.138167,66.784483,million_bbl,project_scenario_allocation_not_observation,low,https://www.eia.gov/outlooks/steo/archives/feb26_base.xlsx | https://www.eia.gov/outlooks/steo/archives/aug26_base.xlsx,Old documented scenario proportions rescaled to the August-vintage absolute regional gap; positive/negative sign remains in regional_gap_million_bbl.,Explains lower consumption.,"Classes close to the absolute regional gap within each scenario; upward-revision regions are offsets, not gross demand reduction."
march_july-eurasia-base-structural_ordinary_revision_and_unknown,mechanism_scenario,march_july,Eurasia,Eurasia,2026-03-01,2026-07-31,base,structural_ordinary_revision_and_unknown,1.582223,9.138167,17.31445,million_bbl,project_scenario_allocation_not_observation,low,https://www.eia.gov/outlooks/steo/archives/feb26_base.xlsx | https://www.eia.gov/outlooks/steo/archives/aug26_base.xlsx,Old documented scenario proportions rescaled to the August-vintage absolute regional gap; positive/negative sign remains in regional_gap_million_bbl.,Explains lower consumption.,"Classes close to the absolute regional gap within each scenario; upward-revision regions are offsets, not gross demand reduction."
march_july-eurasia-behavior_switching_high-explicit_government_demand_restraint,mechanism_scenario,march_july,Eurasia,Eurasia,2026-03-01,2026-07-31,behavior_switching_high,explicit_government_demand_restraint,0.774969,9.138167,8.480569,million_bbl,project_scenario_allocation_not_observation,low,https://www.eia.gov/outlooks/steo/archives/feb26_base.xlsx | https://www.eia.gov/outlooks/steo/archives/aug26_base.xlsx,Old documented scenario proportions rescaled to the August-vintage absolute regional gap; positive/negative sign remains in regional_gap_million_bbl.,Explains lower consumption.,"Classes close to the absolute regional gap within each scenario; upward-revision regions are offsets, not gross demand reduction."
march_july-eurasia-behavior_switching_high-decentralized_response_and_rapid_switching,mechanism_scenario,march_july,Eurasia,Eurasia,2026-03-01,2026-07-31,behavior_switching_high,decentralized_response_and_rapid_switching,1.549937,9.138167,16.961139,million_bbl,project_scenario_allocation_not_observation,low,https://www.eia.gov/outlooks/steo/archives/feb26_base.xlsx | https://www.eia.gov/outlooks/steo/archives/aug26_base.xlsx,Old documented scenario proportions rescaled to the August-vintage absolute regional gap; positive/negative sign remains in regional_gap_million_bbl.,Explains lower consumption.,"Classes close to the absolute regional gap within each scenario; upward-revision regions are offsets, not gross demand reduction."
march_july-eurasia-behavior_switching_high-forced_supply_refinery_feedstock_and_activity_constraint,mechanism_scenario,march_july,Eurasia,Eurasia,2026-03-01,2026-07-31,behavior_switching_high,forced_supply_refinery_feedstock_and_activity_constraint,5.327909,9.138167,58.303914,million_bbl,project_scenario_allocation_not_observation,low,https://www.eia.gov/outlooks/steo/archives/feb26_base.xlsx | https://www.eia.gov/outlooks/steo/archives/aug26_base.xlsx,Old documented scenario proportions rescaled to the August-vintage absolute regional gap; positive/negative sign remains in regional_gap_million_bbl.,Explains lower consumption.,"Classes close to the absolute regional gap within each scenario; upward-revision regions are offsets, not gross demand reduction."
march_july-eurasia-behavior_switching_high-structural_ordinary_revision_and_unknown,mechanism_scenario,march_july,Eurasia,Eurasia,2026-03-01,2026-07-31,behavior_switching_high,structural_ordinary_revision_and_unknown,1.485352,9.138167,16.254378,million_bbl,project_scenario_allocation_not_observation,low,https://www.eia.gov/outlooks/steo/archives/feb26_base.xlsx | https://www.eia.gov/outlooks/steo/archives/aug26_base.xlsx,Old documented scenario proportions rescaled to the August-vintage absolute regional gap; positive/negative sign remains in regional_gap_million_bbl.,Explains lower consumption.,"Classes close to the absolute regional gap within each scenario; upward-revision regions are offsets, not gross demand reduction."
march_july-middle-east-scarcity_dominant-explicit_government_demand_restraint,mechanism_scenario,march_july,Middle East,Middle East,2026-03-01,2026-07-31,scarcity_dominant,explicit_government_demand_restraint,4.334816,150.414821,2.881907,million_bbl,project_scenario_allocation_not_observation,low,https://www.eia.gov/outlooks/steo/archives/feb26_base.xlsx | https://www.eia.gov/outlooks/steo/archives/aug26_base.xlsx,Old documented scenario proportions rescaled to the August-vintage absolute regional gap; positive/negative sign remains in regional_gap_million_bbl.,Explains lower consumption.,"Classes close to the absolute regional gap within each scenario; upward-revision regions are offsets, not gross demand reduction."
march_july-middle-east-scarcity_dominant-decentralized_response_and_rapid_switching,mechanism_scenario,march_july,Middle East,Middle East,2026-03-01,2026-07-31,scarcity_dominant,decentralized_response_and_rapid_switching,8.669632,150.414821,5.763815,million_bbl,project_scenario_allocation_not_observation,low,https://www.eia.gov/outlooks/steo/archives/feb26_base.xlsx | https://www.eia.gov/outlooks/steo/archives/aug26_base.xlsx,Old documented scenario proportions rescaled to the August-vintage absolute regional gap; positive/negative sign remains in regional_gap_million_bbl.,Explains lower consumption.,"Classes close to the absolute regional gap within each scenario; upward-revision regions are offsets, not gross demand reduction."
march_july-middle-east-scarcity_dominant-forced_supply_refinery_feedstock_and_activity_constraint,mechanism_scenario,march_july,Middle East,Middle East,2026-03-01,2026-07-31,scarcity_dominant,forced_supply_refinery_feedstock_and_activity_constraint,121.374843,150.414821,80.693406,million_bbl,project_scenario_allocation_not_observation,low,https://www.eia.gov/outlooks/steo/archives/feb26_base.xlsx | https://www.eia.gov/outlooks/steo/archives/aug26_base.xlsx,Old documented scenario proportions rescaled to the August-vintage absolute regional gap; positive/negative sign remains in regional_gap_million_bbl.,Explains lower consumption.,"Classes close to the absolute regional gap within each scenario; upward-revision regions are offsets, not gross demand reduction."
march_july-middle-east-scarcity_dominant-structural_ordinary_revision_and_unknown,mechanism_scenario,march_july,Middle East,Middle East,2026-03-01,2026-07-31,scarcity_dominant,structural_ordinary_revision_and_unknown,16.035531,150.414821,10.660872,million_bbl,project_scenario_allocation_not_observation,low,https://www.eia.gov/outlooks/steo/archives/feb26_base.xlsx | https://www.eia.gov/outlooks/steo/archives/aug26_base.xlsx,Old documented scenario proportions rescaled to the August-vintage absolute regional gap; positive/negative sign remains in regional_gap_million_bbl.,Explains lower consumption.,"Classes close to the absolute regional gap within each scenario; upward-revision regions are offsets, not gross demand reduction."
march_july-middle-east-base-explicit_government_demand_restraint,mechanism_scenario,march_july,Middle East,Middle East,2026-03-01,2026-07-31,base,explicit_government_demand_restraint,8.669632,150.414821,5.763815,million_bbl,project_scenario_allocation_not_observation,low,https://www.eia.gov/outlooks/steo/archives/feb26_base.xlsx | https://www.eia.gov/outlooks/steo/archives/aug26_base.xlsx,Old documented scenario proportions rescaled to the August-vintage absolute regional gap; positive/negative sign remains in regional_gap_million_bbl.,Explains lower consumption.,"Classes close to the absolute regional gap within each scenario; upward-revision regions are offsets, not gross demand reduction."
march_july-middle-east-base-decentralized_response_and_rapid_switching,mechanism_scenario,march_july,Middle East,Middle East,2026-03-01,2026-07-31,base,decentralized_response_and_rapid_switching,13.871411,150.414821,9.222104,million_bbl,project_scenario_allocation_not_observation,low,https://www.eia.gov/outlooks/steo/archives/feb26_base.xlsx | https://www.eia.gov/outlooks/steo/archives/aug26_base.xlsx,Old documented scenario proportions rescaled to the August-vintage absolute regional gap; positive/negative sign remains in regional_gap_million_bbl.,Explains lower consumption.,"Classes close to the absolute regional gap within each scenario; upward-revision regions are offsets, not gross demand reduction."
march_july-middle-east-base-forced_supply_refinery_feedstock_and_activity_constraint,mechanism_scenario,march_july,Middle East,Middle East,2026-03-01,2026-07-31,base,forced_supply_refinery_feedstock_and_activity_constraint,115.306101,150.414821,76.658736,million_bbl,project_scenario_allocation_not_observation,low,https://www.eia.gov/outlooks/steo/archives/feb26_base.xlsx | https://www.eia.gov/outlooks/steo/archives/aug26_base.xlsx,Old documented scenario proportions rescaled to the August-vintage absolute regional gap; positive/negative sign remains in regional_gap_million_bbl.,Explains lower consumption.,"Classes close to the absolute regional gap within each scenario; upward-revision regions are offsets, not gross demand reduction."
march_july-middle-east-base-structural_ordinary_revision_and_unknown,mechanism_scenario,march_july,Middle East,Middle East,2026-03-01,2026-07-31,base,structural_ordinary_revision_and_unknown,12.567678,150.414821,8.355346,million_bbl,project_scenario_allocation_not_observation,low,https://www.eia.gov/outlooks/steo/archives/feb26_base.xlsx | https://www.eia.gov/outlooks/steo/archives/aug26_base.xlsx,Old documented scenario proportions rescaled to the August-vintage absolute regional gap; positive/negative sign remains in regional_gap_million_bbl.,Explains lower consumption.,"Classes close to the absolute regional gap within each scenario; upward-revision regions are offsets, not gross demand reduction."
march_july-middle-east-behavior_switching_high-explicit_government_demand_restraint,mechanism_scenario,march_july,Middle East,Middle East,2026-03-01,2026-07-31,behavior_switching_high,explicit_government_demand_restraint,15.605337,150.414821,10.374867,million_bbl,project_scenario_allocation_not_observation,low,https://www.eia.gov/outlooks/steo/archives/feb26_base.xlsx | https://www.eia.gov/outlooks/steo/archives/aug26_base.xlsx,Old documented scenario proportions rescaled to the August-vintage absolute regional gap; positive/negative sign remains in regional_gap_million_bbl.,Explains lower consumption.,"Classes close to the absolute regional gap within each scenario; upward-revision regions are offsets, not gross demand reduction."
march_july-middle-east-behavior_switching_high-decentralized_response_and_rapid_switching,mechanism_scenario,march_july,Middle East,Middle East,2026-03-01,2026-07-31,behavior_switching_high,decentralized_response_and_rapid_switching,19.07319,150.414821,12.680392,million_bbl,project_scenario_allocation_not_observation,low,https://www.eia.gov/outlooks/steo/archives/feb26_base.xlsx | https://www.eia.gov/outlooks/steo/archives/aug26_base.xlsx,Old documented scenario proportions rescaled to the August-vintage absolute regional gap; positive/negative sign remains in regional_gap_million_bbl.,Explains lower consumption.,"Classes close to the absolute regional gap within each scenario; upward-revision regions are offsets, not gross demand reduction."
march_july-middle-east-behavior_switching_high-forced_supply_refinery_feedstock_and_activity_constraint,mechanism_scenario,march_july,Middle East,Middle East,2026-03-01,2026-07-31,behavior_switching_high,forced_supply_refinery_feedstock_and_activity_constraint,106.636469,150.414821,70.894921,million_bbl,project_scenario_allocation_not_observation,low,https://www.eia.gov/outlooks/steo/archives/feb26_base.xlsx | https://www.eia.gov/outlooks/steo/archives/aug26_base.xlsx,Old documented scenario proportions rescaled to the August-vintage absolute regional gap; positive/negative sign remains in regional_gap_million_bbl.,Explains lower consumption.,"Classes close to the absolute regional gap within each scenario; upward-revision regions are offsets, not gross demand reduction."
march_july-middle-east-behavior_switching_high-structural_ordinary_revision_and_unknown,mechanism_scenario,march_july,Middle East,Middle East,2026-03-01,2026-07-31,behavior_switching_high,structural_ordinary_revision_and_unknown,9.099826,150.414821,6.04982,million_bbl,project_scenario_allocation_not_observation,low,https://www.eia.gov/outlooks/steo/archives/feb26_base.xlsx | https://www.eia.gov/outlooks/steo/archives/aug26_base.xlsx,Old documented scenario proportions rescaled to the August-vintage absolute regional gap; positive/negative sign remains in regional_gap_million_bbl.,Explains lower consumption.,"Classes close to the absolute regional gap within each scenario; upward-revision regions are offsets, not gross demand reduction."
march_july-africa-scarcity_dominant-explicit_government_demand_restraint,mechanism_scenario,march_july,Africa,Africa,2026-03-01,2026-07-31,scarcity_dominant,explicit_government_demand_restraint,1.998588,35.074818,5.698071,million_bbl,project_scenario_allocation_not_observation,low,https://www.eia.gov/outlooks/steo/archives/feb26_base.xlsx | https://www.eia.gov/outlooks/steo/archives/aug26_base.xlsx,Old documented scenario proportions rescaled to the August-vintage absolute regional gap; positive/negative sign remains in regional_gap_million_bbl.,Explains lower consumption.,"Classes close to the absolute regional gap within each scenario; upward-revision regions are offsets, not gross demand reduction."
march_july-africa-scarcity_dominant-decentralized_response_and_rapid_switching,mechanism_scenario,march_july,Africa,Africa,2026-03-01,2026-07-31,scarcity_dominant,decentralized_response_and_rapid_switching,2.498235,35.074818,7.122589,million_bbl,project_scenario_allocation_not_observation,low,https://www.eia.gov/outlooks/steo/archives/feb26_base.xlsx | https://www.eia.gov/outlooks/steo/archives/aug26_base.xlsx,Old documented scenario proportions rescaled to the August-vintage absolute regional gap; positive/negative sign remains in regional_gap_million_bbl.,Explains lower consumption.,"Classes close to the absolute regional gap within each scenario; upward-revision regions are offsets, not gross demand reduction."
march_july-africa-scarcity_dominant-forced_supply_refinery_feedstock_and_activity_constraint,mechanism_scenario,march_july,Africa,Africa,2026-03-01,2026-07-31,scarcity_dominant,forced_supply_refinery_feedstock_and_activity_constraint,29.978821,35.074818,85.471067,million_bbl,project_scenario_allocation_not_observation,low,https://www.eia.gov/outlooks/steo/archives/feb26_base.xlsx | https://www.eia.gov/outlooks/steo/archives/aug26_base.xlsx,Old documented scenario proportions rescaled to the August-vintage absolute regional gap; positive/negative sign remains in regional_gap_million_bbl.,Explains lower consumption.,"Classes close to the absolute regional gap within each scenario; upward-revision regions are offsets, not gross demand reduction."
march_july-africa-scarcity_dominant-structural_ordinary_revision_and_unknown,mechanism_scenario,march_july,Africa,Africa,2026-03-01,2026-07-31,scarcity_dominant,structural_ordinary_revision_and_unknown,0.599174,35.074818,1.708273,million_bbl,project_scenario_allocation_not_observation,low,https://www.eia.gov/outlooks/steo/archives/feb26_base.xlsx | https://www.eia.gov/outlooks/steo/archives/aug26_base.xlsx,Old documented scenario proportions rescaled to the August-vintage absolute regional gap; positive/negative sign remains in regional_gap_million_bbl.,Explains lower consumption.,"Classes close to the absolute regional gap within each scenario; upward-revision regions are offsets, not gross demand reduction."
march_july-africa-base-explicit_government_demand_restraint,mechanism_scenario,march_july,Africa,Africa,2026-03-01,2026-07-31,base,explicit_government_demand_restraint,2.498235,35.074818,7.122589,million_bbl,project_scenario_allocation_not_observation,low,https://www.eia.gov/outlooks/steo/archives/feb26_base.xlsx | https://www.eia.gov/outlooks/steo/archives/aug26_base.xlsx,Old documented scenario proportions rescaled to the August-vintage absolute regional gap; positive/negative sign remains in regional_gap_million_bbl.,Explains lower consumption.,"Classes close to the absolute regional gap within each scenario; upward-revision regions are offsets, not gross demand reduction."
march_july-africa-base-decentralized_response_and_rapid_switching,mechanism_scenario,march_july,Africa,Africa,2026-03-01,2026-07-31,base,decentralized_response_and_rapid_switching,2.997882,35.074818,8.547107,million_bbl,project_scenario_allocation_not_observation,low,https://www.eia.gov/outlooks/steo/archives/feb26_base.xlsx | https://www.eia.gov/outlooks/steo/archives/aug26_base.xlsx,Old documented scenario proportions rescaled to the August-vintage absolute regional gap; positive/negative sign remains in regional_gap_million_bbl.,Explains lower consumption.,"Classes close to the absolute regional gap within each scenario; upward-revision regions are offsets, not gross demand reduction."
march_july-africa-base-forced_supply_refinery_feedstock_and_activity_constraint,mechanism_scenario,march_july,Africa,Africa,2026-03-01,2026-07-31,base,forced_supply_refinery_feedstock_and_activity_constraint,28.47988,35.074818,81.197513,million_bbl,project_scenario_allocation_not_observation,low,https://www.eia.gov/outlooks/steo/archives/feb26_base.xlsx | https://www.eia.gov/outlooks/steo/archives/aug26_base.xlsx,Old documented scenario proportions rescaled to the August-vintage absolute regional gap; positive/negative sign remains in regional_gap_million_bbl.,Explains lower consumption.,"Classes close to the absolute regional gap within each scenario; upward-revision regions are offsets, not gross demand reduction."
march_july-africa-base-structural_ordinary_revision_and_unknown,mechanism_scenario,march_july,Africa,Africa,2026-03-01,2026-07-31,base,structural_ordinary_revision_and_unknown,1.098821,35.074818,3.132791,million_bbl,project_scenario_allocation_not_observation,low,https://www.eia.gov/outlooks/steo/archives/feb26_base.xlsx | https://www.eia.gov/outlooks/steo/archives/aug26_base.xlsx,Old documented scenario proportions rescaled to the August-vintage absolute regional gap; positive/negative sign remains in regional_gap_million_bbl.,Explains lower consumption.,"Classes close to the absolute regional gap within each scenario; upward-revision regions are offsets, not gross demand reduction."
march_july-africa-behavior_switching_high-explicit_government_demand_restraint,mechanism_scenario,march_july,Africa,Africa,2026-03-01,2026-07-31,behavior_switching_high,explicit_government_demand_restraint,3.997176,35.074818,11.396142,million_bbl,project_scenario_allocation_not_observation,low,https://www.eia.gov/outlooks/steo/archives/feb26_base.xlsx | https://www.eia.gov/outlooks/steo/archives/aug26_base.xlsx,Old documented scenario proportions rescaled to the August-vintage absolute regional gap; positive/negative sign remains in regional_gap_million_bbl.,Explains lower consumption.,"Classes close to the absolute regional gap within each scenario; upward-revision regions are offsets, not gross demand reduction."
march_july-africa-behavior_switching_high-decentralized_response_and_rapid_switching,mechanism_scenario,march_july,Africa,Africa,2026-03-01,2026-07-31,behavior_switching_high,decentralized_response_and_rapid_switching,4.99647,35.074818,14.245178,million_bbl,project_scenario_allocation_not_observation,low,https://www.eia.gov/outlooks/steo/archives/feb26_base.xlsx | https://www.eia.gov/outlooks/steo/archives/aug26_base.xlsx,Old documented scenario proportions rescaled to the August-vintage absolute regional gap; positive/negative sign remains in regional_gap_million_bbl.,Explains lower consumption.,"Classes close to the absolute regional gap within each scenario; upward-revision regions are offsets, not gross demand reduction."
march_july-africa-behavior_switching_high-forced_supply_refinery_feedstock_and_activity_constraint,mechanism_scenario,march_july,Africa,Africa,2026-03-01,2026-07-31,behavior_switching_high,forced_supply_refinery_feedstock_and_activity_constraint,24.982351,35.074818,71.225889,million_bbl,project_scenario_allocation_not_observation,low,https://www.eia.gov/outlooks/steo/archives/feb26_base.xlsx | https://www.eia.gov/outlooks/steo/archives/aug26_base.xlsx,Old documented scenario proportions rescaled to the August-vintage absolute regional gap; positive/negative sign remains in regional_gap_million_bbl.,Explains lower consumption.,"Classes close to the absolute regional gap within each scenario; upward-revision regions are offsets, not gross demand reduction."
march_july-africa-behavior_switching_high-structural_ordinary_revision_and_unknown,mechanism_scenario,march_july,Africa,Africa,2026-03-01,2026-07-31,behavior_switching_high,structural_ordinary_revision_and_unknown,1.098821,35.074818,3.132791,million_bbl,project_scenario_allocation_not_observation,low,https://www.eia.gov/outlooks/steo/archives/feb26_base.xlsx | https://www.eia.gov/outlooks/steo/archives/aug26_base.xlsx,Old documented scenario proportions rescaled to the August-vintage absolute regional gap; positive/negative sign remains in regional_gap_million_bbl.,Explains lower consumption.,"Classes close to the absolute regional gap within each scenario; upward-revision regions are offsets, not gross demand reduction."
