row_id,record_type,country,region,route_exposure_class,period,days,metric,taxonomy,february_forecast_mb_per_day,august_vintage_mb_per_day,revision_mb_per_day,revision_million_bbl,cumulative_revision_million_bbl,source_value_unit,accounting_eligible,data_status,publication_vintage,confidence,source_url,source_detail,interpretation,double_counting_note
m8q7-ca-202603,country_month,Canada,North America,non_gulf,2026-03,31,petroleum_and_other_liquid_fuels_production_revision,petroleum_and_other_liquid_fuels,6.407872,6.4065,-0.001372,-0.042547,-0.042547,mb/d; million_bbl after calendar-day conversion,yes,preliminary_estimate,2026-08-11 (forecast completed 2026-08-06),medium_high,https://www.eia.gov/outlooks/steo/archives/feb26_base.xlsx|https://www.eia.gov/outlooks/steo/archives/aug26_base.xlsx,EIA STEO Table 3b; August vintage minus frozen February vintage for the same country/month.,"Positive values are extra production relative to the frozen forecast; negative values are additional shortfalls. They are cushions/revisions, not a causal Hormuz attribution.",Do not add a country's exports or IEA collective-action commitment to this production revision without an overlap reconciliation.
m8q7-ca-202604,country_month,Canada,North America,non_gulf,2026-04,30,petroleum_and_other_liquid_fuels_production_revision,petroleum_and_other_liquid_fuels,6.173342,6.3921,0.218758,6.562746,6.520199,mb/d; million_bbl after calendar-day conversion,yes,preliminary_estimate,2026-08-11 (forecast completed 2026-08-06),medium_high,https://www.eia.gov/outlooks/steo/archives/feb26_base.xlsx|https://www.eia.gov/outlooks/steo/archives/aug26_base.xlsx,EIA STEO Table 3b; August vintage minus frozen February vintage for the same country/month.,"Positive values are extra production relative to the frozen forecast; negative values are additional shortfalls. They are cushions/revisions, not a causal Hormuz attribution.",Do not add a country's exports or IEA collective-action commitment to this production revision without an overlap reconciliation.
m8q7-ca-202605,country_month,Canada,North America,non_gulf,2026-05,31,petroleum_and_other_liquid_fuels_production_revision,petroleum_and_other_liquid_fuels,6.029093,6.123662,0.094569,2.931651,9.45185,mb/d; million_bbl after calendar-day conversion,yes,preliminary_estimate,2026-08-11 (forecast completed 2026-08-06),medium_high,https://www.eia.gov/outlooks/steo/archives/feb26_base.xlsx|https://www.eia.gov/outlooks/steo/archives/aug26_base.xlsx,EIA STEO Table 3b; August vintage minus frozen February vintage for the same country/month.,"Positive values are extra production relative to the frozen forecast; negative values are additional shortfalls. They are cushions/revisions, not a causal Hormuz attribution.",Do not add a country's exports or IEA collective-action commitment to this production revision without an overlap reconciliation.
m8q7-ca-202606,country_month,Canada,North America,non_gulf,2026-06,30,petroleum_and_other_liquid_fuels_production_revision,petroleum_and_other_liquid_fuels,6.122914,6.162787,0.039873,1.196198,10.648048,mb/d; million_bbl after calendar-day conversion,yes,preliminary_estimate,2026-08-11 (forecast completed 2026-08-06),medium_high,https://www.eia.gov/outlooks/steo/archives/feb26_base.xlsx|https://www.eia.gov/outlooks/steo/archives/aug26_base.xlsx,EIA STEO Table 3b; August vintage minus frozen February vintage for the same country/month.,"Positive values are extra production relative to the frozen forecast; negative values are additional shortfalls. They are cushions/revisions, not a causal Hormuz attribution.",Do not add a country's exports or IEA collective-action commitment to this production revision without an overlap reconciliation.
m8q7-ca-202607,country_month,Canada,North America,non_gulf,2026-07,31,petroleum_and_other_liquid_fuels_production_revision,petroleum_and_other_liquid_fuels,6.349578,6.378255,0.028677,0.888999,11.537047,mb/d; million_bbl after calendar-day conversion,yes,forecast,2026-08-11 (forecast completed 2026-08-06),medium_high,https://www.eia.gov/outlooks/steo/archives/feb26_base.xlsx|https://www.eia.gov/outlooks/steo/archives/aug26_base.xlsx,EIA STEO Table 3b; August vintage minus frozen February vintage for the same country/month.,"Positive values are extra production relative to the frozen forecast; negative values are additional shortfalls. They are cushions/revisions, not a causal Hormuz attribution.",Do not add a country's exports or IEA collective-action commitment to this production revision without an overlap reconciliation.
m8q7-ca-mar-jul-summary,country_period_summary,Canada,North America,non_gulf,2026-03-01/2026-07-31,153,cumulative_petroleum_and_other_liquid_fuels_production_revision,petroleum_and_other_liquid_fuels,,,,11.537047,11.537047,million_bbl,yes,March-July preliminary estimates,2026-08-11 (forecast completed 2026-08-06),medium_high,https://www.eia.gov/outlooks/steo/archives/feb26_base.xlsx|https://www.eia.gov/outlooks/steo/archives/aug26_base.xlsx,Sum of five monthly EIA vintage differences times calendar days.,Signed cumulative production revision versus the frozen February forecast.,This summary is the sum of the country-month rows and must not be added to them.
m8q7-mx-202603,country_month,Mexico,North America,non_gulf,2026-03,31,petroleum_and_other_liquid_fuels_production_revision,petroleum_and_other_liquid_fuels,1.851409,1.8866,0.035191,1.09091,1.09091,mb/d; million_bbl after calendar-day conversion,yes,preliminary_estimate,2026-08-11 (forecast completed 2026-08-06),medium_high,https://www.eia.gov/outlooks/steo/archives/feb26_base.xlsx|https://www.eia.gov/outlooks/steo/archives/aug26_base.xlsx,EIA STEO Table 3b; August vintage minus frozen February vintage for the same country/month.,"Positive values are extra production relative to the frozen forecast; negative values are additional shortfalls. They are cushions/revisions, not a causal Hormuz attribution.",Do not add a country's exports or IEA collective-action commitment to this production revision without an overlap reconciliation.
m8q7-mx-202604,country_month,Mexico,North America,non_gulf,2026-04,30,petroleum_and_other_liquid_fuels_production_revision,petroleum_and_other_liquid_fuels,1.83359,1.8819,0.04831,1.449305,2.540215,mb/d; million_bbl after calendar-day conversion,yes,preliminary_estimate,2026-08-11 (forecast completed 2026-08-06),medium_high,https://www.eia.gov/outlooks/steo/archives/feb26_base.xlsx|https://www.eia.gov/outlooks/steo/archives/aug26_base.xlsx,EIA STEO Table 3b; August vintage minus frozen February vintage for the same country/month.,"Positive values are extra production relative to the frozen forecast; negative values are additional shortfalls. They are cushions/revisions, not a causal Hormuz attribution.",Do not add a country's exports or IEA collective-action commitment to this production revision without an overlap reconciliation.
m8q7-mx-202605,country_month,Mexico,North America,non_gulf,2026-05,31,petroleum_and_other_liquid_fuels_production_revision,petroleum_and_other_liquid_fuels,1.825384,1.882056,0.056672,1.756836,4.297052,mb/d; million_bbl after calendar-day conversion,yes,preliminary_estimate,2026-08-11 (forecast completed 2026-08-06),medium_high,https://www.eia.gov/outlooks/steo/archives/feb26_base.xlsx|https://www.eia.gov/outlooks/steo/archives/aug26_base.xlsx,EIA STEO Table 3b; August vintage minus frozen February vintage for the same country/month.,"Positive values are extra production relative to the frozen forecast; negative values are additional shortfalls. They are cushions/revisions, not a causal Hormuz attribution.",Do not add a country's exports or IEA collective-action commitment to this production revision without an overlap reconciliation.
m8q7-mx-202606,country_month,Mexico,North America,non_gulf,2026-06,30,petroleum_and_other_liquid_fuels_production_revision,petroleum_and_other_liquid_fuels,1.81927,1.900676,0.081406,2.442187,6.739238,mb/d; million_bbl after calendar-day conversion,yes,preliminary_estimate,2026-08-11 (forecast completed 2026-08-06),medium_high,https://www.eia.gov/outlooks/steo/archives/feb26_base.xlsx|https://www.eia.gov/outlooks/steo/archives/aug26_base.xlsx,EIA STEO Table 3b; August vintage minus frozen February vintage for the same country/month.,"Positive values are extra production relative to the frozen forecast; negative values are additional shortfalls. They are cushions/revisions, not a causal Hormuz attribution.",Do not add a country's exports or IEA collective-action commitment to this production revision without an overlap reconciliation.
m8q7-mx-202607,country_month,Mexico,North America,non_gulf,2026-07,31,petroleum_and_other_liquid_fuels_production_revision,petroleum_and_other_liquid_fuels,1.807696,1.842311,0.034615,1.073057,7.812296,mb/d; million_bbl after calendar-day conversion,yes,forecast,2026-08-11 (forecast completed 2026-08-06),medium_high,https://www.eia.gov/outlooks/steo/archives/feb26_base.xlsx|https://www.eia.gov/outlooks/steo/archives/aug26_base.xlsx,EIA STEO Table 3b; August vintage minus frozen February vintage for the same country/month.,"Positive values are extra production relative to the frozen forecast; negative values are additional shortfalls. They are cushions/revisions, not a causal Hormuz attribution.",Do not add a country's exports or IEA collective-action commitment to this production revision without an overlap reconciliation.
m8q7-mx-mar-jul-summary,country_period_summary,Mexico,North America,non_gulf,2026-03-01/2026-07-31,153,cumulative_petroleum_and_other_liquid_fuels_production_revision,petroleum_and_other_liquid_fuels,,,,7.812296,7.812296,million_bbl,yes,March-July preliminary estimates,2026-08-11 (forecast completed 2026-08-06),medium_high,https://www.eia.gov/outlooks/steo/archives/feb26_base.xlsx|https://www.eia.gov/outlooks/steo/archives/aug26_base.xlsx,Sum of five monthly EIA vintage differences times calendar days.,Signed cumulative production revision versus the frozen February forecast.,This summary is the sum of the country-month rows and must not be added to them.
m8q7-us-202603,country_month,United States,North America,non_gulf,2026-03,31,petroleum_and_other_liquid_fuels_production_revision,petroleum_and_other_liquid_fuels,23.642951,24.186488,0.543537,16.84966,16.84966,mb/d; million_bbl after calendar-day conversion,yes,preliminary_estimate,2026-08-11 (forecast completed 2026-08-06),medium_high,https://www.eia.gov/outlooks/steo/archives/feb26_base.xlsx|https://www.eia.gov/outlooks/steo/archives/aug26_base.xlsx,EIA STEO Table 3b; August vintage minus frozen February vintage for the same country/month.,"Positive values are extra production relative to the frozen forecast; negative values are additional shortfalls. They are cushions/revisions, not a causal Hormuz attribution.",Do not add a country's exports or IEA collective-action commitment to this production revision without an overlap reconciliation.
m8q7-us-202604,country_month,United States,North America,non_gulf,2026-04,30,petroleum_and_other_liquid_fuels_production_revision,petroleum_and_other_liquid_fuels,23.747516,24.375349,0.627833,18.834987,35.684647,mb/d; million_bbl after calendar-day conversion,yes,preliminary_estimate,2026-08-11 (forecast completed 2026-08-06),medium_high,https://www.eia.gov/outlooks/steo/archives/feb26_base.xlsx|https://www.eia.gov/outlooks/steo/archives/aug26_base.xlsx,EIA STEO Table 3b; August vintage minus frozen February vintage for the same country/month.,"Positive values are extra production relative to the frozen forecast; negative values are additional shortfalls. They are cushions/revisions, not a causal Hormuz attribution.",Do not add a country's exports or IEA collective-action commitment to this production revision without an overlap reconciliation.
m8q7-us-202605,country_month,United States,North America,non_gulf,2026-05,31,petroleum_and_other_liquid_fuels_production_revision,petroleum_and_other_liquid_fuels,23.761643,24.356361,0.594718,18.436259,54.120906,mb/d; million_bbl after calendar-day conversion,yes,preliminary_estimate,2026-08-11 (forecast completed 2026-08-06),medium_high,https://www.eia.gov/outlooks/steo/archives/feb26_base.xlsx|https://www.eia.gov/outlooks/steo/archives/aug26_base.xlsx,EIA STEO Table 3b; August vintage minus frozen February vintage for the same country/month.,"Positive values are extra production relative to the frozen forecast; negative values are additional shortfalls. They are cushions/revisions, not a causal Hormuz attribution.",Do not add a country's exports or IEA collective-action commitment to this production revision without an overlap reconciliation.
m8q7-us-202606,country_month,United States,North America,non_gulf,2026-06,30,petroleum_and_other_liquid_fuels_production_revision,petroleum_and_other_liquid_fuels,23.829744,24.360995,0.531251,15.937524,70.05843,mb/d; million_bbl after calendar-day conversion,yes,preliminary_estimate,2026-08-11 (forecast completed 2026-08-06),medium_high,https://www.eia.gov/outlooks/steo/archives/feb26_base.xlsx|https://www.eia.gov/outlooks/steo/archives/aug26_base.xlsx,EIA STEO Table 3b; August vintage minus frozen February vintage for the same country/month.,"Positive values are extra production relative to the frozen forecast; negative values are additional shortfalls. They are cushions/revisions, not a causal Hormuz attribution.",Do not add a country's exports or IEA collective-action commitment to this production revision without an overlap reconciliation.
m8q7-us-202607,country_month,United States,North America,non_gulf,2026-07,31,petroleum_and_other_liquid_fuels_production_revision,petroleum_and_other_liquid_fuels,23.805182,24.248409,0.443227,13.740041,83.798471,mb/d; million_bbl after calendar-day conversion,yes,forecast,2026-08-11 (forecast completed 2026-08-06),medium_high,https://www.eia.gov/outlooks/steo/archives/feb26_base.xlsx|https://www.eia.gov/outlooks/steo/archives/aug26_base.xlsx,EIA STEO Table 3b; August vintage minus frozen February vintage for the same country/month.,"Positive values are extra production relative to the frozen forecast; negative values are additional shortfalls. They are cushions/revisions, not a causal Hormuz attribution.",Do not add a country's exports or IEA collective-action commitment to this production revision without an overlap reconciliation.
m8q7-us-mar-jul-summary,country_period_summary,United States,North America,non_gulf,2026-03-01/2026-07-31,153,cumulative_petroleum_and_other_liquid_fuels_production_revision,petroleum_and_other_liquid_fuels,,,,83.798471,83.798471,million_bbl,yes,March-July preliminary estimates,2026-08-11 (forecast completed 2026-08-06),medium_high,https://www.eia.gov/outlooks/steo/archives/feb26_base.xlsx|https://www.eia.gov/outlooks/steo/archives/aug26_base.xlsx,Sum of five monthly EIA vintage differences times calendar days.,Signed cumulative production revision versus the frozen February forecast.,This summary is the sum of the country-month rows and must not be added to them.
m8q7-ar-202603,country_month,Argentina,Central and South America,non_gulf,2026-03,31,petroleum_and_other_liquid_fuels_production_revision,petroleum_and_other_liquid_fuels,1.0202,1.0533,0.0331,1.026094,1.026094,mb/d; million_bbl after calendar-day conversion,yes,preliminary_estimate,2026-08-11 (forecast completed 2026-08-06),medium_high,https://www.eia.gov/outlooks/steo/archives/feb26_base.xlsx|https://www.eia.gov/outlooks/steo/archives/aug26_base.xlsx,EIA STEO Table 3b; August vintage minus frozen February vintage for the same country/month.,"Positive values are extra production relative to the frozen forecast; negative values are additional shortfalls. They are cushions/revisions, not a causal Hormuz attribution.",Do not add a country's exports or IEA collective-action commitment to this production revision without an overlap reconciliation.
m8q7-ar-202604,country_month,Argentina,Central and South America,non_gulf,2026-04,30,petroleum_and_other_liquid_fuels_production_revision,petroleum_and_other_liquid_fuels,1.044977,1.0676,0.022623,0.678696,1.70479,mb/d; million_bbl after calendar-day conversion,yes,preliminary_estimate,2026-08-11 (forecast completed 2026-08-06),medium_high,https://www.eia.gov/outlooks/steo/archives/feb26_base.xlsx|https://www.eia.gov/outlooks/steo/archives/aug26_base.xlsx,EIA STEO Table 3b; August vintage minus frozen February vintage for the same country/month.,"Positive values are extra production relative to the frozen forecast; negative values are additional shortfalls. They are cushions/revisions, not a causal Hormuz attribution.",Do not add a country's exports or IEA collective-action commitment to this production revision without an overlap reconciliation.
m8q7-ar-202605,country_month,Argentina,Central and South America,non_gulf,2026-05,31,petroleum_and_other_liquid_fuels_production_revision,petroleum_and_other_liquid_fuels,1.03057,1.076701,0.046132,1.430083,3.134874,mb/d; million_bbl after calendar-day conversion,yes,preliminary_estimate,2026-08-11 (forecast completed 2026-08-06),medium_high,https://www.eia.gov/outlooks/steo/archives/feb26_base.xlsx|https://www.eia.gov/outlooks/steo/archives/aug26_base.xlsx,EIA STEO Table 3b; August vintage minus frozen February vintage for the same country/month.,"Positive values are extra production relative to the frozen forecast; negative values are additional shortfalls. They are cushions/revisions, not a causal Hormuz attribution.",Do not add a country's exports or IEA collective-action commitment to this production revision without an overlap reconciliation.
m8q7-ar-202606,country_month,Argentina,Central and South America,non_gulf,2026-06,30,petroleum_and_other_liquid_fuels_production_revision,petroleum_and_other_liquid_fuels,1.056051,1.071792,0.015741,0.472229,3.607103,mb/d; million_bbl after calendar-day conversion,yes,preliminary_estimate,2026-08-11 (forecast completed 2026-08-06),medium_high,https://www.eia.gov/outlooks/steo/archives/feb26_base.xlsx|https://www.eia.gov/outlooks/steo/archives/aug26_base.xlsx,EIA STEO Table 3b; August vintage minus frozen February vintage for the same country/month.,"Positive values are extra production relative to the frozen forecast; negative values are additional shortfalls. They are cushions/revisions, not a causal Hormuz attribution.",Do not add a country's exports or IEA collective-action commitment to this production revision without an overlap reconciliation.
m8q7-ar-202607,country_month,Argentina,Central and South America,non_gulf,2026-07,31,petroleum_and_other_liquid_fuels_production_revision,petroleum_and_other_liquid_fuels,1.04089,1.059444,0.018554,0.575171,4.182274,mb/d; million_bbl after calendar-day conversion,yes,forecast,2026-08-11 (forecast completed 2026-08-06),medium_high,https://www.eia.gov/outlooks/steo/archives/feb26_base.xlsx|https://www.eia.gov/outlooks/steo/archives/aug26_base.xlsx,EIA STEO Table 3b; August vintage minus frozen February vintage for the same country/month.,"Positive values are extra production relative to the frozen forecast; negative values are additional shortfalls. They are cushions/revisions, not a causal Hormuz attribution.",Do not add a country's exports or IEA collective-action commitment to this production revision without an overlap reconciliation.
m8q7-ar-mar-jul-summary,country_period_summary,Argentina,Central and South America,non_gulf,2026-03-01/2026-07-31,153,cumulative_petroleum_and_other_liquid_fuels_production_revision,petroleum_and_other_liquid_fuels,,,,4.182274,4.182274,million_bbl,yes,March-July preliminary estimates,2026-08-11 (forecast completed 2026-08-06),medium_high,https://www.eia.gov/outlooks/steo/archives/feb26_base.xlsx|https://www.eia.gov/outlooks/steo/archives/aug26_base.xlsx,Sum of five monthly EIA vintage differences times calendar days.,Signed cumulative production revision versus the frozen February forecast.,This summary is the sum of the country-month rows and must not be added to them.
m8q7-br-202603,country_month,Brazil,Central and South America,non_gulf,2026-03,31,petroleum_and_other_liquid_fuels_production_revision,petroleum_and_other_liquid_fuels,4.515392,4.8556,0.340208,10.546454,10.546454,mb/d; million_bbl after calendar-day conversion,yes,preliminary_estimate,2026-08-11 (forecast completed 2026-08-06),medium_high,https://www.eia.gov/outlooks/steo/archives/feb26_base.xlsx|https://www.eia.gov/outlooks/steo/archives/aug26_base.xlsx,EIA STEO Table 3b; August vintage minus frozen February vintage for the same country/month.,"Positive values are extra production relative to the frozen forecast; negative values are additional shortfalls. They are cushions/revisions, not a causal Hormuz attribution.",Do not add a country's exports or IEA collective-action commitment to this production revision without an overlap reconciliation.
m8q7-br-202604,country_month,Brazil,Central and South America,non_gulf,2026-04,30,petroleum_and_other_liquid_fuels_production_revision,petroleum_and_other_liquid_fuels,4.842254,5.302,0.459746,13.792381,24.338835,mb/d; million_bbl after calendar-day conversion,yes,preliminary_estimate,2026-08-11 (forecast completed 2026-08-06),medium_high,https://www.eia.gov/outlooks/steo/archives/feb26_base.xlsx|https://www.eia.gov/outlooks/steo/archives/aug26_base.xlsx,EIA STEO Table 3b; August vintage minus frozen February vintage for the same country/month.,"Positive values are extra production relative to the frozen forecast; negative values are additional shortfalls. They are cushions/revisions, not a causal Hormuz attribution.",Do not add a country's exports or IEA collective-action commitment to this production revision without an overlap reconciliation.
m8q7-br-202605,country_month,Brazil,Central and South America,non_gulf,2026-05,31,petroleum_and_other_liquid_fuels_production_revision,petroleum_and_other_liquid_fuels,5.114081,5.536756,0.422675,13.102925,37.44176,mb/d; million_bbl after calendar-day conversion,yes,preliminary_estimate,2026-08-11 (forecast completed 2026-08-06),medium_high,https://www.eia.gov/outlooks/steo/archives/feb26_base.xlsx|https://www.eia.gov/outlooks/steo/archives/aug26_base.xlsx,EIA STEO Table 3b; August vintage minus frozen February vintage for the same country/month.,"Positive values are extra production relative to the frozen forecast; negative values are additional shortfalls. They are cushions/revisions, not a causal Hormuz attribution.",Do not add a country's exports or IEA collective-action commitment to this production revision without an overlap reconciliation.
m8q7-br-202606,country_month,Brazil,Central and South America,non_gulf,2026-06,30,petroleum_and_other_liquid_fuels_production_revision,petroleum_and_other_liquid_fuels,5.305929,5.418417,0.112488,3.374646,40.816407,mb/d; million_bbl after calendar-day conversion,yes,preliminary_estimate,2026-08-11 (forecast completed 2026-08-06),medium_high,https://www.eia.gov/outlooks/steo/archives/feb26_base.xlsx|https://www.eia.gov/outlooks/steo/archives/aug26_base.xlsx,EIA STEO Table 3b; August vintage minus frozen February vintage for the same country/month.,"Positive values are extra production relative to the frozen forecast; negative values are additional shortfalls. They are cushions/revisions, not a causal Hormuz attribution.",Do not add a country's exports or IEA collective-action commitment to this production revision without an overlap reconciliation.
m8q7-br-202607,country_month,Brazil,Central and South America,non_gulf,2026-07,31,petroleum_and_other_liquid_fuels_production_revision,petroleum_and_other_liquid_fuels,5.399392,5.519661,0.120269,3.728353,44.544759,mb/d; million_bbl after calendar-day conversion,yes,forecast,2026-08-11 (forecast completed 2026-08-06),medium_high,https://www.eia.gov/outlooks/steo/archives/feb26_base.xlsx|https://www.eia.gov/outlooks/steo/archives/aug26_base.xlsx,EIA STEO Table 3b; August vintage minus frozen February vintage for the same country/month.,"Positive values are extra production relative to the frozen forecast; negative values are additional shortfalls. They are cushions/revisions, not a causal Hormuz attribution.",Do not add a country's exports or IEA collective-action commitment to this production revision without an overlap reconciliation.
m8q7-br-mar-jul-summary,country_period_summary,Brazil,Central and South America,non_gulf,2026-03-01/2026-07-31,153,cumulative_petroleum_and_other_liquid_fuels_production_revision,petroleum_and_other_liquid_fuels,,,,44.544759,44.544759,million_bbl,yes,March-July preliminary estimates,2026-08-11 (forecast completed 2026-08-06),medium_high,https://www.eia.gov/outlooks/steo/archives/feb26_base.xlsx|https://www.eia.gov/outlooks/steo/archives/aug26_base.xlsx,Sum of five monthly EIA vintage differences times calendar days.,Signed cumulative production revision versus the frozen February forecast.,This summary is the sum of the country-month rows and must not be added to them.
m8q7-co-202603,country_month,Colombia,Central and South America,non_gulf,2026-03,31,petroleum_and_other_liquid_fuels_production_revision,petroleum_and_other_liquid_fuels,0.765176,0.7706,0.005424,0.168134,0.168134,mb/d; million_bbl after calendar-day conversion,yes,preliminary_estimate,2026-08-11 (forecast completed 2026-08-06),medium_high,https://www.eia.gov/outlooks/steo/archives/feb26_base.xlsx|https://www.eia.gov/outlooks/steo/archives/aug26_base.xlsx,EIA STEO Table 3b; August vintage minus frozen February vintage for the same country/month.,"Positive values are extra production relative to the frozen forecast; negative values are additional shortfalls. They are cushions/revisions, not a causal Hormuz attribution.",Do not add a country's exports or IEA collective-action commitment to this production revision without an overlap reconciliation.
m8q7-co-202604,country_month,Colombia,Central and South America,non_gulf,2026-04,30,petroleum_and_other_liquid_fuels_production_revision,petroleum_and_other_liquid_fuels,0.765735,0.755,-0.010735,-0.322059,-0.153925,mb/d; million_bbl after calendar-day conversion,yes,preliminary_estimate,2026-08-11 (forecast completed 2026-08-06),medium_high,https://www.eia.gov/outlooks/steo/archives/feb26_base.xlsx|https://www.eia.gov/outlooks/steo/archives/aug26_base.xlsx,EIA STEO Table 3b; August vintage minus frozen February vintage for the same country/month.,"Positive values are extra production relative to the frozen forecast; negative values are additional shortfalls. They are cushions/revisions, not a causal Hormuz attribution.",Do not add a country's exports or IEA collective-action commitment to this production revision without an overlap reconciliation.
m8q7-co-202605,country_month,Colombia,Central and South America,non_gulf,2026-05,31,petroleum_and_other_liquid_fuels_production_revision,petroleum_and_other_liquid_fuels,0.765009,0.758933,-0.006076,-0.188368,-0.342294,mb/d; million_bbl after calendar-day conversion,yes,preliminary_estimate,2026-08-11 (forecast completed 2026-08-06),medium_high,https://www.eia.gov/outlooks/steo/archives/feb26_base.xlsx|https://www.eia.gov/outlooks/steo/archives/aug26_base.xlsx,EIA STEO Table 3b; August vintage minus frozen February vintage for the same country/month.,"Positive values are extra production relative to the frozen forecast; negative values are additional shortfalls. They are cushions/revisions, not a causal Hormuz attribution.",Do not add a country's exports or IEA collective-action commitment to this production revision without an overlap reconciliation.
m8q7-co-202606,country_month,Colombia,Central and South America,non_gulf,2026-06,30,petroleum_and_other_liquid_fuels_production_revision,petroleum_and_other_liquid_fuels,0.7617,0.761345,-0.000356,-0.010668,-0.352962,mb/d; million_bbl after calendar-day conversion,yes,preliminary_estimate,2026-08-11 (forecast completed 2026-08-06),medium_high,https://www.eia.gov/outlooks/steo/archives/feb26_base.xlsx|https://www.eia.gov/outlooks/steo/archives/aug26_base.xlsx,EIA STEO Table 3b; August vintage minus frozen February vintage for the same country/month.,"Positive values are extra production relative to the frozen forecast; negative values are additional shortfalls. They are cushions/revisions, not a causal Hormuz attribution.",Do not add a country's exports or IEA collective-action commitment to this production revision without an overlap reconciliation.
m8q7-co-202607,country_month,Colombia,Central and South America,non_gulf,2026-07,31,petroleum_and_other_liquid_fuels_production_revision,petroleum_and_other_liquid_fuels,0.759569,0.759208,-0.000361,-0.011177,-0.364138,mb/d; million_bbl after calendar-day conversion,yes,forecast,2026-08-11 (forecast completed 2026-08-06),medium_high,https://www.eia.gov/outlooks/steo/archives/feb26_base.xlsx|https://www.eia.gov/outlooks/steo/archives/aug26_base.xlsx,EIA STEO Table 3b; August vintage minus frozen February vintage for the same country/month.,"Positive values are extra production relative to the frozen forecast; negative values are additional shortfalls. They are cushions/revisions, not a causal Hormuz attribution.",Do not add a country's exports or IEA collective-action commitment to this production revision without an overlap reconciliation.
m8q7-co-mar-jul-summary,country_period_summary,Colombia,Central and South America,non_gulf,2026-03-01/2026-07-31,153,cumulative_petroleum_and_other_liquid_fuels_production_revision,petroleum_and_other_liquid_fuels,,,,-0.364138,-0.364138,million_bbl,yes,March-July preliminary estimates,2026-08-11 (forecast completed 2026-08-06),medium_high,https://www.eia.gov/outlooks/steo/archives/feb26_base.xlsx|https://www.eia.gov/outlooks/steo/archives/aug26_base.xlsx,Sum of five monthly EIA vintage differences times calendar days.,Signed cumulative production revision versus the frozen February forecast.,This summary is the sum of the country-month rows and must not be added to them.
m8q7-gy-202603,country_month,Guyana,Central and South America,non_gulf,2026-03,31,petroleum_and_other_liquid_fuels_production_revision,petroleum_and_other_liquid_fuels,0.890777,0.91,0.019223,0.595922,0.595922,mb/d; million_bbl after calendar-day conversion,yes,preliminary_estimate,2026-08-11 (forecast completed 2026-08-06),medium_high,https://www.eia.gov/outlooks/steo/archives/feb26_base.xlsx|https://www.eia.gov/outlooks/steo/archives/aug26_base.xlsx,EIA STEO Table 3b; August vintage minus frozen February vintage for the same country/month.,"Positive values are extra production relative to the frozen forecast; negative values are additional shortfalls. They are cushions/revisions, not a causal Hormuz attribution.",Do not add a country's exports or IEA collective-action commitment to this production revision without an overlap reconciliation.
m8q7-gy-202604,country_month,Guyana,Central and South America,non_gulf,2026-04,30,petroleum_and_other_liquid_fuels_production_revision,petroleum_and_other_liquid_fuels,0.862719,0.91,0.047281,1.418427,2.014349,mb/d; million_bbl after calendar-day conversion,yes,preliminary_estimate,2026-08-11 (forecast completed 2026-08-06),medium_high,https://www.eia.gov/outlooks/steo/archives/feb26_base.xlsx|https://www.eia.gov/outlooks/steo/archives/aug26_base.xlsx,EIA STEO Table 3b; August vintage minus frozen February vintage for the same country/month.,"Positive values are extra production relative to the frozen forecast; negative values are additional shortfalls. They are cushions/revisions, not a causal Hormuz attribution.",Do not add a country's exports or IEA collective-action commitment to this production revision without an overlap reconciliation.
m8q7-gy-202605,country_month,Guyana,Central and South America,non_gulf,2026-05,31,petroleum_and_other_liquid_fuels_production_revision,petroleum_and_other_liquid_fuels,0.87977,0.91,0.03023,0.937116,2.951465,mb/d; million_bbl after calendar-day conversion,yes,preliminary_estimate,2026-08-11 (forecast completed 2026-08-06),medium_high,https://www.eia.gov/outlooks/steo/archives/feb26_base.xlsx|https://www.eia.gov/outlooks/steo/archives/aug26_base.xlsx,EIA STEO Table 3b; August vintage minus frozen February vintage for the same country/month.,"Positive values are extra production relative to the frozen forecast; negative values are additional shortfalls. They are cushions/revisions, not a causal Hormuz attribution.",Do not add a country's exports or IEA collective-action commitment to this production revision without an overlap reconciliation.
m8q7-gy-202606,country_month,Guyana,Central and South America,non_gulf,2026-06,30,petroleum_and_other_liquid_fuels_production_revision,petroleum_and_other_liquid_fuels,0.896031,0.91,0.013969,0.419074,3.37054,mb/d; million_bbl after calendar-day conversion,yes,preliminary_estimate,2026-08-11 (forecast completed 2026-08-06),medium_high,https://www.eia.gov/outlooks/steo/archives/feb26_base.xlsx|https://www.eia.gov/outlooks/steo/archives/aug26_base.xlsx,EIA STEO Table 3b; August vintage minus frozen February vintage for the same country/month.,"Positive values are extra production relative to the frozen forecast; negative values are additional shortfalls. They are cushions/revisions, not a causal Hormuz attribution.",Do not add a country's exports or IEA collective-action commitment to this production revision without an overlap reconciliation.
m8q7-gy-202607,country_month,Guyana,Central and South America,non_gulf,2026-07,31,petroleum_and_other_liquid_fuels_production_revision,petroleum_and_other_liquid_fuels,0.902515,0.91,0.007485,0.232024,3.602564,mb/d; million_bbl after calendar-day conversion,yes,forecast,2026-08-11 (forecast completed 2026-08-06),medium_high,https://www.eia.gov/outlooks/steo/archives/feb26_base.xlsx|https://www.eia.gov/outlooks/steo/archives/aug26_base.xlsx,EIA STEO Table 3b; August vintage minus frozen February vintage for the same country/month.,"Positive values are extra production relative to the frozen forecast; negative values are additional shortfalls. They are cushions/revisions, not a causal Hormuz attribution.",Do not add a country's exports or IEA collective-action commitment to this production revision without an overlap reconciliation.
m8q7-gy-mar-jul-summary,country_period_summary,Guyana,Central and South America,non_gulf,2026-03-01/2026-07-31,153,cumulative_petroleum_and_other_liquid_fuels_production_revision,petroleum_and_other_liquid_fuels,,,,3.602564,3.602564,million_bbl,yes,March-July preliminary estimates,2026-08-11 (forecast completed 2026-08-06),medium_high,https://www.eia.gov/outlooks/steo/archives/feb26_base.xlsx|https://www.eia.gov/outlooks/steo/archives/aug26_base.xlsx,Sum of five monthly EIA vintage differences times calendar days.,Signed cumulative production revision versus the frozen February forecast.,This summary is the sum of the country-month rows and must not be added to them.
m8q7-no-202603,country_month,Norway,Europe,non_gulf,2026-03,31,petroleum_and_other_liquid_fuels_production_revision,petroleum_and_other_liquid_fuels,2.105879,2.1475,0.041621,1.290258,1.290258,mb/d; million_bbl after calendar-day conversion,yes,preliminary_estimate,2026-08-11 (forecast completed 2026-08-06),medium_high,https://www.eia.gov/outlooks/steo/archives/feb26_base.xlsx|https://www.eia.gov/outlooks/steo/archives/aug26_base.xlsx,EIA STEO Table 3b; August vintage minus frozen February vintage for the same country/month.,"Positive values are extra production relative to the frozen forecast; negative values are additional shortfalls. They are cushions/revisions, not a causal Hormuz attribution.",Do not add a country's exports or IEA collective-action commitment to this production revision without an overlap reconciliation.
m8q7-no-202604,country_month,Norway,Europe,non_gulf,2026-04,30,petroleum_and_other_liquid_fuels_production_revision,petroleum_and_other_liquid_fuels,2.112831,2.1755,0.062669,1.88006,3.170318,mb/d; million_bbl after calendar-day conversion,yes,preliminary_estimate,2026-08-11 (forecast completed 2026-08-06),medium_high,https://www.eia.gov/outlooks/steo/archives/feb26_base.xlsx|https://www.eia.gov/outlooks/steo/archives/aug26_base.xlsx,EIA STEO Table 3b; August vintage minus frozen February vintage for the same country/month.,"Positive values are extra production relative to the frozen forecast; negative values are additional shortfalls. They are cushions/revisions, not a causal Hormuz attribution.",Do not add a country's exports or IEA collective-action commitment to this production revision without an overlap reconciliation.
m8q7-no-202605,country_month,Norway,Europe,non_gulf,2026-05,31,petroleum_and_other_liquid_fuels_production_revision,petroleum_and_other_liquid_fuels,2.080921,1.9058,-0.17512,-5.428735,-2.258417,mb/d; million_bbl after calendar-day conversion,yes,preliminary_estimate,2026-08-11 (forecast completed 2026-08-06),medium_high,https://www.eia.gov/outlooks/steo/archives/feb26_base.xlsx|https://www.eia.gov/outlooks/steo/archives/aug26_base.xlsx,EIA STEO Table 3b; August vintage minus frozen February vintage for the same country/month.,"Positive values are extra production relative to the frozen forecast; negative values are additional shortfalls. They are cushions/revisions, not a causal Hormuz attribution.",Do not add a country's exports or IEA collective-action commitment to this production revision without an overlap reconciliation.
m8q7-no-202606,country_month,Norway,Europe,non_gulf,2026-06,30,petroleum_and_other_liquid_fuels_production_revision,petroleum_and_other_liquid_fuels,2.071718,2.026883,-0.044835,-1.345052,-3.603469,mb/d; million_bbl after calendar-day conversion,yes,preliminary_estimate,2026-08-11 (forecast completed 2026-08-06),medium_high,https://www.eia.gov/outlooks/steo/archives/feb26_base.xlsx|https://www.eia.gov/outlooks/steo/archives/aug26_base.xlsx,EIA STEO Table 3b; August vintage minus frozen February vintage for the same country/month.,"Positive values are extra production relative to the frozen forecast; negative values are additional shortfalls. They are cushions/revisions, not a causal Hormuz attribution.",Do not add a country's exports or IEA collective-action commitment to this production revision without an overlap reconciliation.
m8q7-no-202607,country_month,Norway,Europe,non_gulf,2026-07,31,petroleum_and_other_liquid_fuels_production_revision,petroleum_and_other_liquid_fuels,2.115911,2.134156,0.018244,0.565578,-3.037891,mb/d; million_bbl after calendar-day conversion,yes,forecast,2026-08-11 (forecast completed 2026-08-06),medium_high,https://www.eia.gov/outlooks/steo/archives/feb26_base.xlsx|https://www.eia.gov/outlooks/steo/archives/aug26_base.xlsx,EIA STEO Table 3b; August vintage minus frozen February vintage for the same country/month.,"Positive values are extra production relative to the frozen forecast; negative values are additional shortfalls. They are cushions/revisions, not a causal Hormuz attribution.",Do not add a country's exports or IEA collective-action commitment to this production revision without an overlap reconciliation.
m8q7-no-mar-jul-summary,country_period_summary,Norway,Europe,non_gulf,2026-03-01/2026-07-31,153,cumulative_petroleum_and_other_liquid_fuels_production_revision,petroleum_and_other_liquid_fuels,,,,-3.037891,-3.037891,million_bbl,yes,March-July preliminary estimates,2026-08-11 (forecast completed 2026-08-06),medium_high,https://www.eia.gov/outlooks/steo/archives/feb26_base.xlsx|https://www.eia.gov/outlooks/steo/archives/aug26_base.xlsx,Sum of five monthly EIA vintage differences times calendar days.,Signed cumulative production revision versus the frozen February forecast.,This summary is the sum of the country-month rows and must not be added to them.
m8q7-uk-202603,country_month,United Kingdom,Europe,non_gulf,2026-03,31,petroleum_and_other_liquid_fuels_production_revision,petroleum_and_other_liquid_fuels,0.759648,0.7723,0.012652,0.392206,0.392206,mb/d; million_bbl after calendar-day conversion,yes,preliminary_estimate,2026-08-11 (forecast completed 2026-08-06),medium_high,https://www.eia.gov/outlooks/steo/archives/feb26_base.xlsx|https://www.eia.gov/outlooks/steo/archives/aug26_base.xlsx,EIA STEO Table 3b; August vintage minus frozen February vintage for the same country/month.,"Positive values are extra production relative to the frozen forecast; negative values are additional shortfalls. They are cushions/revisions, not a causal Hormuz attribution.",Do not add a country's exports or IEA collective-action commitment to this production revision without an overlap reconciliation.
m8q7-uk-202604,country_month,United Kingdom,Europe,non_gulf,2026-04,30,petroleum_and_other_liquid_fuels_production_revision,petroleum_and_other_liquid_fuels,0.751962,0.7891,0.037138,1.114128,1.506334,mb/d; million_bbl after calendar-day conversion,yes,preliminary_estimate,2026-08-11 (forecast completed 2026-08-06),medium_high,https://www.eia.gov/outlooks/steo/archives/feb26_base.xlsx|https://www.eia.gov/outlooks/steo/archives/aug26_base.xlsx,EIA STEO Table 3b; August vintage minus frozen February vintage for the same country/month.,"Positive values are extra production relative to the frozen forecast; negative values are additional shortfalls. They are cushions/revisions, not a causal Hormuz attribution.",Do not add a country's exports or IEA collective-action commitment to this production revision without an overlap reconciliation.
m8q7-uk-202605,country_month,United Kingdom,Europe,non_gulf,2026-05,31,petroleum_and_other_liquid_fuels_production_revision,petroleum_and_other_liquid_fuels,0.755356,0.618253,-0.137103,-4.250187,-2.743853,mb/d; million_bbl after calendar-day conversion,yes,preliminary_estimate,2026-08-11 (forecast completed 2026-08-06),medium_high,https://www.eia.gov/outlooks/steo/archives/feb26_base.xlsx|https://www.eia.gov/outlooks/steo/archives/aug26_base.xlsx,EIA STEO Table 3b; August vintage minus frozen February vintage for the same country/month.,"Positive values are extra production relative to the frozen forecast; negative values are additional shortfalls. They are cushions/revisions, not a causal Hormuz attribution.",Do not add a country's exports or IEA collective-action commitment to this production revision without an overlap reconciliation.
m8q7-uk-202606,country_month,United Kingdom,Europe,non_gulf,2026-06,30,petroleum_and_other_liquid_fuels_production_revision,petroleum_and_other_liquid_fuels,0.741473,0.642856,-0.098617,-2.958497,-5.70235,mb/d; million_bbl after calendar-day conversion,yes,preliminary_estimate,2026-08-11 (forecast completed 2026-08-06),medium_high,https://www.eia.gov/outlooks/steo/archives/feb26_base.xlsx|https://www.eia.gov/outlooks/steo/archives/aug26_base.xlsx,EIA STEO Table 3b; August vintage minus frozen February vintage for the same country/month.,"Positive values are extra production relative to the frozen forecast; negative values are additional shortfalls. They are cushions/revisions, not a causal Hormuz attribution.",Do not add a country's exports or IEA collective-action commitment to this production revision without an overlap reconciliation.
m8q7-uk-202607,country_month,United Kingdom,Europe,non_gulf,2026-07,31,petroleum_and_other_liquid_fuels_production_revision,petroleum_and_other_liquid_fuels,0.683398,0.681544,-0.001854,-0.057469,-5.759819,mb/d; million_bbl after calendar-day conversion,yes,forecast,2026-08-11 (forecast completed 2026-08-06),medium_high,https://www.eia.gov/outlooks/steo/archives/feb26_base.xlsx|https://www.eia.gov/outlooks/steo/archives/aug26_base.xlsx,EIA STEO Table 3b; August vintage minus frozen February vintage for the same country/month.,"Positive values are extra production relative to the frozen forecast; negative values are additional shortfalls. They are cushions/revisions, not a causal Hormuz attribution.",Do not add a country's exports or IEA collective-action commitment to this production revision without an overlap reconciliation.
m8q7-uk-mar-jul-summary,country_period_summary,United Kingdom,Europe,non_gulf,2026-03-01/2026-07-31,153,cumulative_petroleum_and_other_liquid_fuels_production_revision,petroleum_and_other_liquid_fuels,,,,-5.759819,-5.759819,million_bbl,yes,March-July preliminary estimates,2026-08-11 (forecast completed 2026-08-06),medium_high,https://www.eia.gov/outlooks/steo/archives/feb26_base.xlsx|https://www.eia.gov/outlooks/steo/archives/aug26_base.xlsx,Sum of five monthly EIA vintage differences times calendar days.,Signed cumulative production revision versus the frozen February forecast.,This summary is the sum of the country-month rows and must not be added to them.
m8q7-aj-202603,country_month,Azerbaijan,Eurasia,non_gulf,2026-03,31,petroleum_and_other_liquid_fuels_production_revision,petroleum_and_other_liquid_fuels,0.545664,0.5571,0.011436,0.354529,0.354529,mb/d; million_bbl after calendar-day conversion,yes,preliminary_estimate,2026-08-11 (forecast completed 2026-08-06),medium_high,https://www.eia.gov/outlooks/steo/archives/feb26_base.xlsx|https://www.eia.gov/outlooks/steo/archives/aug26_base.xlsx,EIA STEO Table 3b; August vintage minus frozen February vintage for the same country/month.,"Positive values are extra production relative to the frozen forecast; negative values are additional shortfalls. They are cushions/revisions, not a causal Hormuz attribution.",Do not add a country's exports or IEA collective-action commitment to this production revision without an overlap reconciliation.
m8q7-aj-202604,country_month,Azerbaijan,Eurasia,non_gulf,2026-04,30,petroleum_and_other_liquid_fuels_production_revision,petroleum_and_other_liquid_fuels,0.543165,0.5521,0.008935,0.268039,0.622568,mb/d; million_bbl after calendar-day conversion,yes,preliminary_estimate,2026-08-11 (forecast completed 2026-08-06),medium_high,https://www.eia.gov/outlooks/steo/archives/feb26_base.xlsx|https://www.eia.gov/outlooks/steo/archives/aug26_base.xlsx,EIA STEO Table 3b; August vintage minus frozen February vintage for the same country/month.,"Positive values are extra production relative to the frozen forecast; negative values are additional shortfalls. They are cushions/revisions, not a causal Hormuz attribution.",Do not add a country's exports or IEA collective-action commitment to this production revision without an overlap reconciliation.
m8q7-aj-202605,country_month,Azerbaijan,Eurasia,non_gulf,2026-05,31,petroleum_and_other_liquid_fuels_production_revision,petroleum_and_other_liquid_fuels,0.540743,0.550184,0.009441,0.292686,0.915254,mb/d; million_bbl after calendar-day conversion,yes,preliminary_estimate,2026-08-11 (forecast completed 2026-08-06),medium_high,https://www.eia.gov/outlooks/steo/archives/feb26_base.xlsx|https://www.eia.gov/outlooks/steo/archives/aug26_base.xlsx,EIA STEO Table 3b; August vintage minus frozen February vintage for the same country/month.,"Positive values are extra production relative to the frozen forecast; negative values are additional shortfalls. They are cushions/revisions, not a causal Hormuz attribution.",Do not add a country's exports or IEA collective-action commitment to this production revision without an overlap reconciliation.
m8q7-aj-202606,country_month,Azerbaijan,Eurasia,non_gulf,2026-06,30,petroleum_and_other_liquid_fuels_production_revision,petroleum_and_other_liquid_fuels,0.53832,0.54811,0.00979,0.2937,1.208954,mb/d; million_bbl after calendar-day conversion,yes,preliminary_estimate,2026-08-11 (forecast completed 2026-08-06),medium_high,https://www.eia.gov/outlooks/steo/archives/feb26_base.xlsx|https://www.eia.gov/outlooks/steo/archives/aug26_base.xlsx,EIA STEO Table 3b; August vintage minus frozen February vintage for the same country/month.,"Positive values are extra production relative to the frozen forecast; negative values are additional shortfalls. They are cushions/revisions, not a causal Hormuz attribution.",Do not add a country's exports or IEA collective-action commitment to this production revision without an overlap reconciliation.
m8q7-aj-202607,country_month,Azerbaijan,Eurasia,non_gulf,2026-07,31,petroleum_and_other_liquid_fuels_production_revision,petroleum_and_other_liquid_fuels,0.535857,0.54604,0.010183,0.315658,1.524612,mb/d; million_bbl after calendar-day conversion,yes,forecast,2026-08-11 (forecast completed 2026-08-06),medium_high,https://www.eia.gov/outlooks/steo/archives/feb26_base.xlsx|https://www.eia.gov/outlooks/steo/archives/aug26_base.xlsx,EIA STEO Table 3b; August vintage minus frozen February vintage for the same country/month.,"Positive values are extra production relative to the frozen forecast; negative values are additional shortfalls. They are cushions/revisions, not a causal Hormuz attribution.",Do not add a country's exports or IEA collective-action commitment to this production revision without an overlap reconciliation.
m8q7-aj-mar-jul-summary,country_period_summary,Azerbaijan,Eurasia,non_gulf,2026-03-01/2026-07-31,153,cumulative_petroleum_and_other_liquid_fuels_production_revision,petroleum_and_other_liquid_fuels,,,,1.524612,1.524612,million_bbl,yes,March-July preliminary estimates,2026-08-11 (forecast completed 2026-08-06),medium_high,https://www.eia.gov/outlooks/steo/archives/feb26_base.xlsx|https://www.eia.gov/outlooks/steo/archives/aug26_base.xlsx,Sum of five monthly EIA vintage differences times calendar days.,Signed cumulative production revision versus the frozen February forecast.,This summary is the sum of the country-month rows and must not be added to them.
m8q7-kz-202603,country_month,Kazakhstan,Eurasia,non_gulf,2026-03,31,petroleum_and_other_liquid_fuels_production_revision,petroleum_and_other_liquid_fuels,2.118336,1.9675,-0.150836,-4.675931,-4.675931,mb/d; million_bbl after calendar-day conversion,yes,preliminary_estimate,2026-08-11 (forecast completed 2026-08-06),medium_high,https://www.eia.gov/outlooks/steo/archives/feb26_base.xlsx|https://www.eia.gov/outlooks/steo/archives/aug26_base.xlsx,EIA STEO Table 3b; August vintage minus frozen February vintage for the same country/month.,"Positive values are extra production relative to the frozen forecast; negative values are additional shortfalls. They are cushions/revisions, not a causal Hormuz attribution.",Do not add a country's exports or IEA collective-action commitment to this production revision without an overlap reconciliation.
m8q7-kz-202604,country_month,Kazakhstan,Eurasia,non_gulf,2026-04,30,petroleum_and_other_liquid_fuels_production_revision,petroleum_and_other_liquid_fuels,2.201233,2.2618,0.060567,1.817,-2.858931,mb/d; million_bbl after calendar-day conversion,yes,preliminary_estimate,2026-08-11 (forecast completed 2026-08-06),medium_high,https://www.eia.gov/outlooks/steo/archives/feb26_base.xlsx|https://www.eia.gov/outlooks/steo/archives/aug26_base.xlsx,EIA STEO Table 3b; August vintage minus frozen February vintage for the same country/month.,"Positive values are extra production relative to the frozen forecast; negative values are additional shortfalls. They are cushions/revisions, not a causal Hormuz attribution.",Do not add a country's exports or IEA collective-action commitment to this production revision without an overlap reconciliation.
m8q7-kz-202605,country_month,Kazakhstan,Eurasia,non_gulf,2026-05,31,petroleum_and_other_liquid_fuels_production_revision,petroleum_and_other_liquid_fuels,2.138539,2.208622,0.070083,2.172583,-0.686349,mb/d; million_bbl after calendar-day conversion,yes,preliminary_estimate,2026-08-11 (forecast completed 2026-08-06),medium_high,https://www.eia.gov/outlooks/steo/archives/feb26_base.xlsx|https://www.eia.gov/outlooks/steo/archives/aug26_base.xlsx,EIA STEO Table 3b; August vintage minus frozen February vintage for the same country/month.,"Positive values are extra production relative to the frozen forecast; negative values are additional shortfalls. They are cushions/revisions, not a causal Hormuz attribution.",Do not add a country's exports or IEA collective-action commitment to this production revision without an overlap reconciliation.
m8q7-kz-202606,country_month,Kazakhstan,Eurasia,non_gulf,2026-06,30,petroleum_and_other_liquid_fuels_production_revision,petroleum_and_other_liquid_fuels,2.195518,2.250024,0.054506,1.635166,0.948817,mb/d; million_bbl after calendar-day conversion,yes,preliminary_estimate,2026-08-11 (forecast completed 2026-08-06),medium_high,https://www.eia.gov/outlooks/steo/archives/feb26_base.xlsx|https://www.eia.gov/outlooks/steo/archives/aug26_base.xlsx,EIA STEO Table 3b; August vintage minus frozen February vintage for the same country/month.,"Positive values are extra production relative to the frozen forecast; negative values are additional shortfalls. They are cushions/revisions, not a causal Hormuz attribution.",Do not add a country's exports or IEA collective-action commitment to this production revision without an overlap reconciliation.
m8q7-kz-202607,country_month,Kazakhstan,Eurasia,non_gulf,2026-07,31,petroleum_and_other_liquid_fuels_production_revision,petroleum_and_other_liquid_fuels,2.192335,2.034862,-0.157473,-4.881651,-3.932834,mb/d; million_bbl after calendar-day conversion,yes,forecast,2026-08-11 (forecast completed 2026-08-06),medium_high,https://www.eia.gov/outlooks/steo/archives/feb26_base.xlsx|https://www.eia.gov/outlooks/steo/archives/aug26_base.xlsx,EIA STEO Table 3b; August vintage minus frozen February vintage for the same country/month.,"Positive values are extra production relative to the frozen forecast; negative values are additional shortfalls. They are cushions/revisions, not a causal Hormuz attribution.",Do not add a country's exports or IEA collective-action commitment to this production revision without an overlap reconciliation.
m8q7-kz-mar-jul-summary,country_period_summary,Kazakhstan,Eurasia,non_gulf,2026-03-01/2026-07-31,153,cumulative_petroleum_and_other_liquid_fuels_production_revision,petroleum_and_other_liquid_fuels,,,,-3.932834,-3.932834,million_bbl,yes,March-July preliminary estimates,2026-08-11 (forecast completed 2026-08-06),medium_high,https://www.eia.gov/outlooks/steo/archives/feb26_base.xlsx|https://www.eia.gov/outlooks/steo/archives/aug26_base.xlsx,Sum of five monthly EIA vintage differences times calendar days.,Signed cumulative production revision versus the frozen February forecast.,This summary is the sum of the country-month rows and must not be added to them.
m8q7-rs-202603,country_month,Russia,Eurasia,non_gulf,2026-03,31,petroleum_and_other_liquid_fuels_production_revision,petroleum_and_other_liquid_fuels,10.692816,10.6283,-0.064516,-1.999997,-1.999997,mb/d; million_bbl after calendar-day conversion,yes,preliminary_estimate,2026-08-11 (forecast completed 2026-08-06),medium_high,https://www.eia.gov/outlooks/steo/archives/feb26_base.xlsx|https://www.eia.gov/outlooks/steo/archives/aug26_base.xlsx,EIA STEO Table 3b; August vintage minus frozen February vintage for the same country/month.,"Positive values are extra production relative to the frozen forecast; negative values are additional shortfalls. They are cushions/revisions, not a causal Hormuz attribution.",Do not add a country's exports or IEA collective-action commitment to this production revision without an overlap reconciliation.
m8q7-rs-202604,country_month,Russia,Eurasia,non_gulf,2026-04,30,petroleum_and_other_liquid_fuels_production_revision,petroleum_and_other_liquid_fuels,10.671161,10.4779,-0.193261,-5.797819,-7.797816,mb/d; million_bbl after calendar-day conversion,yes,preliminary_estimate,2026-08-11 (forecast completed 2026-08-06),medium_high,https://www.eia.gov/outlooks/steo/archives/feb26_base.xlsx|https://www.eia.gov/outlooks/steo/archives/aug26_base.xlsx,EIA STEO Table 3b; August vintage minus frozen February vintage for the same country/month.,"Positive values are extra production relative to the frozen forecast; negative values are additional shortfalls. They are cushions/revisions, not a causal Hormuz attribution.",Do not add a country's exports or IEA collective-action commitment to this production revision without an overlap reconciliation.
m8q7-rs-202605,country_month,Russia,Eurasia,non_gulf,2026-05,31,petroleum_and_other_liquid_fuels_production_revision,petroleum_and_other_liquid_fuels,10.639345,10.368207,-0.271138,-8.405277,-16.203094,mb/d; million_bbl after calendar-day conversion,yes,preliminary_estimate,2026-08-11 (forecast completed 2026-08-06),medium_high,https://www.eia.gov/outlooks/steo/archives/feb26_base.xlsx|https://www.eia.gov/outlooks/steo/archives/aug26_base.xlsx,EIA STEO Table 3b; August vintage minus frozen February vintage for the same country/month.,"Positive values are extra production relative to the frozen forecast; negative values are additional shortfalls. They are cushions/revisions, not a causal Hormuz attribution.",Do not add a country's exports or IEA collective-action commitment to this production revision without an overlap reconciliation.
m8q7-rs-202606,country_month,Russia,Eurasia,non_gulf,2026-06,30,petroleum_and_other_liquid_fuels_production_revision,petroleum_and_other_liquid_fuels,10.607889,10.233835,-0.374053,-11.221595,-27.424689,mb/d; million_bbl after calendar-day conversion,yes,preliminary_estimate,2026-08-11 (forecast completed 2026-08-06),medium_high,https://www.eia.gov/outlooks/steo/archives/feb26_base.xlsx|https://www.eia.gov/outlooks/steo/archives/aug26_base.xlsx,EIA STEO Table 3b; August vintage minus frozen February vintage for the same country/month.,"Positive values are extra production relative to the frozen forecast; negative values are additional shortfalls. They are cushions/revisions, not a causal Hormuz attribution.",Do not add a country's exports or IEA collective-action commitment to this production revision without an overlap reconciliation.
m8q7-rs-202607,country_month,Russia,Eurasia,non_gulf,2026-07,31,petroleum_and_other_liquid_fuels_production_revision,petroleum_and_other_liquid_fuels,10.540973,10.163901,-0.377072,-11.689227,-39.113916,mb/d; million_bbl after calendar-day conversion,yes,forecast,2026-08-11 (forecast completed 2026-08-06),medium_high,https://www.eia.gov/outlooks/steo/archives/feb26_base.xlsx|https://www.eia.gov/outlooks/steo/archives/aug26_base.xlsx,EIA STEO Table 3b; August vintage minus frozen February vintage for the same country/month.,"Positive values are extra production relative to the frozen forecast; negative values are additional shortfalls. They are cushions/revisions, not a causal Hormuz attribution.",Do not add a country's exports or IEA collective-action commitment to this production revision without an overlap reconciliation.
m8q7-rs-mar-jul-summary,country_period_summary,Russia,Eurasia,non_gulf,2026-03-01/2026-07-31,153,cumulative_petroleum_and_other_liquid_fuels_production_revision,petroleum_and_other_liquid_fuels,,,,-39.113916,-39.113916,million_bbl,yes,March-July preliminary estimates,2026-08-11 (forecast completed 2026-08-06),medium_high,https://www.eia.gov/outlooks/steo/archives/feb26_base.xlsx|https://www.eia.gov/outlooks/steo/archives/aug26_base.xlsx,Sum of five monthly EIA vintage differences times calendar days.,Signed cumulative production revision versus the frozen February forecast.,This summary is the sum of the country-month rows and must not be added to them.
m8q7-mu-202603,country_month,Oman,Middle East,regional_non_hormuz_route,2026-03,31,petroleum_and_other_liquid_fuels_production_revision,petroleum_and_other_liquid_fuels,1.044316,1.0618,0.017484,0.542012,0.542012,mb/d; million_bbl after calendar-day conversion,yes,preliminary_estimate,2026-08-11 (forecast completed 2026-08-06),medium_high,https://www.eia.gov/outlooks/steo/archives/feb26_base.xlsx|https://www.eia.gov/outlooks/steo/archives/aug26_base.xlsx,EIA STEO Table 3b; August vintage minus frozen February vintage for the same country/month.,"Positive values are extra production relative to the frozen forecast; negative values are additional shortfalls. They are cushions/revisions, not a causal Hormuz attribution.",Do not add a country's exports or IEA collective-action commitment to this production revision without an overlap reconciliation.
m8q7-mu-202604,country_month,Oman,Middle East,regional_non_hormuz_route,2026-04,30,petroleum_and_other_liquid_fuels_production_revision,petroleum_and_other_liquid_fuels,1.049271,1.0799,0.030629,0.918862,1.460874,mb/d; million_bbl after calendar-day conversion,yes,preliminary_estimate,2026-08-11 (forecast completed 2026-08-06),medium_high,https://www.eia.gov/outlooks/steo/archives/feb26_base.xlsx|https://www.eia.gov/outlooks/steo/archives/aug26_base.xlsx,EIA STEO Table 3b; August vintage minus frozen February vintage for the same country/month.,"Positive values are extra production relative to the frozen forecast; negative values are additional shortfalls. They are cushions/revisions, not a causal Hormuz attribution.",Do not add a country's exports or IEA collective-action commitment to this production revision without an overlap reconciliation.
m8q7-mu-202605,country_month,Oman,Middle East,regional_non_hormuz_route,2026-05,31,petroleum_and_other_liquid_fuels_production_revision,petroleum_and_other_liquid_fuels,1.049259,1.045001,-0.004258,-0.131985,1.32889,mb/d; million_bbl after calendar-day conversion,yes,preliminary_estimate,2026-08-11 (forecast completed 2026-08-06),medium_high,https://www.eia.gov/outlooks/steo/archives/feb26_base.xlsx|https://www.eia.gov/outlooks/steo/archives/aug26_base.xlsx,EIA STEO Table 3b; August vintage minus frozen February vintage for the same country/month.,"Positive values are extra production relative to the frozen forecast; negative values are additional shortfalls. They are cushions/revisions, not a causal Hormuz attribution.",Do not add a country's exports or IEA collective-action commitment to this production revision without an overlap reconciliation.
m8q7-mu-202606,country_month,Oman,Middle East,regional_non_hormuz_route,2026-06,30,petroleum_and_other_liquid_fuels_production_revision,petroleum_and_other_liquid_fuels,1.049247,1.079041,0.029794,0.893815,2.222705,mb/d; million_bbl after calendar-day conversion,yes,preliminary_estimate,2026-08-11 (forecast completed 2026-08-06),medium_high,https://www.eia.gov/outlooks/steo/archives/feb26_base.xlsx|https://www.eia.gov/outlooks/steo/archives/aug26_base.xlsx,EIA STEO Table 3b; August vintage minus frozen February vintage for the same country/month.,"Positive values are extra production relative to the frozen forecast; negative values are additional shortfalls. They are cushions/revisions, not a causal Hormuz attribution.",Do not add a country's exports or IEA collective-action commitment to this production revision without an overlap reconciliation.
m8q7-mu-202607,country_month,Oman,Middle East,regional_non_hormuz_route,2026-07,31,petroleum_and_other_liquid_fuels_production_revision,petroleum_and_other_liquid_fuels,1.049226,1.06213,0.012903,0.400003,2.622708,mb/d; million_bbl after calendar-day conversion,yes,forecast,2026-08-11 (forecast completed 2026-08-06),medium_high,https://www.eia.gov/outlooks/steo/archives/feb26_base.xlsx|https://www.eia.gov/outlooks/steo/archives/aug26_base.xlsx,EIA STEO Table 3b; August vintage minus frozen February vintage for the same country/month.,"Positive values are extra production relative to the frozen forecast; negative values are additional shortfalls. They are cushions/revisions, not a causal Hormuz attribution.",Do not add a country's exports or IEA collective-action commitment to this production revision without an overlap reconciliation.
m8q7-mu-mar-jul-summary,country_period_summary,Oman,Middle East,regional_non_hormuz_route,2026-03-01/2026-07-31,153,cumulative_petroleum_and_other_liquid_fuels_production_revision,petroleum_and_other_liquid_fuels,,,,2.622708,2.622708,million_bbl,yes,March-July preliminary estimates,2026-08-11 (forecast completed 2026-08-06),medium_high,https://www.eia.gov/outlooks/steo/archives/feb26_base.xlsx|https://www.eia.gov/outlooks/steo/archives/aug26_base.xlsx,Sum of five monthly EIA vintage differences times calendar days.,Signed cumulative production revision versus the frozen February forecast.,This summary is the sum of the country-month rows and must not be added to them.
m8q7-ao-202603,country_month,Angola,Africa,non_gulf,2026-03,31,petroleum_and_other_liquid_fuels_production_revision,petroleum_and_other_liquid_fuels,1.07011,1.1002,0.03009,0.93278,0.93278,mb/d; million_bbl after calendar-day conversion,yes,preliminary_estimate,2026-08-11 (forecast completed 2026-08-06),medium_high,https://www.eia.gov/outlooks/steo/archives/feb26_base.xlsx|https://www.eia.gov/outlooks/steo/archives/aug26_base.xlsx,EIA STEO Table 3b; August vintage minus frozen February vintage for the same country/month.,"Positive values are extra production relative to the frozen forecast; negative values are additional shortfalls. They are cushions/revisions, not a causal Hormuz attribution.",Do not add a country's exports or IEA collective-action commitment to this production revision without an overlap reconciliation.
m8q7-ao-202604,country_month,Angola,Africa,non_gulf,2026-04,30,petroleum_and_other_liquid_fuels_production_revision,petroleum_and_other_liquid_fuels,1.070103,1.0602,-0.009903,-0.297101,0.635679,mb/d; million_bbl after calendar-day conversion,yes,preliminary_estimate,2026-08-11 (forecast completed 2026-08-06),medium_high,https://www.eia.gov/outlooks/steo/archives/feb26_base.xlsx|https://www.eia.gov/outlooks/steo/archives/aug26_base.xlsx,EIA STEO Table 3b; August vintage minus frozen February vintage for the same country/month.,"Positive values are extra production relative to the frozen forecast; negative values are additional shortfalls. They are cushions/revisions, not a causal Hormuz attribution.",Do not add a country's exports or IEA collective-action commitment to this production revision without an overlap reconciliation.
m8q7-ao-202605,country_month,Angola,Africa,non_gulf,2026-05,31,petroleum_and_other_liquid_fuels_production_revision,petroleum_and_other_liquid_fuels,1.070102,1.0302,-0.039902,-1.236959,-0.60128,mb/d; million_bbl after calendar-day conversion,yes,preliminary_estimate,2026-08-11 (forecast completed 2026-08-06),medium_high,https://www.eia.gov/outlooks/steo/archives/feb26_base.xlsx|https://www.eia.gov/outlooks/steo/archives/aug26_base.xlsx,EIA STEO Table 3b; August vintage minus frozen February vintage for the same country/month.,"Positive values are extra production relative to the frozen forecast; negative values are additional shortfalls. They are cushions/revisions, not a causal Hormuz attribution.",Do not add a country's exports or IEA collective-action commitment to this production revision without an overlap reconciliation.
m8q7-ao-202606,country_month,Angola,Africa,non_gulf,2026-06,30,petroleum_and_other_liquid_fuels_production_revision,petroleum_and_other_liquid_fuels,1.070088,1.080185,0.010096,0.302893,-0.298387,mb/d; million_bbl after calendar-day conversion,yes,preliminary_estimate,2026-08-11 (forecast completed 2026-08-06),medium_high,https://www.eia.gov/outlooks/steo/archives/feb26_base.xlsx|https://www.eia.gov/outlooks/steo/archives/aug26_base.xlsx,EIA STEO Table 3b; August vintage minus frozen February vintage for the same country/month.,"Positive values are extra production relative to the frozen forecast; negative values are additional shortfalls. They are cushions/revisions, not a causal Hormuz attribution.",Do not add a country's exports or IEA collective-action commitment to this production revision without an overlap reconciliation.
m8q7-ao-202607,country_month,Angola,Africa,non_gulf,2026-07,31,petroleum_and_other_liquid_fuels_production_revision,petroleum_and_other_liquid_fuels,1.09609,1.046187,-0.049903,-1.546996,-1.845383,mb/d; million_bbl after calendar-day conversion,yes,forecast,2026-08-11 (forecast completed 2026-08-06),medium_high,https://www.eia.gov/outlooks/steo/archives/feb26_base.xlsx|https://www.eia.gov/outlooks/steo/archives/aug26_base.xlsx,EIA STEO Table 3b; August vintage minus frozen February vintage for the same country/month.,"Positive values are extra production relative to the frozen forecast; negative values are additional shortfalls. They are cushions/revisions, not a causal Hormuz attribution.",Do not add a country's exports or IEA collective-action commitment to this production revision without an overlap reconciliation.
m8q7-ao-mar-jul-summary,country_period_summary,Angola,Africa,non_gulf,2026-03-01/2026-07-31,153,cumulative_petroleum_and_other_liquid_fuels_production_revision,petroleum_and_other_liquid_fuels,,,,-1.845383,-1.845383,million_bbl,yes,March-July preliminary estimates,2026-08-11 (forecast completed 2026-08-06),medium_high,https://www.eia.gov/outlooks/steo/archives/feb26_base.xlsx|https://www.eia.gov/outlooks/steo/archives/aug26_base.xlsx,Sum of five monthly EIA vintage differences times calendar days.,Signed cumulative production revision versus the frozen February forecast.,This summary is the sum of the country-month rows and must not be added to them.
m8q7-eg-202603,country_month,Egypt,Africa,non_gulf,2026-03,31,petroleum_and_other_liquid_fuels_production_revision,petroleum_and_other_liquid_fuels,0.599391,0.5994,0.000009,0.000267,0.000267,mb/d; million_bbl after calendar-day conversion,yes,preliminary_estimate,2026-08-11 (forecast completed 2026-08-06),medium_high,https://www.eia.gov/outlooks/steo/archives/feb26_base.xlsx|https://www.eia.gov/outlooks/steo/archives/aug26_base.xlsx,EIA STEO Table 3b; August vintage minus frozen February vintage for the same country/month.,"Positive values are extra production relative to the frozen forecast; negative values are additional shortfalls. They are cushions/revisions, not a causal Hormuz attribution.",Do not add a country's exports or IEA collective-action commitment to this production revision without an overlap reconciliation.
m8q7-eg-202604,country_month,Egypt,Africa,non_gulf,2026-04,30,petroleum_and_other_liquid_fuels_production_revision,petroleum_and_other_liquid_fuels,0.599384,0.5994,0.000016,0.000472,0.000739,mb/d; million_bbl after calendar-day conversion,yes,preliminary_estimate,2026-08-11 (forecast completed 2026-08-06),medium_high,https://www.eia.gov/outlooks/steo/archives/feb26_base.xlsx|https://www.eia.gov/outlooks/steo/archives/aug26_base.xlsx,EIA STEO Table 3b; August vintage minus frozen February vintage for the same country/month.,"Positive values are extra production relative to the frozen forecast; negative values are additional shortfalls. They are cushions/revisions, not a causal Hormuz attribution.",Do not add a country's exports or IEA collective-action commitment to this production revision without an overlap reconciliation.
m8q7-eg-202605,country_month,Egypt,Africa,non_gulf,2026-05,31,petroleum_and_other_liquid_fuels_production_revision,petroleum_and_other_liquid_fuels,0.599382,0.599442,0.000059,0.001844,0.002583,mb/d; million_bbl after calendar-day conversion,yes,preliminary_estimate,2026-08-11 (forecast completed 2026-08-06),medium_high,https://www.eia.gov/outlooks/steo/archives/feb26_base.xlsx|https://www.eia.gov/outlooks/steo/archives/aug26_base.xlsx,EIA STEO Table 3b; August vintage minus frozen February vintage for the same country/month.,"Positive values are extra production relative to the frozen forecast; negative values are additional shortfalls. They are cushions/revisions, not a causal Hormuz attribution.",Do not add a country's exports or IEA collective-action commitment to this production revision without an overlap reconciliation.
m8q7-eg-202606,country_month,Egypt,Africa,non_gulf,2026-06,30,petroleum_and_other_liquid_fuels_production_revision,petroleum_and_other_liquid_fuels,0.599369,0.599426,0.000057,0.001709,0.004292,mb/d; million_bbl after calendar-day conversion,yes,preliminary_estimate,2026-08-11 (forecast completed 2026-08-06),medium_high,https://www.eia.gov/outlooks/steo/archives/feb26_base.xlsx|https://www.eia.gov/outlooks/steo/archives/aug26_base.xlsx,EIA STEO Table 3b; August vintage minus frozen February vintage for the same country/month.,"Positive values are extra production relative to the frozen forecast; negative values are additional shortfalls. They are cushions/revisions, not a causal Hormuz attribution.",Do not add a country's exports or IEA collective-action commitment to this production revision without an overlap reconciliation.
m8q7-eg-202607,country_month,Egypt,Africa,non_gulf,2026-07,31,petroleum_and_other_liquid_fuels_production_revision,petroleum_and_other_liquid_fuels,0.59937,0.599428,0.000058,0.001784,0.006076,mb/d; million_bbl after calendar-day conversion,yes,forecast,2026-08-11 (forecast completed 2026-08-06),medium_high,https://www.eia.gov/outlooks/steo/archives/feb26_base.xlsx|https://www.eia.gov/outlooks/steo/archives/aug26_base.xlsx,EIA STEO Table 3b; August vintage minus frozen February vintage for the same country/month.,"Positive values are extra production relative to the frozen forecast; negative values are additional shortfalls. They are cushions/revisions, not a causal Hormuz attribution.",Do not add a country's exports or IEA collective-action commitment to this production revision without an overlap reconciliation.
m8q7-eg-mar-jul-summary,country_period_summary,Egypt,Africa,non_gulf,2026-03-01/2026-07-31,153,cumulative_petroleum_and_other_liquid_fuels_production_revision,petroleum_and_other_liquid_fuels,,,,0.006076,0.006076,million_bbl,yes,March-July preliminary estimates,2026-08-11 (forecast completed 2026-08-06),medium_high,https://www.eia.gov/outlooks/steo/archives/feb26_base.xlsx|https://www.eia.gov/outlooks/steo/archives/aug26_base.xlsx,Sum of five monthly EIA vintage differences times calendar days.,Signed cumulative production revision versus the frozen February forecast.,This summary is the sum of the country-month rows and must not be added to them.
m8q7-ch-202603,country_month,China,Asia and Oceania,non_gulf,2026-03,31,petroleum_and_other_liquid_fuels_production_revision,petroleum_and_other_liquid_fuels,5.459661,5.6216,0.161939,5.020098,5.020098,mb/d; million_bbl after calendar-day conversion,yes,preliminary_estimate,2026-08-11 (forecast completed 2026-08-06),medium_high,https://www.eia.gov/outlooks/steo/archives/feb26_base.xlsx|https://www.eia.gov/outlooks/steo/archives/aug26_base.xlsx,EIA STEO Table 3b; August vintage minus frozen February vintage for the same country/month.,"Positive values are extra production relative to the frozen forecast; negative values are additional shortfalls. They are cushions/revisions, not a causal Hormuz attribution.",Do not add a country's exports or IEA collective-action commitment to this production revision without an overlap reconciliation.
m8q7-ch-202604,country_month,China,Asia and Oceania,non_gulf,2026-04,30,petroleum_and_other_liquid_fuels_production_revision,petroleum_and_other_liquid_fuels,5.470455,5.4961,0.025645,0.769353,5.789451,mb/d; million_bbl after calendar-day conversion,yes,preliminary_estimate,2026-08-11 (forecast completed 2026-08-06),medium_high,https://www.eia.gov/outlooks/steo/archives/feb26_base.xlsx|https://www.eia.gov/outlooks/steo/archives/aug26_base.xlsx,EIA STEO Table 3b; August vintage minus frozen February vintage for the same country/month.,"Positive values are extra production relative to the frozen forecast; negative values are additional shortfalls. They are cushions/revisions, not a causal Hormuz attribution.",Do not add a country's exports or IEA collective-action commitment to this production revision without an overlap reconciliation.
m8q7-ch-202605,country_month,China,Asia and Oceania,non_gulf,2026-05,31,petroleum_and_other_liquid_fuels_production_revision,petroleum_and_other_liquid_fuels,5.493368,5.515342,0.021974,0.681201,6.470652,mb/d; million_bbl after calendar-day conversion,yes,preliminary_estimate,2026-08-11 (forecast completed 2026-08-06),medium_high,https://www.eia.gov/outlooks/steo/archives/feb26_base.xlsx|https://www.eia.gov/outlooks/steo/archives/aug26_base.xlsx,EIA STEO Table 3b; August vintage minus frozen February vintage for the same country/month.,"Positive values are extra production relative to the frozen forecast; negative values are additional shortfalls. They are cushions/revisions, not a causal Hormuz attribution.",Do not add a country's exports or IEA collective-action commitment to this production revision without an overlap reconciliation.
m8q7-ch-202606,country_month,China,Asia and Oceania,non_gulf,2026-06,30,petroleum_and_other_liquid_fuels_production_revision,petroleum_and_other_liquid_fuels,5.529046,5.552149,0.023103,0.693085,7.163737,mb/d; million_bbl after calendar-day conversion,yes,preliminary_estimate,2026-08-11 (forecast completed 2026-08-06),medium_high,https://www.eia.gov/outlooks/steo/archives/feb26_base.xlsx|https://www.eia.gov/outlooks/steo/archives/aug26_base.xlsx,EIA STEO Table 3b; August vintage minus frozen February vintage for the same country/month.,"Positive values are extra production relative to the frozen forecast; negative values are additional shortfalls. They are cushions/revisions, not a causal Hormuz attribution.",Do not add a country's exports or IEA collective-action commitment to this production revision without an overlap reconciliation.
m8q7-ch-202607,country_month,China,Asia and Oceania,non_gulf,2026-07,31,petroleum_and_other_liquid_fuels_production_revision,petroleum_and_other_liquid_fuels,5.458105,5.48045,0.022345,0.69268,7.856417,mb/d; million_bbl after calendar-day conversion,yes,forecast,2026-08-11 (forecast completed 2026-08-06),medium_high,https://www.eia.gov/outlooks/steo/archives/feb26_base.xlsx|https://www.eia.gov/outlooks/steo/archives/aug26_base.xlsx,EIA STEO Table 3b; August vintage minus frozen February vintage for the same country/month.,"Positive values are extra production relative to the frozen forecast; negative values are additional shortfalls. They are cushions/revisions, not a causal Hormuz attribution.",Do not add a country's exports or IEA collective-action commitment to this production revision without an overlap reconciliation.
m8q7-ch-mar-jul-summary,country_period_summary,China,Asia and Oceania,non_gulf,2026-03-01/2026-07-31,153,cumulative_petroleum_and_other_liquid_fuels_production_revision,petroleum_and_other_liquid_fuels,,,,7.856417,7.856417,million_bbl,yes,March-July preliminary estimates,2026-08-11 (forecast completed 2026-08-06),medium_high,https://www.eia.gov/outlooks/steo/archives/feb26_base.xlsx|https://www.eia.gov/outlooks/steo/archives/aug26_base.xlsx,Sum of five monthly EIA vintage differences times calendar days.,Signed cumulative production revision versus the frozen February forecast.,This summary is the sum of the country-month rows and must not be added to them.
m8q7-in-202603,country_month,India,Asia and Oceania,non_gulf,2026-03,31,petroleum_and_other_liquid_fuels_production_revision,petroleum_and_other_liquid_fuels,1.0486,0.9689,-0.0797,-2.470705,-2.470705,mb/d; million_bbl after calendar-day conversion,yes,preliminary_estimate,2026-08-11 (forecast completed 2026-08-06),medium_high,https://www.eia.gov/outlooks/steo/archives/feb26_base.xlsx|https://www.eia.gov/outlooks/steo/archives/aug26_base.xlsx,EIA STEO Table 3b; August vintage minus frozen February vintage for the same country/month.,"Positive values are extra production relative to the frozen forecast; negative values are additional shortfalls. They are cushions/revisions, not a causal Hormuz attribution.",Do not add a country's exports or IEA collective-action commitment to this production revision without an overlap reconciliation.
m8q7-in-202604,country_month,India,Asia and Oceania,non_gulf,2026-04,30,petroleum_and_other_liquid_fuels_production_revision,petroleum_and_other_liquid_fuels,1.050235,0.9796,-0.070635,-2.11904,-4.589744,mb/d; million_bbl after calendar-day conversion,yes,preliminary_estimate,2026-08-11 (forecast completed 2026-08-06),medium_high,https://www.eia.gov/outlooks/steo/archives/feb26_base.xlsx|https://www.eia.gov/outlooks/steo/archives/aug26_base.xlsx,EIA STEO Table 3b; August vintage minus frozen February vintage for the same country/month.,"Positive values are extra production relative to the frozen forecast; negative values are additional shortfalls. They are cushions/revisions, not a causal Hormuz attribution.",Do not add a country's exports or IEA collective-action commitment to this production revision without an overlap reconciliation.
m8q7-in-202605,country_month,India,Asia and Oceania,non_gulf,2026-05,31,petroleum_and_other_liquid_fuels_production_revision,petroleum_and_other_liquid_fuels,1.05235,0.994939,-0.057411,-1.779735,-6.36948,mb/d; million_bbl after calendar-day conversion,yes,preliminary_estimate,2026-08-11 (forecast completed 2026-08-06),medium_high,https://www.eia.gov/outlooks/steo/archives/feb26_base.xlsx|https://www.eia.gov/outlooks/steo/archives/aug26_base.xlsx,EIA STEO Table 3b; August vintage minus frozen February vintage for the same country/month.,"Positive values are extra production relative to the frozen forecast; negative values are additional shortfalls. They are cushions/revisions, not a causal Hormuz attribution.",Do not add a country's exports or IEA collective-action commitment to this production revision without an overlap reconciliation.
m8q7-in-202606,country_month,India,Asia and Oceania,non_gulf,2026-06,30,petroleum_and_other_liquid_fuels_production_revision,petroleum_and_other_liquid_fuels,1.055693,1.010423,-0.04527,-1.358089,-7.727568,mb/d; million_bbl after calendar-day conversion,yes,preliminary_estimate,2026-08-11 (forecast completed 2026-08-06),medium_high,https://www.eia.gov/outlooks/steo/archives/feb26_base.xlsx|https://www.eia.gov/outlooks/steo/archives/aug26_base.xlsx,EIA STEO Table 3b; August vintage minus frozen February vintage for the same country/month.,"Positive values are extra production relative to the frozen forecast; negative values are additional shortfalls. They are cushions/revisions, not a causal Hormuz attribution.",Do not add a country's exports or IEA collective-action commitment to this production revision without an overlap reconciliation.
m8q7-in-202607,country_month,India,Asia and Oceania,non_gulf,2026-07,31,petroleum_and_other_liquid_fuels_production_revision,petroleum_and_other_liquid_fuels,1.056297,0.991431,-0.064866,-2.010861,-9.738429,mb/d; million_bbl after calendar-day conversion,yes,forecast,2026-08-11 (forecast completed 2026-08-06),medium_high,https://www.eia.gov/outlooks/steo/archives/feb26_base.xlsx|https://www.eia.gov/outlooks/steo/archives/aug26_base.xlsx,EIA STEO Table 3b; August vintage minus frozen February vintage for the same country/month.,"Positive values are extra production relative to the frozen forecast; negative values are additional shortfalls. They are cushions/revisions, not a causal Hormuz attribution.",Do not add a country's exports or IEA collective-action commitment to this production revision without an overlap reconciliation.
m8q7-in-mar-jul-summary,country_period_summary,India,Asia and Oceania,non_gulf,2026-03-01/2026-07-31,153,cumulative_petroleum_and_other_liquid_fuels_production_revision,petroleum_and_other_liquid_fuels,,,,-9.738429,-9.738429,million_bbl,yes,March-July preliminary estimates,2026-08-11 (forecast completed 2026-08-06),medium_high,https://www.eia.gov/outlooks/steo/archives/feb26_base.xlsx|https://www.eia.gov/outlooks/steo/archives/aug26_base.xlsx,Sum of five monthly EIA vintage differences times calendar days.,Signed cumulative production revision versus the frozen February forecast.,This summary is the sum of the country-month rows and must not be added to them.
m8q7-id-202603,country_month,Indonesia,Asia and Oceania,non_gulf,2026-03,31,petroleum_and_other_liquid_fuels_production_revision,petroleum_and_other_liquid_fuels,0.85644,0.8406,-0.01584,-0.491031,-0.491031,mb/d; million_bbl after calendar-day conversion,yes,preliminary_estimate,2026-08-11 (forecast completed 2026-08-06),medium_high,https://www.eia.gov/outlooks/steo/archives/feb26_base.xlsx|https://www.eia.gov/outlooks/steo/archives/aug26_base.xlsx,EIA STEO Table 3b; August vintage minus frozen February vintage for the same country/month.,"Positive values are extra production relative to the frozen forecast; negative values are additional shortfalls. They are cushions/revisions, not a causal Hormuz attribution.",Do not add a country's exports or IEA collective-action commitment to this production revision without an overlap reconciliation.
m8q7-id-202604,country_month,Indonesia,Asia and Oceania,non_gulf,2026-04,30,petroleum_and_other_liquid_fuels_production_revision,petroleum_and_other_liquid_fuels,0.855414,0.8463,-0.009114,-0.273417,-0.764449,mb/d; million_bbl after calendar-day conversion,yes,preliminary_estimate,2026-08-11 (forecast completed 2026-08-06),medium_high,https://www.eia.gov/outlooks/steo/archives/feb26_base.xlsx|https://www.eia.gov/outlooks/steo/archives/aug26_base.xlsx,EIA STEO Table 3b; August vintage minus frozen February vintage for the same country/month.,"Positive values are extra production relative to the frozen forecast; negative values are additional shortfalls. They are cushions/revisions, not a causal Hormuz attribution.",Do not add a country's exports or IEA collective-action commitment to this production revision without an overlap reconciliation.
m8q7-id-202605,country_month,Indonesia,Asia and Oceania,non_gulf,2026-05,31,petroleum_and_other_liquid_fuels_production_revision,petroleum_and_other_liquid_fuels,0.854295,0.816332,-0.037963,-1.176866,-1.941315,mb/d; million_bbl after calendar-day conversion,yes,preliminary_estimate,2026-08-11 (forecast completed 2026-08-06),medium_high,https://www.eia.gov/outlooks/steo/archives/feb26_base.xlsx|https://www.eia.gov/outlooks/steo/archives/aug26_base.xlsx,EIA STEO Table 3b; August vintage minus frozen February vintage for the same country/month.,"Positive values are extra production relative to the frozen forecast; negative values are additional shortfalls. They are cushions/revisions, not a causal Hormuz attribution.",Do not add a country's exports or IEA collective-action commitment to this production revision without an overlap reconciliation.
m8q7-id-202606,country_month,Indonesia,Asia and Oceania,non_gulf,2026-06,30,petroleum_and_other_liquid_fuels_production_revision,petroleum_and_other_liquid_fuels,0.853385,0.838155,-0.01523,-0.4569,-2.398215,mb/d; million_bbl after calendar-day conversion,yes,preliminary_estimate,2026-08-11 (forecast completed 2026-08-06),medium_high,https://www.eia.gov/outlooks/steo/archives/feb26_base.xlsx|https://www.eia.gov/outlooks/steo/archives/aug26_base.xlsx,EIA STEO Table 3b; August vintage minus frozen February vintage for the same country/month.,"Positive values are extra production relative to the frozen forecast; negative values are additional shortfalls. They are cushions/revisions, not a causal Hormuz attribution.",Do not add a country's exports or IEA collective-action commitment to this production revision without an overlap reconciliation.
m8q7-id-202607,country_month,Indonesia,Asia and Oceania,non_gulf,2026-07,31,petroleum_and_other_liquid_fuels_production_revision,petroleum_and_other_liquid_fuels,0.852209,0.836968,-0.015241,-0.472462,-2.870677,mb/d; million_bbl after calendar-day conversion,yes,forecast,2026-08-11 (forecast completed 2026-08-06),medium_high,https://www.eia.gov/outlooks/steo/archives/feb26_base.xlsx|https://www.eia.gov/outlooks/steo/archives/aug26_base.xlsx,EIA STEO Table 3b; August vintage minus frozen February vintage for the same country/month.,"Positive values are extra production relative to the frozen forecast; negative values are additional shortfalls. They are cushions/revisions, not a causal Hormuz attribution.",Do not add a country's exports or IEA collective-action commitment to this production revision without an overlap reconciliation.
m8q7-id-mar-jul-summary,country_period_summary,Indonesia,Asia and Oceania,non_gulf,2026-03-01/2026-07-31,153,cumulative_petroleum_and_other_liquid_fuels_production_revision,petroleum_and_other_liquid_fuels,,,,-2.870677,-2.870677,million_bbl,yes,March-July preliminary estimates,2026-08-11 (forecast completed 2026-08-06),medium_high,https://www.eia.gov/outlooks/steo/archives/feb26_base.xlsx|https://www.eia.gov/outlooks/steo/archives/aug26_base.xlsx,Sum of five monthly EIA vintage differences times calendar days.,Signed cumulative production revision versus the frozen February forecast.,This summary is the sum of the country-month rows and must not be added to them.
m8q7-my-202603,country_month,Malaysia,Asia and Oceania,non_gulf,2026-03,31,petroleum_and_other_liquid_fuels_production_revision,petroleum_and_other_liquid_fuels,0.631262,0.5677,-0.063562,-1.970412,-1.970412,mb/d; million_bbl after calendar-day conversion,yes,preliminary_estimate,2026-08-11 (forecast completed 2026-08-06),medium_high,https://www.eia.gov/outlooks/steo/archives/feb26_base.xlsx|https://www.eia.gov/outlooks/steo/archives/aug26_base.xlsx,EIA STEO Table 3b; August vintage minus frozen February vintage for the same country/month.,"Positive values are extra production relative to the frozen forecast; negative values are additional shortfalls. They are cushions/revisions, not a causal Hormuz attribution.",Do not add a country's exports or IEA collective-action commitment to this production revision without an overlap reconciliation.
m8q7-my-202604,country_month,Malaysia,Asia and Oceania,non_gulf,2026-04,30,petroleum_and_other_liquid_fuels_production_revision,petroleum_and_other_liquid_fuels,0.632678,0.5692,-0.063478,-1.904333,-3.874744,mb/d; million_bbl after calendar-day conversion,yes,preliminary_estimate,2026-08-11 (forecast completed 2026-08-06),medium_high,https://www.eia.gov/outlooks/steo/archives/feb26_base.xlsx|https://www.eia.gov/outlooks/steo/archives/aug26_base.xlsx,EIA STEO Table 3b; August vintage minus frozen February vintage for the same country/month.,"Positive values are extra production relative to the frozen forecast; negative values are additional shortfalls. They are cushions/revisions, not a causal Hormuz attribution.",Do not add a country's exports or IEA collective-action commitment to this production revision without an overlap reconciliation.
m8q7-my-202605,country_month,Malaysia,Asia and Oceania,non_gulf,2026-05,31,petroleum_and_other_liquid_fuels_production_revision,petroleum_and_other_liquid_fuels,0.636529,0.576381,-0.060147,-1.864572,-5.739316,mb/d; million_bbl after calendar-day conversion,yes,preliminary_estimate,2026-08-11 (forecast completed 2026-08-06),medium_high,https://www.eia.gov/outlooks/steo/archives/feb26_base.xlsx|https://www.eia.gov/outlooks/steo/archives/aug26_base.xlsx,EIA STEO Table 3b; August vintage minus frozen February vintage for the same country/month.,"Positive values are extra production relative to the frozen forecast; negative values are additional shortfalls. They are cushions/revisions, not a causal Hormuz attribution.",Do not add a country's exports or IEA collective-action commitment to this production revision without an overlap reconciliation.
m8q7-my-202606,country_month,Malaysia,Asia and Oceania,non_gulf,2026-06,30,petroleum_and_other_liquid_fuels_production_revision,petroleum_and_other_liquid_fuels,0.636572,0.57647,-0.060103,-1.803083,-7.542399,mb/d; million_bbl after calendar-day conversion,yes,preliminary_estimate,2026-08-11 (forecast completed 2026-08-06),medium_high,https://www.eia.gov/outlooks/steo/archives/feb26_base.xlsx|https://www.eia.gov/outlooks/steo/archives/aug26_base.xlsx,EIA STEO Table 3b; August vintage minus frozen February vintage for the same country/month.,"Positive values are extra production relative to the frozen forecast; negative values are additional shortfalls. They are cushions/revisions, not a causal Hormuz attribution.",Do not add a country's exports or IEA collective-action commitment to this production revision without an overlap reconciliation.
m8q7-my-202607,country_month,Malaysia,Asia and Oceania,non_gulf,2026-07,31,petroleum_and_other_liquid_fuels_production_revision,petroleum_and_other_liquid_fuels,0.634369,0.574256,-0.060113,-1.863493,-9.405893,mb/d; million_bbl after calendar-day conversion,yes,forecast,2026-08-11 (forecast completed 2026-08-06),medium_high,https://www.eia.gov/outlooks/steo/archives/feb26_base.xlsx|https://www.eia.gov/outlooks/steo/archives/aug26_base.xlsx,EIA STEO Table 3b; August vintage minus frozen February vintage for the same country/month.,"Positive values are extra production relative to the frozen forecast; negative values are additional shortfalls. They are cushions/revisions, not a causal Hormuz attribution.",Do not add a country's exports or IEA collective-action commitment to this production revision without an overlap reconciliation.
m8q7-my-mar-jul-summary,country_period_summary,Malaysia,Asia and Oceania,non_gulf,2026-03-01/2026-07-31,153,cumulative_petroleum_and_other_liquid_fuels_production_revision,petroleum_and_other_liquid_fuels,,,,-9.405893,-9.405893,million_bbl,yes,March-July preliminary estimates,2026-08-11 (forecast completed 2026-08-06),medium_high,https://www.eia.gov/outlooks/steo/archives/feb26_base.xlsx|https://www.eia.gov/outlooks/steo/archives/aug26_base.xlsx,Sum of five monthly EIA vintage differences times calendar days.,Signed cumulative production revision versus the frozen February forecast.,This summary is the sum of the country-month rows and must not be added to them.
m8q7-group-papr_nonopec-mar-jul,regional_reconciliation,Non-OPEC total,Non-OPEC total,mixed,2026-03-01/2026-07-31,153,cumulative_petroleum_and_other_liquid_fuels_production_revision,petroleum_and_other_liquid_fuels,,,,355.986505,355.986505,million_bbl,context_only,March-July preliminary estimates,2026-08-11 (forecast completed 2026-08-06),low_for_cross_vintage_comparison,https://www.eia.gov/outlooks/steo/archives/feb26_base.xlsx|https://www.eia.gov/outlooks/steo/archives/aug26_base.xlsx,"EIA STEO Table 3b regional aggregate, August vintage minus frozen February vintage.",Composition/classification changed across vintages; do not interpret this group delta as a geographic supply response.,Contains the named country rows in the same region; never add both.
m8q7-group-t3b_papr_r01-mar-jul,regional_reconciliation,North America total,North America total,mixed,2026-03-01/2026-07-31,153,cumulative_petroleum_and_other_liquid_fuels_production_revision,petroleum_and_other_liquid_fuels,,,,103.147813,103.147813,million_bbl,yes_after_overlap_check,March-July preliminary estimates,2026-08-11 (forecast completed 2026-08-06),medium_high,https://www.eia.gov/outlooks/steo/archives/feb26_base.xlsx|https://www.eia.gov/outlooks/steo/archives/aug26_base.xlsx,"EIA STEO Table 3b regional aggregate, August vintage minus frozen February vintage.",Regional cross-check including EIA countries not separately displayed.,Contains the named country rows in the same region; never add both.
m8q7-group-t3b_papr_r02-mar-jul,regional_reconciliation,Central and South America total,Central and South America total,mixed,2026-03-01/2026-07-31,153,cumulative_petroleum_and_other_liquid_fuels_production_revision,petroleum_and_other_liquid_fuels,,,,49.983172,49.983172,million_bbl,yes_after_overlap_check,March-July preliminary estimates,2026-08-11 (forecast completed 2026-08-06),medium_high,https://www.eia.gov/outlooks/steo/archives/feb26_base.xlsx|https://www.eia.gov/outlooks/steo/archives/aug26_base.xlsx,"EIA STEO Table 3b regional aggregate, August vintage minus frozen February vintage.",Regional cross-check including EIA countries not separately displayed.,Contains the named country rows in the same region; never add both.
m8q7-group-t3b_papr_r03-mar-jul,regional_reconciliation,Europe total,Europe total,mixed,2026-03-01/2026-07-31,153,cumulative_petroleum_and_other_liquid_fuels_production_revision,petroleum_and_other_liquid_fuels,,,,-9.145676,-9.145676,million_bbl,yes_after_overlap_check,March-July preliminary estimates,2026-08-11 (forecast completed 2026-08-06),medium_high,https://www.eia.gov/outlooks/steo/archives/feb26_base.xlsx|https://www.eia.gov/outlooks/steo/archives/aug26_base.xlsx,"EIA STEO Table 3b regional aggregate, August vintage minus frozen February vintage.",Regional cross-check including EIA countries not separately displayed.,Contains the named country rows in the same region; never add both.
m8q7-group-t3b_papr_r04-mar-jul,regional_reconciliation,Eurasia total,Eurasia total,mixed,2026-03-01/2026-07-31,153,cumulative_petroleum_and_other_liquid_fuels_production_revision,petroleum_and_other_liquid_fuels,,,,-42.34563,-42.34563,million_bbl,yes_after_overlap_check,March-July preliminary estimates,2026-08-11 (forecast completed 2026-08-06),medium_high,https://www.eia.gov/outlooks/steo/archives/feb26_base.xlsx|https://www.eia.gov/outlooks/steo/archives/aug26_base.xlsx,"EIA STEO Table 3b regional aggregate, August vintage minus frozen February vintage.",Regional cross-check including EIA countries not separately displayed.,Contains the named country rows in the same region; never add both.
m8q7-group-t3b_papr_r05-mar-jul,regional_reconciliation,Middle East total,Middle East total,mixed,2026-03-01/2026-07-31,153,cumulative_petroleum_and_other_liquid_fuels_production_revision,petroleum_and_other_liquid_fuels,,,,280.363721,280.363721,million_bbl,context_only,March-July preliminary estimates,2026-08-11 (forecast completed 2026-08-06),low_for_cross_vintage_comparison,https://www.eia.gov/outlooks/steo/archives/feb26_base.xlsx|https://www.eia.gov/outlooks/steo/archives/aug26_base.xlsx,"EIA STEO Table 3b regional aggregate, August vintage minus frozen February vintage.",Composition/classification changed across vintages; do not interpret this group delta as a geographic supply response.,Contains the named country rows in the same region; never add both.
m8q7-group-t3b_papr_r06-mar-jul,regional_reconciliation,Africa total,Africa total,mixed,2026-03-01/2026-07-31,153,cumulative_petroleum_and_other_liquid_fuels_production_revision,petroleum_and_other_liquid_fuels,,,,-2.52306,-2.52306,million_bbl,yes_after_overlap_check,March-July preliminary estimates,2026-08-11 (forecast completed 2026-08-06),medium_high,https://www.eia.gov/outlooks/steo/archives/feb26_base.xlsx|https://www.eia.gov/outlooks/steo/archives/aug26_base.xlsx,"EIA STEO Table 3b regional aggregate, August vintage minus frozen February vintage.",Regional cross-check including EIA countries not separately displayed.,Contains the named country rows in the same region; never add both.
m8q7-group-t3b_papr_r07-mar-jul,regional_reconciliation,Asia and Oceania total,Asia and Oceania total,mixed,2026-03-01/2026-07-31,153,cumulative_petroleum_and_other_liquid_fuels_production_revision,petroleum_and_other_liquid_fuels,,,,-23.493837,-23.493837,million_bbl,yes_after_overlap_check,March-July preliminary estimates,2026-08-11 (forecast completed 2026-08-06),medium_high,https://www.eia.gov/outlooks/steo/archives/feb26_base.xlsx|https://www.eia.gov/outlooks/steo/archives/aug26_base.xlsx,"EIA STEO Table 3b regional aggregate, August vintage minus frozen February vintage.",Regional cross-check including EIA countries not separately displayed.,Contains the named country rows in the same region; never add both.
m8q7-summary-identified_positive_additions,ledger_summary,Named supplier ledger,World excluding Hormuz-dependent Gulf producers,non_gulf_and_oman,2026-03-01/2026-07-31,153,identified_positive_additions,petroleum_and_other_liquid_fuels,,,,167.487222,167.487222,million_bbl,yes_as_ledger_subtotal,March-July preliminary estimates,2026-08-11,medium,https://www.eia.gov/outlooks/steo/archives/feb26_base.xlsx|https://www.eia.gov/outlooks/steo/archives/aug26_base.xlsx,Arithmetic over common named country rows in EIA STEO Table 3b.,Gross positive revisions among common named non-Gulf and Oman rows.,Subtotal of country rows; not additive to its components or regional totals.
m8q7-summary-identified_negative_revisions,ledger_summary,Named supplier ledger,World excluding Hormuz-dependent Gulf producers,non_gulf_and_oman,2026-03-01/2026-07-31,153,identified_negative_revisions,petroleum_and_other_liquid_fuels,,,,-76.06898,-76.06898,million_bbl,yes_as_ledger_subtotal,March-July preliminary estimates,2026-08-11,medium,https://www.eia.gov/outlooks/steo/archives/feb26_base.xlsx|https://www.eia.gov/outlooks/steo/archives/aug26_base.xlsx,Arithmetic over common named country rows in EIA STEO Table 3b.,Offsetting negative revisions among the same common named rows.,Subtotal of country rows; not additive to its components or regional totals.
m8q7-summary-identified_named_net,ledger_summary,Named supplier ledger,World excluding Hormuz-dependent Gulf producers,non_gulf_and_oman,2026-03-01/2026-07-31,153,identified_named_net,petroleum_and_other_liquid_fuels,,,,91.418242,91.418242,million_bbl,yes_as_ledger_subtotal,March-July preliminary estimates,2026-08-11,medium,https://www.eia.gov/outlooks/steo/archives/feb26_base.xlsx|https://www.eia.gov/outlooks/steo/archives/aug26_base.xlsx,Arithmetic over common named country rows in EIA STEO Table 3b.,Net of positive and negative revisions among common named rows; not the full world outside-Gulf residual.,Subtotal of country rows; not additive to its components or regional totals.
m8q7-summary-americas_complete_regional_revision,ledger_summary,Regional supply ledger,Outside Middle East,non_middle_east,2026-03-01/2026-07-31,153,americas_complete_regional_revision,petroleum_and_other_liquid_fuels,,,,153.130986,153.130986,million_bbl,yes_as_regional_subtotal,March-July preliminary estimates,2026-08-11,medium_high_for_revision_low_for_hormuz_attribution,https://www.eia.gov/outlooks/steo/archives/feb26_base.xlsx|https://www.eia.gov/outlooks/steo/archives/aug26_base.xlsx,Arithmetic over non-overlapping EIA STEO Table 3b regional aggregates.,Complete EIA Americas regional revision; includes countries not separately displayed in Table 3b.,Subtotal of regional rows; do not add to country rows or its component regions.
m8q7-summary-other_non_middle_east_regional_revision,ledger_summary,Regional supply ledger,Outside Middle East,non_middle_east,2026-03-01/2026-07-31,153,other_non_middle_east_regional_revision,petroleum_and_other_liquid_fuels,,,,-77.508202,-77.508202,million_bbl,yes_as_regional_subtotal,March-July preliminary estimates,2026-08-11,medium_high_for_revision_low_for_hormuz_attribution,https://www.eia.gov/outlooks/steo/archives/feb26_base.xlsx|https://www.eia.gov/outlooks/steo/archives/aug26_base.xlsx,Arithmetic over non-overlapping EIA STEO Table 3b regional aggregates.,"Complete Europe, Eurasia, Africa, and Asia/Oceania regional revision, net of positive and negative countries.",Subtotal of regional rows; do not add to country rows or its component regions.
m8q7-summary-non_middle_east_complete_regional_net,ledger_summary,Regional supply ledger,Outside Middle East,non_middle_east,2026-03-01/2026-07-31,153,non_middle_east_complete_regional_net,petroleum_and_other_liquid_fuels,,,,75.622784,75.622784,million_bbl,yes_as_regional_subtotal,March-July preliminary estimates,2026-08-11,medium_high_for_revision_low_for_hormuz_attribution,https://www.eia.gov/outlooks/steo/archives/feb26_base.xlsx|https://www.eia.gov/outlooks/steo/archives/aug26_base.xlsx,Arithmetic over non-overlapping EIA STEO Table 3b regional aggregates.,Complete net revision outside EIA's Middle East region; the cleanest EIA estimate of the non-Middle-East production cushion.,Subtotal of regional rows; do not add to country rows or its component regions.
m8q7-global-identity-papr_world,global_accounting_reconciliation,World total revision,World,mixed,2026-03-01/2026-07-31,153,cumulative_petroleum_and_other_liquid_fuels_production_revision,petroleum_and_other_liquid_fuels,,,,-1589.576253,-1589.576253,million_bbl,reconciliation_only,March-July preliminary estimates,2026-08-11,high_for_arithmetic_low_for_hormuz_attribution,https://www.eia.gov/outlooks/steo/archives/feb26_base.xlsx|https://www.eia.gov/outlooks/steo/archives/aug26_base.xlsx,EIA STEO Table 3c exact classification identity.,This closes the global forecast revision but OPEC+ is not a clean Gulf boundary and membership/classification changed across vintages.,Reconciliation frame only; do not add to country or regional rows.
m8q7-global-identity-papr_opecplus,global_accounting_reconciliation,OPEC+ total revision,World,mixed,2026-03-01/2026-07-31,153,cumulative_petroleum_and_other_liquid_fuels_production_revision,petroleum_and_other_liquid_fuels,,,,-1967.45223,-1967.45223,million_bbl,reconciliation_only,March-July preliminary estimates,2026-08-11,high_for_arithmetic_low_for_hormuz_attribution,https://www.eia.gov/outlooks/steo/archives/feb26_base.xlsx|https://www.eia.gov/outlooks/steo/archives/aug26_base.xlsx,EIA STEO Table 3c exact classification identity.,This closes the global forecast revision but OPEC+ is not a clean Gulf boundary and membership/classification changed across vintages.,Reconciliation frame only; do not add to country or regional rows.
m8q7-global-identity-papr_us,global_accounting_reconciliation,United States revision,World,mixed,2026-03-01/2026-07-31,153,cumulative_petroleum_and_other_liquid_fuels_production_revision,petroleum_and_other_liquid_fuels,,,,83.798471,83.798471,million_bbl,reconciliation_only,March-July preliminary estimates,2026-08-11,high_for_arithmetic_low_for_hormuz_attribution,https://www.eia.gov/outlooks/steo/archives/feb26_base.xlsx|https://www.eia.gov/outlooks/steo/archives/aug26_base.xlsx,EIA STEO Table 3c exact classification identity.,This closes the global forecast revision but OPEC+ is not a clean Gulf boundary and membership/classification changed across vintages.,Reconciliation frame only; do not add to country or regional rows.
m8q7-global-identity-papr_nonopecplus_xus,global_accounting_reconciliation,Non-OPEC+ excluding United States revision,World,mixed,2026-03-01/2026-07-31,153,cumulative_petroleum_and_other_liquid_fuels_production_revision,petroleum_and_other_liquid_fuels,,,,294.077506,294.077506,million_bbl,reconciliation_only,March-July preliminary estimates,2026-08-11,high_for_arithmetic_low_for_hormuz_attribution,https://www.eia.gov/outlooks/steo/archives/feb26_base.xlsx|https://www.eia.gov/outlooks/steo/archives/aug26_base.xlsx,EIA STEO Table 3c exact classification identity.,This closes the global forecast revision but OPEC+ is not a clean Gulf boundary and membership/classification changed across vintages.,Reconciliation frame only; do not add to country or regional rows.
iea-americas-growth-revision,forecast_cross_check,Americas,,mixed,annual_2026,,annual_supply_growth_forecast_revision,total_oil_or_source_definition,,,0.6,,,mb/d,context_only,postshock_forecast_revision,2026-05-13,medium,https://www.iea.org/reports/oil-market-report-may-2026,"IEA said expected 2026 Americas supply growth was revised up by more than 0.6 mb/d since the start of the year, to 1.5 mb/d.",Primary-source cross-check or mechanism evidence; not a country production-accounting row.,"Lower-bound annual growth revision; compare with, do not add to, the monthly EIA Americas revisions."
iea-atlantic-export-shift,trade_flow_context,Atlantic Basin to East of Suez,,mixed,since_2026-02_to_2026-06-17,,change_in_crude_exports,total_oil_or_source_definition,,,3.5,,,mb/d,no,observed_estimate,2026-06-17,medium,https://www.iea.org/reports/oil-market-report-june-2026,"IEA attributed the rise to robust Americas growth plus steep US SPR releases; its commentary named the US, Kazakhstan, Brazil and Venezuela as the biggest output gains.",Primary-source cross-check or mechanism evidence; not a country production-accounting row.,"Mixes production, government stocks and cargo redirection; never use 3.5 mb/d as incremental production."
iea-us-may-exports,trade_flow_context,United States,,mixed,2026-05,,total_crude_and_petroleum_product_exports,total_oil_or_source_definition,,,13.1,,,mb/d,no,observed_estimate,2026-06-22,medium,https://www.iea.org/commentaries/how-global-oil-supplies-have-readjusted-to-help-fill-the-huge-gap-left-by-the-strait-of-hormuz-shock,"IEA reported record May exports, nearly one-quarter above May 2025, supported by production plus industry and government stock draws.",Primary-source cross-check or mechanism evidence; not a country production-accounting row.,"Export level, not increment; includes products and stock draw already represented elsewhere."
iea-canada-production-commitment,policy_production_commitment,Canada,,mixed,announced_2026-03-19,,collective_action_production_increase,total_oil_or_source_definition,,,,23.6,,million_bbl,no_until_observed,provisional_commitment,2026-03-19,medium,https://www.iea.org/news/iea-confirms-member-country-contributions-to-collective-action-to-release-oil-stocks-in-response-to-middle-east-disruptions,IEA's provisional collective-action table classified Canada's full contribution as a production increase.,Primary-source cross-check or mechanism evidence; not a country production-accounting row.,"Announcement is not measured output; compare with, do not add to, the August-vintage EIA production revision."
iea-mexico-production-commitment,policy_production_commitment,Mexico,,mixed,announced_2026-03-19,,collective_action_production_increase,total_oil_or_source_definition,,,,3.9,,million_bbl,no_separate_addition,provisional_commitment,2026-03-19,medium,https://www.iea.org/news/iea-confirms-member-country-contributions-to-collective-action-to-release-oil-stocks-in-response-to-middle-east-disruptions,IEA's provisional collective-action table classified Mexico's full contribution as a production increase.,Primary-source cross-check or mechanism evidence; not a country production-accounting row.,Likely overlaps the EIA March-July production revision; do not add both.
