row_id,record_type,scenario_case,case_definition,period_start,period_end,days,horizon_date,period_role,data_status,accounting_frame,metric,value_mb_per_day,period_million_bbl,cumulative_million_bbl,unit,source_vintage,oil_data_cutoff,traffic_data_cutoff,source_url,assumption,durability_rule,confidence,double_counting_note
low_supply_2026-03-01_2026-03-31_net_global_supply_loss,period_component,low_supply,"Stress case: lower inferred Strait flow, weaker bypass durability, and conservative stock-release capacity.",2026-03-01,2026-03-31,31,,historical,preliminary_estimate,physical_supply_bridge,net_global_supply_loss,9.800265,303.808215,,mb/d and million_bbl,EIA STEO 2026-02-10 counterfactual; EIA STEO 2026-07-07 preliminary,2026-06-30,2026-07-23,https://www.eia.gov/outlooks/steo/archives/feb26_base.xlsx | https://www.eia.gov/outlooks/steo/archives/jul26_base.xlsx | https://www.iea.org/reports/oil-market-report-july-2026,Frozen February monthly EIA supply less July-vintage preliminary supply; IEA level/change cross-check is 10.1 mb/d.,Historical value; no extrapolation.,medium_high,Net loss is the physical headline. Market-clearing rows explain how it was absorbed and must not be added to it.
low_supply_2026-03-01_2026-03-31_foregone_counterfactual_stock_build,period_component,low_supply,"Stress case: lower inferred Strait flow, weaker bypass durability, and conservative stock-release capacity.",2026-03-01,2026-03-31,31,,historical,preliminary_estimate,market_clearing_bridge,foregone_counterfactual_stock_build,3.896824,120.801544,,mb/d and million_bbl,EIA STEO 2026-02-10/2026-07-07; latest public IEA OMR stock observation,2026-06-30,2026-07-23,https://www.eia.gov/outlooks/steo/archives/feb26_base.xlsx | https://www.eia.gov/outlooks/steo/archives/jul26_base.xlsx | https://www.iea.org/reports/oil-market-report-july-2026,"Frozen February EIA supply less consumption; this is an avoided planned build, not oil newly delivered.",Finite counterfactual cushion; retained only while using the frozen pre-war balance as the benchmark.,medium_high,Market-clearing components sum to net_global_supply_loss; do not add them to that headline.
low_supply_2026-03-01_2026-03-31_demand_reduction,period_component,low_supply,"Stress case: lower inferred Strait flow, weaker bypass durability, and conservative stock-release capacity.",2026-03-01,2026-03-31,31,,historical,preliminary_estimate,market_clearing_bridge,demand_reduction,1.303611,40.411941,,mb/d and million_bbl,EIA STEO 2026-02-10/2026-07-07; latest public IEA OMR stock observation,2026-06-30,2026-07-23,https://www.eia.gov/outlooks/steo/archives/feb26_base.xlsx | https://www.eia.gov/outlooks/steo/archives/jul26_base.xlsx | https://www.iea.org/reports/oil-market-report-july-2026,"Demand is frozen-February EIA consumption less July-vintage consumption. Stock flow uses latest public IEA observed totals, so the residual preserves the EIA/IEA measurement difference.",Temporary shortage and conservation can persist under closure; rates rise modestly in longer cases but are not labeled structural fuel switching.,medium_high,Market-clearing components sum to net_global_supply_loss; do not add them to that headline. Refinery-run cuts and unquantified fuel switching remain inside this channel.
low_supply_2026-03-01_2026-03-31_observed_total_stock_draw,period_component,low_supply,"Stress case: lower inferred Strait flow, weaker bypass durability, and conservative stock-release capacity.",2026-03-01,2026-03-31,31,,historical,preliminary_estimate,market_clearing_bridge,observed_total_stock_draw,4.16129,129,,mb/d and million_bbl,EIA STEO 2026-02-10/2026-07-07; latest public IEA OMR stock observation,2026-06-30,2026-07-23,https://www.eia.gov/outlooks/steo/archives/feb26_base.xlsx | https://www.eia.gov/outlooks/steo/archives/jul26_base.xlsx | https://www.iea.org/reports/oil-market-report-july-2026,"Demand is frozen-February EIA consumption less July-vintage consumption. Stock flow uses latest public IEA observed totals, so the residual preserves the EIA/IEA measurement difference.",Observed/proxy total stocks are used historically; future government and commercial rates are separated and taper by horizon.,medium_high,Market-clearing components sum to net_global_supply_loss; do not add them to that headline. Historical total stock flow is split by ownership only in horizon summaries.
low_supply_2026-03-01_2026-03-31_residual_unallocated_adjustment,period_component,low_supply,"Stress case: lower inferred Strait flow, weaker bypass durability, and conservative stock-release capacity.",2026-03-01,2026-03-31,31,,historical,preliminary_estimate,market_clearing_bridge,residual_unallocated_adjustment,0.43854,13.59473,,mb/d and million_bbl,EIA STEO 2026-02-10/2026-07-07; latest public IEA OMR stock observation,2026-06-30,2026-07-23,https://www.eia.gov/outlooks/steo/archives/feb26_base.xlsx | https://www.eia.gov/outlooks/steo/archives/jul26_base.xlsx | https://www.iea.org/reports/oil-market-report-july-2026,Arithmetic residual after the named non-overlapping bridge components.,Carried explicitly and allowed to widen rather than forced into a preferred channel.,low,"Market-clearing components sum to net_global_supply_loss; do not add them to that headline. It includes statistical discrepancy, timing, unobserved stocks, and scenario misspecification."
low_supply_2026-04-01_2026-04-30_net_global_supply_loss,period_component,low_supply,"Stress case: lower inferred Strait flow, weaker bypass durability, and conservative stock-release capacity.",2026-04-01,2026-04-30,30,,historical,preliminary_estimate,physical_supply_bridge,net_global_supply_loss,12.581064,377.43192,,mb/d and million_bbl,EIA STEO 2026-02-10 counterfactual; EIA STEO 2026-07-07 preliminary,2026-06-30,2026-07-23,https://www.eia.gov/outlooks/steo/archives/feb26_base.xlsx | https://www.eia.gov/outlooks/steo/archives/jul26_base.xlsx | https://www.iea.org/reports/oil-market-report-july-2026,Frozen February monthly EIA supply less July-vintage preliminary supply; IEA level/change cross-check is 12.8 mb/d.,Historical value; no extrapolation.,medium_high,Net loss is the physical headline. Market-clearing rows explain how it was absorbed and must not be added to it.
low_supply_2026-04-01_2026-04-30_foregone_counterfactual_stock_build,period_component,low_supply,"Stress case: lower inferred Strait flow, weaker bypass durability, and conservative stock-release capacity.",2026-04-01,2026-04-30,30,,historical,preliminary_estimate,market_clearing_bridge,foregone_counterfactual_stock_build,3.392836,101.78508,,mb/d and million_bbl,EIA STEO 2026-02-10/2026-07-07; latest public IEA OMR stock observation,2026-06-30,2026-07-23,https://www.eia.gov/outlooks/steo/archives/feb26_base.xlsx | https://www.eia.gov/outlooks/steo/archives/jul26_base.xlsx | https://www.iea.org/reports/oil-market-report-july-2026,"Frozen February EIA supply less consumption; this is an avoided planned build, not oil newly delivered.",Finite counterfactual cushion; retained only while using the frozen pre-war balance as the benchmark.,medium_high,Market-clearing components sum to net_global_supply_loss; do not add them to that headline.
low_supply_2026-04-01_2026-04-30_demand_reduction,period_component,low_supply,"Stress case: lower inferred Strait flow, weaker bypass durability, and conservative stock-release capacity.",2026-04-01,2026-04-30,30,,historical,preliminary_estimate,market_clearing_bridge,demand_reduction,4.179495,125.38485,,mb/d and million_bbl,EIA STEO 2026-02-10/2026-07-07; latest public IEA OMR stock observation,2026-06-30,2026-07-23,https://www.eia.gov/outlooks/steo/archives/feb26_base.xlsx | https://www.eia.gov/outlooks/steo/archives/jul26_base.xlsx | https://www.iea.org/reports/oil-market-report-july-2026,"Demand is frozen-February EIA consumption less July-vintage consumption. Stock flow uses latest public IEA observed totals, so the residual preserves the EIA/IEA measurement difference.",Temporary shortage and conservation can persist under closure; rates rise modestly in longer cases but are not labeled structural fuel switching.,medium_high,Market-clearing components sum to net_global_supply_loss; do not add them to that headline. Refinery-run cuts and unquantified fuel switching remain inside this channel.
low_supply_2026-04-01_2026-04-30_observed_total_stock_draw,period_component,low_supply,"Stress case: lower inferred Strait flow, weaker bypass durability, and conservative stock-release capacity.",2026-04-01,2026-04-30,30,,historical,preliminary_estimate,market_clearing_bridge,observed_total_stock_draw,3.9,117,,mb/d and million_bbl,EIA STEO 2026-02-10/2026-07-07; latest public IEA OMR stock observation,2026-06-30,2026-07-23,https://www.eia.gov/outlooks/steo/archives/feb26_base.xlsx | https://www.eia.gov/outlooks/steo/archives/jul26_base.xlsx | https://www.iea.org/reports/oil-market-report-july-2026,"Demand is frozen-February EIA consumption less July-vintage consumption. Stock flow uses latest public IEA observed totals, so the residual preserves the EIA/IEA measurement difference.",Observed/proxy total stocks are used historically; future government and commercial rates are separated and taper by horizon.,medium_high,Market-clearing components sum to net_global_supply_loss; do not add them to that headline. Historical total stock flow is split by ownership only in horizon summaries.
low_supply_2026-04-01_2026-04-30_residual_unallocated_adjustment,period_component,low_supply,"Stress case: lower inferred Strait flow, weaker bypass durability, and conservative stock-release capacity.",2026-04-01,2026-04-30,30,,historical,preliminary_estimate,market_clearing_bridge,residual_unallocated_adjustment,1.108733,33.26199,,mb/d and million_bbl,EIA STEO 2026-02-10/2026-07-07; latest public IEA OMR stock observation,2026-06-30,2026-07-23,https://www.eia.gov/outlooks/steo/archives/feb26_base.xlsx | https://www.eia.gov/outlooks/steo/archives/jul26_base.xlsx | https://www.iea.org/reports/oil-market-report-july-2026,Arithmetic residual after the named non-overlapping bridge components.,Carried explicitly and allowed to widen rather than forced into a preferred channel.,low,"Market-clearing components sum to net_global_supply_loss; do not add them to that headline. It includes statistical discrepancy, timing, unobserved stocks, and scenario misspecification."
low_supply_2026-05-01_2026-05-31_net_global_supply_loss,period_component,low_supply,"Stress case: lower inferred Strait flow, weaker bypass durability, and conservative stock-release capacity.",2026-05-01,2026-05-31,31,,historical,preliminary_estimate,physical_supply_bridge,net_global_supply_loss,14.126659,437.926429,,mb/d and million_bbl,EIA STEO 2026-02-10 counterfactual; EIA STEO 2026-07-07 preliminary,2026-06-30,2026-07-23,https://www.eia.gov/outlooks/steo/archives/feb26_base.xlsx | https://www.eia.gov/outlooks/steo/archives/jul26_base.xlsx | https://www.iea.org/reports/oil-market-report-july-2026,Frozen February monthly EIA supply less July-vintage preliminary supply; IEA level/change cross-check is 13.6 mb/d.,Historical value; no extrapolation.,medium_high,Net loss is the physical headline. Market-clearing rows explain how it was absorbed and must not be added to it.
low_supply_2026-05-01_2026-05-31_foregone_counterfactual_stock_build,period_component,low_supply,"Stress case: lower inferred Strait flow, weaker bypass durability, and conservative stock-release capacity.",2026-05-01,2026-05-31,31,,historical,preliminary_estimate,market_clearing_bridge,foregone_counterfactual_stock_build,3.310988,102.640628,,mb/d and million_bbl,EIA STEO 2026-02-10/2026-07-07; latest public IEA OMR stock observation,2026-06-30,2026-07-23,https://www.eia.gov/outlooks/steo/archives/feb26_base.xlsx | https://www.eia.gov/outlooks/steo/archives/jul26_base.xlsx | https://www.iea.org/reports/oil-market-report-july-2026,"Frozen February EIA supply less consumption; this is an avoided planned build, not oil newly delivered.",Finite counterfactual cushion; retained only while using the frozen pre-war balance as the benchmark.,medium_high,Market-clearing components sum to net_global_supply_loss; do not add them to that headline.
low_supply_2026-05-01_2026-05-31_demand_reduction,period_component,low_supply,"Stress case: lower inferred Strait flow, weaker bypass durability, and conservative stock-release capacity.",2026-05-01,2026-05-31,31,,historical,preliminary_estimate,market_clearing_bridge,demand_reduction,4.528958,140.397698,,mb/d and million_bbl,EIA STEO 2026-02-10/2026-07-07; latest public IEA OMR stock observation,2026-06-30,2026-07-23,https://www.eia.gov/outlooks/steo/archives/feb26_base.xlsx | https://www.eia.gov/outlooks/steo/archives/jul26_base.xlsx | https://www.iea.org/reports/oil-market-report-july-2026,"Demand is frozen-February EIA consumption less July-vintage consumption. Stock flow uses latest public IEA observed totals, so the residual preserves the EIA/IEA measurement difference.",Temporary shortage and conservation can persist under closure; rates rise modestly in longer cases but are not labeled structural fuel switching.,medium_high,Market-clearing components sum to net_global_supply_loss; do not add them to that headline. Refinery-run cuts and unquantified fuel switching remain inside this channel.
low_supply_2026-05-01_2026-05-31_observed_total_stock_draw,period_component,low_supply,"Stress case: lower inferred Strait flow, weaker bypass durability, and conservative stock-release capacity.",2026-05-01,2026-05-31,31,,historical,preliminary_estimate,market_clearing_bridge,observed_total_stock_draw,2.354839,73,,mb/d and million_bbl,EIA STEO 2026-02-10/2026-07-07; latest public IEA OMR stock observation,2026-06-30,2026-07-23,https://www.eia.gov/outlooks/steo/archives/feb26_base.xlsx | https://www.eia.gov/outlooks/steo/archives/jul26_base.xlsx | https://www.iea.org/reports/oil-market-report-july-2026,"Demand is frozen-February EIA consumption less July-vintage consumption. Stock flow uses latest public IEA observed totals, so the residual preserves the EIA/IEA measurement difference.",Observed/proxy total stocks are used historically; future government and commercial rates are separated and taper by horizon.,medium_high,Market-clearing components sum to net_global_supply_loss; do not add them to that headline. Historical total stock flow is split by ownership only in horizon summaries.
low_supply_2026-05-01_2026-05-31_residual_unallocated_adjustment,period_component,low_supply,"Stress case: lower inferred Strait flow, weaker bypass durability, and conservative stock-release capacity.",2026-05-01,2026-05-31,31,,historical,preliminary_estimate,market_clearing_bridge,residual_unallocated_adjustment,3.931874,121.888103,,mb/d and million_bbl,EIA STEO 2026-02-10/2026-07-07; latest public IEA OMR stock observation,2026-06-30,2026-07-23,https://www.eia.gov/outlooks/steo/archives/feb26_base.xlsx | https://www.eia.gov/outlooks/steo/archives/jul26_base.xlsx | https://www.iea.org/reports/oil-market-report-july-2026,Arithmetic residual after the named non-overlapping bridge components.,Carried explicitly and allowed to widen rather than forced into a preferred channel.,low,"Market-clearing components sum to net_global_supply_loss; do not add them to that headline. It includes statistical discrepancy, timing, unobserved stocks, and scenario misspecification."
low_supply_2026-06-01_2026-06-30_net_global_supply_loss,period_component,low_supply,"Stress case: lower inferred Strait flow, weaker bypass durability, and conservative stock-release capacity.",2026-06-01,2026-06-30,30,,historical,preliminary_estimate,physical_supply_bridge,net_global_supply_loss,10.743686,322.31058,,mb/d and million_bbl,EIA STEO 2026-02-10 counterfactual; EIA STEO 2026-07-07 preliminary,2026-06-30,2026-07-23,https://www.eia.gov/outlooks/steo/archives/feb26_base.xlsx | https://www.eia.gov/outlooks/steo/archives/jul26_base.xlsx | https://www.iea.org/reports/oil-market-report-july-2026,Frozen February monthly EIA supply less July-vintage preliminary supply; IEA level/change cross-check is 9.4 mb/d.,Historical value; no extrapolation.,medium_high,Net loss is the physical headline. Market-clearing rows explain how it was absorbed and must not be added to it.
low_supply_2026-06-01_2026-06-30_foregone_counterfactual_stock_build,period_component,low_supply,"Stress case: lower inferred Strait flow, weaker bypass durability, and conservative stock-release capacity.",2026-06-01,2026-06-30,30,,historical,preliminary_estimate,market_clearing_bridge,foregone_counterfactual_stock_build,2.361682,70.85046,,mb/d and million_bbl,EIA STEO 2026-02-10/2026-07-07; latest public IEA OMR stock observation,2026-06-30,2026-07-23,https://www.eia.gov/outlooks/steo/archives/feb26_base.xlsx | https://www.eia.gov/outlooks/steo/archives/jul26_base.xlsx | https://www.iea.org/reports/oil-market-report-july-2026,"Frozen February EIA supply less consumption; this is an avoided planned build, not oil newly delivered.",Finite counterfactual cushion; retained only while using the frozen pre-war balance as the benchmark.,medium_high,Market-clearing components sum to net_global_supply_loss; do not add them to that headline.
low_supply_2026-06-01_2026-06-30_demand_reduction,period_component,low_supply,"Stress case: lower inferred Strait flow, weaker bypass durability, and conservative stock-release capacity.",2026-06-01,2026-06-30,30,,historical,preliminary_estimate,market_clearing_bridge,demand_reduction,4.434463,133.03389,,mb/d and million_bbl,EIA STEO 2026-02-10/2026-07-07; latest public IEA OMR stock observation,2026-06-30,2026-07-23,https://www.eia.gov/outlooks/steo/archives/feb26_base.xlsx | https://www.eia.gov/outlooks/steo/archives/jul26_base.xlsx | https://www.iea.org/reports/oil-market-report-july-2026,"Demand is frozen-February EIA consumption less July-vintage consumption. Stock flow uses latest public IEA observed totals, so the residual preserves the EIA/IEA measurement difference.",Temporary shortage and conservation can persist under closure; rates rise modestly in longer cases but are not labeled structural fuel switching.,medium_high,Market-clearing components sum to net_global_supply_loss; do not add them to that headline. Refinery-run cuts and unquantified fuel switching remain inside this channel.
low_supply_2026-06-01_2026-06-30_observed_total_stock_draw,period_component,low_supply,"Stress case: lower inferred Strait flow, weaker bypass durability, and conservative stock-release capacity.",2026-06-01,2026-06-30,30,,historical,preliminary_estimate,market_clearing_bridge,observed_total_stock_draw,-0.7,-21,,mb/d and million_bbl,EIA STEO 2026-02-10/2026-07-07; latest public IEA OMR stock observation,2026-06-30,2026-07-23,https://www.eia.gov/outlooks/steo/archives/feb26_base.xlsx | https://www.eia.gov/outlooks/steo/archives/jul26_base.xlsx | https://www.iea.org/reports/oil-market-report-july-2026,"Demand is frozen-February EIA consumption less July-vintage consumption. Stock flow uses latest public IEA observed totals, so the residual preserves the EIA/IEA measurement difference.",Observed/proxy total stocks are used historically; future government and commercial rates are separated and taper by horizon.,medium_high,Market-clearing components sum to net_global_supply_loss; do not add them to that headline. Historical total stock flow is split by ownership only in horizon summaries.
low_supply_2026-06-01_2026-06-30_residual_unallocated_adjustment,period_component,low_supply,"Stress case: lower inferred Strait flow, weaker bypass durability, and conservative stock-release capacity.",2026-06-01,2026-06-30,30,,historical,preliminary_estimate,market_clearing_bridge,residual_unallocated_adjustment,4.647541,139.42623,,mb/d and million_bbl,EIA STEO 2026-02-10/2026-07-07; latest public IEA OMR stock observation,2026-06-30,2026-07-23,https://www.eia.gov/outlooks/steo/archives/feb26_base.xlsx | https://www.eia.gov/outlooks/steo/archives/jul26_base.xlsx | https://www.iea.org/reports/oil-market-report-july-2026,Arithmetic residual after the named non-overlapping bridge components.,Carried explicitly and allowed to widen rather than forced into a preferred channel.,low,"Market-clearing components sum to net_global_supply_loss; do not add them to that headline. It includes statistical discrepancy, timing, unobserved stocks, and scenario misspecification."
base_2026-03-01_2026-03-31_net_global_supply_loss,period_component,base,"Central case: inferred Strait flow modestly above the March-May oil-flow average, demonstrated bypass use, and tapering stock draws.",2026-03-01,2026-03-31,31,,historical,preliminary_estimate,physical_supply_bridge,net_global_supply_loss,9.800265,303.808215,,mb/d and million_bbl,EIA STEO 2026-02-10 counterfactual; EIA STEO 2026-07-07 preliminary,2026-06-30,2026-07-23,https://www.eia.gov/outlooks/steo/archives/feb26_base.xlsx | https://www.eia.gov/outlooks/steo/archives/jul26_base.xlsx | https://www.iea.org/reports/oil-market-report-july-2026,Frozen February monthly EIA supply less July-vintage preliminary supply; IEA level/change cross-check is 10.1 mb/d.,Historical value; no extrapolation.,medium_high,Net loss is the physical headline. Market-clearing rows explain how it was absorbed and must not be added to it.
base_2026-03-01_2026-03-31_foregone_counterfactual_stock_build,period_component,base,"Central case: inferred Strait flow modestly above the March-May oil-flow average, demonstrated bypass use, and tapering stock draws.",2026-03-01,2026-03-31,31,,historical,preliminary_estimate,market_clearing_bridge,foregone_counterfactual_stock_build,3.896824,120.801544,,mb/d and million_bbl,EIA STEO 2026-02-10/2026-07-07; latest public IEA OMR stock observation,2026-06-30,2026-07-23,https://www.eia.gov/outlooks/steo/archives/feb26_base.xlsx | https://www.eia.gov/outlooks/steo/archives/jul26_base.xlsx | https://www.iea.org/reports/oil-market-report-july-2026,"Frozen February EIA supply less consumption; this is an avoided planned build, not oil newly delivered.",Finite counterfactual cushion; retained only while using the frozen pre-war balance as the benchmark.,medium_high,Market-clearing components sum to net_global_supply_loss; do not add them to that headline.
base_2026-03-01_2026-03-31_demand_reduction,period_component,base,"Central case: inferred Strait flow modestly above the March-May oil-flow average, demonstrated bypass use, and tapering stock draws.",2026-03-01,2026-03-31,31,,historical,preliminary_estimate,market_clearing_bridge,demand_reduction,1.303611,40.411941,,mb/d and million_bbl,EIA STEO 2026-02-10/2026-07-07; latest public IEA OMR stock observation,2026-06-30,2026-07-23,https://www.eia.gov/outlooks/steo/archives/feb26_base.xlsx | https://www.eia.gov/outlooks/steo/archives/jul26_base.xlsx | https://www.iea.org/reports/oil-market-report-july-2026,"Demand is frozen-February EIA consumption less July-vintage consumption. Stock flow uses latest public IEA observed totals, so the residual preserves the EIA/IEA measurement difference.",Temporary shortage and conservation can persist under closure; rates rise modestly in longer cases but are not labeled structural fuel switching.,medium_high,Market-clearing components sum to net_global_supply_loss; do not add them to that headline. Refinery-run cuts and unquantified fuel switching remain inside this channel.
base_2026-03-01_2026-03-31_observed_total_stock_draw,period_component,base,"Central case: inferred Strait flow modestly above the March-May oil-flow average, demonstrated bypass use, and tapering stock draws.",2026-03-01,2026-03-31,31,,historical,preliminary_estimate,market_clearing_bridge,observed_total_stock_draw,4.16129,129,,mb/d and million_bbl,EIA STEO 2026-02-10/2026-07-07; latest public IEA OMR stock observation,2026-06-30,2026-07-23,https://www.eia.gov/outlooks/steo/archives/feb26_base.xlsx | https://www.eia.gov/outlooks/steo/archives/jul26_base.xlsx | https://www.iea.org/reports/oil-market-report-july-2026,"Demand is frozen-February EIA consumption less July-vintage consumption. Stock flow uses latest public IEA observed totals, so the residual preserves the EIA/IEA measurement difference.",Observed/proxy total stocks are used historically; future government and commercial rates are separated and taper by horizon.,medium_high,Market-clearing components sum to net_global_supply_loss; do not add them to that headline. Historical total stock flow is split by ownership only in horizon summaries.
base_2026-03-01_2026-03-31_residual_unallocated_adjustment,period_component,base,"Central case: inferred Strait flow modestly above the March-May oil-flow average, demonstrated bypass use, and tapering stock draws.",2026-03-01,2026-03-31,31,,historical,preliminary_estimate,market_clearing_bridge,residual_unallocated_adjustment,0.43854,13.59473,,mb/d and million_bbl,EIA STEO 2026-02-10/2026-07-07; latest public IEA OMR stock observation,2026-06-30,2026-07-23,https://www.eia.gov/outlooks/steo/archives/feb26_base.xlsx | https://www.eia.gov/outlooks/steo/archives/jul26_base.xlsx | https://www.iea.org/reports/oil-market-report-july-2026,Arithmetic residual after the named non-overlapping bridge components.,Carried explicitly and allowed to widen rather than forced into a preferred channel.,low,"Market-clearing components sum to net_global_supply_loss; do not add them to that headline. It includes statistical discrepancy, timing, unobserved stocks, and scenario misspecification."
base_2026-04-01_2026-04-30_net_global_supply_loss,period_component,base,"Central case: inferred Strait flow modestly above the March-May oil-flow average, demonstrated bypass use, and tapering stock draws.",2026-04-01,2026-04-30,30,,historical,preliminary_estimate,physical_supply_bridge,net_global_supply_loss,12.581064,377.43192,,mb/d and million_bbl,EIA STEO 2026-02-10 counterfactual; EIA STEO 2026-07-07 preliminary,2026-06-30,2026-07-23,https://www.eia.gov/outlooks/steo/archives/feb26_base.xlsx | https://www.eia.gov/outlooks/steo/archives/jul26_base.xlsx | https://www.iea.org/reports/oil-market-report-july-2026,Frozen February monthly EIA supply less July-vintage preliminary supply; IEA level/change cross-check is 12.8 mb/d.,Historical value; no extrapolation.,medium_high,Net loss is the physical headline. Market-clearing rows explain how it was absorbed and must not be added to it.
base_2026-04-01_2026-04-30_foregone_counterfactual_stock_build,period_component,base,"Central case: inferred Strait flow modestly above the March-May oil-flow average, demonstrated bypass use, and tapering stock draws.",2026-04-01,2026-04-30,30,,historical,preliminary_estimate,market_clearing_bridge,foregone_counterfactual_stock_build,3.392836,101.78508,,mb/d and million_bbl,EIA STEO 2026-02-10/2026-07-07; latest public IEA OMR stock observation,2026-06-30,2026-07-23,https://www.eia.gov/outlooks/steo/archives/feb26_base.xlsx | https://www.eia.gov/outlooks/steo/archives/jul26_base.xlsx | https://www.iea.org/reports/oil-market-report-july-2026,"Frozen February EIA supply less consumption; this is an avoided planned build, not oil newly delivered.",Finite counterfactual cushion; retained only while using the frozen pre-war balance as the benchmark.,medium_high,Market-clearing components sum to net_global_supply_loss; do not add them to that headline.
base_2026-04-01_2026-04-30_demand_reduction,period_component,base,"Central case: inferred Strait flow modestly above the March-May oil-flow average, demonstrated bypass use, and tapering stock draws.",2026-04-01,2026-04-30,30,,historical,preliminary_estimate,market_clearing_bridge,demand_reduction,4.179495,125.38485,,mb/d and million_bbl,EIA STEO 2026-02-10/2026-07-07; latest public IEA OMR stock observation,2026-06-30,2026-07-23,https://www.eia.gov/outlooks/steo/archives/feb26_base.xlsx | https://www.eia.gov/outlooks/steo/archives/jul26_base.xlsx | https://www.iea.org/reports/oil-market-report-july-2026,"Demand is frozen-February EIA consumption less July-vintage consumption. Stock flow uses latest public IEA observed totals, so the residual preserves the EIA/IEA measurement difference.",Temporary shortage and conservation can persist under closure; rates rise modestly in longer cases but are not labeled structural fuel switching.,medium_high,Market-clearing components sum to net_global_supply_loss; do not add them to that headline. Refinery-run cuts and unquantified fuel switching remain inside this channel.
base_2026-04-01_2026-04-30_observed_total_stock_draw,period_component,base,"Central case: inferred Strait flow modestly above the March-May oil-flow average, demonstrated bypass use, and tapering stock draws.",2026-04-01,2026-04-30,30,,historical,preliminary_estimate,market_clearing_bridge,observed_total_stock_draw,3.9,117,,mb/d and million_bbl,EIA STEO 2026-02-10/2026-07-07; latest public IEA OMR stock observation,2026-06-30,2026-07-23,https://www.eia.gov/outlooks/steo/archives/feb26_base.xlsx | https://www.eia.gov/outlooks/steo/archives/jul26_base.xlsx | https://www.iea.org/reports/oil-market-report-july-2026,"Demand is frozen-February EIA consumption less July-vintage consumption. Stock flow uses latest public IEA observed totals, so the residual preserves the EIA/IEA measurement difference.",Observed/proxy total stocks are used historically; future government and commercial rates are separated and taper by horizon.,medium_high,Market-clearing components sum to net_global_supply_loss; do not add them to that headline. Historical total stock flow is split by ownership only in horizon summaries.
base_2026-04-01_2026-04-30_residual_unallocated_adjustment,period_component,base,"Central case: inferred Strait flow modestly above the March-May oil-flow average, demonstrated bypass use, and tapering stock draws.",2026-04-01,2026-04-30,30,,historical,preliminary_estimate,market_clearing_bridge,residual_unallocated_adjustment,1.108733,33.26199,,mb/d and million_bbl,EIA STEO 2026-02-10/2026-07-07; latest public IEA OMR stock observation,2026-06-30,2026-07-23,https://www.eia.gov/outlooks/steo/archives/feb26_base.xlsx | https://www.eia.gov/outlooks/steo/archives/jul26_base.xlsx | https://www.iea.org/reports/oil-market-report-july-2026,Arithmetic residual after the named non-overlapping bridge components.,Carried explicitly and allowed to widen rather than forced into a preferred channel.,low,"Market-clearing components sum to net_global_supply_loss; do not add them to that headline. It includes statistical discrepancy, timing, unobserved stocks, and scenario misspecification."
base_2026-05-01_2026-05-31_net_global_supply_loss,period_component,base,"Central case: inferred Strait flow modestly above the March-May oil-flow average, demonstrated bypass use, and tapering stock draws.",2026-05-01,2026-05-31,31,,historical,preliminary_estimate,physical_supply_bridge,net_global_supply_loss,14.126659,437.926429,,mb/d and million_bbl,EIA STEO 2026-02-10 counterfactual; EIA STEO 2026-07-07 preliminary,2026-06-30,2026-07-23,https://www.eia.gov/outlooks/steo/archives/feb26_base.xlsx | https://www.eia.gov/outlooks/steo/archives/jul26_base.xlsx | https://www.iea.org/reports/oil-market-report-july-2026,Frozen February monthly EIA supply less July-vintage preliminary supply; IEA level/change cross-check is 13.6 mb/d.,Historical value; no extrapolation.,medium_high,Net loss is the physical headline. Market-clearing rows explain how it was absorbed and must not be added to it.
base_2026-05-01_2026-05-31_foregone_counterfactual_stock_build,period_component,base,"Central case: inferred Strait flow modestly above the March-May oil-flow average, demonstrated bypass use, and tapering stock draws.",2026-05-01,2026-05-31,31,,historical,preliminary_estimate,market_clearing_bridge,foregone_counterfactual_stock_build,3.310988,102.640628,,mb/d and million_bbl,EIA STEO 2026-02-10/2026-07-07; latest public IEA OMR stock observation,2026-06-30,2026-07-23,https://www.eia.gov/outlooks/steo/archives/feb26_base.xlsx | https://www.eia.gov/outlooks/steo/archives/jul26_base.xlsx | https://www.iea.org/reports/oil-market-report-july-2026,"Frozen February EIA supply less consumption; this is an avoided planned build, not oil newly delivered.",Finite counterfactual cushion; retained only while using the frozen pre-war balance as the benchmark.,medium_high,Market-clearing components sum to net_global_supply_loss; do not add them to that headline.
base_2026-05-01_2026-05-31_demand_reduction,period_component,base,"Central case: inferred Strait flow modestly above the March-May oil-flow average, demonstrated bypass use, and tapering stock draws.",2026-05-01,2026-05-31,31,,historical,preliminary_estimate,market_clearing_bridge,demand_reduction,4.528958,140.397698,,mb/d and million_bbl,EIA STEO 2026-02-10/2026-07-07; latest public IEA OMR stock observation,2026-06-30,2026-07-23,https://www.eia.gov/outlooks/steo/archives/feb26_base.xlsx | https://www.eia.gov/outlooks/steo/archives/jul26_base.xlsx | https://www.iea.org/reports/oil-market-report-july-2026,"Demand is frozen-February EIA consumption less July-vintage consumption. Stock flow uses latest public IEA observed totals, so the residual preserves the EIA/IEA measurement difference.",Temporary shortage and conservation can persist under closure; rates rise modestly in longer cases but are not labeled structural fuel switching.,medium_high,Market-clearing components sum to net_global_supply_loss; do not add them to that headline. Refinery-run cuts and unquantified fuel switching remain inside this channel.
base_2026-05-01_2026-05-31_observed_total_stock_draw,period_component,base,"Central case: inferred Strait flow modestly above the March-May oil-flow average, demonstrated bypass use, and tapering stock draws.",2026-05-01,2026-05-31,31,,historical,preliminary_estimate,market_clearing_bridge,observed_total_stock_draw,2.354839,73,,mb/d and million_bbl,EIA STEO 2026-02-10/2026-07-07; latest public IEA OMR stock observation,2026-06-30,2026-07-23,https://www.eia.gov/outlooks/steo/archives/feb26_base.xlsx | https://www.eia.gov/outlooks/steo/archives/jul26_base.xlsx | https://www.iea.org/reports/oil-market-report-july-2026,"Demand is frozen-February EIA consumption less July-vintage consumption. Stock flow uses latest public IEA observed totals, so the residual preserves the EIA/IEA measurement difference.",Observed/proxy total stocks are used historically; future government and commercial rates are separated and taper by horizon.,medium_high,Market-clearing components sum to net_global_supply_loss; do not add them to that headline. Historical total stock flow is split by ownership only in horizon summaries.
base_2026-05-01_2026-05-31_residual_unallocated_adjustment,period_component,base,"Central case: inferred Strait flow modestly above the March-May oil-flow average, demonstrated bypass use, and tapering stock draws.",2026-05-01,2026-05-31,31,,historical,preliminary_estimate,market_clearing_bridge,residual_unallocated_adjustment,3.931874,121.888103,,mb/d and million_bbl,EIA STEO 2026-02-10/2026-07-07; latest public IEA OMR stock observation,2026-06-30,2026-07-23,https://www.eia.gov/outlooks/steo/archives/feb26_base.xlsx | https://www.eia.gov/outlooks/steo/archives/jul26_base.xlsx | https://www.iea.org/reports/oil-market-report-july-2026,Arithmetic residual after the named non-overlapping bridge components.,Carried explicitly and allowed to widen rather than forced into a preferred channel.,low,"Market-clearing components sum to net_global_supply_loss; do not add them to that headline. It includes statistical discrepancy, timing, unobserved stocks, and scenario misspecification."
base_2026-06-01_2026-06-30_net_global_supply_loss,period_component,base,"Central case: inferred Strait flow modestly above the March-May oil-flow average, demonstrated bypass use, and tapering stock draws.",2026-06-01,2026-06-30,30,,historical,preliminary_estimate,physical_supply_bridge,net_global_supply_loss,10.743686,322.31058,,mb/d and million_bbl,EIA STEO 2026-02-10 counterfactual; EIA STEO 2026-07-07 preliminary,2026-06-30,2026-07-23,https://www.eia.gov/outlooks/steo/archives/feb26_base.xlsx | https://www.eia.gov/outlooks/steo/archives/jul26_base.xlsx | https://www.iea.org/reports/oil-market-report-july-2026,Frozen February monthly EIA supply less July-vintage preliminary supply; IEA level/change cross-check is 9.4 mb/d.,Historical value; no extrapolation.,medium_high,Net loss is the physical headline. Market-clearing rows explain how it was absorbed and must not be added to it.
base_2026-06-01_2026-06-30_foregone_counterfactual_stock_build,period_component,base,"Central case: inferred Strait flow modestly above the March-May oil-flow average, demonstrated bypass use, and tapering stock draws.",2026-06-01,2026-06-30,30,,historical,preliminary_estimate,market_clearing_bridge,foregone_counterfactual_stock_build,2.361682,70.85046,,mb/d and million_bbl,EIA STEO 2026-02-10/2026-07-07; latest public IEA OMR stock observation,2026-06-30,2026-07-23,https://www.eia.gov/outlooks/steo/archives/feb26_base.xlsx | https://www.eia.gov/outlooks/steo/archives/jul26_base.xlsx | https://www.iea.org/reports/oil-market-report-july-2026,"Frozen February EIA supply less consumption; this is an avoided planned build, not oil newly delivered.",Finite counterfactual cushion; retained only while using the frozen pre-war balance as the benchmark.,medium_high,Market-clearing components sum to net_global_supply_loss; do not add them to that headline.
base_2026-06-01_2026-06-30_demand_reduction,period_component,base,"Central case: inferred Strait flow modestly above the March-May oil-flow average, demonstrated bypass use, and tapering stock draws.",2026-06-01,2026-06-30,30,,historical,preliminary_estimate,market_clearing_bridge,demand_reduction,4.434463,133.03389,,mb/d and million_bbl,EIA STEO 2026-02-10/2026-07-07; latest public IEA OMR stock observation,2026-06-30,2026-07-23,https://www.eia.gov/outlooks/steo/archives/feb26_base.xlsx | https://www.eia.gov/outlooks/steo/archives/jul26_base.xlsx | https://www.iea.org/reports/oil-market-report-july-2026,"Demand is frozen-February EIA consumption less July-vintage consumption. Stock flow uses latest public IEA observed totals, so the residual preserves the EIA/IEA measurement difference.",Temporary shortage and conservation can persist under closure; rates rise modestly in longer cases but are not labeled structural fuel switching.,medium_high,Market-clearing components sum to net_global_supply_loss; do not add them to that headline. Refinery-run cuts and unquantified fuel switching remain inside this channel.
base_2026-06-01_2026-06-30_observed_total_stock_draw,period_component,base,"Central case: inferred Strait flow modestly above the March-May oil-flow average, demonstrated bypass use, and tapering stock draws.",2026-06-01,2026-06-30,30,,historical,preliminary_estimate,market_clearing_bridge,observed_total_stock_draw,-0.7,-21,,mb/d and million_bbl,EIA STEO 2026-02-10/2026-07-07; latest public IEA OMR stock observation,2026-06-30,2026-07-23,https://www.eia.gov/outlooks/steo/archives/feb26_base.xlsx | https://www.eia.gov/outlooks/steo/archives/jul26_base.xlsx | https://www.iea.org/reports/oil-market-report-july-2026,"Demand is frozen-February EIA consumption less July-vintage consumption. Stock flow uses latest public IEA observed totals, so the residual preserves the EIA/IEA measurement difference.",Observed/proxy total stocks are used historically; future government and commercial rates are separated and taper by horizon.,medium_high,Market-clearing components sum to net_global_supply_loss; do not add them to that headline. Historical total stock flow is split by ownership only in horizon summaries.
base_2026-06-01_2026-06-30_residual_unallocated_adjustment,period_component,base,"Central case: inferred Strait flow modestly above the March-May oil-flow average, demonstrated bypass use, and tapering stock draws.",2026-06-01,2026-06-30,30,,historical,preliminary_estimate,market_clearing_bridge,residual_unallocated_adjustment,4.647541,139.42623,,mb/d and million_bbl,EIA STEO 2026-02-10/2026-07-07; latest public IEA OMR stock observation,2026-06-30,2026-07-23,https://www.eia.gov/outlooks/steo/archives/feb26_base.xlsx | https://www.eia.gov/outlooks/steo/archives/jul26_base.xlsx | https://www.iea.org/reports/oil-market-report-july-2026,Arithmetic residual after the named non-overlapping bridge components.,Carried explicitly and allowed to widen rather than forced into a preferred channel.,low,"Market-clearing components sum to net_global_supply_loss; do not add them to that headline. It includes statistical discrepancy, timing, unobserved stocks, and scenario misspecification."
high_supply_2026-03-01_2026-03-31_net_global_supply_loss,period_component,high_supply,"Resilient case: more AIS-dark/cargo flow, stronger bypass performance, and stronger durable supply and stock response.",2026-03-01,2026-03-31,31,,historical,preliminary_estimate,physical_supply_bridge,net_global_supply_loss,9.800265,303.808215,,mb/d and million_bbl,EIA STEO 2026-02-10 counterfactual; EIA STEO 2026-07-07 preliminary,2026-06-30,2026-07-23,https://www.eia.gov/outlooks/steo/archives/feb26_base.xlsx | https://www.eia.gov/outlooks/steo/archives/jul26_base.xlsx | https://www.iea.org/reports/oil-market-report-july-2026,Frozen February monthly EIA supply less July-vintage preliminary supply; IEA level/change cross-check is 10.1 mb/d.,Historical value; no extrapolation.,medium_high,Net loss is the physical headline. Market-clearing rows explain how it was absorbed and must not be added to it.
high_supply_2026-03-01_2026-03-31_foregone_counterfactual_stock_build,period_component,high_supply,"Resilient case: more AIS-dark/cargo flow, stronger bypass performance, and stronger durable supply and stock response.",2026-03-01,2026-03-31,31,,historical,preliminary_estimate,market_clearing_bridge,foregone_counterfactual_stock_build,3.896824,120.801544,,mb/d and million_bbl,EIA STEO 2026-02-10/2026-07-07; latest public IEA OMR stock observation,2026-06-30,2026-07-23,https://www.eia.gov/outlooks/steo/archives/feb26_base.xlsx | https://www.eia.gov/outlooks/steo/archives/jul26_base.xlsx | https://www.iea.org/reports/oil-market-report-july-2026,"Frozen February EIA supply less consumption; this is an avoided planned build, not oil newly delivered.",Finite counterfactual cushion; retained only while using the frozen pre-war balance as the benchmark.,medium_high,Market-clearing components sum to net_global_supply_loss; do not add them to that headline.
high_supply_2026-03-01_2026-03-31_demand_reduction,period_component,high_supply,"Resilient case: more AIS-dark/cargo flow, stronger bypass performance, and stronger durable supply and stock response.",2026-03-01,2026-03-31,31,,historical,preliminary_estimate,market_clearing_bridge,demand_reduction,1.303611,40.411941,,mb/d and million_bbl,EIA STEO 2026-02-10/2026-07-07; latest public IEA OMR stock observation,2026-06-30,2026-07-23,https://www.eia.gov/outlooks/steo/archives/feb26_base.xlsx | https://www.eia.gov/outlooks/steo/archives/jul26_base.xlsx | https://www.iea.org/reports/oil-market-report-july-2026,"Demand is frozen-February EIA consumption less July-vintage consumption. Stock flow uses latest public IEA observed totals, so the residual preserves the EIA/IEA measurement difference.",Temporary shortage and conservation can persist under closure; rates rise modestly in longer cases but are not labeled structural fuel switching.,medium_high,Market-clearing components sum to net_global_supply_loss; do not add them to that headline. Refinery-run cuts and unquantified fuel switching remain inside this channel.
high_supply_2026-03-01_2026-03-31_observed_total_stock_draw,period_component,high_supply,"Resilient case: more AIS-dark/cargo flow, stronger bypass performance, and stronger durable supply and stock response.",2026-03-01,2026-03-31,31,,historical,preliminary_estimate,market_clearing_bridge,observed_total_stock_draw,4.16129,129,,mb/d and million_bbl,EIA STEO 2026-02-10/2026-07-07; latest public IEA OMR stock observation,2026-06-30,2026-07-23,https://www.eia.gov/outlooks/steo/archives/feb26_base.xlsx | https://www.eia.gov/outlooks/steo/archives/jul26_base.xlsx | https://www.iea.org/reports/oil-market-report-july-2026,"Demand is frozen-February EIA consumption less July-vintage consumption. Stock flow uses latest public IEA observed totals, so the residual preserves the EIA/IEA measurement difference.",Observed/proxy total stocks are used historically; future government and commercial rates are separated and taper by horizon.,medium_high,Market-clearing components sum to net_global_supply_loss; do not add them to that headline. Historical total stock flow is split by ownership only in horizon summaries.
high_supply_2026-03-01_2026-03-31_residual_unallocated_adjustment,period_component,high_supply,"Resilient case: more AIS-dark/cargo flow, stronger bypass performance, and stronger durable supply and stock response.",2026-03-01,2026-03-31,31,,historical,preliminary_estimate,market_clearing_bridge,residual_unallocated_adjustment,0.43854,13.59473,,mb/d and million_bbl,EIA STEO 2026-02-10/2026-07-07; latest public IEA OMR stock observation,2026-06-30,2026-07-23,https://www.eia.gov/outlooks/steo/archives/feb26_base.xlsx | https://www.eia.gov/outlooks/steo/archives/jul26_base.xlsx | https://www.iea.org/reports/oil-market-report-july-2026,Arithmetic residual after the named non-overlapping bridge components.,Carried explicitly and allowed to widen rather than forced into a preferred channel.,low,"Market-clearing components sum to net_global_supply_loss; do not add them to that headline. It includes statistical discrepancy, timing, unobserved stocks, and scenario misspecification."
high_supply_2026-04-01_2026-04-30_net_global_supply_loss,period_component,high_supply,"Resilient case: more AIS-dark/cargo flow, stronger bypass performance, and stronger durable supply and stock response.",2026-04-01,2026-04-30,30,,historical,preliminary_estimate,physical_supply_bridge,net_global_supply_loss,12.581064,377.43192,,mb/d and million_bbl,EIA STEO 2026-02-10 counterfactual; EIA STEO 2026-07-07 preliminary,2026-06-30,2026-07-23,https://www.eia.gov/outlooks/steo/archives/feb26_base.xlsx | https://www.eia.gov/outlooks/steo/archives/jul26_base.xlsx | https://www.iea.org/reports/oil-market-report-july-2026,Frozen February monthly EIA supply less July-vintage preliminary supply; IEA level/change cross-check is 12.8 mb/d.,Historical value; no extrapolation.,medium_high,Net loss is the physical headline. Market-clearing rows explain how it was absorbed and must not be added to it.
high_supply_2026-04-01_2026-04-30_foregone_counterfactual_stock_build,period_component,high_supply,"Resilient case: more AIS-dark/cargo flow, stronger bypass performance, and stronger durable supply and stock response.",2026-04-01,2026-04-30,30,,historical,preliminary_estimate,market_clearing_bridge,foregone_counterfactual_stock_build,3.392836,101.78508,,mb/d and million_bbl,EIA STEO 2026-02-10/2026-07-07; latest public IEA OMR stock observation,2026-06-30,2026-07-23,https://www.eia.gov/outlooks/steo/archives/feb26_base.xlsx | https://www.eia.gov/outlooks/steo/archives/jul26_base.xlsx | https://www.iea.org/reports/oil-market-report-july-2026,"Frozen February EIA supply less consumption; this is an avoided planned build, not oil newly delivered.",Finite counterfactual cushion; retained only while using the frozen pre-war balance as the benchmark.,medium_high,Market-clearing components sum to net_global_supply_loss; do not add them to that headline.
high_supply_2026-04-01_2026-04-30_demand_reduction,period_component,high_supply,"Resilient case: more AIS-dark/cargo flow, stronger bypass performance, and stronger durable supply and stock response.",2026-04-01,2026-04-30,30,,historical,preliminary_estimate,market_clearing_bridge,demand_reduction,4.179495,125.38485,,mb/d and million_bbl,EIA STEO 2026-02-10/2026-07-07; latest public IEA OMR stock observation,2026-06-30,2026-07-23,https://www.eia.gov/outlooks/steo/archives/feb26_base.xlsx | https://www.eia.gov/outlooks/steo/archives/jul26_base.xlsx | https://www.iea.org/reports/oil-market-report-july-2026,"Demand is frozen-February EIA consumption less July-vintage consumption. Stock flow uses latest public IEA observed totals, so the residual preserves the EIA/IEA measurement difference.",Temporary shortage and conservation can persist under closure; rates rise modestly in longer cases but are not labeled structural fuel switching.,medium_high,Market-clearing components sum to net_global_supply_loss; do not add them to that headline. Refinery-run cuts and unquantified fuel switching remain inside this channel.
high_supply_2026-04-01_2026-04-30_observed_total_stock_draw,period_component,high_supply,"Resilient case: more AIS-dark/cargo flow, stronger bypass performance, and stronger durable supply and stock response.",2026-04-01,2026-04-30,30,,historical,preliminary_estimate,market_clearing_bridge,observed_total_stock_draw,3.9,117,,mb/d and million_bbl,EIA STEO 2026-02-10/2026-07-07; latest public IEA OMR stock observation,2026-06-30,2026-07-23,https://www.eia.gov/outlooks/steo/archives/feb26_base.xlsx | https://www.eia.gov/outlooks/steo/archives/jul26_base.xlsx | https://www.iea.org/reports/oil-market-report-july-2026,"Demand is frozen-February EIA consumption less July-vintage consumption. Stock flow uses latest public IEA observed totals, so the residual preserves the EIA/IEA measurement difference.",Observed/proxy total stocks are used historically; future government and commercial rates are separated and taper by horizon.,medium_high,Market-clearing components sum to net_global_supply_loss; do not add them to that headline. Historical total stock flow is split by ownership only in horizon summaries.
high_supply_2026-04-01_2026-04-30_residual_unallocated_adjustment,period_component,high_supply,"Resilient case: more AIS-dark/cargo flow, stronger bypass performance, and stronger durable supply and stock response.",2026-04-01,2026-04-30,30,,historical,preliminary_estimate,market_clearing_bridge,residual_unallocated_adjustment,1.108733,33.26199,,mb/d and million_bbl,EIA STEO 2026-02-10/2026-07-07; latest public IEA OMR stock observation,2026-06-30,2026-07-23,https://www.eia.gov/outlooks/steo/archives/feb26_base.xlsx | https://www.eia.gov/outlooks/steo/archives/jul26_base.xlsx | https://www.iea.org/reports/oil-market-report-july-2026,Arithmetic residual after the named non-overlapping bridge components.,Carried explicitly and allowed to widen rather than forced into a preferred channel.,low,"Market-clearing components sum to net_global_supply_loss; do not add them to that headline. It includes statistical discrepancy, timing, unobserved stocks, and scenario misspecification."
high_supply_2026-05-01_2026-05-31_net_global_supply_loss,period_component,high_supply,"Resilient case: more AIS-dark/cargo flow, stronger bypass performance, and stronger durable supply and stock response.",2026-05-01,2026-05-31,31,,historical,preliminary_estimate,physical_supply_bridge,net_global_supply_loss,14.126659,437.926429,,mb/d and million_bbl,EIA STEO 2026-02-10 counterfactual; EIA STEO 2026-07-07 preliminary,2026-06-30,2026-07-23,https://www.eia.gov/outlooks/steo/archives/feb26_base.xlsx | https://www.eia.gov/outlooks/steo/archives/jul26_base.xlsx | https://www.iea.org/reports/oil-market-report-july-2026,Frozen February monthly EIA supply less July-vintage preliminary supply; IEA level/change cross-check is 13.6 mb/d.,Historical value; no extrapolation.,medium_high,Net loss is the physical headline. Market-clearing rows explain how it was absorbed and must not be added to it.
high_supply_2026-05-01_2026-05-31_foregone_counterfactual_stock_build,period_component,high_supply,"Resilient case: more AIS-dark/cargo flow, stronger bypass performance, and stronger durable supply and stock response.",2026-05-01,2026-05-31,31,,historical,preliminary_estimate,market_clearing_bridge,foregone_counterfactual_stock_build,3.310988,102.640628,,mb/d and million_bbl,EIA STEO 2026-02-10/2026-07-07; latest public IEA OMR stock observation,2026-06-30,2026-07-23,https://www.eia.gov/outlooks/steo/archives/feb26_base.xlsx | https://www.eia.gov/outlooks/steo/archives/jul26_base.xlsx | https://www.iea.org/reports/oil-market-report-july-2026,"Frozen February EIA supply less consumption; this is an avoided planned build, not oil newly delivered.",Finite counterfactual cushion; retained only while using the frozen pre-war balance as the benchmark.,medium_high,Market-clearing components sum to net_global_supply_loss; do not add them to that headline.
high_supply_2026-05-01_2026-05-31_demand_reduction,period_component,high_supply,"Resilient case: more AIS-dark/cargo flow, stronger bypass performance, and stronger durable supply and stock response.",2026-05-01,2026-05-31,31,,historical,preliminary_estimate,market_clearing_bridge,demand_reduction,4.528958,140.397698,,mb/d and million_bbl,EIA STEO 2026-02-10/2026-07-07; latest public IEA OMR stock observation,2026-06-30,2026-07-23,https://www.eia.gov/outlooks/steo/archives/feb26_base.xlsx | https://www.eia.gov/outlooks/steo/archives/jul26_base.xlsx | https://www.iea.org/reports/oil-market-report-july-2026,"Demand is frozen-February EIA consumption less July-vintage consumption. Stock flow uses latest public IEA observed totals, so the residual preserves the EIA/IEA measurement difference.",Temporary shortage and conservation can persist under closure; rates rise modestly in longer cases but are not labeled structural fuel switching.,medium_high,Market-clearing components sum to net_global_supply_loss; do not add them to that headline. Refinery-run cuts and unquantified fuel switching remain inside this channel.
high_supply_2026-05-01_2026-05-31_observed_total_stock_draw,period_component,high_supply,"Resilient case: more AIS-dark/cargo flow, stronger bypass performance, and stronger durable supply and stock response.",2026-05-01,2026-05-31,31,,historical,preliminary_estimate,market_clearing_bridge,observed_total_stock_draw,2.354839,73,,mb/d and million_bbl,EIA STEO 2026-02-10/2026-07-07; latest public IEA OMR stock observation,2026-06-30,2026-07-23,https://www.eia.gov/outlooks/steo/archives/feb26_base.xlsx | https://www.eia.gov/outlooks/steo/archives/jul26_base.xlsx | https://www.iea.org/reports/oil-market-report-july-2026,"Demand is frozen-February EIA consumption less July-vintage consumption. Stock flow uses latest public IEA observed totals, so the residual preserves the EIA/IEA measurement difference.",Observed/proxy total stocks are used historically; future government and commercial rates are separated and taper by horizon.,medium_high,Market-clearing components sum to net_global_supply_loss; do not add them to that headline. Historical total stock flow is split by ownership only in horizon summaries.
high_supply_2026-05-01_2026-05-31_residual_unallocated_adjustment,period_component,high_supply,"Resilient case: more AIS-dark/cargo flow, stronger bypass performance, and stronger durable supply and stock response.",2026-05-01,2026-05-31,31,,historical,preliminary_estimate,market_clearing_bridge,residual_unallocated_adjustment,3.931874,121.888103,,mb/d and million_bbl,EIA STEO 2026-02-10/2026-07-07; latest public IEA OMR stock observation,2026-06-30,2026-07-23,https://www.eia.gov/outlooks/steo/archives/feb26_base.xlsx | https://www.eia.gov/outlooks/steo/archives/jul26_base.xlsx | https://www.iea.org/reports/oil-market-report-july-2026,Arithmetic residual after the named non-overlapping bridge components.,Carried explicitly and allowed to widen rather than forced into a preferred channel.,low,"Market-clearing components sum to net_global_supply_loss; do not add them to that headline. It includes statistical discrepancy, timing, unobserved stocks, and scenario misspecification."
high_supply_2026-06-01_2026-06-30_net_global_supply_loss,period_component,high_supply,"Resilient case: more AIS-dark/cargo flow, stronger bypass performance, and stronger durable supply and stock response.",2026-06-01,2026-06-30,30,,historical,preliminary_estimate,physical_supply_bridge,net_global_supply_loss,10.743686,322.31058,,mb/d and million_bbl,EIA STEO 2026-02-10 counterfactual; EIA STEO 2026-07-07 preliminary,2026-06-30,2026-07-23,https://www.eia.gov/outlooks/steo/archives/feb26_base.xlsx | https://www.eia.gov/outlooks/steo/archives/jul26_base.xlsx | https://www.iea.org/reports/oil-market-report-july-2026,Frozen February monthly EIA supply less July-vintage preliminary supply; IEA level/change cross-check is 9.4 mb/d.,Historical value; no extrapolation.,medium_high,Net loss is the physical headline. Market-clearing rows explain how it was absorbed and must not be added to it.
high_supply_2026-06-01_2026-06-30_foregone_counterfactual_stock_build,period_component,high_supply,"Resilient case: more AIS-dark/cargo flow, stronger bypass performance, and stronger durable supply and stock response.",2026-06-01,2026-06-30,30,,historical,preliminary_estimate,market_clearing_bridge,foregone_counterfactual_stock_build,2.361682,70.85046,,mb/d and million_bbl,EIA STEO 2026-02-10/2026-07-07; latest public IEA OMR stock observation,2026-06-30,2026-07-23,https://www.eia.gov/outlooks/steo/archives/feb26_base.xlsx | https://www.eia.gov/outlooks/steo/archives/jul26_base.xlsx | https://www.iea.org/reports/oil-market-report-july-2026,"Frozen February EIA supply less consumption; this is an avoided planned build, not oil newly delivered.",Finite counterfactual cushion; retained only while using the frozen pre-war balance as the benchmark.,medium_high,Market-clearing components sum to net_global_supply_loss; do not add them to that headline.
high_supply_2026-06-01_2026-06-30_demand_reduction,period_component,high_supply,"Resilient case: more AIS-dark/cargo flow, stronger bypass performance, and stronger durable supply and stock response.",2026-06-01,2026-06-30,30,,historical,preliminary_estimate,market_clearing_bridge,demand_reduction,4.434463,133.03389,,mb/d and million_bbl,EIA STEO 2026-02-10/2026-07-07; latest public IEA OMR stock observation,2026-06-30,2026-07-23,https://www.eia.gov/outlooks/steo/archives/feb26_base.xlsx | https://www.eia.gov/outlooks/steo/archives/jul26_base.xlsx | https://www.iea.org/reports/oil-market-report-july-2026,"Demand is frozen-February EIA consumption less July-vintage consumption. Stock flow uses latest public IEA observed totals, so the residual preserves the EIA/IEA measurement difference.",Temporary shortage and conservation can persist under closure; rates rise modestly in longer cases but are not labeled structural fuel switching.,medium_high,Market-clearing components sum to net_global_supply_loss; do not add them to that headline. Refinery-run cuts and unquantified fuel switching remain inside this channel.
high_supply_2026-06-01_2026-06-30_observed_total_stock_draw,period_component,high_supply,"Resilient case: more AIS-dark/cargo flow, stronger bypass performance, and stronger durable supply and stock response.",2026-06-01,2026-06-30,30,,historical,preliminary_estimate,market_clearing_bridge,observed_total_stock_draw,-0.7,-21,,mb/d and million_bbl,EIA STEO 2026-02-10/2026-07-07; latest public IEA OMR stock observation,2026-06-30,2026-07-23,https://www.eia.gov/outlooks/steo/archives/feb26_base.xlsx | https://www.eia.gov/outlooks/steo/archives/jul26_base.xlsx | https://www.iea.org/reports/oil-market-report-july-2026,"Demand is frozen-February EIA consumption less July-vintage consumption. Stock flow uses latest public IEA observed totals, so the residual preserves the EIA/IEA measurement difference.",Observed/proxy total stocks are used historically; future government and commercial rates are separated and taper by horizon.,medium_high,Market-clearing components sum to net_global_supply_loss; do not add them to that headline. Historical total stock flow is split by ownership only in horizon summaries.
high_supply_2026-06-01_2026-06-30_residual_unallocated_adjustment,period_component,high_supply,"Resilient case: more AIS-dark/cargo flow, stronger bypass performance, and stronger durable supply and stock response.",2026-06-01,2026-06-30,30,,historical,preliminary_estimate,market_clearing_bridge,residual_unallocated_adjustment,4.647541,139.42623,,mb/d and million_bbl,EIA STEO 2026-02-10/2026-07-07; latest public IEA OMR stock observation,2026-06-30,2026-07-23,https://www.eia.gov/outlooks/steo/archives/feb26_base.xlsx | https://www.eia.gov/outlooks/steo/archives/jul26_base.xlsx | https://www.iea.org/reports/oil-market-report-july-2026,Arithmetic residual after the named non-overlapping bridge components.,Carried explicitly and allowed to widen rather than forced into a preferred channel.,low,"Market-clearing components sum to net_global_supply_loss; do not add them to that headline. It includes statistical discrepancy, timing, unobserved stocks, and scenario misspecification."
low_supply_2026-07-01_2026-07-07_net_global_supply_loss,period_component,low_supply,"Stress case: lower inferred Strait flow, weaker bypass durability, and conservative stock-release capacity.",2026-07-01,2026-07-07,7,,july_pre_escalation_forecast,forecast,physical_supply_bridge,net_global_supply_loss,9.125398,63.877786,,mb/d and million_bbl,"EIA STEO 2026-07-07, forecast completed 2026-07-01",2026-06-30,2026-07-23,https://www.eia.gov/outlooks/steo/archives/jul26_base.xlsx,Retains the July STEO forecast for the seven days before the 7-8 July renewed escalation.,Superseded for July 8 onward by the observed low-traffic regime.,medium,Net loss is the physical headline; market-clearing components sum to it.
low_supply_2026-07-01_2026-07-07_foregone_counterfactual_stock_build,period_component,low_supply,"Stress case: lower inferred Strait flow, weaker bypass durability, and conservative stock-release capacity.",2026-07-01,2026-07-07,7,,july_pre_escalation_forecast,forecast,market_clearing_bridge,foregone_counterfactual_stock_build,2.682251,18.775757,,mb/d and million_bbl,EIA STEO 2026-02-10/2026-07-07; project July stock proxy,2026-06-30,2026-07-23,https://www.eia.gov/outlooks/steo/archives/feb26_base.xlsx | https://www.eia.gov/outlooks/steo/archives/jul26_base.xlsx,"Frozen February EIA supply less consumption; this is an avoided planned build, not oil newly delivered.",Finite counterfactual cushion; retained only while using the frozen pre-war balance as the benchmark.,medium,Market-clearing components sum to net_global_supply_loss; do not add them to that headline.
low_supply_2026-07-01_2026-07-07_demand_reduction,period_component,low_supply,"Stress case: lower inferred Strait flow, weaker bypass durability, and conservative stock-release capacity.",2026-07-01,2026-07-07,7,,july_pre_escalation_forecast,forecast,market_clearing_bridge,demand_reduction,4.100886,28.706202,,mb/d and million_bbl,EIA STEO 2026-02-10/2026-07-07; project July stock proxy,2026-06-30,2026-07-23,https://www.eia.gov/outlooks/steo/archives/feb26_base.xlsx | https://www.eia.gov/outlooks/steo/archives/jul26_base.xlsx,July demand follows the July STEO; stock draw applies the 2.2 mb/d 3Q EIA proxy uniformly. Neither is observed July data.,Temporary shortage and conservation can persist under closure; rates rise modestly in longer cases but are not labeled structural fuel switching.,medium,Market-clearing components sum to net_global_supply_loss; do not add them to that headline. Refinery-run cuts and unquantified fuel switching remain inside this channel.
low_supply_2026-07-01_2026-07-07_forecast_total_stock_draw,period_component,low_supply,"Stress case: lower inferred Strait flow, weaker bypass durability, and conservative stock-release capacity.",2026-07-01,2026-07-07,7,,july_pre_escalation_forecast,forecast,market_clearing_bridge,forecast_total_stock_draw,2.2,15.4,,mb/d and million_bbl,EIA STEO 2026-02-10/2026-07-07; project July stock proxy,2026-06-30,2026-07-23,https://www.eia.gov/outlooks/steo/archives/feb26_base.xlsx | https://www.eia.gov/outlooks/steo/archives/jul26_base.xlsx,July demand follows the July STEO; stock draw applies the 2.2 mb/d 3Q EIA proxy uniformly. Neither is observed July data.,Observed/proxy total stocks are used historically; future government and commercial rates are separated and taper by horizon.,medium,Market-clearing components sum to net_global_supply_loss; do not add them to that headline. Historical total stock flow is split by ownership only in horizon summaries.
low_supply_2026-07-01_2026-07-07_residual_unallocated_adjustment,period_component,low_supply,"Stress case: lower inferred Strait flow, weaker bypass durability, and conservative stock-release capacity.",2026-07-01,2026-07-07,7,,july_pre_escalation_forecast,forecast,market_clearing_bridge,residual_unallocated_adjustment,0.142261,0.995827,,mb/d and million_bbl,EIA STEO 2026-02-10/2026-07-07; project July stock proxy,2026-06-30,2026-07-23,https://www.eia.gov/outlooks/steo/archives/feb26_base.xlsx | https://www.eia.gov/outlooks/steo/archives/jul26_base.xlsx,Arithmetic residual after the named non-overlapping bridge components.,Carried explicitly and allowed to widen rather than forced into a preferred channel.,low,"Market-clearing components sum to net_global_supply_loss; do not add them to that headline. It includes statistical discrepancy, timing, unobserved stocks, and scenario misspecification."
low_supply_2026-07-08_2026-07-31_gross_missing_hormuz_flow,period_component,low_supply,"Stress case: lower inferred Strait flow, weaker bypass durability, and conservative stock-release capacity.",2026-07-08,2026-07-31,24,,current_traffic_july_nowcast,analyst_nowcast,physical_supply_bridge,gross_missing_hormuz_flow,17,408,,mb/d and million_bbl,PortWatch through 2026-07-23; IEA through 2026-07-21,2026-06-30,2026-07-23,https://portwatch.imf.org/pages/data-and-methodology | https://www.iea.org/commentaries/how-global-oil-supplies-have-readjusted-to-help-fill-the-huge-gap-left-by-the-strait-of-hormuz-shock | https://www.iea.org/reports/oil-market-report-july-2026 | https://www.iea.org/news/iea-executive-director-statement-on-oil-markets,IEA pre-war Hormuz flow of about 20 mb/d less the independently bounded current oil flow.,Held at the July 8-23 traffic regime through every horizon; political and security conditions can invalidate it abruptly.,low,"Gross missing route flow minus the two physical offsets equals net global supply loss. Calls are not converted mechanically to barrels; AIS-dark, direction, loading, cargo mix, and tank draw remain uncertain."
low_supply_2026-07-08_2026-07-31_incremental_gulf_bypass_offset,period_component,low_supply,"Stress case: lower inferred Strait flow, weaker bypass durability, and conservative stock-release capacity.",2026-07-08,2026-07-31,24,,current_traffic_july_nowcast,analyst_nowcast,physical_supply_bridge,incremental_gulf_bypass_offset,3,72,,mb/d and million_bbl,PortWatch through 2026-07-23; IEA through 2026-07-21,2026-06-30,2026-07-23,https://portwatch.imf.org/pages/data-and-methodology | https://www.iea.org/commentaries/how-global-oil-supplies-have-readjusted-to-help-fill-the-huge-gap-left-by-the-strait-of-hormuz-shock | https://www.iea.org/reports/oil-market-report-july-2026 | https://www.iea.org/news/iea-executive-director-statement-on-oil-markets,Increment above the pre-war non-Hormuz route base; bounded by IEA's 7.2 mb/d early-April alternative-route total versus less than 4 mb/d pre-war.,"Demonstrated infrastructure continues, but the rate tapers for maintenance, terminal, security, and Bab el-Mandeb risk.",low,"Gross missing route flow minus the two physical offsets equals net global supply loss. Calls are not converted mechanically to barrels; AIS-dark, direction, loading, cargo mix, and tank draw remain uncertain."
low_supply_2026-07-08_2026-07-31_incremental_non_gulf_supply_offset,period_component,low_supply,"Stress case: lower inferred Strait flow, weaker bypass durability, and conservative stock-release capacity.",2026-07-08,2026-07-31,24,,current_traffic_july_nowcast,analyst_nowcast,physical_supply_bridge,incremental_non_gulf_supply_offset,0.4,9.6,,mb/d and million_bbl,PortWatch through 2026-07-23; IEA through 2026-07-21,2026-06-30,2026-07-23,https://portwatch.imf.org/pages/data-and-methodology | https://www.iea.org/commentaries/how-global-oil-supplies-have-readjusted-to-help-fill-the-huge-gap-left-by-the-strait-of-hormuz-shock | https://www.iea.org/reports/oil-market-report-july-2026 | https://www.iea.org/news/iea-executive-director-statement-on-oil-markets,"Increment versus the frozen outlook, not Atlantic Basin export redirection; central near-term rate uses IEA's 0.6 mb/d upward Americas-growth revision.","Ramps slowly with projects and wells; port, quality, decline, maintenance, and sanctions limit the response.",low,"Gross missing route flow minus the two physical offsets equals net global supply loss. Calls are not converted mechanically to barrels; AIS-dark, direction, loading, cargo mix, and tank draw remain uncertain."
low_supply_2026-07-08_2026-07-31_net_global_supply_loss,period_component,low_supply,"Stress case: lower inferred Strait flow, weaker bypass durability, and conservative stock-release capacity.",2026-07-08,2026-07-31,24,,current_traffic_july_nowcast,analyst_nowcast,physical_supply_bridge,net_global_supply_loss,13.6,326.4,,mb/d and million_bbl,PortWatch through 2026-07-23; IEA through 2026-07-21,2026-06-30,2026-07-23,https://portwatch.imf.org/pages/data-and-methodology | https://www.iea.org/commentaries/how-global-oil-supplies-have-readjusted-to-help-fill-the-huge-gap-left-by-the-strait-of-hormuz-shock | https://www.iea.org/reports/oil-market-report-july-2026 | https://www.iea.org/news/iea-executive-director-statement-on-oil-markets,Gross missing Hormuz flow less incremental Gulf bypass and incremental non-Gulf supply.,Held near the current physical state; bypass taper is partly offset by non-Gulf ramp in the base case.,low_medium,"Gross missing route flow minus the two physical offsets equals net global supply loss. Calls are not converted mechanically to barrels; AIS-dark, direction, loading, cargo mix, and tank draw remain uncertain."
low_supply_2026-07-08_2026-07-31_foregone_counterfactual_stock_build,period_component,low_supply,"Stress case: lower inferred Strait flow, weaker bypass durability, and conservative stock-release capacity.",2026-07-08,2026-07-31,24,,current_traffic_july_nowcast,analyst_nowcast,market_clearing_bridge,foregone_counterfactual_stock_build,2.682251,64.374024,,mb/d and million_bbl,EIA STEO 2026-02-10/2026-07-07; PortWatch through 2026-07-23,2026-06-30,2026-07-23,https://www.eia.gov/outlooks/steo/archives/feb26_base.xlsx | https://www.eia.gov/outlooks/steo/archives/jul26_base.xlsx | https://portwatch.imf.org/pages/data-and-methodology,"Frozen February EIA supply less consumption; this is an avoided planned build, not oil newly delivered.",Finite counterfactual cushion; retained only while using the frozen pre-war balance as the benchmark.,medium,Market-clearing components sum to net_global_supply_loss; do not add them to that headline.
low_supply_2026-07-08_2026-07-31_demand_reduction,period_component,low_supply,"Stress case: lower inferred Strait flow, weaker bypass durability, and conservative stock-release capacity.",2026-07-08,2026-07-31,24,,current_traffic_july_nowcast,analyst_nowcast,market_clearing_bridge,demand_reduction,4.100886,98.421264,,mb/d and million_bbl,EIA STEO 2026-02-10/2026-07-07; PortWatch through 2026-07-23,2026-06-30,2026-07-23,https://www.eia.gov/outlooks/steo/archives/feb26_base.xlsx | https://www.eia.gov/outlooks/steo/archives/jul26_base.xlsx | https://portwatch.imf.org/pages/data-and-methodology,Holds EIA's July demand and stock proxy fixed; the extra loss implied by the post-8 July traffic regime remains in the residual because no later July balance observation exists.,Temporary shortage and conservation can persist under closure; rates rise modestly in longer cases but are not labeled structural fuel switching.,medium,Market-clearing components sum to net_global_supply_loss; do not add them to that headline. Refinery-run cuts and unquantified fuel switching remain inside this channel.
low_supply_2026-07-08_2026-07-31_forecast_total_stock_draw,period_component,low_supply,"Stress case: lower inferred Strait flow, weaker bypass durability, and conservative stock-release capacity.",2026-07-08,2026-07-31,24,,current_traffic_july_nowcast,analyst_nowcast,market_clearing_bridge,forecast_total_stock_draw,2.2,52.8,,mb/d and million_bbl,EIA STEO 2026-02-10/2026-07-07; PortWatch through 2026-07-23,2026-06-30,2026-07-23,https://www.eia.gov/outlooks/steo/archives/feb26_base.xlsx | https://www.eia.gov/outlooks/steo/archives/jul26_base.xlsx | https://portwatch.imf.org/pages/data-and-methodology,Holds EIA's July demand and stock proxy fixed; the extra loss implied by the post-8 July traffic regime remains in the residual because no later July balance observation exists.,Observed/proxy total stocks are used historically; future government and commercial rates are separated and taper by horizon.,medium,Market-clearing components sum to net_global_supply_loss; do not add them to that headline. Historical total stock flow is split by ownership only in horizon summaries.
low_supply_2026-07-08_2026-07-31_residual_unallocated_adjustment,period_component,low_supply,"Stress case: lower inferred Strait flow, weaker bypass durability, and conservative stock-release capacity.",2026-07-08,2026-07-31,24,,current_traffic_july_nowcast,analyst_nowcast,market_clearing_bridge,residual_unallocated_adjustment,4.616863,110.804712,,mb/d and million_bbl,EIA STEO 2026-02-10/2026-07-07; PortWatch through 2026-07-23,2026-06-30,2026-07-23,https://www.eia.gov/outlooks/steo/archives/feb26_base.xlsx | https://www.eia.gov/outlooks/steo/archives/jul26_base.xlsx | https://portwatch.imf.org/pages/data-and-methodology,Arithmetic residual after the named non-overlapping bridge components.,Carried explicitly and allowed to widen rather than forced into a preferred channel.,low,"Market-clearing components sum to net_global_supply_loss; do not add them to that headline. It includes statistical discrepancy, timing, unobserved stocks, and scenario misspecification."
base_2026-07-01_2026-07-07_net_global_supply_loss,period_component,base,"Central case: inferred Strait flow modestly above the March-May oil-flow average, demonstrated bypass use, and tapering stock draws.",2026-07-01,2026-07-07,7,,july_pre_escalation_forecast,forecast,physical_supply_bridge,net_global_supply_loss,9.125398,63.877786,,mb/d and million_bbl,"EIA STEO 2026-07-07, forecast completed 2026-07-01",2026-06-30,2026-07-23,https://www.eia.gov/outlooks/steo/archives/jul26_base.xlsx,Retains the July STEO forecast for the seven days before the 7-8 July renewed escalation.,Superseded for July 8 onward by the observed low-traffic regime.,medium,Net loss is the physical headline; market-clearing components sum to it.
base_2026-07-01_2026-07-07_foregone_counterfactual_stock_build,period_component,base,"Central case: inferred Strait flow modestly above the March-May oil-flow average, demonstrated bypass use, and tapering stock draws.",2026-07-01,2026-07-07,7,,july_pre_escalation_forecast,forecast,market_clearing_bridge,foregone_counterfactual_stock_build,2.682251,18.775757,,mb/d and million_bbl,EIA STEO 2026-02-10/2026-07-07; project July stock proxy,2026-06-30,2026-07-23,https://www.eia.gov/outlooks/steo/archives/feb26_base.xlsx | https://www.eia.gov/outlooks/steo/archives/jul26_base.xlsx,"Frozen February EIA supply less consumption; this is an avoided planned build, not oil newly delivered.",Finite counterfactual cushion; retained only while using the frozen pre-war balance as the benchmark.,medium,Market-clearing components sum to net_global_supply_loss; do not add them to that headline.
base_2026-07-01_2026-07-07_demand_reduction,period_component,base,"Central case: inferred Strait flow modestly above the March-May oil-flow average, demonstrated bypass use, and tapering stock draws.",2026-07-01,2026-07-07,7,,july_pre_escalation_forecast,forecast,market_clearing_bridge,demand_reduction,4.100886,28.706202,,mb/d and million_bbl,EIA STEO 2026-02-10/2026-07-07; project July stock proxy,2026-06-30,2026-07-23,https://www.eia.gov/outlooks/steo/archives/feb26_base.xlsx | https://www.eia.gov/outlooks/steo/archives/jul26_base.xlsx,July demand follows the July STEO; stock draw applies the 2.2 mb/d 3Q EIA proxy uniformly. Neither is observed July data.,Temporary shortage and conservation can persist under closure; rates rise modestly in longer cases but are not labeled structural fuel switching.,medium,Market-clearing components sum to net_global_supply_loss; do not add them to that headline. Refinery-run cuts and unquantified fuel switching remain inside this channel.
base_2026-07-01_2026-07-07_forecast_total_stock_draw,period_component,base,"Central case: inferred Strait flow modestly above the March-May oil-flow average, demonstrated bypass use, and tapering stock draws.",2026-07-01,2026-07-07,7,,july_pre_escalation_forecast,forecast,market_clearing_bridge,forecast_total_stock_draw,2.2,15.4,,mb/d and million_bbl,EIA STEO 2026-02-10/2026-07-07; project July stock proxy,2026-06-30,2026-07-23,https://www.eia.gov/outlooks/steo/archives/feb26_base.xlsx | https://www.eia.gov/outlooks/steo/archives/jul26_base.xlsx,July demand follows the July STEO; stock draw applies the 2.2 mb/d 3Q EIA proxy uniformly. Neither is observed July data.,Observed/proxy total stocks are used historically; future government and commercial rates are separated and taper by horizon.,medium,Market-clearing components sum to net_global_supply_loss; do not add them to that headline. Historical total stock flow is split by ownership only in horizon summaries.
base_2026-07-01_2026-07-07_residual_unallocated_adjustment,period_component,base,"Central case: inferred Strait flow modestly above the March-May oil-flow average, demonstrated bypass use, and tapering stock draws.",2026-07-01,2026-07-07,7,,july_pre_escalation_forecast,forecast,market_clearing_bridge,residual_unallocated_adjustment,0.142261,0.995827,,mb/d and million_bbl,EIA STEO 2026-02-10/2026-07-07; project July stock proxy,2026-06-30,2026-07-23,https://www.eia.gov/outlooks/steo/archives/feb26_base.xlsx | https://www.eia.gov/outlooks/steo/archives/jul26_base.xlsx,Arithmetic residual after the named non-overlapping bridge components.,Carried explicitly and allowed to widen rather than forced into a preferred channel.,low,"Market-clearing components sum to net_global_supply_loss; do not add them to that headline. It includes statistical discrepancy, timing, unobserved stocks, and scenario misspecification."
base_2026-07-08_2026-07-31_gross_missing_hormuz_flow,period_component,base,"Central case: inferred Strait flow modestly above the March-May oil-flow average, demonstrated bypass use, and tapering stock draws.",2026-07-08,2026-07-31,24,,current_traffic_july_nowcast,analyst_nowcast,physical_supply_bridge,gross_missing_hormuz_flow,16,384,,mb/d and million_bbl,PortWatch through 2026-07-23; IEA through 2026-07-21,2026-06-30,2026-07-23,https://portwatch.imf.org/pages/data-and-methodology | https://www.iea.org/commentaries/how-global-oil-supplies-have-readjusted-to-help-fill-the-huge-gap-left-by-the-strait-of-hormuz-shock | https://www.iea.org/reports/oil-market-report-july-2026 | https://www.iea.org/news/iea-executive-director-statement-on-oil-markets,IEA pre-war Hormuz flow of about 20 mb/d less the independently bounded current oil flow.,Held at the July 8-23 traffic regime through every horizon; political and security conditions can invalidate it abruptly.,low,"Gross missing route flow minus the two physical offsets equals net global supply loss. Calls are not converted mechanically to barrels; AIS-dark, direction, loading, cargo mix, and tank draw remain uncertain."
base_2026-07-08_2026-07-31_incremental_gulf_bypass_offset,period_component,base,"Central case: inferred Strait flow modestly above the March-May oil-flow average, demonstrated bypass use, and tapering stock draws.",2026-07-08,2026-07-31,24,,current_traffic_july_nowcast,analyst_nowcast,physical_supply_bridge,incremental_gulf_bypass_offset,3.3,79.2,,mb/d and million_bbl,PortWatch through 2026-07-23; IEA through 2026-07-21,2026-06-30,2026-07-23,https://portwatch.imf.org/pages/data-and-methodology | https://www.iea.org/commentaries/how-global-oil-supplies-have-readjusted-to-help-fill-the-huge-gap-left-by-the-strait-of-hormuz-shock | https://www.iea.org/reports/oil-market-report-july-2026 | https://www.iea.org/news/iea-executive-director-statement-on-oil-markets,Increment above the pre-war non-Hormuz route base; bounded by IEA's 7.2 mb/d early-April alternative-route total versus less than 4 mb/d pre-war.,"Demonstrated infrastructure continues, but the rate tapers for maintenance, terminal, security, and Bab el-Mandeb risk.",low,"Gross missing route flow minus the two physical offsets equals net global supply loss. Calls are not converted mechanically to barrels; AIS-dark, direction, loading, cargo mix, and tank draw remain uncertain."
base_2026-07-08_2026-07-31_incremental_non_gulf_supply_offset,period_component,base,"Central case: inferred Strait flow modestly above the March-May oil-flow average, demonstrated bypass use, and tapering stock draws.",2026-07-08,2026-07-31,24,,current_traffic_july_nowcast,analyst_nowcast,physical_supply_bridge,incremental_non_gulf_supply_offset,0.6,14.4,,mb/d and million_bbl,PortWatch through 2026-07-23; IEA through 2026-07-21,2026-06-30,2026-07-23,https://portwatch.imf.org/pages/data-and-methodology | https://www.iea.org/commentaries/how-global-oil-supplies-have-readjusted-to-help-fill-the-huge-gap-left-by-the-strait-of-hormuz-shock | https://www.iea.org/reports/oil-market-report-july-2026 | https://www.iea.org/news/iea-executive-director-statement-on-oil-markets,"Increment versus the frozen outlook, not Atlantic Basin export redirection; central near-term rate uses IEA's 0.6 mb/d upward Americas-growth revision.","Ramps slowly with projects and wells; port, quality, decline, maintenance, and sanctions limit the response.",low,"Gross missing route flow minus the two physical offsets equals net global supply loss. Calls are not converted mechanically to barrels; AIS-dark, direction, loading, cargo mix, and tank draw remain uncertain."
base_2026-07-08_2026-07-31_net_global_supply_loss,period_component,base,"Central case: inferred Strait flow modestly above the March-May oil-flow average, demonstrated bypass use, and tapering stock draws.",2026-07-08,2026-07-31,24,,current_traffic_july_nowcast,analyst_nowcast,physical_supply_bridge,net_global_supply_loss,12.1,290.4,,mb/d and million_bbl,PortWatch through 2026-07-23; IEA through 2026-07-21,2026-06-30,2026-07-23,https://portwatch.imf.org/pages/data-and-methodology | https://www.iea.org/commentaries/how-global-oil-supplies-have-readjusted-to-help-fill-the-huge-gap-left-by-the-strait-of-hormuz-shock | https://www.iea.org/reports/oil-market-report-july-2026 | https://www.iea.org/news/iea-executive-director-statement-on-oil-markets,Gross missing Hormuz flow less incremental Gulf bypass and incremental non-Gulf supply.,Held near the current physical state; bypass taper is partly offset by non-Gulf ramp in the base case.,low_medium,"Gross missing route flow minus the two physical offsets equals net global supply loss. Calls are not converted mechanically to barrels; AIS-dark, direction, loading, cargo mix, and tank draw remain uncertain."
base_2026-07-08_2026-07-31_foregone_counterfactual_stock_build,period_component,base,"Central case: inferred Strait flow modestly above the March-May oil-flow average, demonstrated bypass use, and tapering stock draws.",2026-07-08,2026-07-31,24,,current_traffic_july_nowcast,analyst_nowcast,market_clearing_bridge,foregone_counterfactual_stock_build,2.682251,64.374024,,mb/d and million_bbl,EIA STEO 2026-02-10/2026-07-07; PortWatch through 2026-07-23,2026-06-30,2026-07-23,https://www.eia.gov/outlooks/steo/archives/feb26_base.xlsx | https://www.eia.gov/outlooks/steo/archives/jul26_base.xlsx | https://portwatch.imf.org/pages/data-and-methodology,"Frozen February EIA supply less consumption; this is an avoided planned build, not oil newly delivered.",Finite counterfactual cushion; retained only while using the frozen pre-war balance as the benchmark.,medium,Market-clearing components sum to net_global_supply_loss; do not add them to that headline.
base_2026-07-08_2026-07-31_demand_reduction,period_component,base,"Central case: inferred Strait flow modestly above the March-May oil-flow average, demonstrated bypass use, and tapering stock draws.",2026-07-08,2026-07-31,24,,current_traffic_july_nowcast,analyst_nowcast,market_clearing_bridge,demand_reduction,4.100886,98.421264,,mb/d and million_bbl,EIA STEO 2026-02-10/2026-07-07; PortWatch through 2026-07-23,2026-06-30,2026-07-23,https://www.eia.gov/outlooks/steo/archives/feb26_base.xlsx | https://www.eia.gov/outlooks/steo/archives/jul26_base.xlsx | https://portwatch.imf.org/pages/data-and-methodology,Holds EIA's July demand and stock proxy fixed; the extra loss implied by the post-8 July traffic regime remains in the residual because no later July balance observation exists.,Temporary shortage and conservation can persist under closure; rates rise modestly in longer cases but are not labeled structural fuel switching.,medium,Market-clearing components sum to net_global_supply_loss; do not add them to that headline. Refinery-run cuts and unquantified fuel switching remain inside this channel.
base_2026-07-08_2026-07-31_forecast_total_stock_draw,period_component,base,"Central case: inferred Strait flow modestly above the March-May oil-flow average, demonstrated bypass use, and tapering stock draws.",2026-07-08,2026-07-31,24,,current_traffic_july_nowcast,analyst_nowcast,market_clearing_bridge,forecast_total_stock_draw,2.2,52.8,,mb/d and million_bbl,EIA STEO 2026-02-10/2026-07-07; PortWatch through 2026-07-23,2026-06-30,2026-07-23,https://www.eia.gov/outlooks/steo/archives/feb26_base.xlsx | https://www.eia.gov/outlooks/steo/archives/jul26_base.xlsx | https://portwatch.imf.org/pages/data-and-methodology,Holds EIA's July demand and stock proxy fixed; the extra loss implied by the post-8 July traffic regime remains in the residual because no later July balance observation exists.,Observed/proxy total stocks are used historically; future government and commercial rates are separated and taper by horizon.,medium,Market-clearing components sum to net_global_supply_loss; do not add them to that headline. Historical total stock flow is split by ownership only in horizon summaries.
base_2026-07-08_2026-07-31_residual_unallocated_adjustment,period_component,base,"Central case: inferred Strait flow modestly above the March-May oil-flow average, demonstrated bypass use, and tapering stock draws.",2026-07-08,2026-07-31,24,,current_traffic_july_nowcast,analyst_nowcast,market_clearing_bridge,residual_unallocated_adjustment,3.116863,74.804712,,mb/d and million_bbl,EIA STEO 2026-02-10/2026-07-07; PortWatch through 2026-07-23,2026-06-30,2026-07-23,https://www.eia.gov/outlooks/steo/archives/feb26_base.xlsx | https://www.eia.gov/outlooks/steo/archives/jul26_base.xlsx | https://portwatch.imf.org/pages/data-and-methodology,Arithmetic residual after the named non-overlapping bridge components.,Carried explicitly and allowed to widen rather than forced into a preferred channel.,low,"Market-clearing components sum to net_global_supply_loss; do not add them to that headline. It includes statistical discrepancy, timing, unobserved stocks, and scenario misspecification."
high_supply_2026-07-01_2026-07-07_net_global_supply_loss,period_component,high_supply,"Resilient case: more AIS-dark/cargo flow, stronger bypass performance, and stronger durable supply and stock response.",2026-07-01,2026-07-07,7,,july_pre_escalation_forecast,forecast,physical_supply_bridge,net_global_supply_loss,9.125398,63.877786,,mb/d and million_bbl,"EIA STEO 2026-07-07, forecast completed 2026-07-01",2026-06-30,2026-07-23,https://www.eia.gov/outlooks/steo/archives/jul26_base.xlsx,Retains the July STEO forecast for the seven days before the 7-8 July renewed escalation.,Superseded for July 8 onward by the observed low-traffic regime.,medium,Net loss is the physical headline; market-clearing components sum to it.
high_supply_2026-07-01_2026-07-07_foregone_counterfactual_stock_build,period_component,high_supply,"Resilient case: more AIS-dark/cargo flow, stronger bypass performance, and stronger durable supply and stock response.",2026-07-01,2026-07-07,7,,july_pre_escalation_forecast,forecast,market_clearing_bridge,foregone_counterfactual_stock_build,2.682251,18.775757,,mb/d and million_bbl,EIA STEO 2026-02-10/2026-07-07; project July stock proxy,2026-06-30,2026-07-23,https://www.eia.gov/outlooks/steo/archives/feb26_base.xlsx | https://www.eia.gov/outlooks/steo/archives/jul26_base.xlsx,"Frozen February EIA supply less consumption; this is an avoided planned build, not oil newly delivered.",Finite counterfactual cushion; retained only while using the frozen pre-war balance as the benchmark.,medium,Market-clearing components sum to net_global_supply_loss; do not add them to that headline.
high_supply_2026-07-01_2026-07-07_demand_reduction,period_component,high_supply,"Resilient case: more AIS-dark/cargo flow, stronger bypass performance, and stronger durable supply and stock response.",2026-07-01,2026-07-07,7,,july_pre_escalation_forecast,forecast,market_clearing_bridge,demand_reduction,4.100886,28.706202,,mb/d and million_bbl,EIA STEO 2026-02-10/2026-07-07; project July stock proxy,2026-06-30,2026-07-23,https://www.eia.gov/outlooks/steo/archives/feb26_base.xlsx | https://www.eia.gov/outlooks/steo/archives/jul26_base.xlsx,July demand follows the July STEO; stock draw applies the 2.2 mb/d 3Q EIA proxy uniformly. Neither is observed July data.,Temporary shortage and conservation can persist under closure; rates rise modestly in longer cases but are not labeled structural fuel switching.,medium,Market-clearing components sum to net_global_supply_loss; do not add them to that headline. Refinery-run cuts and unquantified fuel switching remain inside this channel.
high_supply_2026-07-01_2026-07-07_forecast_total_stock_draw,period_component,high_supply,"Resilient case: more AIS-dark/cargo flow, stronger bypass performance, and stronger durable supply and stock response.",2026-07-01,2026-07-07,7,,july_pre_escalation_forecast,forecast,market_clearing_bridge,forecast_total_stock_draw,2.2,15.4,,mb/d and million_bbl,EIA STEO 2026-02-10/2026-07-07; project July stock proxy,2026-06-30,2026-07-23,https://www.eia.gov/outlooks/steo/archives/feb26_base.xlsx | https://www.eia.gov/outlooks/steo/archives/jul26_base.xlsx,July demand follows the July STEO; stock draw applies the 2.2 mb/d 3Q EIA proxy uniformly. Neither is observed July data.,Observed/proxy total stocks are used historically; future government and commercial rates are separated and taper by horizon.,medium,Market-clearing components sum to net_global_supply_loss; do not add them to that headline. Historical total stock flow is split by ownership only in horizon summaries.
high_supply_2026-07-01_2026-07-07_residual_unallocated_adjustment,period_component,high_supply,"Resilient case: more AIS-dark/cargo flow, stronger bypass performance, and stronger durable supply and stock response.",2026-07-01,2026-07-07,7,,july_pre_escalation_forecast,forecast,market_clearing_bridge,residual_unallocated_adjustment,0.142261,0.995827,,mb/d and million_bbl,EIA STEO 2026-02-10/2026-07-07; project July stock proxy,2026-06-30,2026-07-23,https://www.eia.gov/outlooks/steo/archives/feb26_base.xlsx | https://www.eia.gov/outlooks/steo/archives/jul26_base.xlsx,Arithmetic residual after the named non-overlapping bridge components.,Carried explicitly and allowed to widen rather than forced into a preferred channel.,low,"Market-clearing components sum to net_global_supply_loss; do not add them to that headline. It includes statistical discrepancy, timing, unobserved stocks, and scenario misspecification."
high_supply_2026-07-08_2026-07-31_gross_missing_hormuz_flow,period_component,high_supply,"Resilient case: more AIS-dark/cargo flow, stronger bypass performance, and stronger durable supply and stock response.",2026-07-08,2026-07-31,24,,current_traffic_july_nowcast,analyst_nowcast,physical_supply_bridge,gross_missing_hormuz_flow,14.5,348,,mb/d and million_bbl,PortWatch through 2026-07-23; IEA through 2026-07-21,2026-06-30,2026-07-23,https://portwatch.imf.org/pages/data-and-methodology | https://www.iea.org/commentaries/how-global-oil-supplies-have-readjusted-to-help-fill-the-huge-gap-left-by-the-strait-of-hormuz-shock | https://www.iea.org/reports/oil-market-report-july-2026 | https://www.iea.org/news/iea-executive-director-statement-on-oil-markets,IEA pre-war Hormuz flow of about 20 mb/d less the independently bounded current oil flow.,Held at the July 8-23 traffic regime through every horizon; political and security conditions can invalidate it abruptly.,low,"Gross missing route flow minus the two physical offsets equals net global supply loss. Calls are not converted mechanically to barrels; AIS-dark, direction, loading, cargo mix, and tank draw remain uncertain."
high_supply_2026-07-08_2026-07-31_incremental_gulf_bypass_offset,period_component,high_supply,"Resilient case: more AIS-dark/cargo flow, stronger bypass performance, and stronger durable supply and stock response.",2026-07-08,2026-07-31,24,,current_traffic_july_nowcast,analyst_nowcast,physical_supply_bridge,incremental_gulf_bypass_offset,3.8,91.2,,mb/d and million_bbl,PortWatch through 2026-07-23; IEA through 2026-07-21,2026-06-30,2026-07-23,https://portwatch.imf.org/pages/data-and-methodology | https://www.iea.org/commentaries/how-global-oil-supplies-have-readjusted-to-help-fill-the-huge-gap-left-by-the-strait-of-hormuz-shock | https://www.iea.org/reports/oil-market-report-july-2026 | https://www.iea.org/news/iea-executive-director-statement-on-oil-markets,Increment above the pre-war non-Hormuz route base; bounded by IEA's 7.2 mb/d early-April alternative-route total versus less than 4 mb/d pre-war.,"Demonstrated infrastructure continues, but the rate tapers for maintenance, terminal, security, and Bab el-Mandeb risk.",low,"Gross missing route flow minus the two physical offsets equals net global supply loss. Calls are not converted mechanically to barrels; AIS-dark, direction, loading, cargo mix, and tank draw remain uncertain."
high_supply_2026-07-08_2026-07-31_incremental_non_gulf_supply_offset,period_component,high_supply,"Resilient case: more AIS-dark/cargo flow, stronger bypass performance, and stronger durable supply and stock response.",2026-07-08,2026-07-31,24,,current_traffic_july_nowcast,analyst_nowcast,physical_supply_bridge,incremental_non_gulf_supply_offset,0.9,21.6,,mb/d and million_bbl,PortWatch through 2026-07-23; IEA through 2026-07-21,2026-06-30,2026-07-23,https://portwatch.imf.org/pages/data-and-methodology | https://www.iea.org/commentaries/how-global-oil-supplies-have-readjusted-to-help-fill-the-huge-gap-left-by-the-strait-of-hormuz-shock | https://www.iea.org/reports/oil-market-report-july-2026 | https://www.iea.org/news/iea-executive-director-statement-on-oil-markets,"Increment versus the frozen outlook, not Atlantic Basin export redirection; central near-term rate uses IEA's 0.6 mb/d upward Americas-growth revision.","Ramps slowly with projects and wells; port, quality, decline, maintenance, and sanctions limit the response.",low,"Gross missing route flow minus the two physical offsets equals net global supply loss. Calls are not converted mechanically to barrels; AIS-dark, direction, loading, cargo mix, and tank draw remain uncertain."
high_supply_2026-07-08_2026-07-31_net_global_supply_loss,period_component,high_supply,"Resilient case: more AIS-dark/cargo flow, stronger bypass performance, and stronger durable supply and stock response.",2026-07-08,2026-07-31,24,,current_traffic_july_nowcast,analyst_nowcast,physical_supply_bridge,net_global_supply_loss,9.8,235.2,,mb/d and million_bbl,PortWatch through 2026-07-23; IEA through 2026-07-21,2026-06-30,2026-07-23,https://portwatch.imf.org/pages/data-and-methodology | https://www.iea.org/commentaries/how-global-oil-supplies-have-readjusted-to-help-fill-the-huge-gap-left-by-the-strait-of-hormuz-shock | https://www.iea.org/reports/oil-market-report-july-2026 | https://www.iea.org/news/iea-executive-director-statement-on-oil-markets,Gross missing Hormuz flow less incremental Gulf bypass and incremental non-Gulf supply.,Held near the current physical state; bypass taper is partly offset by non-Gulf ramp in the base case.,low_medium,"Gross missing route flow minus the two physical offsets equals net global supply loss. Calls are not converted mechanically to barrels; AIS-dark, direction, loading, cargo mix, and tank draw remain uncertain."
high_supply_2026-07-08_2026-07-31_foregone_counterfactual_stock_build,period_component,high_supply,"Resilient case: more AIS-dark/cargo flow, stronger bypass performance, and stronger durable supply and stock response.",2026-07-08,2026-07-31,24,,current_traffic_july_nowcast,analyst_nowcast,market_clearing_bridge,foregone_counterfactual_stock_build,2.682251,64.374024,,mb/d and million_bbl,EIA STEO 2026-02-10/2026-07-07; PortWatch through 2026-07-23,2026-06-30,2026-07-23,https://www.eia.gov/outlooks/steo/archives/feb26_base.xlsx | https://www.eia.gov/outlooks/steo/archives/jul26_base.xlsx | https://portwatch.imf.org/pages/data-and-methodology,"Frozen February EIA supply less consumption; this is an avoided planned build, not oil newly delivered.",Finite counterfactual cushion; retained only while using the frozen pre-war balance as the benchmark.,medium,Market-clearing components sum to net_global_supply_loss; do not add them to that headline.
high_supply_2026-07-08_2026-07-31_demand_reduction,period_component,high_supply,"Resilient case: more AIS-dark/cargo flow, stronger bypass performance, and stronger durable supply and stock response.",2026-07-08,2026-07-31,24,,current_traffic_july_nowcast,analyst_nowcast,market_clearing_bridge,demand_reduction,4.100886,98.421264,,mb/d and million_bbl,EIA STEO 2026-02-10/2026-07-07; PortWatch through 2026-07-23,2026-06-30,2026-07-23,https://www.eia.gov/outlooks/steo/archives/feb26_base.xlsx | https://www.eia.gov/outlooks/steo/archives/jul26_base.xlsx | https://portwatch.imf.org/pages/data-and-methodology,Holds EIA's July demand and stock proxy fixed; the extra loss implied by the post-8 July traffic regime remains in the residual because no later July balance observation exists.,Temporary shortage and conservation can persist under closure; rates rise modestly in longer cases but are not labeled structural fuel switching.,medium,Market-clearing components sum to net_global_supply_loss; do not add them to that headline. Refinery-run cuts and unquantified fuel switching remain inside this channel.
high_supply_2026-07-08_2026-07-31_forecast_total_stock_draw,period_component,high_supply,"Resilient case: more AIS-dark/cargo flow, stronger bypass performance, and stronger durable supply and stock response.",2026-07-08,2026-07-31,24,,current_traffic_july_nowcast,analyst_nowcast,market_clearing_bridge,forecast_total_stock_draw,2.2,52.8,,mb/d and million_bbl,EIA STEO 2026-02-10/2026-07-07; PortWatch through 2026-07-23,2026-06-30,2026-07-23,https://www.eia.gov/outlooks/steo/archives/feb26_base.xlsx | https://www.eia.gov/outlooks/steo/archives/jul26_base.xlsx | https://portwatch.imf.org/pages/data-and-methodology,Holds EIA's July demand and stock proxy fixed; the extra loss implied by the post-8 July traffic regime remains in the residual because no later July balance observation exists.,Observed/proxy total stocks are used historically; future government and commercial rates are separated and taper by horizon.,medium,Market-clearing components sum to net_global_supply_loss; do not add them to that headline. Historical total stock flow is split by ownership only in horizon summaries.
high_supply_2026-07-08_2026-07-31_residual_unallocated_adjustment,period_component,high_supply,"Resilient case: more AIS-dark/cargo flow, stronger bypass performance, and stronger durable supply and stock response.",2026-07-08,2026-07-31,24,,current_traffic_july_nowcast,analyst_nowcast,market_clearing_bridge,residual_unallocated_adjustment,0.816863,19.604712,,mb/d and million_bbl,EIA STEO 2026-02-10/2026-07-07; PortWatch through 2026-07-23,2026-06-30,2026-07-23,https://www.eia.gov/outlooks/steo/archives/feb26_base.xlsx | https://www.eia.gov/outlooks/steo/archives/jul26_base.xlsx | https://portwatch.imf.org/pages/data-and-methodology,Arithmetic residual after the named non-overlapping bridge components.,Carried explicitly and allowed to widen rather than forced into a preferred channel.,low,"Market-clearing components sum to net_global_supply_loss; do not add them to that headline. It includes statistical discrepancy, timing, unobserved stocks, and scenario misspecification."
low_supply_2026-08-01_2026-08-31_gross_missing_hormuz_flow,period_component,low_supply,"Stress case: lower inferred Strait flow, weaker bypass durability, and conservative stock-release capacity.",2026-08-01,2026-08-31,31,,future_current_traffic_scenario,modeled_scenario,physical_supply_bridge,gross_missing_hormuz_flow,17,527,,mb/d and million_bbl,scenario built 2026-08-03 from IEA/EIA/PortWatch anchors,2026-06-30,2026-07-23,https://portwatch.imf.org/pages/data-and-methodology | https://www.iea.org/commentaries/how-global-oil-supplies-have-readjusted-to-help-fill-the-huge-gap-left-by-the-strait-of-hormuz-shock | https://www.iea.org/news/iea-executive-director-statement-on-oil-markets,Traffic stays at the July 8-23 regime. Hormuz oil flow is bounded independently; bypass and non-Gulf rates follow the case's durability phase.,Hormuz current flow is constant; bypass tapers with route/security/maintenance constraints; non-Gulf incremental production ramps slowly.,low,"Gross missing route flow minus bypass and non-Gulf offsets equals net global supply loss; these physical rows are one bridge, not additive to market-clearing rows."
low_supply_2026-08-01_2026-08-31_incremental_gulf_bypass_offset,period_component,low_supply,"Stress case: lower inferred Strait flow, weaker bypass durability, and conservative stock-release capacity.",2026-08-01,2026-08-31,31,,future_current_traffic_scenario,modeled_scenario,physical_supply_bridge,incremental_gulf_bypass_offset,3,93,,mb/d and million_bbl,scenario built 2026-08-03 from IEA/EIA/PortWatch anchors,2026-06-30,2026-07-23,https://portwatch.imf.org/pages/data-and-methodology | https://www.iea.org/commentaries/how-global-oil-supplies-have-readjusted-to-help-fill-the-huge-gap-left-by-the-strait-of-hormuz-shock | https://www.iea.org/news/iea-executive-director-statement-on-oil-markets,Traffic stays at the July 8-23 regime. Hormuz oil flow is bounded independently; bypass and non-Gulf rates follow the case's durability phase.,Hormuz current flow is constant; bypass tapers with route/security/maintenance constraints; non-Gulf incremental production ramps slowly.,low,"Gross missing route flow minus bypass and non-Gulf offsets equals net global supply loss; these physical rows are one bridge, not additive to market-clearing rows."
low_supply_2026-08-01_2026-08-31_incremental_non_gulf_supply_offset,period_component,low_supply,"Stress case: lower inferred Strait flow, weaker bypass durability, and conservative stock-release capacity.",2026-08-01,2026-08-31,31,,future_current_traffic_scenario,modeled_scenario,physical_supply_bridge,incremental_non_gulf_supply_offset,0.4,12.4,,mb/d and million_bbl,scenario built 2026-08-03 from IEA/EIA/PortWatch anchors,2026-06-30,2026-07-23,https://portwatch.imf.org/pages/data-and-methodology | https://www.iea.org/commentaries/how-global-oil-supplies-have-readjusted-to-help-fill-the-huge-gap-left-by-the-strait-of-hormuz-shock | https://www.iea.org/news/iea-executive-director-statement-on-oil-markets,Traffic stays at the July 8-23 regime. Hormuz oil flow is bounded independently; bypass and non-Gulf rates follow the case's durability phase.,Hormuz current flow is constant; bypass tapers with route/security/maintenance constraints; non-Gulf incremental production ramps slowly.,low,"Gross missing route flow minus bypass and non-Gulf offsets equals net global supply loss; these physical rows are one bridge, not additive to market-clearing rows."
low_supply_2026-08-01_2026-08-31_net_global_supply_loss,period_component,low_supply,"Stress case: lower inferred Strait flow, weaker bypass durability, and conservative stock-release capacity.",2026-08-01,2026-08-31,31,,future_current_traffic_scenario,modeled_scenario,physical_supply_bridge,net_global_supply_loss,13.6,421.6,,mb/d and million_bbl,scenario built 2026-08-03 from IEA/EIA/PortWatch anchors,2026-06-30,2026-07-23,https://portwatch.imf.org/pages/data-and-methodology | https://www.iea.org/commentaries/how-global-oil-supplies-have-readjusted-to-help-fill-the-huge-gap-left-by-the-strait-of-hormuz-shock | https://www.iea.org/news/iea-executive-director-statement-on-oil-markets,Traffic stays at the July 8-23 regime. Hormuz oil flow is bounded independently; bypass and non-Gulf rates follow the case's durability phase.,Hormuz current flow is constant; bypass tapers with route/security/maintenance constraints; non-Gulf incremental production ramps slowly.,low,"Gross missing route flow minus bypass and non-Gulf offsets equals net global supply loss; these physical rows are one bridge, not additive to market-clearing rows."
low_supply_2026-08-01_2026-08-31_foregone_counterfactual_stock_build,period_component,low_supply,"Stress case: lower inferred Strait flow, weaker bypass durability, and conservative stock-release capacity.",2026-08-01,2026-08-31,31,,future_current_traffic_scenario,modeled_scenario,market_clearing_bridge,foregone_counterfactual_stock_build,2.813778,87.227118,,mb/d and million_bbl,scenario built 2026-08-03 from frozen February STEO and July IEA evidence,2026-06-30,2026-07-23,https://www.eia.gov/outlooks/steo/archives/feb26_base.xlsx | https://www.iea.org/news/iea-executive-director-statement-on-oil-markets,Case-specific low-fidelity durability path; no price forecast.,Frozen February EIA planned build; an avoided build rather than a deliverable stock-flow resource.,low,Components sum with residual to net global supply loss; do not add this market bridge to the physical bridge.
low_supply_2026-08-01_2026-08-31_demand_reduction,period_component,low_supply,"Stress case: lower inferred Strait flow, weaker bypass durability, and conservative stock-release capacity.",2026-08-01,2026-08-31,31,,future_current_traffic_scenario,modeled_scenario,market_clearing_bridge,demand_reduction,5,155,,mb/d and million_bbl,scenario built 2026-08-03 from frozen February STEO and July IEA evidence,2026-06-30,2026-07-23,https://www.eia.gov/outlooks/steo/archives/feb26_base.xlsx | https://www.iea.org/news/iea-executive-director-statement-on-oil-markets,Case-specific low-fidelity durability path; no price forecast.,"Rises modestly with duration; includes involuntary shortage and conservation, while unmeasured fuel switching stays embedded.",low,Components sum with residual to net global supply loss; do not add this market bridge to the physical bridge.
low_supply_2026-08-01_2026-08-31_government_and_obligated_emergency_release,period_component,low_supply,"Stress case: lower inferred Strait flow, weaker bypass durability, and conservative stock-release capacity.",2026-08-01,2026-08-31,31,,future_current_traffic_scenario,modeled_scenario,market_clearing_bridge,government_and_obligated_emergency_release,1,31,,mb/d and million_bbl,scenario built 2026-08-03 from frozen February STEO and July IEA evidence,2026-06-30,2026-07-23,https://www.eia.gov/outlooks/steo/archives/feb26_base.xlsx | https://www.iea.org/news/iea-executive-director-statement-on-oil-markets,Case-specific low-fidelity durability path; no price forecast.,"Tapers after the original 400 mb action; remains well below the IEA's >1 bn gross government-stock level, which is not all usable.",low,Components sum with residual to net global supply loss; do not add this market bridge to the physical bridge.
low_supply_2026-08-01_2026-08-31_commercial_and_other_stock_draw,period_component,low_supply,"Stress case: lower inferred Strait flow, weaker bypass durability, and conservative stock-release capacity.",2026-08-01,2026-08-31,31,,future_current_traffic_scenario,modeled_scenario,market_clearing_bridge,commercial_and_other_stock_draw,2.5,77.5,,mb/d and million_bbl,scenario built 2026-08-03 from frozen February STEO and July IEA evidence,2026-06-30,2026-07-23,https://www.eia.gov/outlooks/steo/archives/feb26_base.xlsx | https://www.iea.org/news/iea-executive-director-statement-on-oil-markets,Case-specific low-fidelity durability path; no price forecast.,Tapers as working inventories approach operational minima; China ownership and oil-on-water remain uncertain.,low,Components sum with residual to net global supply loss; do not add this market bridge to the physical bridge.
low_supply_2026-08-01_2026-08-31_residual_unallocated_adjustment,period_component,low_supply,"Stress case: lower inferred Strait flow, weaker bypass durability, and conservative stock-release capacity.",2026-08-01,2026-08-31,31,,future_current_traffic_scenario,modeled_scenario,market_clearing_bridge,residual_unallocated_adjustment,2.286222,70.872882,,mb/d and million_bbl,scenario arithmetic,2026-06-30,2026-07-23,issues/in-progress/hormuz-m8q.5-model-current-traffic-oil-supply-scenarios.md,Unallocated balance after named durable channels; not a price forecast.,"Widens as stock rates taper and the horizon extends; may resolve as additional demand loss, unobserved stocks, or changed physical supply.",low,Components sum with residual to net global supply loss; do not add this market bridge to the physical bridge.
base_2026-08-01_2026-08-31_gross_missing_hormuz_flow,period_component,base,"Central case: inferred Strait flow modestly above the March-May oil-flow average, demonstrated bypass use, and tapering stock draws.",2026-08-01,2026-08-31,31,,future_current_traffic_scenario,modeled_scenario,physical_supply_bridge,gross_missing_hormuz_flow,16,496,,mb/d and million_bbl,scenario built 2026-08-03 from IEA/EIA/PortWatch anchors,2026-06-30,2026-07-23,https://portwatch.imf.org/pages/data-and-methodology | https://www.iea.org/commentaries/how-global-oil-supplies-have-readjusted-to-help-fill-the-huge-gap-left-by-the-strait-of-hormuz-shock | https://www.iea.org/news/iea-executive-director-statement-on-oil-markets,Traffic stays at the July 8-23 regime. Hormuz oil flow is bounded independently; bypass and non-Gulf rates follow the case's durability phase.,Hormuz current flow is constant; bypass tapers with route/security/maintenance constraints; non-Gulf incremental production ramps slowly.,low,"Gross missing route flow minus bypass and non-Gulf offsets equals net global supply loss; these physical rows are one bridge, not additive to market-clearing rows."
base_2026-08-01_2026-08-31_incremental_gulf_bypass_offset,period_component,base,"Central case: inferred Strait flow modestly above the March-May oil-flow average, demonstrated bypass use, and tapering stock draws.",2026-08-01,2026-08-31,31,,future_current_traffic_scenario,modeled_scenario,physical_supply_bridge,incremental_gulf_bypass_offset,3.3,102.3,,mb/d and million_bbl,scenario built 2026-08-03 from IEA/EIA/PortWatch anchors,2026-06-30,2026-07-23,https://portwatch.imf.org/pages/data-and-methodology | https://www.iea.org/commentaries/how-global-oil-supplies-have-readjusted-to-help-fill-the-huge-gap-left-by-the-strait-of-hormuz-shock | https://www.iea.org/news/iea-executive-director-statement-on-oil-markets,Traffic stays at the July 8-23 regime. Hormuz oil flow is bounded independently; bypass and non-Gulf rates follow the case's durability phase.,Hormuz current flow is constant; bypass tapers with route/security/maintenance constraints; non-Gulf incremental production ramps slowly.,low,"Gross missing route flow minus bypass and non-Gulf offsets equals net global supply loss; these physical rows are one bridge, not additive to market-clearing rows."
base_2026-08-01_2026-08-31_incremental_non_gulf_supply_offset,period_component,base,"Central case: inferred Strait flow modestly above the March-May oil-flow average, demonstrated bypass use, and tapering stock draws.",2026-08-01,2026-08-31,31,,future_current_traffic_scenario,modeled_scenario,physical_supply_bridge,incremental_non_gulf_supply_offset,0.6,18.6,,mb/d and million_bbl,scenario built 2026-08-03 from IEA/EIA/PortWatch anchors,2026-06-30,2026-07-23,https://portwatch.imf.org/pages/data-and-methodology | https://www.iea.org/commentaries/how-global-oil-supplies-have-readjusted-to-help-fill-the-huge-gap-left-by-the-strait-of-hormuz-shock | https://www.iea.org/news/iea-executive-director-statement-on-oil-markets,Traffic stays at the July 8-23 regime. Hormuz oil flow is bounded independently; bypass and non-Gulf rates follow the case's durability phase.,Hormuz current flow is constant; bypass tapers with route/security/maintenance constraints; non-Gulf incremental production ramps slowly.,low,"Gross missing route flow minus bypass and non-Gulf offsets equals net global supply loss; these physical rows are one bridge, not additive to market-clearing rows."
base_2026-08-01_2026-08-31_net_global_supply_loss,period_component,base,"Central case: inferred Strait flow modestly above the March-May oil-flow average, demonstrated bypass use, and tapering stock draws.",2026-08-01,2026-08-31,31,,future_current_traffic_scenario,modeled_scenario,physical_supply_bridge,net_global_supply_loss,12.1,375.1,,mb/d and million_bbl,scenario built 2026-08-03 from IEA/EIA/PortWatch anchors,2026-06-30,2026-07-23,https://portwatch.imf.org/pages/data-and-methodology | https://www.iea.org/commentaries/how-global-oil-supplies-have-readjusted-to-help-fill-the-huge-gap-left-by-the-strait-of-hormuz-shock | https://www.iea.org/news/iea-executive-director-statement-on-oil-markets,Traffic stays at the July 8-23 regime. Hormuz oil flow is bounded independently; bypass and non-Gulf rates follow the case's durability phase.,Hormuz current flow is constant; bypass tapers with route/security/maintenance constraints; non-Gulf incremental production ramps slowly.,low,"Gross missing route flow minus bypass and non-Gulf offsets equals net global supply loss; these physical rows are one bridge, not additive to market-clearing rows."
base_2026-08-01_2026-08-31_foregone_counterfactual_stock_build,period_component,base,"Central case: inferred Strait flow modestly above the March-May oil-flow average, demonstrated bypass use, and tapering stock draws.",2026-08-01,2026-08-31,31,,future_current_traffic_scenario,modeled_scenario,market_clearing_bridge,foregone_counterfactual_stock_build,2.813778,87.227118,,mb/d and million_bbl,scenario built 2026-08-03 from frozen February STEO and July IEA evidence,2026-06-30,2026-07-23,https://www.eia.gov/outlooks/steo/archives/feb26_base.xlsx | https://www.iea.org/news/iea-executive-director-statement-on-oil-markets,Case-specific low-fidelity durability path; no price forecast.,Frozen February EIA planned build; an avoided build rather than a deliverable stock-flow resource.,low,Components sum with residual to net global supply loss; do not add this market bridge to the physical bridge.
base_2026-08-01_2026-08-31_demand_reduction,period_component,base,"Central case: inferred Strait flow modestly above the March-May oil-flow average, demonstrated bypass use, and tapering stock draws.",2026-08-01,2026-08-31,31,,future_current_traffic_scenario,modeled_scenario,market_clearing_bridge,demand_reduction,4.5,139.5,,mb/d and million_bbl,scenario built 2026-08-03 from frozen February STEO and July IEA evidence,2026-06-30,2026-07-23,https://www.eia.gov/outlooks/steo/archives/feb26_base.xlsx | https://www.iea.org/news/iea-executive-director-statement-on-oil-markets,Case-specific low-fidelity durability path; no price forecast.,"Rises modestly with duration; includes involuntary shortage and conservation, while unmeasured fuel switching stays embedded.",low,Components sum with residual to net global supply loss; do not add this market bridge to the physical bridge.
base_2026-08-01_2026-08-31_government_and_obligated_emergency_release,period_component,base,"Central case: inferred Strait flow modestly above the March-May oil-flow average, demonstrated bypass use, and tapering stock draws.",2026-08-01,2026-08-31,31,,future_current_traffic_scenario,modeled_scenario,market_clearing_bridge,government_and_obligated_emergency_release,1.4,43.4,,mb/d and million_bbl,scenario built 2026-08-03 from frozen February STEO and July IEA evidence,2026-06-30,2026-07-23,https://www.eia.gov/outlooks/steo/archives/feb26_base.xlsx | https://www.iea.org/news/iea-executive-director-statement-on-oil-markets,Case-specific low-fidelity durability path; no price forecast.,"Tapers after the original 400 mb action; remains well below the IEA's >1 bn gross government-stock level, which is not all usable.",low,Components sum with residual to net global supply loss; do not add this market bridge to the physical bridge.
base_2026-08-01_2026-08-31_commercial_and_other_stock_draw,period_component,base,"Central case: inferred Strait flow modestly above the March-May oil-flow average, demonstrated bypass use, and tapering stock draws.",2026-08-01,2026-08-31,31,,future_current_traffic_scenario,modeled_scenario,market_clearing_bridge,commercial_and_other_stock_draw,3.1,96.1,,mb/d and million_bbl,scenario built 2026-08-03 from frozen February STEO and July IEA evidence,2026-06-30,2026-07-23,https://www.eia.gov/outlooks/steo/archives/feb26_base.xlsx | https://www.iea.org/news/iea-executive-director-statement-on-oil-markets,Case-specific low-fidelity durability path; no price forecast.,Tapers as working inventories approach operational minima; China ownership and oil-on-water remain uncertain.,low,Components sum with residual to net global supply loss; do not add this market bridge to the physical bridge.
base_2026-08-01_2026-08-31_residual_unallocated_adjustment,period_component,base,"Central case: inferred Strait flow modestly above the March-May oil-flow average, demonstrated bypass use, and tapering stock draws.",2026-08-01,2026-08-31,31,,future_current_traffic_scenario,modeled_scenario,market_clearing_bridge,residual_unallocated_adjustment,0.286222,8.872882,,mb/d and million_bbl,scenario arithmetic,2026-06-30,2026-07-23,issues/in-progress/hormuz-m8q.5-model-current-traffic-oil-supply-scenarios.md,Unallocated balance after named durable channels; not a price forecast.,"Widens as stock rates taper and the horizon extends; may resolve as additional demand loss, unobserved stocks, or changed physical supply.",low,Components sum with residual to net global supply loss; do not add this market bridge to the physical bridge.
high_supply_2026-08-01_2026-08-31_gross_missing_hormuz_flow,period_component,high_supply,"Resilient case: more AIS-dark/cargo flow, stronger bypass performance, and stronger durable supply and stock response.",2026-08-01,2026-08-31,31,,future_current_traffic_scenario,modeled_scenario,physical_supply_bridge,gross_missing_hormuz_flow,14.5,449.5,,mb/d and million_bbl,scenario built 2026-08-03 from IEA/EIA/PortWatch anchors,2026-06-30,2026-07-23,https://portwatch.imf.org/pages/data-and-methodology | https://www.iea.org/commentaries/how-global-oil-supplies-have-readjusted-to-help-fill-the-huge-gap-left-by-the-strait-of-hormuz-shock | https://www.iea.org/news/iea-executive-director-statement-on-oil-markets,Traffic stays at the July 8-23 regime. Hormuz oil flow is bounded independently; bypass and non-Gulf rates follow the case's durability phase.,Hormuz current flow is constant; bypass tapers with route/security/maintenance constraints; non-Gulf incremental production ramps slowly.,low,"Gross missing route flow minus bypass and non-Gulf offsets equals net global supply loss; these physical rows are one bridge, not additive to market-clearing rows."
high_supply_2026-08-01_2026-08-31_incremental_gulf_bypass_offset,period_component,high_supply,"Resilient case: more AIS-dark/cargo flow, stronger bypass performance, and stronger durable supply and stock response.",2026-08-01,2026-08-31,31,,future_current_traffic_scenario,modeled_scenario,physical_supply_bridge,incremental_gulf_bypass_offset,3.8,117.8,,mb/d and million_bbl,scenario built 2026-08-03 from IEA/EIA/PortWatch anchors,2026-06-30,2026-07-23,https://portwatch.imf.org/pages/data-and-methodology | https://www.iea.org/commentaries/how-global-oil-supplies-have-readjusted-to-help-fill-the-huge-gap-left-by-the-strait-of-hormuz-shock | https://www.iea.org/news/iea-executive-director-statement-on-oil-markets,Traffic stays at the July 8-23 regime. Hormuz oil flow is bounded independently; bypass and non-Gulf rates follow the case's durability phase.,Hormuz current flow is constant; bypass tapers with route/security/maintenance constraints; non-Gulf incremental production ramps slowly.,low,"Gross missing route flow minus bypass and non-Gulf offsets equals net global supply loss; these physical rows are one bridge, not additive to market-clearing rows."
high_supply_2026-08-01_2026-08-31_incremental_non_gulf_supply_offset,period_component,high_supply,"Resilient case: more AIS-dark/cargo flow, stronger bypass performance, and stronger durable supply and stock response.",2026-08-01,2026-08-31,31,,future_current_traffic_scenario,modeled_scenario,physical_supply_bridge,incremental_non_gulf_supply_offset,0.9,27.9,,mb/d and million_bbl,scenario built 2026-08-03 from IEA/EIA/PortWatch anchors,2026-06-30,2026-07-23,https://portwatch.imf.org/pages/data-and-methodology | https://www.iea.org/commentaries/how-global-oil-supplies-have-readjusted-to-help-fill-the-huge-gap-left-by-the-strait-of-hormuz-shock | https://www.iea.org/news/iea-executive-director-statement-on-oil-markets,Traffic stays at the July 8-23 regime. Hormuz oil flow is bounded independently; bypass and non-Gulf rates follow the case's durability phase.,Hormuz current flow is constant; bypass tapers with route/security/maintenance constraints; non-Gulf incremental production ramps slowly.,low,"Gross missing route flow minus bypass and non-Gulf offsets equals net global supply loss; these physical rows are one bridge, not additive to market-clearing rows."
high_supply_2026-08-01_2026-08-31_net_global_supply_loss,period_component,high_supply,"Resilient case: more AIS-dark/cargo flow, stronger bypass performance, and stronger durable supply and stock response.",2026-08-01,2026-08-31,31,,future_current_traffic_scenario,modeled_scenario,physical_supply_bridge,net_global_supply_loss,9.8,303.8,,mb/d and million_bbl,scenario built 2026-08-03 from IEA/EIA/PortWatch anchors,2026-06-30,2026-07-23,https://portwatch.imf.org/pages/data-and-methodology | https://www.iea.org/commentaries/how-global-oil-supplies-have-readjusted-to-help-fill-the-huge-gap-left-by-the-strait-of-hormuz-shock | https://www.iea.org/news/iea-executive-director-statement-on-oil-markets,Traffic stays at the July 8-23 regime. Hormuz oil flow is bounded independently; bypass and non-Gulf rates follow the case's durability phase.,Hormuz current flow is constant; bypass tapers with route/security/maintenance constraints; non-Gulf incremental production ramps slowly.,low,"Gross missing route flow minus bypass and non-Gulf offsets equals net global supply loss; these physical rows are one bridge, not additive to market-clearing rows."
high_supply_2026-08-01_2026-08-31_foregone_counterfactual_stock_build,period_component,high_supply,"Resilient case: more AIS-dark/cargo flow, stronger bypass performance, and stronger durable supply and stock response.",2026-08-01,2026-08-31,31,,future_current_traffic_scenario,modeled_scenario,market_clearing_bridge,foregone_counterfactual_stock_build,2.813778,87.227118,,mb/d and million_bbl,scenario built 2026-08-03 from frozen February STEO and July IEA evidence,2026-06-30,2026-07-23,https://www.eia.gov/outlooks/steo/archives/feb26_base.xlsx | https://www.iea.org/news/iea-executive-director-statement-on-oil-markets,Case-specific low-fidelity durability path; no price forecast.,Frozen February EIA planned build; an avoided build rather than a deliverable stock-flow resource.,low,Components sum with residual to net global supply loss; do not add this market bridge to the physical bridge.
high_supply_2026-08-01_2026-08-31_demand_reduction,period_component,high_supply,"Resilient case: more AIS-dark/cargo flow, stronger bypass performance, and stronger durable supply and stock response.",2026-08-01,2026-08-31,31,,future_current_traffic_scenario,modeled_scenario,market_clearing_bridge,demand_reduction,3.6,111.6,,mb/d and million_bbl,scenario built 2026-08-03 from frozen February STEO and July IEA evidence,2026-06-30,2026-07-23,https://www.eia.gov/outlooks/steo/archives/feb26_base.xlsx | https://www.iea.org/news/iea-executive-director-statement-on-oil-markets,Case-specific low-fidelity durability path; no price forecast.,"Rises modestly with duration; includes involuntary shortage and conservation, while unmeasured fuel switching stays embedded.",low,Components sum with residual to net global supply loss; do not add this market bridge to the physical bridge.
high_supply_2026-08-01_2026-08-31_government_and_obligated_emergency_release,period_component,high_supply,"Resilient case: more AIS-dark/cargo flow, stronger bypass performance, and stronger durable supply and stock response.",2026-08-01,2026-08-31,31,,future_current_traffic_scenario,modeled_scenario,market_clearing_bridge,government_and_obligated_emergency_release,1.2,37.2,,mb/d and million_bbl,scenario built 2026-08-03 from frozen February STEO and July IEA evidence,2026-06-30,2026-07-23,https://www.eia.gov/outlooks/steo/archives/feb26_base.xlsx | https://www.iea.org/news/iea-executive-director-statement-on-oil-markets,Case-specific low-fidelity durability path; no price forecast.,"Tapers after the original 400 mb action; remains well below the IEA's >1 bn gross government-stock level, which is not all usable.",low,Components sum with residual to net global supply loss; do not add this market bridge to the physical bridge.
high_supply_2026-08-01_2026-08-31_commercial_and_other_stock_draw,period_component,high_supply,"Resilient case: more AIS-dark/cargo flow, stronger bypass performance, and stronger durable supply and stock response.",2026-08-01,2026-08-31,31,,future_current_traffic_scenario,modeled_scenario,market_clearing_bridge,commercial_and_other_stock_draw,1,31,,mb/d and million_bbl,scenario built 2026-08-03 from frozen February STEO and July IEA evidence,2026-06-30,2026-07-23,https://www.eia.gov/outlooks/steo/archives/feb26_base.xlsx | https://www.iea.org/news/iea-executive-director-statement-on-oil-markets,Case-specific low-fidelity durability path; no price forecast.,Tapers as working inventories approach operational minima; China ownership and oil-on-water remain uncertain.,low,Components sum with residual to net global supply loss; do not add this market bridge to the physical bridge.
high_supply_2026-08-01_2026-08-31_residual_unallocated_adjustment,period_component,high_supply,"Resilient case: more AIS-dark/cargo flow, stronger bypass performance, and stronger durable supply and stock response.",2026-08-01,2026-08-31,31,,future_current_traffic_scenario,modeled_scenario,market_clearing_bridge,residual_unallocated_adjustment,1.186222,36.772882,,mb/d and million_bbl,scenario arithmetic,2026-06-30,2026-07-23,issues/in-progress/hormuz-m8q.5-model-current-traffic-oil-supply-scenarios.md,Unallocated balance after named durable channels; not a price forecast.,"Widens as stock rates taper and the horizon extends; may resolve as additional demand loss, unobserved stocks, or changed physical supply.",low,Components sum with residual to net global supply loss; do not add this market bridge to the physical bridge.
low_supply_2026-09-01_2026-09-30_gross_missing_hormuz_flow,period_component,low_supply,"Stress case: lower inferred Strait flow, weaker bypass durability, and conservative stock-release capacity.",2026-09-01,2026-09-30,30,,future_current_traffic_scenario,modeled_scenario,physical_supply_bridge,gross_missing_hormuz_flow,17,510,,mb/d and million_bbl,scenario built 2026-08-03 from IEA/EIA/PortWatch anchors,2026-06-30,2026-07-23,https://portwatch.imf.org/pages/data-and-methodology | https://www.iea.org/commentaries/how-global-oil-supplies-have-readjusted-to-help-fill-the-huge-gap-left-by-the-strait-of-hormuz-shock | https://www.iea.org/news/iea-executive-director-statement-on-oil-markets,Traffic stays at the July 8-23 regime. Hormuz oil flow is bounded independently; bypass and non-Gulf rates follow the case's durability phase.,Hormuz current flow is constant; bypass tapers with route/security/maintenance constraints; non-Gulf incremental production ramps slowly.,low,"Gross missing route flow minus bypass and non-Gulf offsets equals net global supply loss; these physical rows are one bridge, not additive to market-clearing rows."
low_supply_2026-09-01_2026-09-30_incremental_gulf_bypass_offset,period_component,low_supply,"Stress case: lower inferred Strait flow, weaker bypass durability, and conservative stock-release capacity.",2026-09-01,2026-09-30,30,,future_current_traffic_scenario,modeled_scenario,physical_supply_bridge,incremental_gulf_bypass_offset,3,90,,mb/d and million_bbl,scenario built 2026-08-03 from IEA/EIA/PortWatch anchors,2026-06-30,2026-07-23,https://portwatch.imf.org/pages/data-and-methodology | https://www.iea.org/commentaries/how-global-oil-supplies-have-readjusted-to-help-fill-the-huge-gap-left-by-the-strait-of-hormuz-shock | https://www.iea.org/news/iea-executive-director-statement-on-oil-markets,Traffic stays at the July 8-23 regime. Hormuz oil flow is bounded independently; bypass and non-Gulf rates follow the case's durability phase.,Hormuz current flow is constant; bypass tapers with route/security/maintenance constraints; non-Gulf incremental production ramps slowly.,low,"Gross missing route flow minus bypass and non-Gulf offsets equals net global supply loss; these physical rows are one bridge, not additive to market-clearing rows."
low_supply_2026-09-01_2026-09-30_incremental_non_gulf_supply_offset,period_component,low_supply,"Stress case: lower inferred Strait flow, weaker bypass durability, and conservative stock-release capacity.",2026-09-01,2026-09-30,30,,future_current_traffic_scenario,modeled_scenario,physical_supply_bridge,incremental_non_gulf_supply_offset,0.4,12,,mb/d and million_bbl,scenario built 2026-08-03 from IEA/EIA/PortWatch anchors,2026-06-30,2026-07-23,https://portwatch.imf.org/pages/data-and-methodology | https://www.iea.org/commentaries/how-global-oil-supplies-have-readjusted-to-help-fill-the-huge-gap-left-by-the-strait-of-hormuz-shock | https://www.iea.org/news/iea-executive-director-statement-on-oil-markets,Traffic stays at the July 8-23 regime. Hormuz oil flow is bounded independently; bypass and non-Gulf rates follow the case's durability phase.,Hormuz current flow is constant; bypass tapers with route/security/maintenance constraints; non-Gulf incremental production ramps slowly.,low,"Gross missing route flow minus bypass and non-Gulf offsets equals net global supply loss; these physical rows are one bridge, not additive to market-clearing rows."
low_supply_2026-09-01_2026-09-30_net_global_supply_loss,period_component,low_supply,"Stress case: lower inferred Strait flow, weaker bypass durability, and conservative stock-release capacity.",2026-09-01,2026-09-30,30,,future_current_traffic_scenario,modeled_scenario,physical_supply_bridge,net_global_supply_loss,13.6,408,,mb/d and million_bbl,scenario built 2026-08-03 from IEA/EIA/PortWatch anchors,2026-06-30,2026-07-23,https://portwatch.imf.org/pages/data-and-methodology | https://www.iea.org/commentaries/how-global-oil-supplies-have-readjusted-to-help-fill-the-huge-gap-left-by-the-strait-of-hormuz-shock | https://www.iea.org/news/iea-executive-director-statement-on-oil-markets,Traffic stays at the July 8-23 regime. Hormuz oil flow is bounded independently; bypass and non-Gulf rates follow the case's durability phase.,Hormuz current flow is constant; bypass tapers with route/security/maintenance constraints; non-Gulf incremental production ramps slowly.,low,"Gross missing route flow minus bypass and non-Gulf offsets equals net global supply loss; these physical rows are one bridge, not additive to market-clearing rows."
low_supply_2026-09-01_2026-09-30_foregone_counterfactual_stock_build,period_component,low_supply,"Stress case: lower inferred Strait flow, weaker bypass durability, and conservative stock-release capacity.",2026-09-01,2026-09-30,30,,future_current_traffic_scenario,modeled_scenario,market_clearing_bridge,foregone_counterfactual_stock_build,2.534034,76.02102,,mb/d and million_bbl,scenario built 2026-08-03 from frozen February STEO and July IEA evidence,2026-06-30,2026-07-23,https://www.eia.gov/outlooks/steo/archives/feb26_base.xlsx | https://www.iea.org/news/iea-executive-director-statement-on-oil-markets,Case-specific low-fidelity durability path; no price forecast.,Frozen February EIA planned build; an avoided build rather than a deliverable stock-flow resource.,low,Components sum with residual to net global supply loss; do not add this market bridge to the physical bridge.
low_supply_2026-09-01_2026-09-30_demand_reduction,period_component,low_supply,"Stress case: lower inferred Strait flow, weaker bypass durability, and conservative stock-release capacity.",2026-09-01,2026-09-30,30,,future_current_traffic_scenario,modeled_scenario,market_clearing_bridge,demand_reduction,5,150,,mb/d and million_bbl,scenario built 2026-08-03 from frozen February STEO and July IEA evidence,2026-06-30,2026-07-23,https://www.eia.gov/outlooks/steo/archives/feb26_base.xlsx | https://www.iea.org/news/iea-executive-director-statement-on-oil-markets,Case-specific low-fidelity durability path; no price forecast.,"Rises modestly with duration; includes involuntary shortage and conservation, while unmeasured fuel switching stays embedded.",low,Components sum with residual to net global supply loss; do not add this market bridge to the physical bridge.
low_supply_2026-09-01_2026-09-30_government_and_obligated_emergency_release,period_component,low_supply,"Stress case: lower inferred Strait flow, weaker bypass durability, and conservative stock-release capacity.",2026-09-01,2026-09-30,30,,future_current_traffic_scenario,modeled_scenario,market_clearing_bridge,government_and_obligated_emergency_release,1,30,,mb/d and million_bbl,scenario built 2026-08-03 from frozen February STEO and July IEA evidence,2026-06-30,2026-07-23,https://www.eia.gov/outlooks/steo/archives/feb26_base.xlsx | https://www.iea.org/news/iea-executive-director-statement-on-oil-markets,Case-specific low-fidelity durability path; no price forecast.,"Tapers after the original 400 mb action; remains well below the IEA's >1 bn gross government-stock level, which is not all usable.",low,Components sum with residual to net global supply loss; do not add this market bridge to the physical bridge.
low_supply_2026-09-01_2026-09-30_commercial_and_other_stock_draw,period_component,low_supply,"Stress case: lower inferred Strait flow, weaker bypass durability, and conservative stock-release capacity.",2026-09-01,2026-09-30,30,,future_current_traffic_scenario,modeled_scenario,market_clearing_bridge,commercial_and_other_stock_draw,2.5,75,,mb/d and million_bbl,scenario built 2026-08-03 from frozen February STEO and July IEA evidence,2026-06-30,2026-07-23,https://www.eia.gov/outlooks/steo/archives/feb26_base.xlsx | https://www.iea.org/news/iea-executive-director-statement-on-oil-markets,Case-specific low-fidelity durability path; no price forecast.,Tapers as working inventories approach operational minima; China ownership and oil-on-water remain uncertain.,low,Components sum with residual to net global supply loss; do not add this market bridge to the physical bridge.
low_supply_2026-09-01_2026-09-30_residual_unallocated_adjustment,period_component,low_supply,"Stress case: lower inferred Strait flow, weaker bypass durability, and conservative stock-release capacity.",2026-09-01,2026-09-30,30,,future_current_traffic_scenario,modeled_scenario,market_clearing_bridge,residual_unallocated_adjustment,2.565966,76.97898,,mb/d and million_bbl,scenario arithmetic,2026-06-30,2026-07-23,issues/in-progress/hormuz-m8q.5-model-current-traffic-oil-supply-scenarios.md,Unallocated balance after named durable channels; not a price forecast.,"Widens as stock rates taper and the horizon extends; may resolve as additional demand loss, unobserved stocks, or changed physical supply.",low,Components sum with residual to net global supply loss; do not add this market bridge to the physical bridge.
base_2026-09-01_2026-09-30_gross_missing_hormuz_flow,period_component,base,"Central case: inferred Strait flow modestly above the March-May oil-flow average, demonstrated bypass use, and tapering stock draws.",2026-09-01,2026-09-30,30,,future_current_traffic_scenario,modeled_scenario,physical_supply_bridge,gross_missing_hormuz_flow,16,480,,mb/d and million_bbl,scenario built 2026-08-03 from IEA/EIA/PortWatch anchors,2026-06-30,2026-07-23,https://portwatch.imf.org/pages/data-and-methodology | https://www.iea.org/commentaries/how-global-oil-supplies-have-readjusted-to-help-fill-the-huge-gap-left-by-the-strait-of-hormuz-shock | https://www.iea.org/news/iea-executive-director-statement-on-oil-markets,Traffic stays at the July 8-23 regime. Hormuz oil flow is bounded independently; bypass and non-Gulf rates follow the case's durability phase.,Hormuz current flow is constant; bypass tapers with route/security/maintenance constraints; non-Gulf incremental production ramps slowly.,low,"Gross missing route flow minus bypass and non-Gulf offsets equals net global supply loss; these physical rows are one bridge, not additive to market-clearing rows."
base_2026-09-01_2026-09-30_incremental_gulf_bypass_offset,period_component,base,"Central case: inferred Strait flow modestly above the March-May oil-flow average, demonstrated bypass use, and tapering stock draws.",2026-09-01,2026-09-30,30,,future_current_traffic_scenario,modeled_scenario,physical_supply_bridge,incremental_gulf_bypass_offset,3.3,99,,mb/d and million_bbl,scenario built 2026-08-03 from IEA/EIA/PortWatch anchors,2026-06-30,2026-07-23,https://portwatch.imf.org/pages/data-and-methodology | https://www.iea.org/commentaries/how-global-oil-supplies-have-readjusted-to-help-fill-the-huge-gap-left-by-the-strait-of-hormuz-shock | https://www.iea.org/news/iea-executive-director-statement-on-oil-markets,Traffic stays at the July 8-23 regime. Hormuz oil flow is bounded independently; bypass and non-Gulf rates follow the case's durability phase.,Hormuz current flow is constant; bypass tapers with route/security/maintenance constraints; non-Gulf incremental production ramps slowly.,low,"Gross missing route flow minus bypass and non-Gulf offsets equals net global supply loss; these physical rows are one bridge, not additive to market-clearing rows."
base_2026-09-01_2026-09-30_incremental_non_gulf_supply_offset,period_component,base,"Central case: inferred Strait flow modestly above the March-May oil-flow average, demonstrated bypass use, and tapering stock draws.",2026-09-01,2026-09-30,30,,future_current_traffic_scenario,modeled_scenario,physical_supply_bridge,incremental_non_gulf_supply_offset,0.6,18,,mb/d and million_bbl,scenario built 2026-08-03 from IEA/EIA/PortWatch anchors,2026-06-30,2026-07-23,https://portwatch.imf.org/pages/data-and-methodology | https://www.iea.org/commentaries/how-global-oil-supplies-have-readjusted-to-help-fill-the-huge-gap-left-by-the-strait-of-hormuz-shock | https://www.iea.org/news/iea-executive-director-statement-on-oil-markets,Traffic stays at the July 8-23 regime. Hormuz oil flow is bounded independently; bypass and non-Gulf rates follow the case's durability phase.,Hormuz current flow is constant; bypass tapers with route/security/maintenance constraints; non-Gulf incremental production ramps slowly.,low,"Gross missing route flow minus bypass and non-Gulf offsets equals net global supply loss; these physical rows are one bridge, not additive to market-clearing rows."
base_2026-09-01_2026-09-30_net_global_supply_loss,period_component,base,"Central case: inferred Strait flow modestly above the March-May oil-flow average, demonstrated bypass use, and tapering stock draws.",2026-09-01,2026-09-30,30,,future_current_traffic_scenario,modeled_scenario,physical_supply_bridge,net_global_supply_loss,12.1,363,,mb/d and million_bbl,scenario built 2026-08-03 from IEA/EIA/PortWatch anchors,2026-06-30,2026-07-23,https://portwatch.imf.org/pages/data-and-methodology | https://www.iea.org/commentaries/how-global-oil-supplies-have-readjusted-to-help-fill-the-huge-gap-left-by-the-strait-of-hormuz-shock | https://www.iea.org/news/iea-executive-director-statement-on-oil-markets,Traffic stays at the July 8-23 regime. Hormuz oil flow is bounded independently; bypass and non-Gulf rates follow the case's durability phase.,Hormuz current flow is constant; bypass tapers with route/security/maintenance constraints; non-Gulf incremental production ramps slowly.,low,"Gross missing route flow minus bypass and non-Gulf offsets equals net global supply loss; these physical rows are one bridge, not additive to market-clearing rows."
base_2026-09-01_2026-09-30_foregone_counterfactual_stock_build,period_component,base,"Central case: inferred Strait flow modestly above the March-May oil-flow average, demonstrated bypass use, and tapering stock draws.",2026-09-01,2026-09-30,30,,future_current_traffic_scenario,modeled_scenario,market_clearing_bridge,foregone_counterfactual_stock_build,2.534034,76.02102,,mb/d and million_bbl,scenario built 2026-08-03 from frozen February STEO and July IEA evidence,2026-06-30,2026-07-23,https://www.eia.gov/outlooks/steo/archives/feb26_base.xlsx | https://www.iea.org/news/iea-executive-director-statement-on-oil-markets,Case-specific low-fidelity durability path; no price forecast.,Frozen February EIA planned build; an avoided build rather than a deliverable stock-flow resource.,low,Components sum with residual to net global supply loss; do not add this market bridge to the physical bridge.
base_2026-09-01_2026-09-30_demand_reduction,period_component,base,"Central case: inferred Strait flow modestly above the March-May oil-flow average, demonstrated bypass use, and tapering stock draws.",2026-09-01,2026-09-30,30,,future_current_traffic_scenario,modeled_scenario,market_clearing_bridge,demand_reduction,4.5,135,,mb/d and million_bbl,scenario built 2026-08-03 from frozen February STEO and July IEA evidence,2026-06-30,2026-07-23,https://www.eia.gov/outlooks/steo/archives/feb26_base.xlsx | https://www.iea.org/news/iea-executive-director-statement-on-oil-markets,Case-specific low-fidelity durability path; no price forecast.,"Rises modestly with duration; includes involuntary shortage and conservation, while unmeasured fuel switching stays embedded.",low,Components sum with residual to net global supply loss; do not add this market bridge to the physical bridge.
base_2026-09-01_2026-09-30_government_and_obligated_emergency_release,period_component,base,"Central case: inferred Strait flow modestly above the March-May oil-flow average, demonstrated bypass use, and tapering stock draws.",2026-09-01,2026-09-30,30,,future_current_traffic_scenario,modeled_scenario,market_clearing_bridge,government_and_obligated_emergency_release,1.4,42,,mb/d and million_bbl,scenario built 2026-08-03 from frozen February STEO and July IEA evidence,2026-06-30,2026-07-23,https://www.eia.gov/outlooks/steo/archives/feb26_base.xlsx | https://www.iea.org/news/iea-executive-director-statement-on-oil-markets,Case-specific low-fidelity durability path; no price forecast.,"Tapers after the original 400 mb action; remains well below the IEA's >1 bn gross government-stock level, which is not all usable.",low,Components sum with residual to net global supply loss; do not add this market bridge to the physical bridge.
base_2026-09-01_2026-09-30_commercial_and_other_stock_draw,period_component,base,"Central case: inferred Strait flow modestly above the March-May oil-flow average, demonstrated bypass use, and tapering stock draws.",2026-09-01,2026-09-30,30,,future_current_traffic_scenario,modeled_scenario,market_clearing_bridge,commercial_and_other_stock_draw,3.1,93,,mb/d and million_bbl,scenario built 2026-08-03 from frozen February STEO and July IEA evidence,2026-06-30,2026-07-23,https://www.eia.gov/outlooks/steo/archives/feb26_base.xlsx | https://www.iea.org/news/iea-executive-director-statement-on-oil-markets,Case-specific low-fidelity durability path; no price forecast.,Tapers as working inventories approach operational minima; China ownership and oil-on-water remain uncertain.,low,Components sum with residual to net global supply loss; do not add this market bridge to the physical bridge.
base_2026-09-01_2026-09-30_residual_unallocated_adjustment,period_component,base,"Central case: inferred Strait flow modestly above the March-May oil-flow average, demonstrated bypass use, and tapering stock draws.",2026-09-01,2026-09-30,30,,future_current_traffic_scenario,modeled_scenario,market_clearing_bridge,residual_unallocated_adjustment,0.565966,16.97898,,mb/d and million_bbl,scenario arithmetic,2026-06-30,2026-07-23,issues/in-progress/hormuz-m8q.5-model-current-traffic-oil-supply-scenarios.md,Unallocated balance after named durable channels; not a price forecast.,"Widens as stock rates taper and the horizon extends; may resolve as additional demand loss, unobserved stocks, or changed physical supply.",low,Components sum with residual to net global supply loss; do not add this market bridge to the physical bridge.
high_supply_2026-09-01_2026-09-30_gross_missing_hormuz_flow,period_component,high_supply,"Resilient case: more AIS-dark/cargo flow, stronger bypass performance, and stronger durable supply and stock response.",2026-09-01,2026-09-30,30,,future_current_traffic_scenario,modeled_scenario,physical_supply_bridge,gross_missing_hormuz_flow,14.5,435,,mb/d and million_bbl,scenario built 2026-08-03 from IEA/EIA/PortWatch anchors,2026-06-30,2026-07-23,https://portwatch.imf.org/pages/data-and-methodology | https://www.iea.org/commentaries/how-global-oil-supplies-have-readjusted-to-help-fill-the-huge-gap-left-by-the-strait-of-hormuz-shock | https://www.iea.org/news/iea-executive-director-statement-on-oil-markets,Traffic stays at the July 8-23 regime. Hormuz oil flow is bounded independently; bypass and non-Gulf rates follow the case's durability phase.,Hormuz current flow is constant; bypass tapers with route/security/maintenance constraints; non-Gulf incremental production ramps slowly.,low,"Gross missing route flow minus bypass and non-Gulf offsets equals net global supply loss; these physical rows are one bridge, not additive to market-clearing rows."
high_supply_2026-09-01_2026-09-30_incremental_gulf_bypass_offset,period_component,high_supply,"Resilient case: more AIS-dark/cargo flow, stronger bypass performance, and stronger durable supply and stock response.",2026-09-01,2026-09-30,30,,future_current_traffic_scenario,modeled_scenario,physical_supply_bridge,incremental_gulf_bypass_offset,3.8,114,,mb/d and million_bbl,scenario built 2026-08-03 from IEA/EIA/PortWatch anchors,2026-06-30,2026-07-23,https://portwatch.imf.org/pages/data-and-methodology | https://www.iea.org/commentaries/how-global-oil-supplies-have-readjusted-to-help-fill-the-huge-gap-left-by-the-strait-of-hormuz-shock | https://www.iea.org/news/iea-executive-director-statement-on-oil-markets,Traffic stays at the July 8-23 regime. Hormuz oil flow is bounded independently; bypass and non-Gulf rates follow the case's durability phase.,Hormuz current flow is constant; bypass tapers with route/security/maintenance constraints; non-Gulf incremental production ramps slowly.,low,"Gross missing route flow minus bypass and non-Gulf offsets equals net global supply loss; these physical rows are one bridge, not additive to market-clearing rows."
high_supply_2026-09-01_2026-09-30_incremental_non_gulf_supply_offset,period_component,high_supply,"Resilient case: more AIS-dark/cargo flow, stronger bypass performance, and stronger durable supply and stock response.",2026-09-01,2026-09-30,30,,future_current_traffic_scenario,modeled_scenario,physical_supply_bridge,incremental_non_gulf_supply_offset,0.9,27,,mb/d and million_bbl,scenario built 2026-08-03 from IEA/EIA/PortWatch anchors,2026-06-30,2026-07-23,https://portwatch.imf.org/pages/data-and-methodology | https://www.iea.org/commentaries/how-global-oil-supplies-have-readjusted-to-help-fill-the-huge-gap-left-by-the-strait-of-hormuz-shock | https://www.iea.org/news/iea-executive-director-statement-on-oil-markets,Traffic stays at the July 8-23 regime. Hormuz oil flow is bounded independently; bypass and non-Gulf rates follow the case's durability phase.,Hormuz current flow is constant; bypass tapers with route/security/maintenance constraints; non-Gulf incremental production ramps slowly.,low,"Gross missing route flow minus bypass and non-Gulf offsets equals net global supply loss; these physical rows are one bridge, not additive to market-clearing rows."
high_supply_2026-09-01_2026-09-30_net_global_supply_loss,period_component,high_supply,"Resilient case: more AIS-dark/cargo flow, stronger bypass performance, and stronger durable supply and stock response.",2026-09-01,2026-09-30,30,,future_current_traffic_scenario,modeled_scenario,physical_supply_bridge,net_global_supply_loss,9.8,294,,mb/d and million_bbl,scenario built 2026-08-03 from IEA/EIA/PortWatch anchors,2026-06-30,2026-07-23,https://portwatch.imf.org/pages/data-and-methodology | https://www.iea.org/commentaries/how-global-oil-supplies-have-readjusted-to-help-fill-the-huge-gap-left-by-the-strait-of-hormuz-shock | https://www.iea.org/news/iea-executive-director-statement-on-oil-markets,Traffic stays at the July 8-23 regime. Hormuz oil flow is bounded independently; bypass and non-Gulf rates follow the case's durability phase.,Hormuz current flow is constant; bypass tapers with route/security/maintenance constraints; non-Gulf incremental production ramps slowly.,low,"Gross missing route flow minus bypass and non-Gulf offsets equals net global supply loss; these physical rows are one bridge, not additive to market-clearing rows."
high_supply_2026-09-01_2026-09-30_foregone_counterfactual_stock_build,period_component,high_supply,"Resilient case: more AIS-dark/cargo flow, stronger bypass performance, and stronger durable supply and stock response.",2026-09-01,2026-09-30,30,,future_current_traffic_scenario,modeled_scenario,market_clearing_bridge,foregone_counterfactual_stock_build,2.534034,76.02102,,mb/d and million_bbl,scenario built 2026-08-03 from frozen February STEO and July IEA evidence,2026-06-30,2026-07-23,https://www.eia.gov/outlooks/steo/archives/feb26_base.xlsx | https://www.iea.org/news/iea-executive-director-statement-on-oil-markets,Case-specific low-fidelity durability path; no price forecast.,Frozen February EIA planned build; an avoided build rather than a deliverable stock-flow resource.,low,Components sum with residual to net global supply loss; do not add this market bridge to the physical bridge.
high_supply_2026-09-01_2026-09-30_demand_reduction,period_component,high_supply,"Resilient case: more AIS-dark/cargo flow, stronger bypass performance, and stronger durable supply and stock response.",2026-09-01,2026-09-30,30,,future_current_traffic_scenario,modeled_scenario,market_clearing_bridge,demand_reduction,3.6,108,,mb/d and million_bbl,scenario built 2026-08-03 from frozen February STEO and July IEA evidence,2026-06-30,2026-07-23,https://www.eia.gov/outlooks/steo/archives/feb26_base.xlsx | https://www.iea.org/news/iea-executive-director-statement-on-oil-markets,Case-specific low-fidelity durability path; no price forecast.,"Rises modestly with duration; includes involuntary shortage and conservation, while unmeasured fuel switching stays embedded.",low,Components sum with residual to net global supply loss; do not add this market bridge to the physical bridge.
high_supply_2026-09-01_2026-09-30_government_and_obligated_emergency_release,period_component,high_supply,"Resilient case: more AIS-dark/cargo flow, stronger bypass performance, and stronger durable supply and stock response.",2026-09-01,2026-09-30,30,,future_current_traffic_scenario,modeled_scenario,market_clearing_bridge,government_and_obligated_emergency_release,1.2,36,,mb/d and million_bbl,scenario built 2026-08-03 from frozen February STEO and July IEA evidence,2026-06-30,2026-07-23,https://www.eia.gov/outlooks/steo/archives/feb26_base.xlsx | https://www.iea.org/news/iea-executive-director-statement-on-oil-markets,Case-specific low-fidelity durability path; no price forecast.,"Tapers after the original 400 mb action; remains well below the IEA's >1 bn gross government-stock level, which is not all usable.",low,Components sum with residual to net global supply loss; do not add this market bridge to the physical bridge.
high_supply_2026-09-01_2026-09-30_commercial_and_other_stock_draw,period_component,high_supply,"Resilient case: more AIS-dark/cargo flow, stronger bypass performance, and stronger durable supply and stock response.",2026-09-01,2026-09-30,30,,future_current_traffic_scenario,modeled_scenario,market_clearing_bridge,commercial_and_other_stock_draw,1,30,,mb/d and million_bbl,scenario built 2026-08-03 from frozen February STEO and July IEA evidence,2026-06-30,2026-07-23,https://www.eia.gov/outlooks/steo/archives/feb26_base.xlsx | https://www.iea.org/news/iea-executive-director-statement-on-oil-markets,Case-specific low-fidelity durability path; no price forecast.,Tapers as working inventories approach operational minima; China ownership and oil-on-water remain uncertain.,low,Components sum with residual to net global supply loss; do not add this market bridge to the physical bridge.
high_supply_2026-09-01_2026-09-30_residual_unallocated_adjustment,period_component,high_supply,"Resilient case: more AIS-dark/cargo flow, stronger bypass performance, and stronger durable supply and stock response.",2026-09-01,2026-09-30,30,,future_current_traffic_scenario,modeled_scenario,market_clearing_bridge,residual_unallocated_adjustment,1.465966,43.97898,,mb/d and million_bbl,scenario arithmetic,2026-06-30,2026-07-23,issues/in-progress/hormuz-m8q.5-model-current-traffic-oil-supply-scenarios.md,Unallocated balance after named durable channels; not a price forecast.,"Widens as stock rates taper and the horizon extends; may resolve as additional demand loss, unobserved stocks, or changed physical supply.",low,Components sum with residual to net global supply loss; do not add this market bridge to the physical bridge.
low_supply_2026-10-01_2026-10-31_gross_missing_hormuz_flow,period_component,low_supply,"Stress case: lower inferred Strait flow, weaker bypass durability, and conservative stock-release capacity.",2026-10-01,2026-10-31,31,,future_current_traffic_scenario,modeled_scenario,physical_supply_bridge,gross_missing_hormuz_flow,17,527,,mb/d and million_bbl,scenario built 2026-08-03 from IEA/EIA/PortWatch anchors,2026-06-30,2026-07-23,https://portwatch.imf.org/pages/data-and-methodology | https://www.iea.org/commentaries/how-global-oil-supplies-have-readjusted-to-help-fill-the-huge-gap-left-by-the-strait-of-hormuz-shock | https://www.iea.org/news/iea-executive-director-statement-on-oil-markets,Traffic stays at the July 8-23 regime. Hormuz oil flow is bounded independently; bypass and non-Gulf rates follow the case's durability phase.,Hormuz current flow is constant; bypass tapers with route/security/maintenance constraints; non-Gulf incremental production ramps slowly.,low,"Gross missing route flow minus bypass and non-Gulf offsets equals net global supply loss; these physical rows are one bridge, not additive to market-clearing rows."
low_supply_2026-10-01_2026-10-31_incremental_gulf_bypass_offset,period_component,low_supply,"Stress case: lower inferred Strait flow, weaker bypass durability, and conservative stock-release capacity.",2026-10-01,2026-10-31,31,,future_current_traffic_scenario,modeled_scenario,physical_supply_bridge,incremental_gulf_bypass_offset,2.7,83.7,,mb/d and million_bbl,scenario built 2026-08-03 from IEA/EIA/PortWatch anchors,2026-06-30,2026-07-23,https://portwatch.imf.org/pages/data-and-methodology | https://www.iea.org/commentaries/how-global-oil-supplies-have-readjusted-to-help-fill-the-huge-gap-left-by-the-strait-of-hormuz-shock | https://www.iea.org/news/iea-executive-director-statement-on-oil-markets,Traffic stays at the July 8-23 regime. Hormuz oil flow is bounded independently; bypass and non-Gulf rates follow the case's durability phase.,Hormuz current flow is constant; bypass tapers with route/security/maintenance constraints; non-Gulf incremental production ramps slowly.,low,"Gross missing route flow minus bypass and non-Gulf offsets equals net global supply loss; these physical rows are one bridge, not additive to market-clearing rows."
low_supply_2026-10-01_2026-10-31_incremental_non_gulf_supply_offset,period_component,low_supply,"Stress case: lower inferred Strait flow, weaker bypass durability, and conservative stock-release capacity.",2026-10-01,2026-10-31,31,,future_current_traffic_scenario,modeled_scenario,physical_supply_bridge,incremental_non_gulf_supply_offset,0.5,15.5,,mb/d and million_bbl,scenario built 2026-08-03 from IEA/EIA/PortWatch anchors,2026-06-30,2026-07-23,https://portwatch.imf.org/pages/data-and-methodology | https://www.iea.org/commentaries/how-global-oil-supplies-have-readjusted-to-help-fill-the-huge-gap-left-by-the-strait-of-hormuz-shock | https://www.iea.org/news/iea-executive-director-statement-on-oil-markets,Traffic stays at the July 8-23 regime. Hormuz oil flow is bounded independently; bypass and non-Gulf rates follow the case's durability phase.,Hormuz current flow is constant; bypass tapers with route/security/maintenance constraints; non-Gulf incremental production ramps slowly.,low,"Gross missing route flow minus bypass and non-Gulf offsets equals net global supply loss; these physical rows are one bridge, not additive to market-clearing rows."
low_supply_2026-10-01_2026-10-31_net_global_supply_loss,period_component,low_supply,"Stress case: lower inferred Strait flow, weaker bypass durability, and conservative stock-release capacity.",2026-10-01,2026-10-31,31,,future_current_traffic_scenario,modeled_scenario,physical_supply_bridge,net_global_supply_loss,13.8,427.8,,mb/d and million_bbl,scenario built 2026-08-03 from IEA/EIA/PortWatch anchors,2026-06-30,2026-07-23,https://portwatch.imf.org/pages/data-and-methodology | https://www.iea.org/commentaries/how-global-oil-supplies-have-readjusted-to-help-fill-the-huge-gap-left-by-the-strait-of-hormuz-shock | https://www.iea.org/news/iea-executive-director-statement-on-oil-markets,Traffic stays at the July 8-23 regime. Hormuz oil flow is bounded independently; bypass and non-Gulf rates follow the case's durability phase.,Hormuz current flow is constant; bypass tapers with route/security/maintenance constraints; non-Gulf incremental production ramps slowly.,low,"Gross missing route flow minus bypass and non-Gulf offsets equals net global supply loss; these physical rows are one bridge, not additive to market-clearing rows."
low_supply_2026-10-01_2026-10-31_foregone_counterfactual_stock_build,period_component,low_supply,"Stress case: lower inferred Strait flow, weaker bypass durability, and conservative stock-release capacity.",2026-10-01,2026-10-31,31,,future_current_traffic_scenario,modeled_scenario,market_clearing_bridge,foregone_counterfactual_stock_build,4.004066,124.126046,,mb/d and million_bbl,scenario built 2026-08-03 from frozen February STEO and July IEA evidence,2026-06-30,2026-07-23,https://www.eia.gov/outlooks/steo/archives/feb26_base.xlsx | https://www.iea.org/news/iea-executive-director-statement-on-oil-markets,Case-specific low-fidelity durability path; no price forecast.,Frozen February EIA planned build; an avoided build rather than a deliverable stock-flow resource.,low,Components sum with residual to net global supply loss; do not add this market bridge to the physical bridge.
low_supply_2026-10-01_2026-10-31_demand_reduction,period_component,low_supply,"Stress case: lower inferred Strait flow, weaker bypass durability, and conservative stock-release capacity.",2026-10-01,2026-10-31,31,,future_current_traffic_scenario,modeled_scenario,market_clearing_bridge,demand_reduction,5.5,170.5,,mb/d and million_bbl,scenario built 2026-08-03 from frozen February STEO and July IEA evidence,2026-06-30,2026-07-23,https://www.eia.gov/outlooks/steo/archives/feb26_base.xlsx | https://www.iea.org/news/iea-executive-director-statement-on-oil-markets,Case-specific low-fidelity durability path; no price forecast.,"Rises modestly with duration; includes involuntary shortage and conservation, while unmeasured fuel switching stays embedded.",low,Components sum with residual to net global supply loss; do not add this market bridge to the physical bridge.
low_supply_2026-10-01_2026-10-31_government_and_obligated_emergency_release,period_component,low_supply,"Stress case: lower inferred Strait flow, weaker bypass durability, and conservative stock-release capacity.",2026-10-01,2026-10-31,31,,future_current_traffic_scenario,modeled_scenario,market_clearing_bridge,government_and_obligated_emergency_release,0.3,9.3,,mb/d and million_bbl,scenario built 2026-08-03 from frozen February STEO and July IEA evidence,2026-06-30,2026-07-23,https://www.eia.gov/outlooks/steo/archives/feb26_base.xlsx | https://www.iea.org/news/iea-executive-director-statement-on-oil-markets,Case-specific low-fidelity durability path; no price forecast.,"Tapers after the original 400 mb action; remains well below the IEA's >1 bn gross government-stock level, which is not all usable.",low,Components sum with residual to net global supply loss; do not add this market bridge to the physical bridge.
low_supply_2026-10-01_2026-10-31_commercial_and_other_stock_draw,period_component,low_supply,"Stress case: lower inferred Strait flow, weaker bypass durability, and conservative stock-release capacity.",2026-10-01,2026-10-31,31,,future_current_traffic_scenario,modeled_scenario,market_clearing_bridge,commercial_and_other_stock_draw,1.5,46.5,,mb/d and million_bbl,scenario built 2026-08-03 from frozen February STEO and July IEA evidence,2026-06-30,2026-07-23,https://www.eia.gov/outlooks/steo/archives/feb26_base.xlsx | https://www.iea.org/news/iea-executive-director-statement-on-oil-markets,Case-specific low-fidelity durability path; no price forecast.,Tapers as working inventories approach operational minima; China ownership and oil-on-water remain uncertain.,low,Components sum with residual to net global supply loss; do not add this market bridge to the physical bridge.
low_supply_2026-10-01_2026-10-31_residual_unallocated_adjustment,period_component,low_supply,"Stress case: lower inferred Strait flow, weaker bypass durability, and conservative stock-release capacity.",2026-10-01,2026-10-31,31,,future_current_traffic_scenario,modeled_scenario,market_clearing_bridge,residual_unallocated_adjustment,2.495934,77.373954,,mb/d and million_bbl,scenario arithmetic,2026-06-30,2026-07-23,issues/in-progress/hormuz-m8q.5-model-current-traffic-oil-supply-scenarios.md,Unallocated balance after named durable channels; not a price forecast.,"Widens as stock rates taper and the horizon extends; may resolve as additional demand loss, unobserved stocks, or changed physical supply.",low,Components sum with residual to net global supply loss; do not add this market bridge to the physical bridge.
base_2026-10-01_2026-10-31_gross_missing_hormuz_flow,period_component,base,"Central case: inferred Strait flow modestly above the March-May oil-flow average, demonstrated bypass use, and tapering stock draws.",2026-10-01,2026-10-31,31,,future_current_traffic_scenario,modeled_scenario,physical_supply_bridge,gross_missing_hormuz_flow,16,496,,mb/d and million_bbl,scenario built 2026-08-03 from IEA/EIA/PortWatch anchors,2026-06-30,2026-07-23,https://portwatch.imf.org/pages/data-and-methodology | https://www.iea.org/commentaries/how-global-oil-supplies-have-readjusted-to-help-fill-the-huge-gap-left-by-the-strait-of-hormuz-shock | https://www.iea.org/news/iea-executive-director-statement-on-oil-markets,Traffic stays at the July 8-23 regime. Hormuz oil flow is bounded independently; bypass and non-Gulf rates follow the case's durability phase.,Hormuz current flow is constant; bypass tapers with route/security/maintenance constraints; non-Gulf incremental production ramps slowly.,low,"Gross missing route flow minus bypass and non-Gulf offsets equals net global supply loss; these physical rows are one bridge, not additive to market-clearing rows."
base_2026-10-01_2026-10-31_incremental_gulf_bypass_offset,period_component,base,"Central case: inferred Strait flow modestly above the March-May oil-flow average, demonstrated bypass use, and tapering stock draws.",2026-10-01,2026-10-31,31,,future_current_traffic_scenario,modeled_scenario,physical_supply_bridge,incremental_gulf_bypass_offset,3.1,96.1,,mb/d and million_bbl,scenario built 2026-08-03 from IEA/EIA/PortWatch anchors,2026-06-30,2026-07-23,https://portwatch.imf.org/pages/data-and-methodology | https://www.iea.org/commentaries/how-global-oil-supplies-have-readjusted-to-help-fill-the-huge-gap-left-by-the-strait-of-hormuz-shock | https://www.iea.org/news/iea-executive-director-statement-on-oil-markets,Traffic stays at the July 8-23 regime. Hormuz oil flow is bounded independently; bypass and non-Gulf rates follow the case's durability phase.,Hormuz current flow is constant; bypass tapers with route/security/maintenance constraints; non-Gulf incremental production ramps slowly.,low,"Gross missing route flow minus bypass and non-Gulf offsets equals net global supply loss; these physical rows are one bridge, not additive to market-clearing rows."
base_2026-10-01_2026-10-31_incremental_non_gulf_supply_offset,period_component,base,"Central case: inferred Strait flow modestly above the March-May oil-flow average, demonstrated bypass use, and tapering stock draws.",2026-10-01,2026-10-31,31,,future_current_traffic_scenario,modeled_scenario,physical_supply_bridge,incremental_non_gulf_supply_offset,0.8,24.8,,mb/d and million_bbl,scenario built 2026-08-03 from IEA/EIA/PortWatch anchors,2026-06-30,2026-07-23,https://portwatch.imf.org/pages/data-and-methodology | https://www.iea.org/commentaries/how-global-oil-supplies-have-readjusted-to-help-fill-the-huge-gap-left-by-the-strait-of-hormuz-shock | https://www.iea.org/news/iea-executive-director-statement-on-oil-markets,Traffic stays at the July 8-23 regime. Hormuz oil flow is bounded independently; bypass and non-Gulf rates follow the case's durability phase.,Hormuz current flow is constant; bypass tapers with route/security/maintenance constraints; non-Gulf incremental production ramps slowly.,low,"Gross missing route flow minus bypass and non-Gulf offsets equals net global supply loss; these physical rows are one bridge, not additive to market-clearing rows."
base_2026-10-01_2026-10-31_net_global_supply_loss,period_component,base,"Central case: inferred Strait flow modestly above the March-May oil-flow average, demonstrated bypass use, and tapering stock draws.",2026-10-01,2026-10-31,31,,future_current_traffic_scenario,modeled_scenario,physical_supply_bridge,net_global_supply_loss,12.1,375.1,,mb/d and million_bbl,scenario built 2026-08-03 from IEA/EIA/PortWatch anchors,2026-06-30,2026-07-23,https://portwatch.imf.org/pages/data-and-methodology | https://www.iea.org/commentaries/how-global-oil-supplies-have-readjusted-to-help-fill-the-huge-gap-left-by-the-strait-of-hormuz-shock | https://www.iea.org/news/iea-executive-director-statement-on-oil-markets,Traffic stays at the July 8-23 regime. Hormuz oil flow is bounded independently; bypass and non-Gulf rates follow the case's durability phase.,Hormuz current flow is constant; bypass tapers with route/security/maintenance constraints; non-Gulf incremental production ramps slowly.,low,"Gross missing route flow minus bypass and non-Gulf offsets equals net global supply loss; these physical rows are one bridge, not additive to market-clearing rows."
base_2026-10-01_2026-10-31_foregone_counterfactual_stock_build,period_component,base,"Central case: inferred Strait flow modestly above the March-May oil-flow average, demonstrated bypass use, and tapering stock draws.",2026-10-01,2026-10-31,31,,future_current_traffic_scenario,modeled_scenario,market_clearing_bridge,foregone_counterfactual_stock_build,4.004066,124.126046,,mb/d and million_bbl,scenario built 2026-08-03 from frozen February STEO and July IEA evidence,2026-06-30,2026-07-23,https://www.eia.gov/outlooks/steo/archives/feb26_base.xlsx | https://www.iea.org/news/iea-executive-director-statement-on-oil-markets,Case-specific low-fidelity durability path; no price forecast.,Frozen February EIA planned build; an avoided build rather than a deliverable stock-flow resource.,low,Components sum with residual to net global supply loss; do not add this market bridge to the physical bridge.
base_2026-10-01_2026-10-31_demand_reduction,period_component,base,"Central case: inferred Strait flow modestly above the March-May oil-flow average, demonstrated bypass use, and tapering stock draws.",2026-10-01,2026-10-31,31,,future_current_traffic_scenario,modeled_scenario,market_clearing_bridge,demand_reduction,4.8,148.8,,mb/d and million_bbl,scenario built 2026-08-03 from frozen February STEO and July IEA evidence,2026-06-30,2026-07-23,https://www.eia.gov/outlooks/steo/archives/feb26_base.xlsx | https://www.iea.org/news/iea-executive-director-statement-on-oil-markets,Case-specific low-fidelity durability path; no price forecast.,"Rises modestly with duration; includes involuntary shortage and conservation, while unmeasured fuel switching stays embedded.",low,Components sum with residual to net global supply loss; do not add this market bridge to the physical bridge.
base_2026-10-01_2026-10-31_government_and_obligated_emergency_release,period_component,base,"Central case: inferred Strait flow modestly above the March-May oil-flow average, demonstrated bypass use, and tapering stock draws.",2026-10-01,2026-10-31,31,,future_current_traffic_scenario,modeled_scenario,market_clearing_bridge,government_and_obligated_emergency_release,0.6,18.6,,mb/d and million_bbl,scenario built 2026-08-03 from frozen February STEO and July IEA evidence,2026-06-30,2026-07-23,https://www.eia.gov/outlooks/steo/archives/feb26_base.xlsx | https://www.iea.org/news/iea-executive-director-statement-on-oil-markets,Case-specific low-fidelity durability path; no price forecast.,"Tapers after the original 400 mb action; remains well below the IEA's >1 bn gross government-stock level, which is not all usable.",low,Components sum with residual to net global supply loss; do not add this market bridge to the physical bridge.
base_2026-10-01_2026-10-31_commercial_and_other_stock_draw,period_component,base,"Central case: inferred Strait flow modestly above the March-May oil-flow average, demonstrated bypass use, and tapering stock draws.",2026-10-01,2026-10-31,31,,future_current_traffic_scenario,modeled_scenario,market_clearing_bridge,commercial_and_other_stock_draw,2,62,,mb/d and million_bbl,scenario built 2026-08-03 from frozen February STEO and July IEA evidence,2026-06-30,2026-07-23,https://www.eia.gov/outlooks/steo/archives/feb26_base.xlsx | https://www.iea.org/news/iea-executive-director-statement-on-oil-markets,Case-specific low-fidelity durability path; no price forecast.,Tapers as working inventories approach operational minima; China ownership and oil-on-water remain uncertain.,low,Components sum with residual to net global supply loss; do not add this market bridge to the physical bridge.
base_2026-10-01_2026-10-31_residual_unallocated_adjustment,period_component,base,"Central case: inferred Strait flow modestly above the March-May oil-flow average, demonstrated bypass use, and tapering stock draws.",2026-10-01,2026-10-31,31,,future_current_traffic_scenario,modeled_scenario,market_clearing_bridge,residual_unallocated_adjustment,0.695934,21.573954,,mb/d and million_bbl,scenario arithmetic,2026-06-30,2026-07-23,issues/in-progress/hormuz-m8q.5-model-current-traffic-oil-supply-scenarios.md,Unallocated balance after named durable channels; not a price forecast.,"Widens as stock rates taper and the horizon extends; may resolve as additional demand loss, unobserved stocks, or changed physical supply.",low,Components sum with residual to net global supply loss; do not add this market bridge to the physical bridge.
high_supply_2026-10-01_2026-10-31_gross_missing_hormuz_flow,period_component,high_supply,"Resilient case: more AIS-dark/cargo flow, stronger bypass performance, and stronger durable supply and stock response.",2026-10-01,2026-10-31,31,,future_current_traffic_scenario,modeled_scenario,physical_supply_bridge,gross_missing_hormuz_flow,14.5,449.5,,mb/d and million_bbl,scenario built 2026-08-03 from IEA/EIA/PortWatch anchors,2026-06-30,2026-07-23,https://portwatch.imf.org/pages/data-and-methodology | https://www.iea.org/commentaries/how-global-oil-supplies-have-readjusted-to-help-fill-the-huge-gap-left-by-the-strait-of-hormuz-shock | https://www.iea.org/news/iea-executive-director-statement-on-oil-markets,Traffic stays at the July 8-23 regime. Hormuz oil flow is bounded independently; bypass and non-Gulf rates follow the case's durability phase.,Hormuz current flow is constant; bypass tapers with route/security/maintenance constraints; non-Gulf incremental production ramps slowly.,low,"Gross missing route flow minus bypass and non-Gulf offsets equals net global supply loss; these physical rows are one bridge, not additive to market-clearing rows."
high_supply_2026-10-01_2026-10-31_incremental_gulf_bypass_offset,period_component,high_supply,"Resilient case: more AIS-dark/cargo flow, stronger bypass performance, and stronger durable supply and stock response.",2026-10-01,2026-10-31,31,,future_current_traffic_scenario,modeled_scenario,physical_supply_bridge,incremental_gulf_bypass_offset,3.7,114.7,,mb/d and million_bbl,scenario built 2026-08-03 from IEA/EIA/PortWatch anchors,2026-06-30,2026-07-23,https://portwatch.imf.org/pages/data-and-methodology | https://www.iea.org/commentaries/how-global-oil-supplies-have-readjusted-to-help-fill-the-huge-gap-left-by-the-strait-of-hormuz-shock | https://www.iea.org/news/iea-executive-director-statement-on-oil-markets,Traffic stays at the July 8-23 regime. Hormuz oil flow is bounded independently; bypass and non-Gulf rates follow the case's durability phase.,Hormuz current flow is constant; bypass tapers with route/security/maintenance constraints; non-Gulf incremental production ramps slowly.,low,"Gross missing route flow minus bypass and non-Gulf offsets equals net global supply loss; these physical rows are one bridge, not additive to market-clearing rows."
high_supply_2026-10-01_2026-10-31_incremental_non_gulf_supply_offset,period_component,high_supply,"Resilient case: more AIS-dark/cargo flow, stronger bypass performance, and stronger durable supply and stock response.",2026-10-01,2026-10-31,31,,future_current_traffic_scenario,modeled_scenario,physical_supply_bridge,incremental_non_gulf_supply_offset,1.1,34.1,,mb/d and million_bbl,scenario built 2026-08-03 from IEA/EIA/PortWatch anchors,2026-06-30,2026-07-23,https://portwatch.imf.org/pages/data-and-methodology | https://www.iea.org/commentaries/how-global-oil-supplies-have-readjusted-to-help-fill-the-huge-gap-left-by-the-strait-of-hormuz-shock | https://www.iea.org/news/iea-executive-director-statement-on-oil-markets,Traffic stays at the July 8-23 regime. Hormuz oil flow is bounded independently; bypass and non-Gulf rates follow the case's durability phase.,Hormuz current flow is constant; bypass tapers with route/security/maintenance constraints; non-Gulf incremental production ramps slowly.,low,"Gross missing route flow minus bypass and non-Gulf offsets equals net global supply loss; these physical rows are one bridge, not additive to market-clearing rows."
high_supply_2026-10-01_2026-10-31_net_global_supply_loss,period_component,high_supply,"Resilient case: more AIS-dark/cargo flow, stronger bypass performance, and stronger durable supply and stock response.",2026-10-01,2026-10-31,31,,future_current_traffic_scenario,modeled_scenario,physical_supply_bridge,net_global_supply_loss,9.7,300.7,,mb/d and million_bbl,scenario built 2026-08-03 from IEA/EIA/PortWatch anchors,2026-06-30,2026-07-23,https://portwatch.imf.org/pages/data-and-methodology | https://www.iea.org/commentaries/how-global-oil-supplies-have-readjusted-to-help-fill-the-huge-gap-left-by-the-strait-of-hormuz-shock | https://www.iea.org/news/iea-executive-director-statement-on-oil-markets,Traffic stays at the July 8-23 regime. Hormuz oil flow is bounded independently; bypass and non-Gulf rates follow the case's durability phase.,Hormuz current flow is constant; bypass tapers with route/security/maintenance constraints; non-Gulf incremental production ramps slowly.,low,"Gross missing route flow minus bypass and non-Gulf offsets equals net global supply loss; these physical rows are one bridge, not additive to market-clearing rows."
high_supply_2026-10-01_2026-10-31_foregone_counterfactual_stock_build,period_component,high_supply,"Resilient case: more AIS-dark/cargo flow, stronger bypass performance, and stronger durable supply and stock response.",2026-10-01,2026-10-31,31,,future_current_traffic_scenario,modeled_scenario,market_clearing_bridge,foregone_counterfactual_stock_build,4.004066,124.126046,,mb/d and million_bbl,scenario built 2026-08-03 from frozen February STEO and July IEA evidence,2026-06-30,2026-07-23,https://www.eia.gov/outlooks/steo/archives/feb26_base.xlsx | https://www.iea.org/news/iea-executive-director-statement-on-oil-markets,Case-specific low-fidelity durability path; no price forecast.,Frozen February EIA planned build; an avoided build rather than a deliverable stock-flow resource.,low,Components sum with residual to net global supply loss; do not add this market bridge to the physical bridge.
high_supply_2026-10-01_2026-10-31_demand_reduction,period_component,high_supply,"Resilient case: more AIS-dark/cargo flow, stronger bypass performance, and stronger durable supply and stock response.",2026-10-01,2026-10-31,31,,future_current_traffic_scenario,modeled_scenario,market_clearing_bridge,demand_reduction,3.6,111.6,,mb/d and million_bbl,scenario built 2026-08-03 from frozen February STEO and July IEA evidence,2026-06-30,2026-07-23,https://www.eia.gov/outlooks/steo/archives/feb26_base.xlsx | https://www.iea.org/news/iea-executive-director-statement-on-oil-markets,Case-specific low-fidelity durability path; no price forecast.,"Rises modestly with duration; includes involuntary shortage and conservation, while unmeasured fuel switching stays embedded.",low,Components sum with residual to net global supply loss; do not add this market bridge to the physical bridge.
high_supply_2026-10-01_2026-10-31_government_and_obligated_emergency_release,period_component,high_supply,"Resilient case: more AIS-dark/cargo flow, stronger bypass performance, and stronger durable supply and stock response.",2026-10-01,2026-10-31,31,,future_current_traffic_scenario,modeled_scenario,market_clearing_bridge,government_and_obligated_emergency_release,0.8,24.8,,mb/d and million_bbl,scenario built 2026-08-03 from frozen February STEO and July IEA evidence,2026-06-30,2026-07-23,https://www.eia.gov/outlooks/steo/archives/feb26_base.xlsx | https://www.iea.org/news/iea-executive-director-statement-on-oil-markets,Case-specific low-fidelity durability path; no price forecast.,"Tapers after the original 400 mb action; remains well below the IEA's >1 bn gross government-stock level, which is not all usable.",low,Components sum with residual to net global supply loss; do not add this market bridge to the physical bridge.
high_supply_2026-10-01_2026-10-31_commercial_and_other_stock_draw,period_component,high_supply,"Resilient case: more AIS-dark/cargo flow, stronger bypass performance, and stronger durable supply and stock response.",2026-10-01,2026-10-31,31,,future_current_traffic_scenario,modeled_scenario,market_clearing_bridge,commercial_and_other_stock_draw,0.8,24.8,,mb/d and million_bbl,scenario built 2026-08-03 from frozen February STEO and July IEA evidence,2026-06-30,2026-07-23,https://www.eia.gov/outlooks/steo/archives/feb26_base.xlsx | https://www.iea.org/news/iea-executive-director-statement-on-oil-markets,Case-specific low-fidelity durability path; no price forecast.,Tapers as working inventories approach operational minima; China ownership and oil-on-water remain uncertain.,low,Components sum with residual to net global supply loss; do not add this market bridge to the physical bridge.
high_supply_2026-10-01_2026-10-31_residual_unallocated_adjustment,period_component,high_supply,"Resilient case: more AIS-dark/cargo flow, stronger bypass performance, and stronger durable supply and stock response.",2026-10-01,2026-10-31,31,,future_current_traffic_scenario,modeled_scenario,market_clearing_bridge,residual_unallocated_adjustment,0.495934,15.373954,,mb/d and million_bbl,scenario arithmetic,2026-06-30,2026-07-23,issues/in-progress/hormuz-m8q.5-model-current-traffic-oil-supply-scenarios.md,Unallocated balance after named durable channels; not a price forecast.,"Widens as stock rates taper and the horizon extends; may resolve as additional demand loss, unobserved stocks, or changed physical supply.",low,Components sum with residual to net global supply loss; do not add this market bridge to the physical bridge.
low_supply_2026-11-01_2026-11-30_gross_missing_hormuz_flow,period_component,low_supply,"Stress case: lower inferred Strait flow, weaker bypass durability, and conservative stock-release capacity.",2026-11-01,2026-11-30,30,,future_current_traffic_scenario,modeled_scenario,physical_supply_bridge,gross_missing_hormuz_flow,17,510,,mb/d and million_bbl,scenario built 2026-08-03 from IEA/EIA/PortWatch anchors,2026-06-30,2026-07-23,https://portwatch.imf.org/pages/data-and-methodology | https://www.iea.org/commentaries/how-global-oil-supplies-have-readjusted-to-help-fill-the-huge-gap-left-by-the-strait-of-hormuz-shock | https://www.iea.org/news/iea-executive-director-statement-on-oil-markets,Traffic stays at the July 8-23 regime. Hormuz oil flow is bounded independently; bypass and non-Gulf rates follow the case's durability phase.,Hormuz current flow is constant; bypass tapers with route/security/maintenance constraints; non-Gulf incremental production ramps slowly.,low,"Gross missing route flow minus bypass and non-Gulf offsets equals net global supply loss; these physical rows are one bridge, not additive to market-clearing rows."
low_supply_2026-11-01_2026-11-30_incremental_gulf_bypass_offset,period_component,low_supply,"Stress case: lower inferred Strait flow, weaker bypass durability, and conservative stock-release capacity.",2026-11-01,2026-11-30,30,,future_current_traffic_scenario,modeled_scenario,physical_supply_bridge,incremental_gulf_bypass_offset,2.7,81,,mb/d and million_bbl,scenario built 2026-08-03 from IEA/EIA/PortWatch anchors,2026-06-30,2026-07-23,https://portwatch.imf.org/pages/data-and-methodology | https://www.iea.org/commentaries/how-global-oil-supplies-have-readjusted-to-help-fill-the-huge-gap-left-by-the-strait-of-hormuz-shock | https://www.iea.org/news/iea-executive-director-statement-on-oil-markets,Traffic stays at the July 8-23 regime. Hormuz oil flow is bounded independently; bypass and non-Gulf rates follow the case's durability phase.,Hormuz current flow is constant; bypass tapers with route/security/maintenance constraints; non-Gulf incremental production ramps slowly.,low,"Gross missing route flow minus bypass and non-Gulf offsets equals net global supply loss; these physical rows are one bridge, not additive to market-clearing rows."
low_supply_2026-11-01_2026-11-30_incremental_non_gulf_supply_offset,period_component,low_supply,"Stress case: lower inferred Strait flow, weaker bypass durability, and conservative stock-release capacity.",2026-11-01,2026-11-30,30,,future_current_traffic_scenario,modeled_scenario,physical_supply_bridge,incremental_non_gulf_supply_offset,0.5,15,,mb/d and million_bbl,scenario built 2026-08-03 from IEA/EIA/PortWatch anchors,2026-06-30,2026-07-23,https://portwatch.imf.org/pages/data-and-methodology | https://www.iea.org/commentaries/how-global-oil-supplies-have-readjusted-to-help-fill-the-huge-gap-left-by-the-strait-of-hormuz-shock | https://www.iea.org/news/iea-executive-director-statement-on-oil-markets,Traffic stays at the July 8-23 regime. Hormuz oil flow is bounded independently; bypass and non-Gulf rates follow the case's durability phase.,Hormuz current flow is constant; bypass tapers with route/security/maintenance constraints; non-Gulf incremental production ramps slowly.,low,"Gross missing route flow minus bypass and non-Gulf offsets equals net global supply loss; these physical rows are one bridge, not additive to market-clearing rows."
low_supply_2026-11-01_2026-11-30_net_global_supply_loss,period_component,low_supply,"Stress case: lower inferred Strait flow, weaker bypass durability, and conservative stock-release capacity.",2026-11-01,2026-11-30,30,,future_current_traffic_scenario,modeled_scenario,physical_supply_bridge,net_global_supply_loss,13.8,414,,mb/d and million_bbl,scenario built 2026-08-03 from IEA/EIA/PortWatch anchors,2026-06-30,2026-07-23,https://portwatch.imf.org/pages/data-and-methodology | https://www.iea.org/commentaries/how-global-oil-supplies-have-readjusted-to-help-fill-the-huge-gap-left-by-the-strait-of-hormuz-shock | https://www.iea.org/news/iea-executive-director-statement-on-oil-markets,Traffic stays at the July 8-23 regime. Hormuz oil flow is bounded independently; bypass and non-Gulf rates follow the case's durability phase.,Hormuz current flow is constant; bypass tapers with route/security/maintenance constraints; non-Gulf incremental production ramps slowly.,low,"Gross missing route flow minus bypass and non-Gulf offsets equals net global supply loss; these physical rows are one bridge, not additive to market-clearing rows."
low_supply_2026-11-01_2026-11-30_foregone_counterfactual_stock_build,period_component,low_supply,"Stress case: lower inferred Strait flow, weaker bypass durability, and conservative stock-release capacity.",2026-11-01,2026-11-30,30,,future_current_traffic_scenario,modeled_scenario,market_clearing_bridge,foregone_counterfactual_stock_build,3.437439,103.12317,,mb/d and million_bbl,scenario built 2026-08-03 from frozen February STEO and July IEA evidence,2026-06-30,2026-07-23,https://www.eia.gov/outlooks/steo/archives/feb26_base.xlsx | https://www.iea.org/news/iea-executive-director-statement-on-oil-markets,Case-specific low-fidelity durability path; no price forecast.,Frozen February EIA planned build; an avoided build rather than a deliverable stock-flow resource.,low,Components sum with residual to net global supply loss; do not add this market bridge to the physical bridge.
low_supply_2026-11-01_2026-11-30_demand_reduction,period_component,low_supply,"Stress case: lower inferred Strait flow, weaker bypass durability, and conservative stock-release capacity.",2026-11-01,2026-11-30,30,,future_current_traffic_scenario,modeled_scenario,market_clearing_bridge,demand_reduction,5.5,165,,mb/d and million_bbl,scenario built 2026-08-03 from frozen February STEO and July IEA evidence,2026-06-30,2026-07-23,https://www.eia.gov/outlooks/steo/archives/feb26_base.xlsx | https://www.iea.org/news/iea-executive-director-statement-on-oil-markets,Case-specific low-fidelity durability path; no price forecast.,"Rises modestly with duration; includes involuntary shortage and conservation, while unmeasured fuel switching stays embedded.",low,Components sum with residual to net global supply loss; do not add this market bridge to the physical bridge.
low_supply_2026-11-01_2026-11-30_government_and_obligated_emergency_release,period_component,low_supply,"Stress case: lower inferred Strait flow, weaker bypass durability, and conservative stock-release capacity.",2026-11-01,2026-11-30,30,,future_current_traffic_scenario,modeled_scenario,market_clearing_bridge,government_and_obligated_emergency_release,0.3,9,,mb/d and million_bbl,scenario built 2026-08-03 from frozen February STEO and July IEA evidence,2026-06-30,2026-07-23,https://www.eia.gov/outlooks/steo/archives/feb26_base.xlsx | https://www.iea.org/news/iea-executive-director-statement-on-oil-markets,Case-specific low-fidelity durability path; no price forecast.,"Tapers after the original 400 mb action; remains well below the IEA's >1 bn gross government-stock level, which is not all usable.",low,Components sum with residual to net global supply loss; do not add this market bridge to the physical bridge.
low_supply_2026-11-01_2026-11-30_commercial_and_other_stock_draw,period_component,low_supply,"Stress case: lower inferred Strait flow, weaker bypass durability, and conservative stock-release capacity.",2026-11-01,2026-11-30,30,,future_current_traffic_scenario,modeled_scenario,market_clearing_bridge,commercial_and_other_stock_draw,1.5,45,,mb/d and million_bbl,scenario built 2026-08-03 from frozen February STEO and July IEA evidence,2026-06-30,2026-07-23,https://www.eia.gov/outlooks/steo/archives/feb26_base.xlsx | https://www.iea.org/news/iea-executive-director-statement-on-oil-markets,Case-specific low-fidelity durability path; no price forecast.,Tapers as working inventories approach operational minima; China ownership and oil-on-water remain uncertain.,low,Components sum with residual to net global supply loss; do not add this market bridge to the physical bridge.
low_supply_2026-11-01_2026-11-30_residual_unallocated_adjustment,period_component,low_supply,"Stress case: lower inferred Strait flow, weaker bypass durability, and conservative stock-release capacity.",2026-11-01,2026-11-30,30,,future_current_traffic_scenario,modeled_scenario,market_clearing_bridge,residual_unallocated_adjustment,3.062561,91.87683,,mb/d and million_bbl,scenario arithmetic,2026-06-30,2026-07-23,issues/in-progress/hormuz-m8q.5-model-current-traffic-oil-supply-scenarios.md,Unallocated balance after named durable channels; not a price forecast.,"Widens as stock rates taper and the horizon extends; may resolve as additional demand loss, unobserved stocks, or changed physical supply.",low,Components sum with residual to net global supply loss; do not add this market bridge to the physical bridge.
base_2026-11-01_2026-11-30_gross_missing_hormuz_flow,period_component,base,"Central case: inferred Strait flow modestly above the March-May oil-flow average, demonstrated bypass use, and tapering stock draws.",2026-11-01,2026-11-30,30,,future_current_traffic_scenario,modeled_scenario,physical_supply_bridge,gross_missing_hormuz_flow,16,480,,mb/d and million_bbl,scenario built 2026-08-03 from IEA/EIA/PortWatch anchors,2026-06-30,2026-07-23,https://portwatch.imf.org/pages/data-and-methodology | https://www.iea.org/commentaries/how-global-oil-supplies-have-readjusted-to-help-fill-the-huge-gap-left-by-the-strait-of-hormuz-shock | https://www.iea.org/news/iea-executive-director-statement-on-oil-markets,Traffic stays at the July 8-23 regime. Hormuz oil flow is bounded independently; bypass and non-Gulf rates follow the case's durability phase.,Hormuz current flow is constant; bypass tapers with route/security/maintenance constraints; non-Gulf incremental production ramps slowly.,low,"Gross missing route flow minus bypass and non-Gulf offsets equals net global supply loss; these physical rows are one bridge, not additive to market-clearing rows."
base_2026-11-01_2026-11-30_incremental_gulf_bypass_offset,period_component,base,"Central case: inferred Strait flow modestly above the March-May oil-flow average, demonstrated bypass use, and tapering stock draws.",2026-11-01,2026-11-30,30,,future_current_traffic_scenario,modeled_scenario,physical_supply_bridge,incremental_gulf_bypass_offset,3.1,93,,mb/d and million_bbl,scenario built 2026-08-03 from IEA/EIA/PortWatch anchors,2026-06-30,2026-07-23,https://portwatch.imf.org/pages/data-and-methodology | https://www.iea.org/commentaries/how-global-oil-supplies-have-readjusted-to-help-fill-the-huge-gap-left-by-the-strait-of-hormuz-shock | https://www.iea.org/news/iea-executive-director-statement-on-oil-markets,Traffic stays at the July 8-23 regime. Hormuz oil flow is bounded independently; bypass and non-Gulf rates follow the case's durability phase.,Hormuz current flow is constant; bypass tapers with route/security/maintenance constraints; non-Gulf incremental production ramps slowly.,low,"Gross missing route flow minus bypass and non-Gulf offsets equals net global supply loss; these physical rows are one bridge, not additive to market-clearing rows."
base_2026-11-01_2026-11-30_incremental_non_gulf_supply_offset,period_component,base,"Central case: inferred Strait flow modestly above the March-May oil-flow average, demonstrated bypass use, and tapering stock draws.",2026-11-01,2026-11-30,30,,future_current_traffic_scenario,modeled_scenario,physical_supply_bridge,incremental_non_gulf_supply_offset,0.8,24,,mb/d and million_bbl,scenario built 2026-08-03 from IEA/EIA/PortWatch anchors,2026-06-30,2026-07-23,https://portwatch.imf.org/pages/data-and-methodology | https://www.iea.org/commentaries/how-global-oil-supplies-have-readjusted-to-help-fill-the-huge-gap-left-by-the-strait-of-hormuz-shock | https://www.iea.org/news/iea-executive-director-statement-on-oil-markets,Traffic stays at the July 8-23 regime. Hormuz oil flow is bounded independently; bypass and non-Gulf rates follow the case's durability phase.,Hormuz current flow is constant; bypass tapers with route/security/maintenance constraints; non-Gulf incremental production ramps slowly.,low,"Gross missing route flow minus bypass and non-Gulf offsets equals net global supply loss; these physical rows are one bridge, not additive to market-clearing rows."
base_2026-11-01_2026-11-30_net_global_supply_loss,period_component,base,"Central case: inferred Strait flow modestly above the March-May oil-flow average, demonstrated bypass use, and tapering stock draws.",2026-11-01,2026-11-30,30,,future_current_traffic_scenario,modeled_scenario,physical_supply_bridge,net_global_supply_loss,12.1,363,,mb/d and million_bbl,scenario built 2026-08-03 from IEA/EIA/PortWatch anchors,2026-06-30,2026-07-23,https://portwatch.imf.org/pages/data-and-methodology | https://www.iea.org/commentaries/how-global-oil-supplies-have-readjusted-to-help-fill-the-huge-gap-left-by-the-strait-of-hormuz-shock | https://www.iea.org/news/iea-executive-director-statement-on-oil-markets,Traffic stays at the July 8-23 regime. Hormuz oil flow is bounded independently; bypass and non-Gulf rates follow the case's durability phase.,Hormuz current flow is constant; bypass tapers with route/security/maintenance constraints; non-Gulf incremental production ramps slowly.,low,"Gross missing route flow minus bypass and non-Gulf offsets equals net global supply loss; these physical rows are one bridge, not additive to market-clearing rows."
base_2026-11-01_2026-11-30_foregone_counterfactual_stock_build,period_component,base,"Central case: inferred Strait flow modestly above the March-May oil-flow average, demonstrated bypass use, and tapering stock draws.",2026-11-01,2026-11-30,30,,future_current_traffic_scenario,modeled_scenario,market_clearing_bridge,foregone_counterfactual_stock_build,3.437439,103.12317,,mb/d and million_bbl,scenario built 2026-08-03 from frozen February STEO and July IEA evidence,2026-06-30,2026-07-23,https://www.eia.gov/outlooks/steo/archives/feb26_base.xlsx | https://www.iea.org/news/iea-executive-director-statement-on-oil-markets,Case-specific low-fidelity durability path; no price forecast.,Frozen February EIA planned build; an avoided build rather than a deliverable stock-flow resource.,low,Components sum with residual to net global supply loss; do not add this market bridge to the physical bridge.
base_2026-11-01_2026-11-30_demand_reduction,period_component,base,"Central case: inferred Strait flow modestly above the March-May oil-flow average, demonstrated bypass use, and tapering stock draws.",2026-11-01,2026-11-30,30,,future_current_traffic_scenario,modeled_scenario,market_clearing_bridge,demand_reduction,4.8,144,,mb/d and million_bbl,scenario built 2026-08-03 from frozen February STEO and July IEA evidence,2026-06-30,2026-07-23,https://www.eia.gov/outlooks/steo/archives/feb26_base.xlsx | https://www.iea.org/news/iea-executive-director-statement-on-oil-markets,Case-specific low-fidelity durability path; no price forecast.,"Rises modestly with duration; includes involuntary shortage and conservation, while unmeasured fuel switching stays embedded.",low,Components sum with residual to net global supply loss; do not add this market bridge to the physical bridge.
base_2026-11-01_2026-11-30_government_and_obligated_emergency_release,period_component,base,"Central case: inferred Strait flow modestly above the March-May oil-flow average, demonstrated bypass use, and tapering stock draws.",2026-11-01,2026-11-30,30,,future_current_traffic_scenario,modeled_scenario,market_clearing_bridge,government_and_obligated_emergency_release,0.6,18,,mb/d and million_bbl,scenario built 2026-08-03 from frozen February STEO and July IEA evidence,2026-06-30,2026-07-23,https://www.eia.gov/outlooks/steo/archives/feb26_base.xlsx | https://www.iea.org/news/iea-executive-director-statement-on-oil-markets,Case-specific low-fidelity durability path; no price forecast.,"Tapers after the original 400 mb action; remains well below the IEA's >1 bn gross government-stock level, which is not all usable.",low,Components sum with residual to net global supply loss; do not add this market bridge to the physical bridge.
base_2026-11-01_2026-11-30_commercial_and_other_stock_draw,period_component,base,"Central case: inferred Strait flow modestly above the March-May oil-flow average, demonstrated bypass use, and tapering stock draws.",2026-11-01,2026-11-30,30,,future_current_traffic_scenario,modeled_scenario,market_clearing_bridge,commercial_and_other_stock_draw,2,60,,mb/d and million_bbl,scenario built 2026-08-03 from frozen February STEO and July IEA evidence,2026-06-30,2026-07-23,https://www.eia.gov/outlooks/steo/archives/feb26_base.xlsx | https://www.iea.org/news/iea-executive-director-statement-on-oil-markets,Case-specific low-fidelity durability path; no price forecast.,Tapers as working inventories approach operational minima; China ownership and oil-on-water remain uncertain.,low,Components sum with residual to net global supply loss; do not add this market bridge to the physical bridge.
base_2026-11-01_2026-11-30_residual_unallocated_adjustment,period_component,base,"Central case: inferred Strait flow modestly above the March-May oil-flow average, demonstrated bypass use, and tapering stock draws.",2026-11-01,2026-11-30,30,,future_current_traffic_scenario,modeled_scenario,market_clearing_bridge,residual_unallocated_adjustment,1.262561,37.87683,,mb/d and million_bbl,scenario arithmetic,2026-06-30,2026-07-23,issues/in-progress/hormuz-m8q.5-model-current-traffic-oil-supply-scenarios.md,Unallocated balance after named durable channels; not a price forecast.,"Widens as stock rates taper and the horizon extends; may resolve as additional demand loss, unobserved stocks, or changed physical supply.",low,Components sum with residual to net global supply loss; do not add this market bridge to the physical bridge.
high_supply_2026-11-01_2026-11-30_gross_missing_hormuz_flow,period_component,high_supply,"Resilient case: more AIS-dark/cargo flow, stronger bypass performance, and stronger durable supply and stock response.",2026-11-01,2026-11-30,30,,future_current_traffic_scenario,modeled_scenario,physical_supply_bridge,gross_missing_hormuz_flow,14.5,435,,mb/d and million_bbl,scenario built 2026-08-03 from IEA/EIA/PortWatch anchors,2026-06-30,2026-07-23,https://portwatch.imf.org/pages/data-and-methodology | https://www.iea.org/commentaries/how-global-oil-supplies-have-readjusted-to-help-fill-the-huge-gap-left-by-the-strait-of-hormuz-shock | https://www.iea.org/news/iea-executive-director-statement-on-oil-markets,Traffic stays at the July 8-23 regime. Hormuz oil flow is bounded independently; bypass and non-Gulf rates follow the case's durability phase.,Hormuz current flow is constant; bypass tapers with route/security/maintenance constraints; non-Gulf incremental production ramps slowly.,low,"Gross missing route flow minus bypass and non-Gulf offsets equals net global supply loss; these physical rows are one bridge, not additive to market-clearing rows."
high_supply_2026-11-01_2026-11-30_incremental_gulf_bypass_offset,period_component,high_supply,"Resilient case: more AIS-dark/cargo flow, stronger bypass performance, and stronger durable supply and stock response.",2026-11-01,2026-11-30,30,,future_current_traffic_scenario,modeled_scenario,physical_supply_bridge,incremental_gulf_bypass_offset,3.7,111,,mb/d and million_bbl,scenario built 2026-08-03 from IEA/EIA/PortWatch anchors,2026-06-30,2026-07-23,https://portwatch.imf.org/pages/data-and-methodology | https://www.iea.org/commentaries/how-global-oil-supplies-have-readjusted-to-help-fill-the-huge-gap-left-by-the-strait-of-hormuz-shock | https://www.iea.org/news/iea-executive-director-statement-on-oil-markets,Traffic stays at the July 8-23 regime. Hormuz oil flow is bounded independently; bypass and non-Gulf rates follow the case's durability phase.,Hormuz current flow is constant; bypass tapers with route/security/maintenance constraints; non-Gulf incremental production ramps slowly.,low,"Gross missing route flow minus bypass and non-Gulf offsets equals net global supply loss; these physical rows are one bridge, not additive to market-clearing rows."
high_supply_2026-11-01_2026-11-30_incremental_non_gulf_supply_offset,period_component,high_supply,"Resilient case: more AIS-dark/cargo flow, stronger bypass performance, and stronger durable supply and stock response.",2026-11-01,2026-11-30,30,,future_current_traffic_scenario,modeled_scenario,physical_supply_bridge,incremental_non_gulf_supply_offset,1.1,33,,mb/d and million_bbl,scenario built 2026-08-03 from IEA/EIA/PortWatch anchors,2026-06-30,2026-07-23,https://portwatch.imf.org/pages/data-and-methodology | https://www.iea.org/commentaries/how-global-oil-supplies-have-readjusted-to-help-fill-the-huge-gap-left-by-the-strait-of-hormuz-shock | https://www.iea.org/news/iea-executive-director-statement-on-oil-markets,Traffic stays at the July 8-23 regime. Hormuz oil flow is bounded independently; bypass and non-Gulf rates follow the case's durability phase.,Hormuz current flow is constant; bypass tapers with route/security/maintenance constraints; non-Gulf incremental production ramps slowly.,low,"Gross missing route flow minus bypass and non-Gulf offsets equals net global supply loss; these physical rows are one bridge, not additive to market-clearing rows."
high_supply_2026-11-01_2026-11-30_net_global_supply_loss,period_component,high_supply,"Resilient case: more AIS-dark/cargo flow, stronger bypass performance, and stronger durable supply and stock response.",2026-11-01,2026-11-30,30,,future_current_traffic_scenario,modeled_scenario,physical_supply_bridge,net_global_supply_loss,9.7,291,,mb/d and million_bbl,scenario built 2026-08-03 from IEA/EIA/PortWatch anchors,2026-06-30,2026-07-23,https://portwatch.imf.org/pages/data-and-methodology | https://www.iea.org/commentaries/how-global-oil-supplies-have-readjusted-to-help-fill-the-huge-gap-left-by-the-strait-of-hormuz-shock | https://www.iea.org/news/iea-executive-director-statement-on-oil-markets,Traffic stays at the July 8-23 regime. Hormuz oil flow is bounded independently; bypass and non-Gulf rates follow the case's durability phase.,Hormuz current flow is constant; bypass tapers with route/security/maintenance constraints; non-Gulf incremental production ramps slowly.,low,"Gross missing route flow minus bypass and non-Gulf offsets equals net global supply loss; these physical rows are one bridge, not additive to market-clearing rows."
high_supply_2026-11-01_2026-11-30_foregone_counterfactual_stock_build,period_component,high_supply,"Resilient case: more AIS-dark/cargo flow, stronger bypass performance, and stronger durable supply and stock response.",2026-11-01,2026-11-30,30,,future_current_traffic_scenario,modeled_scenario,market_clearing_bridge,foregone_counterfactual_stock_build,3.437439,103.12317,,mb/d and million_bbl,scenario built 2026-08-03 from frozen February STEO and July IEA evidence,2026-06-30,2026-07-23,https://www.eia.gov/outlooks/steo/archives/feb26_base.xlsx | https://www.iea.org/news/iea-executive-director-statement-on-oil-markets,Case-specific low-fidelity durability path; no price forecast.,Frozen February EIA planned build; an avoided build rather than a deliverable stock-flow resource.,low,Components sum with residual to net global supply loss; do not add this market bridge to the physical bridge.
high_supply_2026-11-01_2026-11-30_demand_reduction,period_component,high_supply,"Resilient case: more AIS-dark/cargo flow, stronger bypass performance, and stronger durable supply and stock response.",2026-11-01,2026-11-30,30,,future_current_traffic_scenario,modeled_scenario,market_clearing_bridge,demand_reduction,3.6,108,,mb/d and million_bbl,scenario built 2026-08-03 from frozen February STEO and July IEA evidence,2026-06-30,2026-07-23,https://www.eia.gov/outlooks/steo/archives/feb26_base.xlsx | https://www.iea.org/news/iea-executive-director-statement-on-oil-markets,Case-specific low-fidelity durability path; no price forecast.,"Rises modestly with duration; includes involuntary shortage and conservation, while unmeasured fuel switching stays embedded.",low,Components sum with residual to net global supply loss; do not add this market bridge to the physical bridge.
high_supply_2026-11-01_2026-11-30_government_and_obligated_emergency_release,period_component,high_supply,"Resilient case: more AIS-dark/cargo flow, stronger bypass performance, and stronger durable supply and stock response.",2026-11-01,2026-11-30,30,,future_current_traffic_scenario,modeled_scenario,market_clearing_bridge,government_and_obligated_emergency_release,0.8,24,,mb/d and million_bbl,scenario built 2026-08-03 from frozen February STEO and July IEA evidence,2026-06-30,2026-07-23,https://www.eia.gov/outlooks/steo/archives/feb26_base.xlsx | https://www.iea.org/news/iea-executive-director-statement-on-oil-markets,Case-specific low-fidelity durability path; no price forecast.,"Tapers after the original 400 mb action; remains well below the IEA's >1 bn gross government-stock level, which is not all usable.",low,Components sum with residual to net global supply loss; do not add this market bridge to the physical bridge.
high_supply_2026-11-01_2026-11-30_commercial_and_other_stock_draw,period_component,high_supply,"Resilient case: more AIS-dark/cargo flow, stronger bypass performance, and stronger durable supply and stock response.",2026-11-01,2026-11-30,30,,future_current_traffic_scenario,modeled_scenario,market_clearing_bridge,commercial_and_other_stock_draw,0.8,24,,mb/d and million_bbl,scenario built 2026-08-03 from frozen February STEO and July IEA evidence,2026-06-30,2026-07-23,https://www.eia.gov/outlooks/steo/archives/feb26_base.xlsx | https://www.iea.org/news/iea-executive-director-statement-on-oil-markets,Case-specific low-fidelity durability path; no price forecast.,Tapers as working inventories approach operational minima; China ownership and oil-on-water remain uncertain.,low,Components sum with residual to net global supply loss; do not add this market bridge to the physical bridge.
high_supply_2026-11-01_2026-11-30_residual_unallocated_adjustment,period_component,high_supply,"Resilient case: more AIS-dark/cargo flow, stronger bypass performance, and stronger durable supply and stock response.",2026-11-01,2026-11-30,30,,future_current_traffic_scenario,modeled_scenario,market_clearing_bridge,residual_unallocated_adjustment,1.062561,31.87683,,mb/d and million_bbl,scenario arithmetic,2026-06-30,2026-07-23,issues/in-progress/hormuz-m8q.5-model-current-traffic-oil-supply-scenarios.md,Unallocated balance after named durable channels; not a price forecast.,"Widens as stock rates taper and the horizon extends; may resolve as additional demand loss, unobserved stocks, or changed physical supply.",low,Components sum with residual to net global supply loss; do not add this market bridge to the physical bridge.
low_supply_2026-12-01_2026-12-31_gross_missing_hormuz_flow,period_component,low_supply,"Stress case: lower inferred Strait flow, weaker bypass durability, and conservative stock-release capacity.",2026-12-01,2026-12-31,31,,future_current_traffic_scenario,modeled_scenario,physical_supply_bridge,gross_missing_hormuz_flow,17,527,,mb/d and million_bbl,scenario built 2026-08-03 from IEA/EIA/PortWatch anchors,2026-06-30,2026-07-23,https://portwatch.imf.org/pages/data-and-methodology | https://www.iea.org/commentaries/how-global-oil-supplies-have-readjusted-to-help-fill-the-huge-gap-left-by-the-strait-of-hormuz-shock | https://www.iea.org/news/iea-executive-director-statement-on-oil-markets,Traffic stays at the July 8-23 regime. Hormuz oil flow is bounded independently; bypass and non-Gulf rates follow the case's durability phase.,Hormuz current flow is constant; bypass tapers with route/security/maintenance constraints; non-Gulf incremental production ramps slowly.,low,"Gross missing route flow minus bypass and non-Gulf offsets equals net global supply loss; these physical rows are one bridge, not additive to market-clearing rows."
low_supply_2026-12-01_2026-12-31_incremental_gulf_bypass_offset,period_component,low_supply,"Stress case: lower inferred Strait flow, weaker bypass durability, and conservative stock-release capacity.",2026-12-01,2026-12-31,31,,future_current_traffic_scenario,modeled_scenario,physical_supply_bridge,incremental_gulf_bypass_offset,2.7,83.7,,mb/d and million_bbl,scenario built 2026-08-03 from IEA/EIA/PortWatch anchors,2026-06-30,2026-07-23,https://portwatch.imf.org/pages/data-and-methodology | https://www.iea.org/commentaries/how-global-oil-supplies-have-readjusted-to-help-fill-the-huge-gap-left-by-the-strait-of-hormuz-shock | https://www.iea.org/news/iea-executive-director-statement-on-oil-markets,Traffic stays at the July 8-23 regime. Hormuz oil flow is bounded independently; bypass and non-Gulf rates follow the case's durability phase.,Hormuz current flow is constant; bypass tapers with route/security/maintenance constraints; non-Gulf incremental production ramps slowly.,low,"Gross missing route flow minus bypass and non-Gulf offsets equals net global supply loss; these physical rows are one bridge, not additive to market-clearing rows."
low_supply_2026-12-01_2026-12-31_incremental_non_gulf_supply_offset,period_component,low_supply,"Stress case: lower inferred Strait flow, weaker bypass durability, and conservative stock-release capacity.",2026-12-01,2026-12-31,31,,future_current_traffic_scenario,modeled_scenario,physical_supply_bridge,incremental_non_gulf_supply_offset,0.5,15.5,,mb/d and million_bbl,scenario built 2026-08-03 from IEA/EIA/PortWatch anchors,2026-06-30,2026-07-23,https://portwatch.imf.org/pages/data-and-methodology | https://www.iea.org/commentaries/how-global-oil-supplies-have-readjusted-to-help-fill-the-huge-gap-left-by-the-strait-of-hormuz-shock | https://www.iea.org/news/iea-executive-director-statement-on-oil-markets,Traffic stays at the July 8-23 regime. Hormuz oil flow is bounded independently; bypass and non-Gulf rates follow the case's durability phase.,Hormuz current flow is constant; bypass tapers with route/security/maintenance constraints; non-Gulf incremental production ramps slowly.,low,"Gross missing route flow minus bypass and non-Gulf offsets equals net global supply loss; these physical rows are one bridge, not additive to market-clearing rows."
low_supply_2026-12-01_2026-12-31_net_global_supply_loss,period_component,low_supply,"Stress case: lower inferred Strait flow, weaker bypass durability, and conservative stock-release capacity.",2026-12-01,2026-12-31,31,,future_current_traffic_scenario,modeled_scenario,physical_supply_bridge,net_global_supply_loss,13.8,427.8,,mb/d and million_bbl,scenario built 2026-08-03 from IEA/EIA/PortWatch anchors,2026-06-30,2026-07-23,https://portwatch.imf.org/pages/data-and-methodology | https://www.iea.org/commentaries/how-global-oil-supplies-have-readjusted-to-help-fill-the-huge-gap-left-by-the-strait-of-hormuz-shock | https://www.iea.org/news/iea-executive-director-statement-on-oil-markets,Traffic stays at the July 8-23 regime. Hormuz oil flow is bounded independently; bypass and non-Gulf rates follow the case's durability phase.,Hormuz current flow is constant; bypass tapers with route/security/maintenance constraints; non-Gulf incremental production ramps slowly.,low,"Gross missing route flow minus bypass and non-Gulf offsets equals net global supply loss; these physical rows are one bridge, not additive to market-clearing rows."
low_supply_2026-12-01_2026-12-31_foregone_counterfactual_stock_build,period_component,low_supply,"Stress case: lower inferred Strait flow, weaker bypass durability, and conservative stock-release capacity.",2026-12-01,2026-12-31,31,,future_current_traffic_scenario,modeled_scenario,market_clearing_bridge,foregone_counterfactual_stock_build,2.112715,65.494165,,mb/d and million_bbl,scenario built 2026-08-03 from frozen February STEO and July IEA evidence,2026-06-30,2026-07-23,https://www.eia.gov/outlooks/steo/archives/feb26_base.xlsx | https://www.iea.org/news/iea-executive-director-statement-on-oil-markets,Case-specific low-fidelity durability path; no price forecast.,Frozen February EIA planned build; an avoided build rather than a deliverable stock-flow resource.,low,Components sum with residual to net global supply loss; do not add this market bridge to the physical bridge.
low_supply_2026-12-01_2026-12-31_demand_reduction,period_component,low_supply,"Stress case: lower inferred Strait flow, weaker bypass durability, and conservative stock-release capacity.",2026-12-01,2026-12-31,31,,future_current_traffic_scenario,modeled_scenario,market_clearing_bridge,demand_reduction,5.5,170.5,,mb/d and million_bbl,scenario built 2026-08-03 from frozen February STEO and July IEA evidence,2026-06-30,2026-07-23,https://www.eia.gov/outlooks/steo/archives/feb26_base.xlsx | https://www.iea.org/news/iea-executive-director-statement-on-oil-markets,Case-specific low-fidelity durability path; no price forecast.,"Rises modestly with duration; includes involuntary shortage and conservation, while unmeasured fuel switching stays embedded.",low,Components sum with residual to net global supply loss; do not add this market bridge to the physical bridge.
low_supply_2026-12-01_2026-12-31_government_and_obligated_emergency_release,period_component,low_supply,"Stress case: lower inferred Strait flow, weaker bypass durability, and conservative stock-release capacity.",2026-12-01,2026-12-31,31,,future_current_traffic_scenario,modeled_scenario,market_clearing_bridge,government_and_obligated_emergency_release,0.3,9.3,,mb/d and million_bbl,scenario built 2026-08-03 from frozen February STEO and July IEA evidence,2026-06-30,2026-07-23,https://www.eia.gov/outlooks/steo/archives/feb26_base.xlsx | https://www.iea.org/news/iea-executive-director-statement-on-oil-markets,Case-specific low-fidelity durability path; no price forecast.,"Tapers after the original 400 mb action; remains well below the IEA's >1 bn gross government-stock level, which is not all usable.",low,Components sum with residual to net global supply loss; do not add this market bridge to the physical bridge.
low_supply_2026-12-01_2026-12-31_commercial_and_other_stock_draw,period_component,low_supply,"Stress case: lower inferred Strait flow, weaker bypass durability, and conservative stock-release capacity.",2026-12-01,2026-12-31,31,,future_current_traffic_scenario,modeled_scenario,market_clearing_bridge,commercial_and_other_stock_draw,1.5,46.5,,mb/d and million_bbl,scenario built 2026-08-03 from frozen February STEO and July IEA evidence,2026-06-30,2026-07-23,https://www.eia.gov/outlooks/steo/archives/feb26_base.xlsx | https://www.iea.org/news/iea-executive-director-statement-on-oil-markets,Case-specific low-fidelity durability path; no price forecast.,Tapers as working inventories approach operational minima; China ownership and oil-on-water remain uncertain.,low,Components sum with residual to net global supply loss; do not add this market bridge to the physical bridge.
low_supply_2026-12-01_2026-12-31_residual_unallocated_adjustment,period_component,low_supply,"Stress case: lower inferred Strait flow, weaker bypass durability, and conservative stock-release capacity.",2026-12-01,2026-12-31,31,,future_current_traffic_scenario,modeled_scenario,market_clearing_bridge,residual_unallocated_adjustment,4.387285,136.005835,,mb/d and million_bbl,scenario arithmetic,2026-06-30,2026-07-23,issues/in-progress/hormuz-m8q.5-model-current-traffic-oil-supply-scenarios.md,Unallocated balance after named durable channels; not a price forecast.,"Widens as stock rates taper and the horizon extends; may resolve as additional demand loss, unobserved stocks, or changed physical supply.",low,Components sum with residual to net global supply loss; do not add this market bridge to the physical bridge.
base_2026-12-01_2026-12-31_gross_missing_hormuz_flow,period_component,base,"Central case: inferred Strait flow modestly above the March-May oil-flow average, demonstrated bypass use, and tapering stock draws.",2026-12-01,2026-12-31,31,,future_current_traffic_scenario,modeled_scenario,physical_supply_bridge,gross_missing_hormuz_flow,16,496,,mb/d and million_bbl,scenario built 2026-08-03 from IEA/EIA/PortWatch anchors,2026-06-30,2026-07-23,https://portwatch.imf.org/pages/data-and-methodology | https://www.iea.org/commentaries/how-global-oil-supplies-have-readjusted-to-help-fill-the-huge-gap-left-by-the-strait-of-hormuz-shock | https://www.iea.org/news/iea-executive-director-statement-on-oil-markets,Traffic stays at the July 8-23 regime. Hormuz oil flow is bounded independently; bypass and non-Gulf rates follow the case's durability phase.,Hormuz current flow is constant; bypass tapers with route/security/maintenance constraints; non-Gulf incremental production ramps slowly.,low,"Gross missing route flow minus bypass and non-Gulf offsets equals net global supply loss; these physical rows are one bridge, not additive to market-clearing rows."
base_2026-12-01_2026-12-31_incremental_gulf_bypass_offset,period_component,base,"Central case: inferred Strait flow modestly above the March-May oil-flow average, demonstrated bypass use, and tapering stock draws.",2026-12-01,2026-12-31,31,,future_current_traffic_scenario,modeled_scenario,physical_supply_bridge,incremental_gulf_bypass_offset,3.1,96.1,,mb/d and million_bbl,scenario built 2026-08-03 from IEA/EIA/PortWatch anchors,2026-06-30,2026-07-23,https://portwatch.imf.org/pages/data-and-methodology | https://www.iea.org/commentaries/how-global-oil-supplies-have-readjusted-to-help-fill-the-huge-gap-left-by-the-strait-of-hormuz-shock | https://www.iea.org/news/iea-executive-director-statement-on-oil-markets,Traffic stays at the July 8-23 regime. Hormuz oil flow is bounded independently; bypass and non-Gulf rates follow the case's durability phase.,Hormuz current flow is constant; bypass tapers with route/security/maintenance constraints; non-Gulf incremental production ramps slowly.,low,"Gross missing route flow minus bypass and non-Gulf offsets equals net global supply loss; these physical rows are one bridge, not additive to market-clearing rows."
base_2026-12-01_2026-12-31_incremental_non_gulf_supply_offset,period_component,base,"Central case: inferred Strait flow modestly above the March-May oil-flow average, demonstrated bypass use, and tapering stock draws.",2026-12-01,2026-12-31,31,,future_current_traffic_scenario,modeled_scenario,physical_supply_bridge,incremental_non_gulf_supply_offset,0.8,24.8,,mb/d and million_bbl,scenario built 2026-08-03 from IEA/EIA/PortWatch anchors,2026-06-30,2026-07-23,https://portwatch.imf.org/pages/data-and-methodology | https://www.iea.org/commentaries/how-global-oil-supplies-have-readjusted-to-help-fill-the-huge-gap-left-by-the-strait-of-hormuz-shock | https://www.iea.org/news/iea-executive-director-statement-on-oil-markets,Traffic stays at the July 8-23 regime. Hormuz oil flow is bounded independently; bypass and non-Gulf rates follow the case's durability phase.,Hormuz current flow is constant; bypass tapers with route/security/maintenance constraints; non-Gulf incremental production ramps slowly.,low,"Gross missing route flow minus bypass and non-Gulf offsets equals net global supply loss; these physical rows are one bridge, not additive to market-clearing rows."
base_2026-12-01_2026-12-31_net_global_supply_loss,period_component,base,"Central case: inferred Strait flow modestly above the March-May oil-flow average, demonstrated bypass use, and tapering stock draws.",2026-12-01,2026-12-31,31,,future_current_traffic_scenario,modeled_scenario,physical_supply_bridge,net_global_supply_loss,12.1,375.1,,mb/d and million_bbl,scenario built 2026-08-03 from IEA/EIA/PortWatch anchors,2026-06-30,2026-07-23,https://portwatch.imf.org/pages/data-and-methodology | https://www.iea.org/commentaries/how-global-oil-supplies-have-readjusted-to-help-fill-the-huge-gap-left-by-the-strait-of-hormuz-shock | https://www.iea.org/news/iea-executive-director-statement-on-oil-markets,Traffic stays at the July 8-23 regime. Hormuz oil flow is bounded independently; bypass and non-Gulf rates follow the case's durability phase.,Hormuz current flow is constant; bypass tapers with route/security/maintenance constraints; non-Gulf incremental production ramps slowly.,low,"Gross missing route flow minus bypass and non-Gulf offsets equals net global supply loss; these physical rows are one bridge, not additive to market-clearing rows."
base_2026-12-01_2026-12-31_foregone_counterfactual_stock_build,period_component,base,"Central case: inferred Strait flow modestly above the March-May oil-flow average, demonstrated bypass use, and tapering stock draws.",2026-12-01,2026-12-31,31,,future_current_traffic_scenario,modeled_scenario,market_clearing_bridge,foregone_counterfactual_stock_build,2.112715,65.494165,,mb/d and million_bbl,scenario built 2026-08-03 from frozen February STEO and July IEA evidence,2026-06-30,2026-07-23,https://www.eia.gov/outlooks/steo/archives/feb26_base.xlsx | https://www.iea.org/news/iea-executive-director-statement-on-oil-markets,Case-specific low-fidelity durability path; no price forecast.,Frozen February EIA planned build; an avoided build rather than a deliverable stock-flow resource.,low,Components sum with residual to net global supply loss; do not add this market bridge to the physical bridge.
base_2026-12-01_2026-12-31_demand_reduction,period_component,base,"Central case: inferred Strait flow modestly above the March-May oil-flow average, demonstrated bypass use, and tapering stock draws.",2026-12-01,2026-12-31,31,,future_current_traffic_scenario,modeled_scenario,market_clearing_bridge,demand_reduction,4.8,148.8,,mb/d and million_bbl,scenario built 2026-08-03 from frozen February STEO and July IEA evidence,2026-06-30,2026-07-23,https://www.eia.gov/outlooks/steo/archives/feb26_base.xlsx | https://www.iea.org/news/iea-executive-director-statement-on-oil-markets,Case-specific low-fidelity durability path; no price forecast.,"Rises modestly with duration; includes involuntary shortage and conservation, while unmeasured fuel switching stays embedded.",low,Components sum with residual to net global supply loss; do not add this market bridge to the physical bridge.
base_2026-12-01_2026-12-31_government_and_obligated_emergency_release,period_component,base,"Central case: inferred Strait flow modestly above the March-May oil-flow average, demonstrated bypass use, and tapering stock draws.",2026-12-01,2026-12-31,31,,future_current_traffic_scenario,modeled_scenario,market_clearing_bridge,government_and_obligated_emergency_release,0.6,18.6,,mb/d and million_bbl,scenario built 2026-08-03 from frozen February STEO and July IEA evidence,2026-06-30,2026-07-23,https://www.eia.gov/outlooks/steo/archives/feb26_base.xlsx | https://www.iea.org/news/iea-executive-director-statement-on-oil-markets,Case-specific low-fidelity durability path; no price forecast.,"Tapers after the original 400 mb action; remains well below the IEA's >1 bn gross government-stock level, which is not all usable.",low,Components sum with residual to net global supply loss; do not add this market bridge to the physical bridge.
base_2026-12-01_2026-12-31_commercial_and_other_stock_draw,period_component,base,"Central case: inferred Strait flow modestly above the March-May oil-flow average, demonstrated bypass use, and tapering stock draws.",2026-12-01,2026-12-31,31,,future_current_traffic_scenario,modeled_scenario,market_clearing_bridge,commercial_and_other_stock_draw,2,62,,mb/d and million_bbl,scenario built 2026-08-03 from frozen February STEO and July IEA evidence,2026-06-30,2026-07-23,https://www.eia.gov/outlooks/steo/archives/feb26_base.xlsx | https://www.iea.org/news/iea-executive-director-statement-on-oil-markets,Case-specific low-fidelity durability path; no price forecast.,Tapers as working inventories approach operational minima; China ownership and oil-on-water remain uncertain.,low,Components sum with residual to net global supply loss; do not add this market bridge to the physical bridge.
base_2026-12-01_2026-12-31_residual_unallocated_adjustment,period_component,base,"Central case: inferred Strait flow modestly above the March-May oil-flow average, demonstrated bypass use, and tapering stock draws.",2026-12-01,2026-12-31,31,,future_current_traffic_scenario,modeled_scenario,market_clearing_bridge,residual_unallocated_adjustment,2.587285,80.205835,,mb/d and million_bbl,scenario arithmetic,2026-06-30,2026-07-23,issues/in-progress/hormuz-m8q.5-model-current-traffic-oil-supply-scenarios.md,Unallocated balance after named durable channels; not a price forecast.,"Widens as stock rates taper and the horizon extends; may resolve as additional demand loss, unobserved stocks, or changed physical supply.",low,Components sum with residual to net global supply loss; do not add this market bridge to the physical bridge.
high_supply_2026-12-01_2026-12-31_gross_missing_hormuz_flow,period_component,high_supply,"Resilient case: more AIS-dark/cargo flow, stronger bypass performance, and stronger durable supply and stock response.",2026-12-01,2026-12-31,31,,future_current_traffic_scenario,modeled_scenario,physical_supply_bridge,gross_missing_hormuz_flow,14.5,449.5,,mb/d and million_bbl,scenario built 2026-08-03 from IEA/EIA/PortWatch anchors,2026-06-30,2026-07-23,https://portwatch.imf.org/pages/data-and-methodology | https://www.iea.org/commentaries/how-global-oil-supplies-have-readjusted-to-help-fill-the-huge-gap-left-by-the-strait-of-hormuz-shock | https://www.iea.org/news/iea-executive-director-statement-on-oil-markets,Traffic stays at the July 8-23 regime. Hormuz oil flow is bounded independently; bypass and non-Gulf rates follow the case's durability phase.,Hormuz current flow is constant; bypass tapers with route/security/maintenance constraints; non-Gulf incremental production ramps slowly.,low,"Gross missing route flow minus bypass and non-Gulf offsets equals net global supply loss; these physical rows are one bridge, not additive to market-clearing rows."
high_supply_2026-12-01_2026-12-31_incremental_gulf_bypass_offset,period_component,high_supply,"Resilient case: more AIS-dark/cargo flow, stronger bypass performance, and stronger durable supply and stock response.",2026-12-01,2026-12-31,31,,future_current_traffic_scenario,modeled_scenario,physical_supply_bridge,incremental_gulf_bypass_offset,3.7,114.7,,mb/d and million_bbl,scenario built 2026-08-03 from IEA/EIA/PortWatch anchors,2026-06-30,2026-07-23,https://portwatch.imf.org/pages/data-and-methodology | https://www.iea.org/commentaries/how-global-oil-supplies-have-readjusted-to-help-fill-the-huge-gap-left-by-the-strait-of-hormuz-shock | https://www.iea.org/news/iea-executive-director-statement-on-oil-markets,Traffic stays at the July 8-23 regime. Hormuz oil flow is bounded independently; bypass and non-Gulf rates follow the case's durability phase.,Hormuz current flow is constant; bypass tapers with route/security/maintenance constraints; non-Gulf incremental production ramps slowly.,low,"Gross missing route flow minus bypass and non-Gulf offsets equals net global supply loss; these physical rows are one bridge, not additive to market-clearing rows."
high_supply_2026-12-01_2026-12-31_incremental_non_gulf_supply_offset,period_component,high_supply,"Resilient case: more AIS-dark/cargo flow, stronger bypass performance, and stronger durable supply and stock response.",2026-12-01,2026-12-31,31,,future_current_traffic_scenario,modeled_scenario,physical_supply_bridge,incremental_non_gulf_supply_offset,1.1,34.1,,mb/d and million_bbl,scenario built 2026-08-03 from IEA/EIA/PortWatch anchors,2026-06-30,2026-07-23,https://portwatch.imf.org/pages/data-and-methodology | https://www.iea.org/commentaries/how-global-oil-supplies-have-readjusted-to-help-fill-the-huge-gap-left-by-the-strait-of-hormuz-shock | https://www.iea.org/news/iea-executive-director-statement-on-oil-markets,Traffic stays at the July 8-23 regime. Hormuz oil flow is bounded independently; bypass and non-Gulf rates follow the case's durability phase.,Hormuz current flow is constant; bypass tapers with route/security/maintenance constraints; non-Gulf incremental production ramps slowly.,low,"Gross missing route flow minus bypass and non-Gulf offsets equals net global supply loss; these physical rows are one bridge, not additive to market-clearing rows."
high_supply_2026-12-01_2026-12-31_net_global_supply_loss,period_component,high_supply,"Resilient case: more AIS-dark/cargo flow, stronger bypass performance, and stronger durable supply and stock response.",2026-12-01,2026-12-31,31,,future_current_traffic_scenario,modeled_scenario,physical_supply_bridge,net_global_supply_loss,9.7,300.7,,mb/d and million_bbl,scenario built 2026-08-03 from IEA/EIA/PortWatch anchors,2026-06-30,2026-07-23,https://portwatch.imf.org/pages/data-and-methodology | https://www.iea.org/commentaries/how-global-oil-supplies-have-readjusted-to-help-fill-the-huge-gap-left-by-the-strait-of-hormuz-shock | https://www.iea.org/news/iea-executive-director-statement-on-oil-markets,Traffic stays at the July 8-23 regime. Hormuz oil flow is bounded independently; bypass and non-Gulf rates follow the case's durability phase.,Hormuz current flow is constant; bypass tapers with route/security/maintenance constraints; non-Gulf incremental production ramps slowly.,low,"Gross missing route flow minus bypass and non-Gulf offsets equals net global supply loss; these physical rows are one bridge, not additive to market-clearing rows."
high_supply_2026-12-01_2026-12-31_foregone_counterfactual_stock_build,period_component,high_supply,"Resilient case: more AIS-dark/cargo flow, stronger bypass performance, and stronger durable supply and stock response.",2026-12-01,2026-12-31,31,,future_current_traffic_scenario,modeled_scenario,market_clearing_bridge,foregone_counterfactual_stock_build,2.112715,65.494165,,mb/d and million_bbl,scenario built 2026-08-03 from frozen February STEO and July IEA evidence,2026-06-30,2026-07-23,https://www.eia.gov/outlooks/steo/archives/feb26_base.xlsx | https://www.iea.org/news/iea-executive-director-statement-on-oil-markets,Case-specific low-fidelity durability path; no price forecast.,Frozen February EIA planned build; an avoided build rather than a deliverable stock-flow resource.,low,Components sum with residual to net global supply loss; do not add this market bridge to the physical bridge.
high_supply_2026-12-01_2026-12-31_demand_reduction,period_component,high_supply,"Resilient case: more AIS-dark/cargo flow, stronger bypass performance, and stronger durable supply and stock response.",2026-12-01,2026-12-31,31,,future_current_traffic_scenario,modeled_scenario,market_clearing_bridge,demand_reduction,3.6,111.6,,mb/d and million_bbl,scenario built 2026-08-03 from frozen February STEO and July IEA evidence,2026-06-30,2026-07-23,https://www.eia.gov/outlooks/steo/archives/feb26_base.xlsx | https://www.iea.org/news/iea-executive-director-statement-on-oil-markets,Case-specific low-fidelity durability path; no price forecast.,"Rises modestly with duration; includes involuntary shortage and conservation, while unmeasured fuel switching stays embedded.",low,Components sum with residual to net global supply loss; do not add this market bridge to the physical bridge.
high_supply_2026-12-01_2026-12-31_government_and_obligated_emergency_release,period_component,high_supply,"Resilient case: more AIS-dark/cargo flow, stronger bypass performance, and stronger durable supply and stock response.",2026-12-01,2026-12-31,31,,future_current_traffic_scenario,modeled_scenario,market_clearing_bridge,government_and_obligated_emergency_release,0.8,24.8,,mb/d and million_bbl,scenario built 2026-08-03 from frozen February STEO and July IEA evidence,2026-06-30,2026-07-23,https://www.eia.gov/outlooks/steo/archives/feb26_base.xlsx | https://www.iea.org/news/iea-executive-director-statement-on-oil-markets,Case-specific low-fidelity durability path; no price forecast.,"Tapers after the original 400 mb action; remains well below the IEA's >1 bn gross government-stock level, which is not all usable.",low,Components sum with residual to net global supply loss; do not add this market bridge to the physical bridge.
high_supply_2026-12-01_2026-12-31_commercial_and_other_stock_draw,period_component,high_supply,"Resilient case: more AIS-dark/cargo flow, stronger bypass performance, and stronger durable supply and stock response.",2026-12-01,2026-12-31,31,,future_current_traffic_scenario,modeled_scenario,market_clearing_bridge,commercial_and_other_stock_draw,0.8,24.8,,mb/d and million_bbl,scenario built 2026-08-03 from frozen February STEO and July IEA evidence,2026-06-30,2026-07-23,https://www.eia.gov/outlooks/steo/archives/feb26_base.xlsx | https://www.iea.org/news/iea-executive-director-statement-on-oil-markets,Case-specific low-fidelity durability path; no price forecast.,Tapers as working inventories approach operational minima; China ownership and oil-on-water remain uncertain.,low,Components sum with residual to net global supply loss; do not add this market bridge to the physical bridge.
high_supply_2026-12-01_2026-12-31_residual_unallocated_adjustment,period_component,high_supply,"Resilient case: more AIS-dark/cargo flow, stronger bypass performance, and stronger durable supply and stock response.",2026-12-01,2026-12-31,31,,future_current_traffic_scenario,modeled_scenario,market_clearing_bridge,residual_unallocated_adjustment,2.387285,74.005835,,mb/d and million_bbl,scenario arithmetic,2026-06-30,2026-07-23,issues/in-progress/hormuz-m8q.5-model-current-traffic-oil-supply-scenarios.md,Unallocated balance after named durable channels; not a price forecast.,"Widens as stock rates taper and the horizon extends; may resolve as additional demand loss, unobserved stocks, or changed physical supply.",low,Components sum with residual to net global supply loss; do not add this market bridge to the physical bridge.
low_supply_2027-01-01_2027-01-31_gross_missing_hormuz_flow,period_component,low_supply,"Stress case: lower inferred Strait flow, weaker bypass durability, and conservative stock-release capacity.",2027-01-01,2027-01-31,31,,future_current_traffic_scenario,modeled_scenario,physical_supply_bridge,gross_missing_hormuz_flow,17,527,,mb/d and million_bbl,scenario built 2026-08-03 from IEA/EIA/PortWatch anchors,2026-06-30,2026-07-23,https://portwatch.imf.org/pages/data-and-methodology | https://www.iea.org/commentaries/how-global-oil-supplies-have-readjusted-to-help-fill-the-huge-gap-left-by-the-strait-of-hormuz-shock | https://www.iea.org/news/iea-executive-director-statement-on-oil-markets,Traffic stays at the July 8-23 regime. Hormuz oil flow is bounded independently; bypass and non-Gulf rates follow the case's durability phase.,Hormuz current flow is constant; bypass tapers with route/security/maintenance constraints; non-Gulf incremental production ramps slowly.,low,"Gross missing route flow minus bypass and non-Gulf offsets equals net global supply loss; these physical rows are one bridge, not additive to market-clearing rows."
low_supply_2027-01-01_2027-01-31_incremental_gulf_bypass_offset,period_component,low_supply,"Stress case: lower inferred Strait flow, weaker bypass durability, and conservative stock-release capacity.",2027-01-01,2027-01-31,31,,future_current_traffic_scenario,modeled_scenario,physical_supply_bridge,incremental_gulf_bypass_offset,2.4,74.4,,mb/d and million_bbl,scenario built 2026-08-03 from IEA/EIA/PortWatch anchors,2026-06-30,2026-07-23,https://portwatch.imf.org/pages/data-and-methodology | https://www.iea.org/commentaries/how-global-oil-supplies-have-readjusted-to-help-fill-the-huge-gap-left-by-the-strait-of-hormuz-shock | https://www.iea.org/news/iea-executive-director-statement-on-oil-markets,Traffic stays at the July 8-23 regime. Hormuz oil flow is bounded independently; bypass and non-Gulf rates follow the case's durability phase.,Hormuz current flow is constant; bypass tapers with route/security/maintenance constraints; non-Gulf incremental production ramps slowly.,low,"Gross missing route flow minus bypass and non-Gulf offsets equals net global supply loss; these physical rows are one bridge, not additive to market-clearing rows."
low_supply_2027-01-01_2027-01-31_incremental_non_gulf_supply_offset,period_component,low_supply,"Stress case: lower inferred Strait flow, weaker bypass durability, and conservative stock-release capacity.",2027-01-01,2027-01-31,31,,future_current_traffic_scenario,modeled_scenario,physical_supply_bridge,incremental_non_gulf_supply_offset,0.6,18.6,,mb/d and million_bbl,scenario built 2026-08-03 from IEA/EIA/PortWatch anchors,2026-06-30,2026-07-23,https://portwatch.imf.org/pages/data-and-methodology | https://www.iea.org/commentaries/how-global-oil-supplies-have-readjusted-to-help-fill-the-huge-gap-left-by-the-strait-of-hormuz-shock | https://www.iea.org/news/iea-executive-director-statement-on-oil-markets,Traffic stays at the July 8-23 regime. Hormuz oil flow is bounded independently; bypass and non-Gulf rates follow the case's durability phase.,Hormuz current flow is constant; bypass tapers with route/security/maintenance constraints; non-Gulf incremental production ramps slowly.,low,"Gross missing route flow minus bypass and non-Gulf offsets equals net global supply loss; these physical rows are one bridge, not additive to market-clearing rows."
low_supply_2027-01-01_2027-01-31_net_global_supply_loss,period_component,low_supply,"Stress case: lower inferred Strait flow, weaker bypass durability, and conservative stock-release capacity.",2027-01-01,2027-01-31,31,,future_current_traffic_scenario,modeled_scenario,physical_supply_bridge,net_global_supply_loss,14,434,,mb/d and million_bbl,scenario built 2026-08-03 from IEA/EIA/PortWatch anchors,2026-06-30,2026-07-23,https://portwatch.imf.org/pages/data-and-methodology | https://www.iea.org/commentaries/how-global-oil-supplies-have-readjusted-to-help-fill-the-huge-gap-left-by-the-strait-of-hormuz-shock | https://www.iea.org/news/iea-executive-director-statement-on-oil-markets,Traffic stays at the July 8-23 regime. Hormuz oil flow is bounded independently; bypass and non-Gulf rates follow the case's durability phase.,Hormuz current flow is constant; bypass tapers with route/security/maintenance constraints; non-Gulf incremental production ramps slowly.,low,"Gross missing route flow minus bypass and non-Gulf offsets equals net global supply loss; these physical rows are one bridge, not additive to market-clearing rows."
low_supply_2027-01-01_2027-01-31_foregone_counterfactual_stock_build,period_component,low_supply,"Stress case: lower inferred Strait flow, weaker bypass durability, and conservative stock-release capacity.",2027-01-01,2027-01-31,31,,future_current_traffic_scenario,modeled_scenario,market_clearing_bridge,foregone_counterfactual_stock_build,4.647934,144.085954,,mb/d and million_bbl,scenario built 2026-08-03 from frozen February STEO and July IEA evidence,2026-06-30,2026-07-23,https://www.eia.gov/outlooks/steo/archives/feb26_base.xlsx | https://www.iea.org/news/iea-executive-director-statement-on-oil-markets,Case-specific low-fidelity durability path; no price forecast.,Frozen February EIA planned build; an avoided build rather than a deliverable stock-flow resource.,low,Components sum with residual to net global supply loss; do not add this market bridge to the physical bridge.
low_supply_2027-01-01_2027-01-31_demand_reduction,period_component,low_supply,"Stress case: lower inferred Strait flow, weaker bypass durability, and conservative stock-release capacity.",2027-01-01,2027-01-31,31,,future_current_traffic_scenario,modeled_scenario,market_clearing_bridge,demand_reduction,6,186,,mb/d and million_bbl,scenario built 2026-08-03 from frozen February STEO and July IEA evidence,2026-06-30,2026-07-23,https://www.eia.gov/outlooks/steo/archives/feb26_base.xlsx | https://www.iea.org/news/iea-executive-director-statement-on-oil-markets,Case-specific low-fidelity durability path; no price forecast.,"Rises modestly with duration; includes involuntary shortage and conservation, while unmeasured fuel switching stays embedded.",low,Components sum with residual to net global supply loss; do not add this market bridge to the physical bridge.
low_supply_2027-01-01_2027-01-31_government_and_obligated_emergency_release,period_component,low_supply,"Stress case: lower inferred Strait flow, weaker bypass durability, and conservative stock-release capacity.",2027-01-01,2027-01-31,31,,future_current_traffic_scenario,modeled_scenario,market_clearing_bridge,government_and_obligated_emergency_release,0.1,3.1,,mb/d and million_bbl,scenario built 2026-08-03 from frozen February STEO and July IEA evidence,2026-06-30,2026-07-23,https://www.eia.gov/outlooks/steo/archives/feb26_base.xlsx | https://www.iea.org/news/iea-executive-director-statement-on-oil-markets,Case-specific low-fidelity durability path; no price forecast.,"Tapers after the original 400 mb action; remains well below the IEA's >1 bn gross government-stock level, which is not all usable.",low,Components sum with residual to net global supply loss; do not add this market bridge to the physical bridge.
low_supply_2027-01-01_2027-01-31_commercial_and_other_stock_draw,period_component,low_supply,"Stress case: lower inferred Strait flow, weaker bypass durability, and conservative stock-release capacity.",2027-01-01,2027-01-31,31,,future_current_traffic_scenario,modeled_scenario,market_clearing_bridge,commercial_and_other_stock_draw,0.8,24.8,,mb/d and million_bbl,scenario built 2026-08-03 from frozen February STEO and July IEA evidence,2026-06-30,2026-07-23,https://www.eia.gov/outlooks/steo/archives/feb26_base.xlsx | https://www.iea.org/news/iea-executive-director-statement-on-oil-markets,Case-specific low-fidelity durability path; no price forecast.,Tapers as working inventories approach operational minima; China ownership and oil-on-water remain uncertain.,low,Components sum with residual to net global supply loss; do not add this market bridge to the physical bridge.
low_supply_2027-01-01_2027-01-31_residual_unallocated_adjustment,period_component,low_supply,"Stress case: lower inferred Strait flow, weaker bypass durability, and conservative stock-release capacity.",2027-01-01,2027-01-31,31,,future_current_traffic_scenario,modeled_scenario,market_clearing_bridge,residual_unallocated_adjustment,2.452066,76.014046,,mb/d and million_bbl,scenario arithmetic,2026-06-30,2026-07-23,issues/in-progress/hormuz-m8q.5-model-current-traffic-oil-supply-scenarios.md,Unallocated balance after named durable channels; not a price forecast.,"Widens as stock rates taper and the horizon extends; may resolve as additional demand loss, unobserved stocks, or changed physical supply.",low,Components sum with residual to net global supply loss; do not add this market bridge to the physical bridge.
base_2027-01-01_2027-01-31_gross_missing_hormuz_flow,period_component,base,"Central case: inferred Strait flow modestly above the March-May oil-flow average, demonstrated bypass use, and tapering stock draws.",2027-01-01,2027-01-31,31,,future_current_traffic_scenario,modeled_scenario,physical_supply_bridge,gross_missing_hormuz_flow,16,496,,mb/d and million_bbl,scenario built 2026-08-03 from IEA/EIA/PortWatch anchors,2026-06-30,2026-07-23,https://portwatch.imf.org/pages/data-and-methodology | https://www.iea.org/commentaries/how-global-oil-supplies-have-readjusted-to-help-fill-the-huge-gap-left-by-the-strait-of-hormuz-shock | https://www.iea.org/news/iea-executive-director-statement-on-oil-markets,Traffic stays at the July 8-23 regime. Hormuz oil flow is bounded independently; bypass and non-Gulf rates follow the case's durability phase.,Hormuz current flow is constant; bypass tapers with route/security/maintenance constraints; non-Gulf incremental production ramps slowly.,low,"Gross missing route flow minus bypass and non-Gulf offsets equals net global supply loss; these physical rows are one bridge, not additive to market-clearing rows."
base_2027-01-01_2027-01-31_incremental_gulf_bypass_offset,period_component,base,"Central case: inferred Strait flow modestly above the March-May oil-flow average, demonstrated bypass use, and tapering stock draws.",2027-01-01,2027-01-31,31,,future_current_traffic_scenario,modeled_scenario,physical_supply_bridge,incremental_gulf_bypass_offset,2.9,89.9,,mb/d and million_bbl,scenario built 2026-08-03 from IEA/EIA/PortWatch anchors,2026-06-30,2026-07-23,https://portwatch.imf.org/pages/data-and-methodology | https://www.iea.org/commentaries/how-global-oil-supplies-have-readjusted-to-help-fill-the-huge-gap-left-by-the-strait-of-hormuz-shock | https://www.iea.org/news/iea-executive-director-statement-on-oil-markets,Traffic stays at the July 8-23 regime. Hormuz oil flow is bounded independently; bypass and non-Gulf rates follow the case's durability phase.,Hormuz current flow is constant; bypass tapers with route/security/maintenance constraints; non-Gulf incremental production ramps slowly.,low,"Gross missing route flow minus bypass and non-Gulf offsets equals net global supply loss; these physical rows are one bridge, not additive to market-clearing rows."
base_2027-01-01_2027-01-31_incremental_non_gulf_supply_offset,period_component,base,"Central case: inferred Strait flow modestly above the March-May oil-flow average, demonstrated bypass use, and tapering stock draws.",2027-01-01,2027-01-31,31,,future_current_traffic_scenario,modeled_scenario,physical_supply_bridge,incremental_non_gulf_supply_offset,1,31,,mb/d and million_bbl,scenario built 2026-08-03 from IEA/EIA/PortWatch anchors,2026-06-30,2026-07-23,https://portwatch.imf.org/pages/data-and-methodology | https://www.iea.org/commentaries/how-global-oil-supplies-have-readjusted-to-help-fill-the-huge-gap-left-by-the-strait-of-hormuz-shock | https://www.iea.org/news/iea-executive-director-statement-on-oil-markets,Traffic stays at the July 8-23 regime. Hormuz oil flow is bounded independently; bypass and non-Gulf rates follow the case's durability phase.,Hormuz current flow is constant; bypass tapers with route/security/maintenance constraints; non-Gulf incremental production ramps slowly.,low,"Gross missing route flow minus bypass and non-Gulf offsets equals net global supply loss; these physical rows are one bridge, not additive to market-clearing rows."
base_2027-01-01_2027-01-31_net_global_supply_loss,period_component,base,"Central case: inferred Strait flow modestly above the March-May oil-flow average, demonstrated bypass use, and tapering stock draws.",2027-01-01,2027-01-31,31,,future_current_traffic_scenario,modeled_scenario,physical_supply_bridge,net_global_supply_loss,12.1,375.1,,mb/d and million_bbl,scenario built 2026-08-03 from IEA/EIA/PortWatch anchors,2026-06-30,2026-07-23,https://portwatch.imf.org/pages/data-and-methodology | https://www.iea.org/commentaries/how-global-oil-supplies-have-readjusted-to-help-fill-the-huge-gap-left-by-the-strait-of-hormuz-shock | https://www.iea.org/news/iea-executive-director-statement-on-oil-markets,Traffic stays at the July 8-23 regime. Hormuz oil flow is bounded independently; bypass and non-Gulf rates follow the case's durability phase.,Hormuz current flow is constant; bypass tapers with route/security/maintenance constraints; non-Gulf incremental production ramps slowly.,low,"Gross missing route flow minus bypass and non-Gulf offsets equals net global supply loss; these physical rows are one bridge, not additive to market-clearing rows."
base_2027-01-01_2027-01-31_foregone_counterfactual_stock_build,period_component,base,"Central case: inferred Strait flow modestly above the March-May oil-flow average, demonstrated bypass use, and tapering stock draws.",2027-01-01,2027-01-31,31,,future_current_traffic_scenario,modeled_scenario,market_clearing_bridge,foregone_counterfactual_stock_build,4.647934,144.085954,,mb/d and million_bbl,scenario built 2026-08-03 from frozen February STEO and July IEA evidence,2026-06-30,2026-07-23,https://www.eia.gov/outlooks/steo/archives/feb26_base.xlsx | https://www.iea.org/news/iea-executive-director-statement-on-oil-markets,Case-specific low-fidelity durability path; no price forecast.,Frozen February EIA planned build; an avoided build rather than a deliverable stock-flow resource.,low,Components sum with residual to net global supply loss; do not add this market bridge to the physical bridge.
base_2027-01-01_2027-01-31_demand_reduction,period_component,base,"Central case: inferred Strait flow modestly above the March-May oil-flow average, demonstrated bypass use, and tapering stock draws.",2027-01-01,2027-01-31,31,,future_current_traffic_scenario,modeled_scenario,market_clearing_bridge,demand_reduction,5.2,161.2,,mb/d and million_bbl,scenario built 2026-08-03 from frozen February STEO and July IEA evidence,2026-06-30,2026-07-23,https://www.eia.gov/outlooks/steo/archives/feb26_base.xlsx | https://www.iea.org/news/iea-executive-director-statement-on-oil-markets,Case-specific low-fidelity durability path; no price forecast.,"Rises modestly with duration; includes involuntary shortage and conservation, while unmeasured fuel switching stays embedded.",low,Components sum with residual to net global supply loss; do not add this market bridge to the physical bridge.
base_2027-01-01_2027-01-31_government_and_obligated_emergency_release,period_component,base,"Central case: inferred Strait flow modestly above the March-May oil-flow average, demonstrated bypass use, and tapering stock draws.",2027-01-01,2027-01-31,31,,future_current_traffic_scenario,modeled_scenario,market_clearing_bridge,government_and_obligated_emergency_release,0.3,9.3,,mb/d and million_bbl,scenario built 2026-08-03 from frozen February STEO and July IEA evidence,2026-06-30,2026-07-23,https://www.eia.gov/outlooks/steo/archives/feb26_base.xlsx | https://www.iea.org/news/iea-executive-director-statement-on-oil-markets,Case-specific low-fidelity durability path; no price forecast.,"Tapers after the original 400 mb action; remains well below the IEA's >1 bn gross government-stock level, which is not all usable.",low,Components sum with residual to net global supply loss; do not add this market bridge to the physical bridge.
base_2027-01-01_2027-01-31_commercial_and_other_stock_draw,period_component,base,"Central case: inferred Strait flow modestly above the March-May oil-flow average, demonstrated bypass use, and tapering stock draws.",2027-01-01,2027-01-31,31,,future_current_traffic_scenario,modeled_scenario,market_clearing_bridge,commercial_and_other_stock_draw,1.2,37.2,,mb/d and million_bbl,scenario built 2026-08-03 from frozen February STEO and July IEA evidence,2026-06-30,2026-07-23,https://www.eia.gov/outlooks/steo/archives/feb26_base.xlsx | https://www.iea.org/news/iea-executive-director-statement-on-oil-markets,Case-specific low-fidelity durability path; no price forecast.,Tapers as working inventories approach operational minima; China ownership and oil-on-water remain uncertain.,low,Components sum with residual to net global supply loss; do not add this market bridge to the physical bridge.
base_2027-01-01_2027-01-31_residual_unallocated_adjustment,period_component,base,"Central case: inferred Strait flow modestly above the March-May oil-flow average, demonstrated bypass use, and tapering stock draws.",2027-01-01,2027-01-31,31,,future_current_traffic_scenario,modeled_scenario,market_clearing_bridge,residual_unallocated_adjustment,0.752066,23.314046,,mb/d and million_bbl,scenario arithmetic,2026-06-30,2026-07-23,issues/in-progress/hormuz-m8q.5-model-current-traffic-oil-supply-scenarios.md,Unallocated balance after named durable channels; not a price forecast.,"Widens as stock rates taper and the horizon extends; may resolve as additional demand loss, unobserved stocks, or changed physical supply.",low,Components sum with residual to net global supply loss; do not add this market bridge to the physical bridge.
high_supply_2027-01-01_2027-01-31_gross_missing_hormuz_flow,period_component,high_supply,"Resilient case: more AIS-dark/cargo flow, stronger bypass performance, and stronger durable supply and stock response.",2027-01-01,2027-01-31,31,,future_current_traffic_scenario,modeled_scenario,physical_supply_bridge,gross_missing_hormuz_flow,14.5,449.5,,mb/d and million_bbl,scenario built 2026-08-03 from IEA/EIA/PortWatch anchors,2026-06-30,2026-07-23,https://portwatch.imf.org/pages/data-and-methodology | https://www.iea.org/commentaries/how-global-oil-supplies-have-readjusted-to-help-fill-the-huge-gap-left-by-the-strait-of-hormuz-shock | https://www.iea.org/news/iea-executive-director-statement-on-oil-markets,Traffic stays at the July 8-23 regime. Hormuz oil flow is bounded independently; bypass and non-Gulf rates follow the case's durability phase.,Hormuz current flow is constant; bypass tapers with route/security/maintenance constraints; non-Gulf incremental production ramps slowly.,low,"Gross missing route flow minus bypass and non-Gulf offsets equals net global supply loss; these physical rows are one bridge, not additive to market-clearing rows."
high_supply_2027-01-01_2027-01-31_incremental_gulf_bypass_offset,period_component,high_supply,"Resilient case: more AIS-dark/cargo flow, stronger bypass performance, and stronger durable supply and stock response.",2027-01-01,2027-01-31,31,,future_current_traffic_scenario,modeled_scenario,physical_supply_bridge,incremental_gulf_bypass_offset,3.6,111.6,,mb/d and million_bbl,scenario built 2026-08-03 from IEA/EIA/PortWatch anchors,2026-06-30,2026-07-23,https://portwatch.imf.org/pages/data-and-methodology | https://www.iea.org/commentaries/how-global-oil-supplies-have-readjusted-to-help-fill-the-huge-gap-left-by-the-strait-of-hormuz-shock | https://www.iea.org/news/iea-executive-director-statement-on-oil-markets,Traffic stays at the July 8-23 regime. Hormuz oil flow is bounded independently; bypass and non-Gulf rates follow the case's durability phase.,Hormuz current flow is constant; bypass tapers with route/security/maintenance constraints; non-Gulf incremental production ramps slowly.,low,"Gross missing route flow minus bypass and non-Gulf offsets equals net global supply loss; these physical rows are one bridge, not additive to market-clearing rows."
high_supply_2027-01-01_2027-01-31_incremental_non_gulf_supply_offset,period_component,high_supply,"Resilient case: more AIS-dark/cargo flow, stronger bypass performance, and stronger durable supply and stock response.",2027-01-01,2027-01-31,31,,future_current_traffic_scenario,modeled_scenario,physical_supply_bridge,incremental_non_gulf_supply_offset,1.3,40.3,,mb/d and million_bbl,scenario built 2026-08-03 from IEA/EIA/PortWatch anchors,2026-06-30,2026-07-23,https://portwatch.imf.org/pages/data-and-methodology | https://www.iea.org/commentaries/how-global-oil-supplies-have-readjusted-to-help-fill-the-huge-gap-left-by-the-strait-of-hormuz-shock | https://www.iea.org/news/iea-executive-director-statement-on-oil-markets,Traffic stays at the July 8-23 regime. Hormuz oil flow is bounded independently; bypass and non-Gulf rates follow the case's durability phase.,Hormuz current flow is constant; bypass tapers with route/security/maintenance constraints; non-Gulf incremental production ramps slowly.,low,"Gross missing route flow minus bypass and non-Gulf offsets equals net global supply loss; these physical rows are one bridge, not additive to market-clearing rows."
high_supply_2027-01-01_2027-01-31_net_global_supply_loss,period_component,high_supply,"Resilient case: more AIS-dark/cargo flow, stronger bypass performance, and stronger durable supply and stock response.",2027-01-01,2027-01-31,31,,future_current_traffic_scenario,modeled_scenario,physical_supply_bridge,net_global_supply_loss,9.6,297.6,,mb/d and million_bbl,scenario built 2026-08-03 from IEA/EIA/PortWatch anchors,2026-06-30,2026-07-23,https://portwatch.imf.org/pages/data-and-methodology | https://www.iea.org/commentaries/how-global-oil-supplies-have-readjusted-to-help-fill-the-huge-gap-left-by-the-strait-of-hormuz-shock | https://www.iea.org/news/iea-executive-director-statement-on-oil-markets,Traffic stays at the July 8-23 regime. Hormuz oil flow is bounded independently; bypass and non-Gulf rates follow the case's durability phase.,Hormuz current flow is constant; bypass tapers with route/security/maintenance constraints; non-Gulf incremental production ramps slowly.,low,"Gross missing route flow minus bypass and non-Gulf offsets equals net global supply loss; these physical rows are one bridge, not additive to market-clearing rows."
high_supply_2027-01-01_2027-01-31_foregone_counterfactual_stock_build,period_component,high_supply,"Resilient case: more AIS-dark/cargo flow, stronger bypass performance, and stronger durable supply and stock response.",2027-01-01,2027-01-31,31,,future_current_traffic_scenario,modeled_scenario,market_clearing_bridge,foregone_counterfactual_stock_build,4.647934,144.085954,,mb/d and million_bbl,scenario built 2026-08-03 from frozen February STEO and July IEA evidence,2026-06-30,2026-07-23,https://www.eia.gov/outlooks/steo/archives/feb26_base.xlsx | https://www.iea.org/news/iea-executive-director-statement-on-oil-markets,Case-specific low-fidelity durability path; no price forecast.,Frozen February EIA planned build; an avoided build rather than a deliverable stock-flow resource.,low,Components sum with residual to net global supply loss; do not add this market bridge to the physical bridge.
high_supply_2027-01-01_2027-01-31_demand_reduction,period_component,high_supply,"Resilient case: more AIS-dark/cargo flow, stronger bypass performance, and stronger durable supply and stock response.",2027-01-01,2027-01-31,31,,future_current_traffic_scenario,modeled_scenario,market_clearing_bridge,demand_reduction,4,124,,mb/d and million_bbl,scenario built 2026-08-03 from frozen February STEO and July IEA evidence,2026-06-30,2026-07-23,https://www.eia.gov/outlooks/steo/archives/feb26_base.xlsx | https://www.iea.org/news/iea-executive-director-statement-on-oil-markets,Case-specific low-fidelity durability path; no price forecast.,"Rises modestly with duration; includes involuntary shortage and conservation, while unmeasured fuel switching stays embedded.",low,Components sum with residual to net global supply loss; do not add this market bridge to the physical bridge.
high_supply_2027-01-01_2027-01-31_government_and_obligated_emergency_release,period_component,high_supply,"Resilient case: more AIS-dark/cargo flow, stronger bypass performance, and stronger durable supply and stock response.",2027-01-01,2027-01-31,31,,future_current_traffic_scenario,modeled_scenario,market_clearing_bridge,government_and_obligated_emergency_release,0.4,12.4,,mb/d and million_bbl,scenario built 2026-08-03 from frozen February STEO and July IEA evidence,2026-06-30,2026-07-23,https://www.eia.gov/outlooks/steo/archives/feb26_base.xlsx | https://www.iea.org/news/iea-executive-director-statement-on-oil-markets,Case-specific low-fidelity durability path; no price forecast.,"Tapers after the original 400 mb action; remains well below the IEA's >1 bn gross government-stock level, which is not all usable.",low,Components sum with residual to net global supply loss; do not add this market bridge to the physical bridge.
high_supply_2027-01-01_2027-01-31_commercial_and_other_stock_draw,period_component,high_supply,"Resilient case: more AIS-dark/cargo flow, stronger bypass performance, and stronger durable supply and stock response.",2027-01-01,2027-01-31,31,,future_current_traffic_scenario,modeled_scenario,market_clearing_bridge,commercial_and_other_stock_draw,0.5,15.5,,mb/d and million_bbl,scenario built 2026-08-03 from frozen February STEO and July IEA evidence,2026-06-30,2026-07-23,https://www.eia.gov/outlooks/steo/archives/feb26_base.xlsx | https://www.iea.org/news/iea-executive-director-statement-on-oil-markets,Case-specific low-fidelity durability path; no price forecast.,Tapers as working inventories approach operational minima; China ownership and oil-on-water remain uncertain.,low,Components sum with residual to net global supply loss; do not add this market bridge to the physical bridge.
high_supply_2027-01-01_2027-01-31_residual_unallocated_adjustment,period_component,high_supply,"Resilient case: more AIS-dark/cargo flow, stronger bypass performance, and stronger durable supply and stock response.",2027-01-01,2027-01-31,31,,future_current_traffic_scenario,modeled_scenario,market_clearing_bridge,residual_unallocated_adjustment,0.052066,1.614046,,mb/d and million_bbl,scenario arithmetic,2026-06-30,2026-07-23,issues/in-progress/hormuz-m8q.5-model-current-traffic-oil-supply-scenarios.md,Unallocated balance after named durable channels; not a price forecast.,"Widens as stock rates taper and the horizon extends; may resolve as additional demand loss, unobserved stocks, or changed physical supply.",low,Components sum with residual to net global supply loss; do not add this market bridge to the physical bridge.
low_supply_2027-02-01_2027-02-28_gross_missing_hormuz_flow,period_component,low_supply,"Stress case: lower inferred Strait flow, weaker bypass durability, and conservative stock-release capacity.",2027-02-01,2027-02-28,28,,future_current_traffic_scenario,modeled_scenario,physical_supply_bridge,gross_missing_hormuz_flow,17,476,,mb/d and million_bbl,scenario built 2026-08-03 from IEA/EIA/PortWatch anchors,2026-06-30,2026-07-23,https://portwatch.imf.org/pages/data-and-methodology | https://www.iea.org/commentaries/how-global-oil-supplies-have-readjusted-to-help-fill-the-huge-gap-left-by-the-strait-of-hormuz-shock | https://www.iea.org/news/iea-executive-director-statement-on-oil-markets,Traffic stays at the July 8-23 regime. Hormuz oil flow is bounded independently; bypass and non-Gulf rates follow the case's durability phase.,Hormuz current flow is constant; bypass tapers with route/security/maintenance constraints; non-Gulf incremental production ramps slowly.,low,"Gross missing route flow minus bypass and non-Gulf offsets equals net global supply loss; these physical rows are one bridge, not additive to market-clearing rows."
low_supply_2027-02-01_2027-02-28_incremental_gulf_bypass_offset,period_component,low_supply,"Stress case: lower inferred Strait flow, weaker bypass durability, and conservative stock-release capacity.",2027-02-01,2027-02-28,28,,future_current_traffic_scenario,modeled_scenario,physical_supply_bridge,incremental_gulf_bypass_offset,2.4,67.2,,mb/d and million_bbl,scenario built 2026-08-03 from IEA/EIA/PortWatch anchors,2026-06-30,2026-07-23,https://portwatch.imf.org/pages/data-and-methodology | https://www.iea.org/commentaries/how-global-oil-supplies-have-readjusted-to-help-fill-the-huge-gap-left-by-the-strait-of-hormuz-shock | https://www.iea.org/news/iea-executive-director-statement-on-oil-markets,Traffic stays at the July 8-23 regime. Hormuz oil flow is bounded independently; bypass and non-Gulf rates follow the case's durability phase.,Hormuz current flow is constant; bypass tapers with route/security/maintenance constraints; non-Gulf incremental production ramps slowly.,low,"Gross missing route flow minus bypass and non-Gulf offsets equals net global supply loss; these physical rows are one bridge, not additive to market-clearing rows."
low_supply_2027-02-01_2027-02-28_incremental_non_gulf_supply_offset,period_component,low_supply,"Stress case: lower inferred Strait flow, weaker bypass durability, and conservative stock-release capacity.",2027-02-01,2027-02-28,28,,future_current_traffic_scenario,modeled_scenario,physical_supply_bridge,incremental_non_gulf_supply_offset,0.6,16.8,,mb/d and million_bbl,scenario built 2026-08-03 from IEA/EIA/PortWatch anchors,2026-06-30,2026-07-23,https://portwatch.imf.org/pages/data-and-methodology | https://www.iea.org/commentaries/how-global-oil-supplies-have-readjusted-to-help-fill-the-huge-gap-left-by-the-strait-of-hormuz-shock | https://www.iea.org/news/iea-executive-director-statement-on-oil-markets,Traffic stays at the July 8-23 regime. Hormuz oil flow is bounded independently; bypass and non-Gulf rates follow the case's durability phase.,Hormuz current flow is constant; bypass tapers with route/security/maintenance constraints; non-Gulf incremental production ramps slowly.,low,"Gross missing route flow minus bypass and non-Gulf offsets equals net global supply loss; these physical rows are one bridge, not additive to market-clearing rows."
low_supply_2027-02-01_2027-02-28_net_global_supply_loss,period_component,low_supply,"Stress case: lower inferred Strait flow, weaker bypass durability, and conservative stock-release capacity.",2027-02-01,2027-02-28,28,,future_current_traffic_scenario,modeled_scenario,physical_supply_bridge,net_global_supply_loss,14,392,,mb/d and million_bbl,scenario built 2026-08-03 from IEA/EIA/PortWatch anchors,2026-06-30,2026-07-23,https://portwatch.imf.org/pages/data-and-methodology | https://www.iea.org/commentaries/how-global-oil-supplies-have-readjusted-to-help-fill-the-huge-gap-left-by-the-strait-of-hormuz-shock | https://www.iea.org/news/iea-executive-director-statement-on-oil-markets,Traffic stays at the July 8-23 regime. Hormuz oil flow is bounded independently; bypass and non-Gulf rates follow the case's durability phase.,Hormuz current flow is constant; bypass tapers with route/security/maintenance constraints; non-Gulf incremental production ramps slowly.,low,"Gross missing route flow minus bypass and non-Gulf offsets equals net global supply loss; these physical rows are one bridge, not additive to market-clearing rows."
low_supply_2027-02-01_2027-02-28_foregone_counterfactual_stock_build,period_component,low_supply,"Stress case: lower inferred Strait flow, weaker bypass durability, and conservative stock-release capacity.",2027-02-01,2027-02-28,28,,future_current_traffic_scenario,modeled_scenario,market_clearing_bridge,foregone_counterfactual_stock_build,2.348762,65.765336,,mb/d and million_bbl,scenario built 2026-08-03 from frozen February STEO and July IEA evidence,2026-06-30,2026-07-23,https://www.eia.gov/outlooks/steo/archives/feb26_base.xlsx | https://www.iea.org/news/iea-executive-director-statement-on-oil-markets,Case-specific low-fidelity durability path; no price forecast.,Frozen February EIA planned build; an avoided build rather than a deliverable stock-flow resource.,low,Components sum with residual to net global supply loss; do not add this market bridge to the physical bridge.
low_supply_2027-02-01_2027-02-28_demand_reduction,period_component,low_supply,"Stress case: lower inferred Strait flow, weaker bypass durability, and conservative stock-release capacity.",2027-02-01,2027-02-28,28,,future_current_traffic_scenario,modeled_scenario,market_clearing_bridge,demand_reduction,6,168,,mb/d and million_bbl,scenario built 2026-08-03 from frozen February STEO and July IEA evidence,2026-06-30,2026-07-23,https://www.eia.gov/outlooks/steo/archives/feb26_base.xlsx | https://www.iea.org/news/iea-executive-director-statement-on-oil-markets,Case-specific low-fidelity durability path; no price forecast.,"Rises modestly with duration; includes involuntary shortage and conservation, while unmeasured fuel switching stays embedded.",low,Components sum with residual to net global supply loss; do not add this market bridge to the physical bridge.
low_supply_2027-02-01_2027-02-28_government_and_obligated_emergency_release,period_component,low_supply,"Stress case: lower inferred Strait flow, weaker bypass durability, and conservative stock-release capacity.",2027-02-01,2027-02-28,28,,future_current_traffic_scenario,modeled_scenario,market_clearing_bridge,government_and_obligated_emergency_release,0.1,2.8,,mb/d and million_bbl,scenario built 2026-08-03 from frozen February STEO and July IEA evidence,2026-06-30,2026-07-23,https://www.eia.gov/outlooks/steo/archives/feb26_base.xlsx | https://www.iea.org/news/iea-executive-director-statement-on-oil-markets,Case-specific low-fidelity durability path; no price forecast.,"Tapers after the original 400 mb action; remains well below the IEA's >1 bn gross government-stock level, which is not all usable.",low,Components sum with residual to net global supply loss; do not add this market bridge to the physical bridge.
low_supply_2027-02-01_2027-02-28_commercial_and_other_stock_draw,period_component,low_supply,"Stress case: lower inferred Strait flow, weaker bypass durability, and conservative stock-release capacity.",2027-02-01,2027-02-28,28,,future_current_traffic_scenario,modeled_scenario,market_clearing_bridge,commercial_and_other_stock_draw,0.8,22.4,,mb/d and million_bbl,scenario built 2026-08-03 from frozen February STEO and July IEA evidence,2026-06-30,2026-07-23,https://www.eia.gov/outlooks/steo/archives/feb26_base.xlsx | https://www.iea.org/news/iea-executive-director-statement-on-oil-markets,Case-specific low-fidelity durability path; no price forecast.,Tapers as working inventories approach operational minima; China ownership and oil-on-water remain uncertain.,low,Components sum with residual to net global supply loss; do not add this market bridge to the physical bridge.
low_supply_2027-02-01_2027-02-28_residual_unallocated_adjustment,period_component,low_supply,"Stress case: lower inferred Strait flow, weaker bypass durability, and conservative stock-release capacity.",2027-02-01,2027-02-28,28,,future_current_traffic_scenario,modeled_scenario,market_clearing_bridge,residual_unallocated_adjustment,4.751238,133.034664,,mb/d and million_bbl,scenario arithmetic,2026-06-30,2026-07-23,issues/in-progress/hormuz-m8q.5-model-current-traffic-oil-supply-scenarios.md,Unallocated balance after named durable channels; not a price forecast.,"Widens as stock rates taper and the horizon extends; may resolve as additional demand loss, unobserved stocks, or changed physical supply.",low,Components sum with residual to net global supply loss; do not add this market bridge to the physical bridge.
base_2027-02-01_2027-02-28_gross_missing_hormuz_flow,period_component,base,"Central case: inferred Strait flow modestly above the March-May oil-flow average, demonstrated bypass use, and tapering stock draws.",2027-02-01,2027-02-28,28,,future_current_traffic_scenario,modeled_scenario,physical_supply_bridge,gross_missing_hormuz_flow,16,448,,mb/d and million_bbl,scenario built 2026-08-03 from IEA/EIA/PortWatch anchors,2026-06-30,2026-07-23,https://portwatch.imf.org/pages/data-and-methodology | https://www.iea.org/commentaries/how-global-oil-supplies-have-readjusted-to-help-fill-the-huge-gap-left-by-the-strait-of-hormuz-shock | https://www.iea.org/news/iea-executive-director-statement-on-oil-markets,Traffic stays at the July 8-23 regime. Hormuz oil flow is bounded independently; bypass and non-Gulf rates follow the case's durability phase.,Hormuz current flow is constant; bypass tapers with route/security/maintenance constraints; non-Gulf incremental production ramps slowly.,low,"Gross missing route flow minus bypass and non-Gulf offsets equals net global supply loss; these physical rows are one bridge, not additive to market-clearing rows."
base_2027-02-01_2027-02-28_incremental_gulf_bypass_offset,period_component,base,"Central case: inferred Strait flow modestly above the March-May oil-flow average, demonstrated bypass use, and tapering stock draws.",2027-02-01,2027-02-28,28,,future_current_traffic_scenario,modeled_scenario,physical_supply_bridge,incremental_gulf_bypass_offset,2.9,81.2,,mb/d and million_bbl,scenario built 2026-08-03 from IEA/EIA/PortWatch anchors,2026-06-30,2026-07-23,https://portwatch.imf.org/pages/data-and-methodology | https://www.iea.org/commentaries/how-global-oil-supplies-have-readjusted-to-help-fill-the-huge-gap-left-by-the-strait-of-hormuz-shock | https://www.iea.org/news/iea-executive-director-statement-on-oil-markets,Traffic stays at the July 8-23 regime. Hormuz oil flow is bounded independently; bypass and non-Gulf rates follow the case's durability phase.,Hormuz current flow is constant; bypass tapers with route/security/maintenance constraints; non-Gulf incremental production ramps slowly.,low,"Gross missing route flow minus bypass and non-Gulf offsets equals net global supply loss; these physical rows are one bridge, not additive to market-clearing rows."
base_2027-02-01_2027-02-28_incremental_non_gulf_supply_offset,period_component,base,"Central case: inferred Strait flow modestly above the March-May oil-flow average, demonstrated bypass use, and tapering stock draws.",2027-02-01,2027-02-28,28,,future_current_traffic_scenario,modeled_scenario,physical_supply_bridge,incremental_non_gulf_supply_offset,1,28,,mb/d and million_bbl,scenario built 2026-08-03 from IEA/EIA/PortWatch anchors,2026-06-30,2026-07-23,https://portwatch.imf.org/pages/data-and-methodology | https://www.iea.org/commentaries/how-global-oil-supplies-have-readjusted-to-help-fill-the-huge-gap-left-by-the-strait-of-hormuz-shock | https://www.iea.org/news/iea-executive-director-statement-on-oil-markets,Traffic stays at the July 8-23 regime. Hormuz oil flow is bounded independently; bypass and non-Gulf rates follow the case's durability phase.,Hormuz current flow is constant; bypass tapers with route/security/maintenance constraints; non-Gulf incremental production ramps slowly.,low,"Gross missing route flow minus bypass and non-Gulf offsets equals net global supply loss; these physical rows are one bridge, not additive to market-clearing rows."
base_2027-02-01_2027-02-28_net_global_supply_loss,period_component,base,"Central case: inferred Strait flow modestly above the March-May oil-flow average, demonstrated bypass use, and tapering stock draws.",2027-02-01,2027-02-28,28,,future_current_traffic_scenario,modeled_scenario,physical_supply_bridge,net_global_supply_loss,12.1,338.8,,mb/d and million_bbl,scenario built 2026-08-03 from IEA/EIA/PortWatch anchors,2026-06-30,2026-07-23,https://portwatch.imf.org/pages/data-and-methodology | https://www.iea.org/commentaries/how-global-oil-supplies-have-readjusted-to-help-fill-the-huge-gap-left-by-the-strait-of-hormuz-shock | https://www.iea.org/news/iea-executive-director-statement-on-oil-markets,Traffic stays at the July 8-23 regime. Hormuz oil flow is bounded independently; bypass and non-Gulf rates follow the case's durability phase.,Hormuz current flow is constant; bypass tapers with route/security/maintenance constraints; non-Gulf incremental production ramps slowly.,low,"Gross missing route flow minus bypass and non-Gulf offsets equals net global supply loss; these physical rows are one bridge, not additive to market-clearing rows."
base_2027-02-01_2027-02-28_foregone_counterfactual_stock_build,period_component,base,"Central case: inferred Strait flow modestly above the March-May oil-flow average, demonstrated bypass use, and tapering stock draws.",2027-02-01,2027-02-28,28,,future_current_traffic_scenario,modeled_scenario,market_clearing_bridge,foregone_counterfactual_stock_build,2.348762,65.765336,,mb/d and million_bbl,scenario built 2026-08-03 from frozen February STEO and July IEA evidence,2026-06-30,2026-07-23,https://www.eia.gov/outlooks/steo/archives/feb26_base.xlsx | https://www.iea.org/news/iea-executive-director-statement-on-oil-markets,Case-specific low-fidelity durability path; no price forecast.,Frozen February EIA planned build; an avoided build rather than a deliverable stock-flow resource.,low,Components sum with residual to net global supply loss; do not add this market bridge to the physical bridge.
base_2027-02-01_2027-02-28_demand_reduction,period_component,base,"Central case: inferred Strait flow modestly above the March-May oil-flow average, demonstrated bypass use, and tapering stock draws.",2027-02-01,2027-02-28,28,,future_current_traffic_scenario,modeled_scenario,market_clearing_bridge,demand_reduction,5.2,145.6,,mb/d and million_bbl,scenario built 2026-08-03 from frozen February STEO and July IEA evidence,2026-06-30,2026-07-23,https://www.eia.gov/outlooks/steo/archives/feb26_base.xlsx | https://www.iea.org/news/iea-executive-director-statement-on-oil-markets,Case-specific low-fidelity durability path; no price forecast.,"Rises modestly with duration; includes involuntary shortage and conservation, while unmeasured fuel switching stays embedded.",low,Components sum with residual to net global supply loss; do not add this market bridge to the physical bridge.
base_2027-02-01_2027-02-28_government_and_obligated_emergency_release,period_component,base,"Central case: inferred Strait flow modestly above the March-May oil-flow average, demonstrated bypass use, and tapering stock draws.",2027-02-01,2027-02-28,28,,future_current_traffic_scenario,modeled_scenario,market_clearing_bridge,government_and_obligated_emergency_release,0.3,8.4,,mb/d and million_bbl,scenario built 2026-08-03 from frozen February STEO and July IEA evidence,2026-06-30,2026-07-23,https://www.eia.gov/outlooks/steo/archives/feb26_base.xlsx | https://www.iea.org/news/iea-executive-director-statement-on-oil-markets,Case-specific low-fidelity durability path; no price forecast.,"Tapers after the original 400 mb action; remains well below the IEA's >1 bn gross government-stock level, which is not all usable.",low,Components sum with residual to net global supply loss; do not add this market bridge to the physical bridge.
base_2027-02-01_2027-02-28_commercial_and_other_stock_draw,period_component,base,"Central case: inferred Strait flow modestly above the March-May oil-flow average, demonstrated bypass use, and tapering stock draws.",2027-02-01,2027-02-28,28,,future_current_traffic_scenario,modeled_scenario,market_clearing_bridge,commercial_and_other_stock_draw,1.2,33.6,,mb/d and million_bbl,scenario built 2026-08-03 from frozen February STEO and July IEA evidence,2026-06-30,2026-07-23,https://www.eia.gov/outlooks/steo/archives/feb26_base.xlsx | https://www.iea.org/news/iea-executive-director-statement-on-oil-markets,Case-specific low-fidelity durability path; no price forecast.,Tapers as working inventories approach operational minima; China ownership and oil-on-water remain uncertain.,low,Components sum with residual to net global supply loss; do not add this market bridge to the physical bridge.
base_2027-02-01_2027-02-28_residual_unallocated_adjustment,period_component,base,"Central case: inferred Strait flow modestly above the March-May oil-flow average, demonstrated bypass use, and tapering stock draws.",2027-02-01,2027-02-28,28,,future_current_traffic_scenario,modeled_scenario,market_clearing_bridge,residual_unallocated_adjustment,3.051238,85.434664,,mb/d and million_bbl,scenario arithmetic,2026-06-30,2026-07-23,issues/in-progress/hormuz-m8q.5-model-current-traffic-oil-supply-scenarios.md,Unallocated balance after named durable channels; not a price forecast.,"Widens as stock rates taper and the horizon extends; may resolve as additional demand loss, unobserved stocks, or changed physical supply.",low,Components sum with residual to net global supply loss; do not add this market bridge to the physical bridge.
high_supply_2027-02-01_2027-02-28_gross_missing_hormuz_flow,period_component,high_supply,"Resilient case: more AIS-dark/cargo flow, stronger bypass performance, and stronger durable supply and stock response.",2027-02-01,2027-02-28,28,,future_current_traffic_scenario,modeled_scenario,physical_supply_bridge,gross_missing_hormuz_flow,14.5,406,,mb/d and million_bbl,scenario built 2026-08-03 from IEA/EIA/PortWatch anchors,2026-06-30,2026-07-23,https://portwatch.imf.org/pages/data-and-methodology | https://www.iea.org/commentaries/how-global-oil-supplies-have-readjusted-to-help-fill-the-huge-gap-left-by-the-strait-of-hormuz-shock | https://www.iea.org/news/iea-executive-director-statement-on-oil-markets,Traffic stays at the July 8-23 regime. Hormuz oil flow is bounded independently; bypass and non-Gulf rates follow the case's durability phase.,Hormuz current flow is constant; bypass tapers with route/security/maintenance constraints; non-Gulf incremental production ramps slowly.,low,"Gross missing route flow minus bypass and non-Gulf offsets equals net global supply loss; these physical rows are one bridge, not additive to market-clearing rows."
high_supply_2027-02-01_2027-02-28_incremental_gulf_bypass_offset,period_component,high_supply,"Resilient case: more AIS-dark/cargo flow, stronger bypass performance, and stronger durable supply and stock response.",2027-02-01,2027-02-28,28,,future_current_traffic_scenario,modeled_scenario,physical_supply_bridge,incremental_gulf_bypass_offset,3.6,100.8,,mb/d and million_bbl,scenario built 2026-08-03 from IEA/EIA/PortWatch anchors,2026-06-30,2026-07-23,https://portwatch.imf.org/pages/data-and-methodology | https://www.iea.org/commentaries/how-global-oil-supplies-have-readjusted-to-help-fill-the-huge-gap-left-by-the-strait-of-hormuz-shock | https://www.iea.org/news/iea-executive-director-statement-on-oil-markets,Traffic stays at the July 8-23 regime. Hormuz oil flow is bounded independently; bypass and non-Gulf rates follow the case's durability phase.,Hormuz current flow is constant; bypass tapers with route/security/maintenance constraints; non-Gulf incremental production ramps slowly.,low,"Gross missing route flow minus bypass and non-Gulf offsets equals net global supply loss; these physical rows are one bridge, not additive to market-clearing rows."
high_supply_2027-02-01_2027-02-28_incremental_non_gulf_supply_offset,period_component,high_supply,"Resilient case: more AIS-dark/cargo flow, stronger bypass performance, and stronger durable supply and stock response.",2027-02-01,2027-02-28,28,,future_current_traffic_scenario,modeled_scenario,physical_supply_bridge,incremental_non_gulf_supply_offset,1.3,36.4,,mb/d and million_bbl,scenario built 2026-08-03 from IEA/EIA/PortWatch anchors,2026-06-30,2026-07-23,https://portwatch.imf.org/pages/data-and-methodology | https://www.iea.org/commentaries/how-global-oil-supplies-have-readjusted-to-help-fill-the-huge-gap-left-by-the-strait-of-hormuz-shock | https://www.iea.org/news/iea-executive-director-statement-on-oil-markets,Traffic stays at the July 8-23 regime. Hormuz oil flow is bounded independently; bypass and non-Gulf rates follow the case's durability phase.,Hormuz current flow is constant; bypass tapers with route/security/maintenance constraints; non-Gulf incremental production ramps slowly.,low,"Gross missing route flow minus bypass and non-Gulf offsets equals net global supply loss; these physical rows are one bridge, not additive to market-clearing rows."
high_supply_2027-02-01_2027-02-28_net_global_supply_loss,period_component,high_supply,"Resilient case: more AIS-dark/cargo flow, stronger bypass performance, and stronger durable supply and stock response.",2027-02-01,2027-02-28,28,,future_current_traffic_scenario,modeled_scenario,physical_supply_bridge,net_global_supply_loss,9.6,268.8,,mb/d and million_bbl,scenario built 2026-08-03 from IEA/EIA/PortWatch anchors,2026-06-30,2026-07-23,https://portwatch.imf.org/pages/data-and-methodology | https://www.iea.org/commentaries/how-global-oil-supplies-have-readjusted-to-help-fill-the-huge-gap-left-by-the-strait-of-hormuz-shock | https://www.iea.org/news/iea-executive-director-statement-on-oil-markets,Traffic stays at the July 8-23 regime. Hormuz oil flow is bounded independently; bypass and non-Gulf rates follow the case's durability phase.,Hormuz current flow is constant; bypass tapers with route/security/maintenance constraints; non-Gulf incremental production ramps slowly.,low,"Gross missing route flow minus bypass and non-Gulf offsets equals net global supply loss; these physical rows are one bridge, not additive to market-clearing rows."
high_supply_2027-02-01_2027-02-28_foregone_counterfactual_stock_build,period_component,high_supply,"Resilient case: more AIS-dark/cargo flow, stronger bypass performance, and stronger durable supply and stock response.",2027-02-01,2027-02-28,28,,future_current_traffic_scenario,modeled_scenario,market_clearing_bridge,foregone_counterfactual_stock_build,2.348762,65.765336,,mb/d and million_bbl,scenario built 2026-08-03 from frozen February STEO and July IEA evidence,2026-06-30,2026-07-23,https://www.eia.gov/outlooks/steo/archives/feb26_base.xlsx | https://www.iea.org/news/iea-executive-director-statement-on-oil-markets,Case-specific low-fidelity durability path; no price forecast.,Frozen February EIA planned build; an avoided build rather than a deliverable stock-flow resource.,low,Components sum with residual to net global supply loss; do not add this market bridge to the physical bridge.
high_supply_2027-02-01_2027-02-28_demand_reduction,period_component,high_supply,"Resilient case: more AIS-dark/cargo flow, stronger bypass performance, and stronger durable supply and stock response.",2027-02-01,2027-02-28,28,,future_current_traffic_scenario,modeled_scenario,market_clearing_bridge,demand_reduction,4,112,,mb/d and million_bbl,scenario built 2026-08-03 from frozen February STEO and July IEA evidence,2026-06-30,2026-07-23,https://www.eia.gov/outlooks/steo/archives/feb26_base.xlsx | https://www.iea.org/news/iea-executive-director-statement-on-oil-markets,Case-specific low-fidelity durability path; no price forecast.,"Rises modestly with duration; includes involuntary shortage and conservation, while unmeasured fuel switching stays embedded.",low,Components sum with residual to net global supply loss; do not add this market bridge to the physical bridge.
high_supply_2027-02-01_2027-02-28_government_and_obligated_emergency_release,period_component,high_supply,"Resilient case: more AIS-dark/cargo flow, stronger bypass performance, and stronger durable supply and stock response.",2027-02-01,2027-02-28,28,,future_current_traffic_scenario,modeled_scenario,market_clearing_bridge,government_and_obligated_emergency_release,0.4,11.2,,mb/d and million_bbl,scenario built 2026-08-03 from frozen February STEO and July IEA evidence,2026-06-30,2026-07-23,https://www.eia.gov/outlooks/steo/archives/feb26_base.xlsx | https://www.iea.org/news/iea-executive-director-statement-on-oil-markets,Case-specific low-fidelity durability path; no price forecast.,"Tapers after the original 400 mb action; remains well below the IEA's >1 bn gross government-stock level, which is not all usable.",low,Components sum with residual to net global supply loss; do not add this market bridge to the physical bridge.
high_supply_2027-02-01_2027-02-28_commercial_and_other_stock_draw,period_component,high_supply,"Resilient case: more AIS-dark/cargo flow, stronger bypass performance, and stronger durable supply and stock response.",2027-02-01,2027-02-28,28,,future_current_traffic_scenario,modeled_scenario,market_clearing_bridge,commercial_and_other_stock_draw,0.5,14,,mb/d and million_bbl,scenario built 2026-08-03 from frozen February STEO and July IEA evidence,2026-06-30,2026-07-23,https://www.eia.gov/outlooks/steo/archives/feb26_base.xlsx | https://www.iea.org/news/iea-executive-director-statement-on-oil-markets,Case-specific low-fidelity durability path; no price forecast.,Tapers as working inventories approach operational minima; China ownership and oil-on-water remain uncertain.,low,Components sum with residual to net global supply loss; do not add this market bridge to the physical bridge.
high_supply_2027-02-01_2027-02-28_residual_unallocated_adjustment,period_component,high_supply,"Resilient case: more AIS-dark/cargo flow, stronger bypass performance, and stronger durable supply and stock response.",2027-02-01,2027-02-28,28,,future_current_traffic_scenario,modeled_scenario,market_clearing_bridge,residual_unallocated_adjustment,2.351238,65.834664,,mb/d and million_bbl,scenario arithmetic,2026-06-30,2026-07-23,issues/in-progress/hormuz-m8q.5-model-current-traffic-oil-supply-scenarios.md,Unallocated balance after named durable channels; not a price forecast.,"Widens as stock rates taper and the horizon extends; may resolve as additional demand loss, unobserved stocks, or changed physical supply.",low,Components sum with residual to net global supply loss; do not add this market bridge to the physical bridge.
low_supply_2027-03-01_2027-03-31_gross_missing_hormuz_flow,period_component,low_supply,"Stress case: lower inferred Strait flow, weaker bypass durability, and conservative stock-release capacity.",2027-03-01,2027-03-31,31,,future_current_traffic_scenario,modeled_scenario,physical_supply_bridge,gross_missing_hormuz_flow,17,527,,mb/d and million_bbl,scenario built 2026-08-03 from IEA/EIA/PortWatch anchors,2026-06-30,2026-07-23,https://portwatch.imf.org/pages/data-and-methodology | https://www.iea.org/commentaries/how-global-oil-supplies-have-readjusted-to-help-fill-the-huge-gap-left-by-the-strait-of-hormuz-shock | https://www.iea.org/news/iea-executive-director-statement-on-oil-markets,Traffic stays at the July 8-23 regime. Hormuz oil flow is bounded independently; bypass and non-Gulf rates follow the case's durability phase.,Hormuz current flow is constant; bypass tapers with route/security/maintenance constraints; non-Gulf incremental production ramps slowly.,low,"Gross missing route flow minus bypass and non-Gulf offsets equals net global supply loss; these physical rows are one bridge, not additive to market-clearing rows."
low_supply_2027-03-01_2027-03-31_incremental_gulf_bypass_offset,period_component,low_supply,"Stress case: lower inferred Strait flow, weaker bypass durability, and conservative stock-release capacity.",2027-03-01,2027-03-31,31,,future_current_traffic_scenario,modeled_scenario,physical_supply_bridge,incremental_gulf_bypass_offset,2.4,74.4,,mb/d and million_bbl,scenario built 2026-08-03 from IEA/EIA/PortWatch anchors,2026-06-30,2026-07-23,https://portwatch.imf.org/pages/data-and-methodology | https://www.iea.org/commentaries/how-global-oil-supplies-have-readjusted-to-help-fill-the-huge-gap-left-by-the-strait-of-hormuz-shock | https://www.iea.org/news/iea-executive-director-statement-on-oil-markets,Traffic stays at the July 8-23 regime. Hormuz oil flow is bounded independently; bypass and non-Gulf rates follow the case's durability phase.,Hormuz current flow is constant; bypass tapers with route/security/maintenance constraints; non-Gulf incremental production ramps slowly.,low,"Gross missing route flow minus bypass and non-Gulf offsets equals net global supply loss; these physical rows are one bridge, not additive to market-clearing rows."
low_supply_2027-03-01_2027-03-31_incremental_non_gulf_supply_offset,period_component,low_supply,"Stress case: lower inferred Strait flow, weaker bypass durability, and conservative stock-release capacity.",2027-03-01,2027-03-31,31,,future_current_traffic_scenario,modeled_scenario,physical_supply_bridge,incremental_non_gulf_supply_offset,0.6,18.6,,mb/d and million_bbl,scenario built 2026-08-03 from IEA/EIA/PortWatch anchors,2026-06-30,2026-07-23,https://portwatch.imf.org/pages/data-and-methodology | https://www.iea.org/commentaries/how-global-oil-supplies-have-readjusted-to-help-fill-the-huge-gap-left-by-the-strait-of-hormuz-shock | https://www.iea.org/news/iea-executive-director-statement-on-oil-markets,Traffic stays at the July 8-23 regime. Hormuz oil flow is bounded independently; bypass and non-Gulf rates follow the case's durability phase.,Hormuz current flow is constant; bypass tapers with route/security/maintenance constraints; non-Gulf incremental production ramps slowly.,low,"Gross missing route flow minus bypass and non-Gulf offsets equals net global supply loss; these physical rows are one bridge, not additive to market-clearing rows."
low_supply_2027-03-01_2027-03-31_net_global_supply_loss,period_component,low_supply,"Stress case: lower inferred Strait flow, weaker bypass durability, and conservative stock-release capacity.",2027-03-01,2027-03-31,31,,future_current_traffic_scenario,modeled_scenario,physical_supply_bridge,net_global_supply_loss,14,434,,mb/d and million_bbl,scenario built 2026-08-03 from IEA/EIA/PortWatch anchors,2026-06-30,2026-07-23,https://portwatch.imf.org/pages/data-and-methodology | https://www.iea.org/commentaries/how-global-oil-supplies-have-readjusted-to-help-fill-the-huge-gap-left-by-the-strait-of-hormuz-shock | https://www.iea.org/news/iea-executive-director-statement-on-oil-markets,Traffic stays at the July 8-23 regime. Hormuz oil flow is bounded independently; bypass and non-Gulf rates follow the case's durability phase.,Hormuz current flow is constant; bypass tapers with route/security/maintenance constraints; non-Gulf incremental production ramps slowly.,low,"Gross missing route flow minus bypass and non-Gulf offsets equals net global supply loss; these physical rows are one bridge, not additive to market-clearing rows."
low_supply_2027-03-01_2027-03-31_foregone_counterfactual_stock_build,period_component,low_supply,"Stress case: lower inferred Strait flow, weaker bypass durability, and conservative stock-release capacity.",2027-03-01,2027-03-31,31,,future_current_traffic_scenario,modeled_scenario,market_clearing_bridge,foregone_counterfactual_stock_build,3.572021,110.732651,,mb/d and million_bbl,scenario built 2026-08-03 from frozen February STEO and July IEA evidence,2026-06-30,2026-07-23,https://www.eia.gov/outlooks/steo/archives/feb26_base.xlsx | https://www.iea.org/news/iea-executive-director-statement-on-oil-markets,Case-specific low-fidelity durability path; no price forecast.,Frozen February EIA planned build; an avoided build rather than a deliverable stock-flow resource.,low,Components sum with residual to net global supply loss; do not add this market bridge to the physical bridge.
low_supply_2027-03-01_2027-03-31_demand_reduction,period_component,low_supply,"Stress case: lower inferred Strait flow, weaker bypass durability, and conservative stock-release capacity.",2027-03-01,2027-03-31,31,,future_current_traffic_scenario,modeled_scenario,market_clearing_bridge,demand_reduction,6,186,,mb/d and million_bbl,scenario built 2026-08-03 from frozen February STEO and July IEA evidence,2026-06-30,2026-07-23,https://www.eia.gov/outlooks/steo/archives/feb26_base.xlsx | https://www.iea.org/news/iea-executive-director-statement-on-oil-markets,Case-specific low-fidelity durability path; no price forecast.,"Rises modestly with duration; includes involuntary shortage and conservation, while unmeasured fuel switching stays embedded.",low,Components sum with residual to net global supply loss; do not add this market bridge to the physical bridge.
low_supply_2027-03-01_2027-03-31_government_and_obligated_emergency_release,period_component,low_supply,"Stress case: lower inferred Strait flow, weaker bypass durability, and conservative stock-release capacity.",2027-03-01,2027-03-31,31,,future_current_traffic_scenario,modeled_scenario,market_clearing_bridge,government_and_obligated_emergency_release,0.1,3.1,,mb/d and million_bbl,scenario built 2026-08-03 from frozen February STEO and July IEA evidence,2026-06-30,2026-07-23,https://www.eia.gov/outlooks/steo/archives/feb26_base.xlsx | https://www.iea.org/news/iea-executive-director-statement-on-oil-markets,Case-specific low-fidelity durability path; no price forecast.,"Tapers after the original 400 mb action; remains well below the IEA's >1 bn gross government-stock level, which is not all usable.",low,Components sum with residual to net global supply loss; do not add this market bridge to the physical bridge.
low_supply_2027-03-01_2027-03-31_commercial_and_other_stock_draw,period_component,low_supply,"Stress case: lower inferred Strait flow, weaker bypass durability, and conservative stock-release capacity.",2027-03-01,2027-03-31,31,,future_current_traffic_scenario,modeled_scenario,market_clearing_bridge,commercial_and_other_stock_draw,0.8,24.8,,mb/d and million_bbl,scenario built 2026-08-03 from frozen February STEO and July IEA evidence,2026-06-30,2026-07-23,https://www.eia.gov/outlooks/steo/archives/feb26_base.xlsx | https://www.iea.org/news/iea-executive-director-statement-on-oil-markets,Case-specific low-fidelity durability path; no price forecast.,Tapers as working inventories approach operational minima; China ownership and oil-on-water remain uncertain.,low,Components sum with residual to net global supply loss; do not add this market bridge to the physical bridge.
low_supply_2027-03-01_2027-03-31_residual_unallocated_adjustment,period_component,low_supply,"Stress case: lower inferred Strait flow, weaker bypass durability, and conservative stock-release capacity.",2027-03-01,2027-03-31,31,,future_current_traffic_scenario,modeled_scenario,market_clearing_bridge,residual_unallocated_adjustment,3.527979,109.367349,,mb/d and million_bbl,scenario arithmetic,2026-06-30,2026-07-23,issues/in-progress/hormuz-m8q.5-model-current-traffic-oil-supply-scenarios.md,Unallocated balance after named durable channels; not a price forecast.,"Widens as stock rates taper and the horizon extends; may resolve as additional demand loss, unobserved stocks, or changed physical supply.",low,Components sum with residual to net global supply loss; do not add this market bridge to the physical bridge.
base_2027-03-01_2027-03-31_gross_missing_hormuz_flow,period_component,base,"Central case: inferred Strait flow modestly above the March-May oil-flow average, demonstrated bypass use, and tapering stock draws.",2027-03-01,2027-03-31,31,,future_current_traffic_scenario,modeled_scenario,physical_supply_bridge,gross_missing_hormuz_flow,16,496,,mb/d and million_bbl,scenario built 2026-08-03 from IEA/EIA/PortWatch anchors,2026-06-30,2026-07-23,https://portwatch.imf.org/pages/data-and-methodology | https://www.iea.org/commentaries/how-global-oil-supplies-have-readjusted-to-help-fill-the-huge-gap-left-by-the-strait-of-hormuz-shock | https://www.iea.org/news/iea-executive-director-statement-on-oil-markets,Traffic stays at the July 8-23 regime. Hormuz oil flow is bounded independently; bypass and non-Gulf rates follow the case's durability phase.,Hormuz current flow is constant; bypass tapers with route/security/maintenance constraints; non-Gulf incremental production ramps slowly.,low,"Gross missing route flow minus bypass and non-Gulf offsets equals net global supply loss; these physical rows are one bridge, not additive to market-clearing rows."
base_2027-03-01_2027-03-31_incremental_gulf_bypass_offset,period_component,base,"Central case: inferred Strait flow modestly above the March-May oil-flow average, demonstrated bypass use, and tapering stock draws.",2027-03-01,2027-03-31,31,,future_current_traffic_scenario,modeled_scenario,physical_supply_bridge,incremental_gulf_bypass_offset,2.9,89.9,,mb/d and million_bbl,scenario built 2026-08-03 from IEA/EIA/PortWatch anchors,2026-06-30,2026-07-23,https://portwatch.imf.org/pages/data-and-methodology | https://www.iea.org/commentaries/how-global-oil-supplies-have-readjusted-to-help-fill-the-huge-gap-left-by-the-strait-of-hormuz-shock | https://www.iea.org/news/iea-executive-director-statement-on-oil-markets,Traffic stays at the July 8-23 regime. Hormuz oil flow is bounded independently; bypass and non-Gulf rates follow the case's durability phase.,Hormuz current flow is constant; bypass tapers with route/security/maintenance constraints; non-Gulf incremental production ramps slowly.,low,"Gross missing route flow minus bypass and non-Gulf offsets equals net global supply loss; these physical rows are one bridge, not additive to market-clearing rows."
base_2027-03-01_2027-03-31_incremental_non_gulf_supply_offset,period_component,base,"Central case: inferred Strait flow modestly above the March-May oil-flow average, demonstrated bypass use, and tapering stock draws.",2027-03-01,2027-03-31,31,,future_current_traffic_scenario,modeled_scenario,physical_supply_bridge,incremental_non_gulf_supply_offset,1,31,,mb/d and million_bbl,scenario built 2026-08-03 from IEA/EIA/PortWatch anchors,2026-06-30,2026-07-23,https://portwatch.imf.org/pages/data-and-methodology | https://www.iea.org/commentaries/how-global-oil-supplies-have-readjusted-to-help-fill-the-huge-gap-left-by-the-strait-of-hormuz-shock | https://www.iea.org/news/iea-executive-director-statement-on-oil-markets,Traffic stays at the July 8-23 regime. Hormuz oil flow is bounded independently; bypass and non-Gulf rates follow the case's durability phase.,Hormuz current flow is constant; bypass tapers with route/security/maintenance constraints; non-Gulf incremental production ramps slowly.,low,"Gross missing route flow minus bypass and non-Gulf offsets equals net global supply loss; these physical rows are one bridge, not additive to market-clearing rows."
base_2027-03-01_2027-03-31_net_global_supply_loss,period_component,base,"Central case: inferred Strait flow modestly above the March-May oil-flow average, demonstrated bypass use, and tapering stock draws.",2027-03-01,2027-03-31,31,,future_current_traffic_scenario,modeled_scenario,physical_supply_bridge,net_global_supply_loss,12.1,375.1,,mb/d and million_bbl,scenario built 2026-08-03 from IEA/EIA/PortWatch anchors,2026-06-30,2026-07-23,https://portwatch.imf.org/pages/data-and-methodology | https://www.iea.org/commentaries/how-global-oil-supplies-have-readjusted-to-help-fill-the-huge-gap-left-by-the-strait-of-hormuz-shock | https://www.iea.org/news/iea-executive-director-statement-on-oil-markets,Traffic stays at the July 8-23 regime. Hormuz oil flow is bounded independently; bypass and non-Gulf rates follow the case's durability phase.,Hormuz current flow is constant; bypass tapers with route/security/maintenance constraints; non-Gulf incremental production ramps slowly.,low,"Gross missing route flow minus bypass and non-Gulf offsets equals net global supply loss; these physical rows are one bridge, not additive to market-clearing rows."
base_2027-03-01_2027-03-31_foregone_counterfactual_stock_build,period_component,base,"Central case: inferred Strait flow modestly above the March-May oil-flow average, demonstrated bypass use, and tapering stock draws.",2027-03-01,2027-03-31,31,,future_current_traffic_scenario,modeled_scenario,market_clearing_bridge,foregone_counterfactual_stock_build,3.572021,110.732651,,mb/d and million_bbl,scenario built 2026-08-03 from frozen February STEO and July IEA evidence,2026-06-30,2026-07-23,https://www.eia.gov/outlooks/steo/archives/feb26_base.xlsx | https://www.iea.org/news/iea-executive-director-statement-on-oil-markets,Case-specific low-fidelity durability path; no price forecast.,Frozen February EIA planned build; an avoided build rather than a deliverable stock-flow resource.,low,Components sum with residual to net global supply loss; do not add this market bridge to the physical bridge.
base_2027-03-01_2027-03-31_demand_reduction,period_component,base,"Central case: inferred Strait flow modestly above the March-May oil-flow average, demonstrated bypass use, and tapering stock draws.",2027-03-01,2027-03-31,31,,future_current_traffic_scenario,modeled_scenario,market_clearing_bridge,demand_reduction,5.2,161.2,,mb/d and million_bbl,scenario built 2026-08-03 from frozen February STEO and July IEA evidence,2026-06-30,2026-07-23,https://www.eia.gov/outlooks/steo/archives/feb26_base.xlsx | https://www.iea.org/news/iea-executive-director-statement-on-oil-markets,Case-specific low-fidelity durability path; no price forecast.,"Rises modestly with duration; includes involuntary shortage and conservation, while unmeasured fuel switching stays embedded.",low,Components sum with residual to net global supply loss; do not add this market bridge to the physical bridge.
base_2027-03-01_2027-03-31_government_and_obligated_emergency_release,period_component,base,"Central case: inferred Strait flow modestly above the March-May oil-flow average, demonstrated bypass use, and tapering stock draws.",2027-03-01,2027-03-31,31,,future_current_traffic_scenario,modeled_scenario,market_clearing_bridge,government_and_obligated_emergency_release,0.3,9.3,,mb/d and million_bbl,scenario built 2026-08-03 from frozen February STEO and July IEA evidence,2026-06-30,2026-07-23,https://www.eia.gov/outlooks/steo/archives/feb26_base.xlsx | https://www.iea.org/news/iea-executive-director-statement-on-oil-markets,Case-specific low-fidelity durability path; no price forecast.,"Tapers after the original 400 mb action; remains well below the IEA's >1 bn gross government-stock level, which is not all usable.",low,Components sum with residual to net global supply loss; do not add this market bridge to the physical bridge.
base_2027-03-01_2027-03-31_commercial_and_other_stock_draw,period_component,base,"Central case: inferred Strait flow modestly above the March-May oil-flow average, demonstrated bypass use, and tapering stock draws.",2027-03-01,2027-03-31,31,,future_current_traffic_scenario,modeled_scenario,market_clearing_bridge,commercial_and_other_stock_draw,1.2,37.2,,mb/d and million_bbl,scenario built 2026-08-03 from frozen February STEO and July IEA evidence,2026-06-30,2026-07-23,https://www.eia.gov/outlooks/steo/archives/feb26_base.xlsx | https://www.iea.org/news/iea-executive-director-statement-on-oil-markets,Case-specific low-fidelity durability path; no price forecast.,Tapers as working inventories approach operational minima; China ownership and oil-on-water remain uncertain.,low,Components sum with residual to net global supply loss; do not add this market bridge to the physical bridge.
base_2027-03-01_2027-03-31_residual_unallocated_adjustment,period_component,base,"Central case: inferred Strait flow modestly above the March-May oil-flow average, demonstrated bypass use, and tapering stock draws.",2027-03-01,2027-03-31,31,,future_current_traffic_scenario,modeled_scenario,market_clearing_bridge,residual_unallocated_adjustment,1.827979,56.667349,,mb/d and million_bbl,scenario arithmetic,2026-06-30,2026-07-23,issues/in-progress/hormuz-m8q.5-model-current-traffic-oil-supply-scenarios.md,Unallocated balance after named durable channels; not a price forecast.,"Widens as stock rates taper and the horizon extends; may resolve as additional demand loss, unobserved stocks, or changed physical supply.",low,Components sum with residual to net global supply loss; do not add this market bridge to the physical bridge.
high_supply_2027-03-01_2027-03-31_gross_missing_hormuz_flow,period_component,high_supply,"Resilient case: more AIS-dark/cargo flow, stronger bypass performance, and stronger durable supply and stock response.",2027-03-01,2027-03-31,31,,future_current_traffic_scenario,modeled_scenario,physical_supply_bridge,gross_missing_hormuz_flow,14.5,449.5,,mb/d and million_bbl,scenario built 2026-08-03 from IEA/EIA/PortWatch anchors,2026-06-30,2026-07-23,https://portwatch.imf.org/pages/data-and-methodology | https://www.iea.org/commentaries/how-global-oil-supplies-have-readjusted-to-help-fill-the-huge-gap-left-by-the-strait-of-hormuz-shock | https://www.iea.org/news/iea-executive-director-statement-on-oil-markets,Traffic stays at the July 8-23 regime. Hormuz oil flow is bounded independently; bypass and non-Gulf rates follow the case's durability phase.,Hormuz current flow is constant; bypass tapers with route/security/maintenance constraints; non-Gulf incremental production ramps slowly.,low,"Gross missing route flow minus bypass and non-Gulf offsets equals net global supply loss; these physical rows are one bridge, not additive to market-clearing rows."
high_supply_2027-03-01_2027-03-31_incremental_gulf_bypass_offset,period_component,high_supply,"Resilient case: more AIS-dark/cargo flow, stronger bypass performance, and stronger durable supply and stock response.",2027-03-01,2027-03-31,31,,future_current_traffic_scenario,modeled_scenario,physical_supply_bridge,incremental_gulf_bypass_offset,3.6,111.6,,mb/d and million_bbl,scenario built 2026-08-03 from IEA/EIA/PortWatch anchors,2026-06-30,2026-07-23,https://portwatch.imf.org/pages/data-and-methodology | https://www.iea.org/commentaries/how-global-oil-supplies-have-readjusted-to-help-fill-the-huge-gap-left-by-the-strait-of-hormuz-shock | https://www.iea.org/news/iea-executive-director-statement-on-oil-markets,Traffic stays at the July 8-23 regime. Hormuz oil flow is bounded independently; bypass and non-Gulf rates follow the case's durability phase.,Hormuz current flow is constant; bypass tapers with route/security/maintenance constraints; non-Gulf incremental production ramps slowly.,low,"Gross missing route flow minus bypass and non-Gulf offsets equals net global supply loss; these physical rows are one bridge, not additive to market-clearing rows."
high_supply_2027-03-01_2027-03-31_incremental_non_gulf_supply_offset,period_component,high_supply,"Resilient case: more AIS-dark/cargo flow, stronger bypass performance, and stronger durable supply and stock response.",2027-03-01,2027-03-31,31,,future_current_traffic_scenario,modeled_scenario,physical_supply_bridge,incremental_non_gulf_supply_offset,1.3,40.3,,mb/d and million_bbl,scenario built 2026-08-03 from IEA/EIA/PortWatch anchors,2026-06-30,2026-07-23,https://portwatch.imf.org/pages/data-and-methodology | https://www.iea.org/commentaries/how-global-oil-supplies-have-readjusted-to-help-fill-the-huge-gap-left-by-the-strait-of-hormuz-shock | https://www.iea.org/news/iea-executive-director-statement-on-oil-markets,Traffic stays at the July 8-23 regime. Hormuz oil flow is bounded independently; bypass and non-Gulf rates follow the case's durability phase.,Hormuz current flow is constant; bypass tapers with route/security/maintenance constraints; non-Gulf incremental production ramps slowly.,low,"Gross missing route flow minus bypass and non-Gulf offsets equals net global supply loss; these physical rows are one bridge, not additive to market-clearing rows."
high_supply_2027-03-01_2027-03-31_net_global_supply_loss,period_component,high_supply,"Resilient case: more AIS-dark/cargo flow, stronger bypass performance, and stronger durable supply and stock response.",2027-03-01,2027-03-31,31,,future_current_traffic_scenario,modeled_scenario,physical_supply_bridge,net_global_supply_loss,9.6,297.6,,mb/d and million_bbl,scenario built 2026-08-03 from IEA/EIA/PortWatch anchors,2026-06-30,2026-07-23,https://portwatch.imf.org/pages/data-and-methodology | https://www.iea.org/commentaries/how-global-oil-supplies-have-readjusted-to-help-fill-the-huge-gap-left-by-the-strait-of-hormuz-shock | https://www.iea.org/news/iea-executive-director-statement-on-oil-markets,Traffic stays at the July 8-23 regime. Hormuz oil flow is bounded independently; bypass and non-Gulf rates follow the case's durability phase.,Hormuz current flow is constant; bypass tapers with route/security/maintenance constraints; non-Gulf incremental production ramps slowly.,low,"Gross missing route flow minus bypass and non-Gulf offsets equals net global supply loss; these physical rows are one bridge, not additive to market-clearing rows."
high_supply_2027-03-01_2027-03-31_foregone_counterfactual_stock_build,period_component,high_supply,"Resilient case: more AIS-dark/cargo flow, stronger bypass performance, and stronger durable supply and stock response.",2027-03-01,2027-03-31,31,,future_current_traffic_scenario,modeled_scenario,market_clearing_bridge,foregone_counterfactual_stock_build,3.572021,110.732651,,mb/d and million_bbl,scenario built 2026-08-03 from frozen February STEO and July IEA evidence,2026-06-30,2026-07-23,https://www.eia.gov/outlooks/steo/archives/feb26_base.xlsx | https://www.iea.org/news/iea-executive-director-statement-on-oil-markets,Case-specific low-fidelity durability path; no price forecast.,Frozen February EIA planned build; an avoided build rather than a deliverable stock-flow resource.,low,Components sum with residual to net global supply loss; do not add this market bridge to the physical bridge.
high_supply_2027-03-01_2027-03-31_demand_reduction,period_component,high_supply,"Resilient case: more AIS-dark/cargo flow, stronger bypass performance, and stronger durable supply and stock response.",2027-03-01,2027-03-31,31,,future_current_traffic_scenario,modeled_scenario,market_clearing_bridge,demand_reduction,4,124,,mb/d and million_bbl,scenario built 2026-08-03 from frozen February STEO and July IEA evidence,2026-06-30,2026-07-23,https://www.eia.gov/outlooks/steo/archives/feb26_base.xlsx | https://www.iea.org/news/iea-executive-director-statement-on-oil-markets,Case-specific low-fidelity durability path; no price forecast.,"Rises modestly with duration; includes involuntary shortage and conservation, while unmeasured fuel switching stays embedded.",low,Components sum with residual to net global supply loss; do not add this market bridge to the physical bridge.
high_supply_2027-03-01_2027-03-31_government_and_obligated_emergency_release,period_component,high_supply,"Resilient case: more AIS-dark/cargo flow, stronger bypass performance, and stronger durable supply and stock response.",2027-03-01,2027-03-31,31,,future_current_traffic_scenario,modeled_scenario,market_clearing_bridge,government_and_obligated_emergency_release,0.4,12.4,,mb/d and million_bbl,scenario built 2026-08-03 from frozen February STEO and July IEA evidence,2026-06-30,2026-07-23,https://www.eia.gov/outlooks/steo/archives/feb26_base.xlsx | https://www.iea.org/news/iea-executive-director-statement-on-oil-markets,Case-specific low-fidelity durability path; no price forecast.,"Tapers after the original 400 mb action; remains well below the IEA's >1 bn gross government-stock level, which is not all usable.",low,Components sum with residual to net global supply loss; do not add this market bridge to the physical bridge.
high_supply_2027-03-01_2027-03-31_commercial_and_other_stock_draw,period_component,high_supply,"Resilient case: more AIS-dark/cargo flow, stronger bypass performance, and stronger durable supply and stock response.",2027-03-01,2027-03-31,31,,future_current_traffic_scenario,modeled_scenario,market_clearing_bridge,commercial_and_other_stock_draw,0.5,15.5,,mb/d and million_bbl,scenario built 2026-08-03 from frozen February STEO and July IEA evidence,2026-06-30,2026-07-23,https://www.eia.gov/outlooks/steo/archives/feb26_base.xlsx | https://www.iea.org/news/iea-executive-director-statement-on-oil-markets,Case-specific low-fidelity durability path; no price forecast.,Tapers as working inventories approach operational minima; China ownership and oil-on-water remain uncertain.,low,Components sum with residual to net global supply loss; do not add this market bridge to the physical bridge.
high_supply_2027-03-01_2027-03-31_residual_unallocated_adjustment,period_component,high_supply,"Resilient case: more AIS-dark/cargo flow, stronger bypass performance, and stronger durable supply and stock response.",2027-03-01,2027-03-31,31,,future_current_traffic_scenario,modeled_scenario,market_clearing_bridge,residual_unallocated_adjustment,1.127979,34.967349,,mb/d and million_bbl,scenario arithmetic,2026-06-30,2026-07-23,issues/in-progress/hormuz-m8q.5-model-current-traffic-oil-supply-scenarios.md,Unallocated balance after named durable channels; not a price forecast.,"Widens as stock rates taper and the horizon extends; may resolve as additional demand loss, unobserved stocks, or changed physical supply.",low,Components sum with residual to net global supply loss; do not add this market bridge to the physical bridge.
low_supply_2026-09-30_net_global_supply_loss_cumulative,horizon_summary,low_supply,"Stress case: lower inferred Strait flow, weaker bypass durability, and conservative stock-release capacity.",2026-03-01,2026-09-30,214,2026-09-30,cumulative_historical_plus_scenario,mixed_preliminary_forecast_scenario,physical_supply_headline,net_global_supply_loss,,2661.35493,2661.35493,mb/d and million_bbl,February-July 2026 official vintages plus 2026-08-03 project scenario,2026-06-30,2026-07-23,https://www.eia.gov/outlooks/steo/archives/feb26_base.xlsx | https://www.eia.gov/outlooks/steo/archives/jul26_base.xlsx | https://www.iea.org/reports/oil-market-report-july-2026 | https://www.iea.org/news/iea-executive-director-statement-on-oil-markets | https://portwatch.imf.org/pages/data-and-methodology,Cumulative from 1 March. History is preliminary through June; July is forecast/nowcast; later months hold the current traffic regime with case-specific durability.,See period_component rows for phase-specific rules and rates.,low_medium,Market-clearing summary components sum to the net-global-supply-loss headline. Historical aggregate stock flow is split using the 290/315/330 mb July-end emergency-release range; do not add the headline to its components.
low_supply_2026-09-30_foregone_counterfactual_stock_build_cumulative,horizon_summary,low_supply,"Stress case: lower inferred Strait flow, weaker bypass durability, and conservative stock-release capacity.",2026-03-01,2026-09-30,214,2026-09-30,cumulative_historical_plus_scenario,mixed_preliminary_forecast_scenario,market_clearing_summary,foregone_counterfactual_stock_build,,642.475631,642.475631,mb/d and million_bbl,February-July 2026 official vintages plus 2026-08-03 project scenario,2026-06-30,2026-07-23,https://www.eia.gov/outlooks/steo/archives/feb26_base.xlsx | https://www.eia.gov/outlooks/steo/archives/jul26_base.xlsx | https://www.iea.org/reports/oil-market-report-july-2026 | https://www.iea.org/news/iea-executive-director-statement-on-oil-markets | https://portwatch.imf.org/pages/data-and-methodology,Cumulative from 1 March. History is preliminary through June; July is forecast/nowcast; later months hold the current traffic regime with case-specific durability.,See period_component rows for phase-specific rules and rates.,low_medium,Market-clearing summary components sum to the net-global-supply-loss headline. Historical aggregate stock flow is split using the 290/315/330 mb July-end emergency-release range; do not add the headline to its components.
low_supply_2026-09-30_government_and_obligated_emergency_release_cumulative,horizon_summary,low_supply,"Stress case: lower inferred Strait flow, weaker bypass durability, and conservative stock-release capacity.",2026-03-01,2026-09-30,214,2026-09-30,cumulative_historical_plus_scenario,mixed_preliminary_forecast_scenario,market_clearing_summary,government_and_obligated_emergency_release,,351,351,mb/d and million_bbl,February-July 2026 official vintages plus 2026-08-03 project scenario,2026-06-30,2026-07-23,https://www.eia.gov/outlooks/steo/archives/feb26_base.xlsx | https://www.eia.gov/outlooks/steo/archives/jul26_base.xlsx | https://www.iea.org/reports/oil-market-report-july-2026 | https://www.iea.org/news/iea-executive-director-statement-on-oil-markets | https://portwatch.imf.org/pages/data-and-methodology,Cumulative from 1 March. History is preliminary through June; July is forecast/nowcast; later months hold the current traffic regime with case-specific durability.,See period_component rows for phase-specific rules and rates.,low_medium,Market-clearing summary components sum to the net-global-supply-loss headline. Historical aggregate stock flow is split using the 290/315/330 mb July-end emergency-release range; do not add the headline to its components.
low_supply_2026-09-30_commercial_and_other_stock_draw_cumulative,horizon_summary,low_supply,"Stress case: lower inferred Strait flow, weaker bypass durability, and conservative stock-release capacity.",2026-03-01,2026-09-30,214,2026-09-30,cumulative_historical_plus_scenario,mixed_preliminary_forecast_scenario,market_clearing_summary,commercial_and_other_stock_draw,,228.7,228.7,mb/d and million_bbl,February-July 2026 official vintages plus 2026-08-03 project scenario,2026-06-30,2026-07-23,https://www.eia.gov/outlooks/steo/archives/feb26_base.xlsx | https://www.eia.gov/outlooks/steo/archives/jul26_base.xlsx | https://www.iea.org/reports/oil-market-report-july-2026 | https://www.iea.org/news/iea-executive-director-statement-on-oil-markets | https://portwatch.imf.org/pages/data-and-methodology,Cumulative from 1 March. History is preliminary through June; July is forecast/nowcast; later months hold the current traffic regime with case-specific durability.,See period_component rows for phase-specific rules and rates.,low_medium,Market-clearing summary components sum to the net-global-supply-loss headline. Historical aggregate stock flow is split using the 290/315/330 mb July-end emergency-release range; do not add the headline to its components.
low_supply_2026-09-30_demand_reduction_cumulative,horizon_summary,low_supply,"Stress case: lower inferred Strait flow, weaker bypass durability, and conservative stock-release capacity.",2026-03-01,2026-09-30,214,2026-09-30,cumulative_historical_plus_scenario,mixed_preliminary_forecast_scenario,market_clearing_summary,demand_reduction,,871.355845,871.355845,mb/d and million_bbl,February-July 2026 official vintages plus 2026-08-03 project scenario,2026-06-30,2026-07-23,https://www.eia.gov/outlooks/steo/archives/feb26_base.xlsx | https://www.eia.gov/outlooks/steo/archives/jul26_base.xlsx | https://www.iea.org/reports/oil-market-report-july-2026 | https://www.iea.org/news/iea-executive-director-statement-on-oil-markets | https://portwatch.imf.org/pages/data-and-methodology,Cumulative from 1 March. History is preliminary through June; July is forecast/nowcast; later months hold the current traffic regime with case-specific durability.,See period_component rows for phase-specific rules and rates.,low_medium,Market-clearing summary components sum to the net-global-supply-loss headline. Historical aggregate stock flow is split using the 290/315/330 mb July-end emergency-release range; do not add the headline to its components.
low_supply_2026-09-30_residual_unallocated_adjustment_cumulative,horizon_summary,low_supply,"Stress case: lower inferred Strait flow, weaker bypass durability, and conservative stock-release capacity.",2026-03-01,2026-09-30,214,2026-09-30,cumulative_historical_plus_scenario,mixed_preliminary_forecast_scenario,market_clearing_summary,residual_unallocated_adjustment,,567.823454,567.823454,mb/d and million_bbl,February-July 2026 official vintages plus 2026-08-03 project scenario,2026-06-30,2026-07-23,https://www.eia.gov/outlooks/steo/archives/feb26_base.xlsx | https://www.eia.gov/outlooks/steo/archives/jul26_base.xlsx | https://www.iea.org/reports/oil-market-report-july-2026 | https://www.iea.org/news/iea-executive-director-statement-on-oil-markets | https://portwatch.imf.org/pages/data-and-methodology,Cumulative from 1 March. History is preliminary through June; July is forecast/nowcast; later months hold the current traffic regime with case-specific durability.,See period_component rows for phase-specific rules and rates.,low_medium,Market-clearing summary components sum to the net-global-supply-loss headline. Historical aggregate stock flow is split using the 290/315/330 mb July-end emergency-release range; do not add the headline to its components.
low_supply_2026-12-31_net_global_supply_loss_cumulative,horizon_summary,low_supply,"Stress case: lower inferred Strait flow, weaker bypass durability, and conservative stock-release capacity.",2026-03-01,2026-12-31,306,2026-12-31,cumulative_historical_plus_scenario,mixed_preliminary_forecast_scenario,physical_supply_headline,net_global_supply_loss,,3930.95493,3930.95493,mb/d and million_bbl,February-July 2026 official vintages plus 2026-08-03 project scenario,2026-06-30,2026-07-23,https://www.eia.gov/outlooks/steo/archives/feb26_base.xlsx | https://www.eia.gov/outlooks/steo/archives/jul26_base.xlsx | https://www.iea.org/reports/oil-market-report-july-2026 | https://www.iea.org/news/iea-executive-director-statement-on-oil-markets | https://portwatch.imf.org/pages/data-and-methodology,Cumulative from 1 March. History is preliminary through June; July is forecast/nowcast; later months hold the current traffic regime with case-specific durability.,See period_component rows for phase-specific rules and rates.,low,Market-clearing summary components sum to the net-global-supply-loss headline. Historical aggregate stock flow is split using the 290/315/330 mb July-end emergency-release range; do not add the headline to its components.
low_supply_2026-12-31_foregone_counterfactual_stock_build_cumulative,horizon_summary,low_supply,"Stress case: lower inferred Strait flow, weaker bypass durability, and conservative stock-release capacity.",2026-03-01,2026-12-31,306,2026-12-31,cumulative_historical_plus_scenario,mixed_preliminary_forecast_scenario,market_clearing_summary,foregone_counterfactual_stock_build,,935.219012,935.219012,mb/d and million_bbl,February-July 2026 official vintages plus 2026-08-03 project scenario,2026-06-30,2026-07-23,https://www.eia.gov/outlooks/steo/archives/feb26_base.xlsx | https://www.eia.gov/outlooks/steo/archives/jul26_base.xlsx | https://www.iea.org/reports/oil-market-report-july-2026 | https://www.iea.org/news/iea-executive-director-statement-on-oil-markets | https://portwatch.imf.org/pages/data-and-methodology,Cumulative from 1 March. History is preliminary through June; July is forecast/nowcast; later months hold the current traffic regime with case-specific durability.,See period_component rows for phase-specific rules and rates.,low,Market-clearing summary components sum to the net-global-supply-loss headline. Historical aggregate stock flow is split using the 290/315/330 mb July-end emergency-release range; do not add the headline to its components.
low_supply_2026-12-31_government_and_obligated_emergency_release_cumulative,horizon_summary,low_supply,"Stress case: lower inferred Strait flow, weaker bypass durability, and conservative stock-release capacity.",2026-03-01,2026-12-31,306,2026-12-31,cumulative_historical_plus_scenario,mixed_preliminary_forecast_scenario,market_clearing_summary,government_and_obligated_emergency_release,,378.6,378.6,mb/d and million_bbl,February-July 2026 official vintages plus 2026-08-03 project scenario,2026-06-30,2026-07-23,https://www.eia.gov/outlooks/steo/archives/feb26_base.xlsx | https://www.eia.gov/outlooks/steo/archives/jul26_base.xlsx | https://www.iea.org/reports/oil-market-report-july-2026 | https://www.iea.org/news/iea-executive-director-statement-on-oil-markets | https://portwatch.imf.org/pages/data-and-methodology,Cumulative from 1 March. History is preliminary through June; July is forecast/nowcast; later months hold the current traffic regime with case-specific durability.,See period_component rows for phase-specific rules and rates.,low,Market-clearing summary components sum to the net-global-supply-loss headline. Historical aggregate stock flow is split using the 290/315/330 mb July-end emergency-release range; do not add the headline to its components.
low_supply_2026-12-31_commercial_and_other_stock_draw_cumulative,horizon_summary,low_supply,"Stress case: lower inferred Strait flow, weaker bypass durability, and conservative stock-release capacity.",2026-03-01,2026-12-31,306,2026-12-31,cumulative_historical_plus_scenario,mixed_preliminary_forecast_scenario,market_clearing_summary,commercial_and_other_stock_draw,,366.7,366.7,mb/d and million_bbl,February-July 2026 official vintages plus 2026-08-03 project scenario,2026-06-30,2026-07-23,https://www.eia.gov/outlooks/steo/archives/feb26_base.xlsx | https://www.eia.gov/outlooks/steo/archives/jul26_base.xlsx | https://www.iea.org/reports/oil-market-report-july-2026 | https://www.iea.org/news/iea-executive-director-statement-on-oil-markets | https://portwatch.imf.org/pages/data-and-methodology,Cumulative from 1 March. History is preliminary through June; July is forecast/nowcast; later months hold the current traffic regime with case-specific durability.,See period_component rows for phase-specific rules and rates.,low,Market-clearing summary components sum to the net-global-supply-loss headline. Historical aggregate stock flow is split using the 290/315/330 mb July-end emergency-release range; do not add the headline to its components.
low_supply_2026-12-31_demand_reduction_cumulative,horizon_summary,low_supply,"Stress case: lower inferred Strait flow, weaker bypass durability, and conservative stock-release capacity.",2026-03-01,2026-12-31,306,2026-12-31,cumulative_historical_plus_scenario,mixed_preliminary_forecast_scenario,market_clearing_summary,demand_reduction,,1377.355845,1377.355845,mb/d and million_bbl,February-July 2026 official vintages plus 2026-08-03 project scenario,2026-06-30,2026-07-23,https://www.eia.gov/outlooks/steo/archives/feb26_base.xlsx | https://www.eia.gov/outlooks/steo/archives/jul26_base.xlsx | https://www.iea.org/reports/oil-market-report-july-2026 | https://www.iea.org/news/iea-executive-director-statement-on-oil-markets | https://portwatch.imf.org/pages/data-and-methodology,Cumulative from 1 March. History is preliminary through June; July is forecast/nowcast; later months hold the current traffic regime with case-specific durability.,See period_component rows for phase-specific rules and rates.,low,Market-clearing summary components sum to the net-global-supply-loss headline. Historical aggregate stock flow is split using the 290/315/330 mb July-end emergency-release range; do not add the headline to its components.
low_supply_2026-12-31_residual_unallocated_adjustment_cumulative,horizon_summary,low_supply,"Stress case: lower inferred Strait flow, weaker bypass durability, and conservative stock-release capacity.",2026-03-01,2026-12-31,306,2026-12-31,cumulative_historical_plus_scenario,mixed_preliminary_forecast_scenario,market_clearing_summary,residual_unallocated_adjustment,,873.080073,873.080073,mb/d and million_bbl,February-July 2026 official vintages plus 2026-08-03 project scenario,2026-06-30,2026-07-23,https://www.eia.gov/outlooks/steo/archives/feb26_base.xlsx | https://www.eia.gov/outlooks/steo/archives/jul26_base.xlsx | https://www.iea.org/reports/oil-market-report-july-2026 | https://www.iea.org/news/iea-executive-director-statement-on-oil-markets | https://portwatch.imf.org/pages/data-and-methodology,Cumulative from 1 March. History is preliminary through June; July is forecast/nowcast; later months hold the current traffic regime with case-specific durability.,See period_component rows for phase-specific rules and rates.,low,Market-clearing summary components sum to the net-global-supply-loss headline. Historical aggregate stock flow is split using the 290/315/330 mb July-end emergency-release range; do not add the headline to its components.
low_supply_2027-03-31_net_global_supply_loss_cumulative,horizon_summary,low_supply,"Stress case: lower inferred Strait flow, weaker bypass durability, and conservative stock-release capacity.",2026-03-01,2027-03-31,396,2027-03-31,cumulative_historical_plus_scenario,mixed_preliminary_forecast_scenario,physical_supply_headline,net_global_supply_loss,,5190.95493,5190.95493,mb/d and million_bbl,February-July 2026 official vintages plus 2026-08-03 project scenario,2026-06-30,2026-07-23,https://www.eia.gov/outlooks/steo/archives/feb26_base.xlsx | https://www.eia.gov/outlooks/steo/archives/jul26_base.xlsx | https://www.iea.org/reports/oil-market-report-july-2026 | https://www.iea.org/news/iea-executive-director-statement-on-oil-markets | https://portwatch.imf.org/pages/data-and-methodology,Cumulative from 1 March. History is preliminary through June; July is forecast/nowcast; later months hold the current traffic regime with case-specific durability.,See period_component rows for phase-specific rules and rates.,low,Market-clearing summary components sum to the net-global-supply-loss headline. Historical aggregate stock flow is split using the 290/315/330 mb July-end emergency-release range; do not add the headline to its components.
low_supply_2027-03-31_foregone_counterfactual_stock_build_cumulative,horizon_summary,low_supply,"Stress case: lower inferred Strait flow, weaker bypass durability, and conservative stock-release capacity.",2026-03-01,2027-03-31,396,2027-03-31,cumulative_historical_plus_scenario,mixed_preliminary_forecast_scenario,market_clearing_summary,foregone_counterfactual_stock_build,,1255.802953,1255.802953,mb/d and million_bbl,February-July 2026 official vintages plus 2026-08-03 project scenario,2026-06-30,2026-07-23,https://www.eia.gov/outlooks/steo/archives/feb26_base.xlsx | https://www.eia.gov/outlooks/steo/archives/jul26_base.xlsx | https://www.iea.org/reports/oil-market-report-july-2026 | https://www.iea.org/news/iea-executive-director-statement-on-oil-markets | https://portwatch.imf.org/pages/data-and-methodology,Cumulative from 1 March. History is preliminary through June; July is forecast/nowcast; later months hold the current traffic regime with case-specific durability.,See period_component rows for phase-specific rules and rates.,low,Market-clearing summary components sum to the net-global-supply-loss headline. Historical aggregate stock flow is split using the 290/315/330 mb July-end emergency-release range; do not add the headline to its components.
low_supply_2027-03-31_government_and_obligated_emergency_release_cumulative,horizon_summary,low_supply,"Stress case: lower inferred Strait flow, weaker bypass durability, and conservative stock-release capacity.",2026-03-01,2027-03-31,396,2027-03-31,cumulative_historical_plus_scenario,mixed_preliminary_forecast_scenario,market_clearing_summary,government_and_obligated_emergency_release,,387.6,387.6,mb/d and million_bbl,February-July 2026 official vintages plus 2026-08-03 project scenario,2026-06-30,2026-07-23,https://www.eia.gov/outlooks/steo/archives/feb26_base.xlsx | https://www.eia.gov/outlooks/steo/archives/jul26_base.xlsx | https://www.iea.org/reports/oil-market-report-july-2026 | https://www.iea.org/news/iea-executive-director-statement-on-oil-markets | https://portwatch.imf.org/pages/data-and-methodology,Cumulative from 1 March. History is preliminary through June; July is forecast/nowcast; later months hold the current traffic regime with case-specific durability.,See period_component rows for phase-specific rules and rates.,low,Market-clearing summary components sum to the net-global-supply-loss headline. Historical aggregate stock flow is split using the 290/315/330 mb July-end emergency-release range; do not add the headline to its components.
low_supply_2027-03-31_commercial_and_other_stock_draw_cumulative,horizon_summary,low_supply,"Stress case: lower inferred Strait flow, weaker bypass durability, and conservative stock-release capacity.",2026-03-01,2027-03-31,396,2027-03-31,cumulative_historical_plus_scenario,mixed_preliminary_forecast_scenario,market_clearing_summary,commercial_and_other_stock_draw,,438.7,438.7,mb/d and million_bbl,February-July 2026 official vintages plus 2026-08-03 project scenario,2026-06-30,2026-07-23,https://www.eia.gov/outlooks/steo/archives/feb26_base.xlsx | https://www.eia.gov/outlooks/steo/archives/jul26_base.xlsx | https://www.iea.org/reports/oil-market-report-july-2026 | https://www.iea.org/news/iea-executive-director-statement-on-oil-markets | https://portwatch.imf.org/pages/data-and-methodology,Cumulative from 1 March. History is preliminary through June; July is forecast/nowcast; later months hold the current traffic regime with case-specific durability.,See period_component rows for phase-specific rules and rates.,low,Market-clearing summary components sum to the net-global-supply-loss headline. Historical aggregate stock flow is split using the 290/315/330 mb July-end emergency-release range; do not add the headline to its components.
low_supply_2027-03-31_demand_reduction_cumulative,horizon_summary,low_supply,"Stress case: lower inferred Strait flow, weaker bypass durability, and conservative stock-release capacity.",2026-03-01,2027-03-31,396,2027-03-31,cumulative_historical_plus_scenario,mixed_preliminary_forecast_scenario,market_clearing_summary,demand_reduction,,1917.355845,1917.355845,mb/d and million_bbl,February-July 2026 official vintages plus 2026-08-03 project scenario,2026-06-30,2026-07-23,https://www.eia.gov/outlooks/steo/archives/feb26_base.xlsx | https://www.eia.gov/outlooks/steo/archives/jul26_base.xlsx | https://www.iea.org/reports/oil-market-report-july-2026 | https://www.iea.org/news/iea-executive-director-statement-on-oil-markets | https://portwatch.imf.org/pages/data-and-methodology,Cumulative from 1 March. History is preliminary through June; July is forecast/nowcast; later months hold the current traffic regime with case-specific durability.,See period_component rows for phase-specific rules and rates.,low,Market-clearing summary components sum to the net-global-supply-loss headline. Historical aggregate stock flow is split using the 290/315/330 mb July-end emergency-release range; do not add the headline to its components.
low_supply_2027-03-31_residual_unallocated_adjustment_cumulative,horizon_summary,low_supply,"Stress case: lower inferred Strait flow, weaker bypass durability, and conservative stock-release capacity.",2026-03-01,2027-03-31,396,2027-03-31,cumulative_historical_plus_scenario,mixed_preliminary_forecast_scenario,market_clearing_summary,residual_unallocated_adjustment,,1191.496132,1191.496132,mb/d and million_bbl,February-July 2026 official vintages plus 2026-08-03 project scenario,2026-06-30,2026-07-23,https://www.eia.gov/outlooks/steo/archives/feb26_base.xlsx | https://www.eia.gov/outlooks/steo/archives/jul26_base.xlsx | https://www.iea.org/reports/oil-market-report-july-2026 | https://www.iea.org/news/iea-executive-director-statement-on-oil-markets | https://portwatch.imf.org/pages/data-and-methodology,Cumulative from 1 March. History is preliminary through June; July is forecast/nowcast; later months hold the current traffic regime with case-specific durability.,See period_component rows for phase-specific rules and rates.,low,Market-clearing summary components sum to the net-global-supply-loss headline. Historical aggregate stock flow is split using the 290/315/330 mb July-end emergency-release range; do not add the headline to its components.
base_2026-09-30_net_global_supply_loss_cumulative,horizon_summary,base,"Central case: inferred Strait flow modestly above the March-May oil-flow average, demonstrated bypass use, and tapering stock draws.",2026-03-01,2026-09-30,214,2026-09-30,cumulative_historical_plus_scenario,mixed_preliminary_forecast_scenario,physical_supply_headline,net_global_supply_loss,,2533.85493,2533.85493,mb/d and million_bbl,February-July 2026 official vintages plus 2026-08-03 project scenario,2026-06-30,2026-07-23,https://www.eia.gov/outlooks/steo/archives/feb26_base.xlsx | https://www.eia.gov/outlooks/steo/archives/jul26_base.xlsx | https://www.iea.org/reports/oil-market-report-july-2026 | https://www.iea.org/news/iea-executive-director-statement-on-oil-markets | https://portwatch.imf.org/pages/data-and-methodology,Cumulative from 1 March. History is preliminary through June; July is forecast/nowcast; later months hold the current traffic regime with case-specific durability.,See period_component rows for phase-specific rules and rates.,low_medium,Market-clearing summary components sum to the net-global-supply-loss headline. Historical aggregate stock flow is split using the 290/315/330 mb July-end emergency-release range; do not add the headline to its components.
base_2026-09-30_foregone_counterfactual_stock_build_cumulative,horizon_summary,base,"Central case: inferred Strait flow modestly above the March-May oil-flow average, demonstrated bypass use, and tapering stock draws.",2026-03-01,2026-09-30,214,2026-09-30,cumulative_historical_plus_scenario,mixed_preliminary_forecast_scenario,market_clearing_summary,foregone_counterfactual_stock_build,,642.475631,642.475631,mb/d and million_bbl,February-July 2026 official vintages plus 2026-08-03 project scenario,2026-06-30,2026-07-23,https://www.eia.gov/outlooks/steo/archives/feb26_base.xlsx | https://www.eia.gov/outlooks/steo/archives/jul26_base.xlsx | https://www.iea.org/reports/oil-market-report-july-2026 | https://www.iea.org/news/iea-executive-director-statement-on-oil-markets | https://portwatch.imf.org/pages/data-and-methodology,Cumulative from 1 March. History is preliminary through June; July is forecast/nowcast; later months hold the current traffic regime with case-specific durability.,See period_component rows for phase-specific rules and rates.,low_medium,Market-clearing summary components sum to the net-global-supply-loss headline. Historical aggregate stock flow is split using the 290/315/330 mb July-end emergency-release range; do not add the headline to its components.
base_2026-09-30_government_and_obligated_emergency_release_cumulative,horizon_summary,base,"Central case: inferred Strait flow modestly above the March-May oil-flow average, demonstrated bypass use, and tapering stock draws.",2026-03-01,2026-09-30,214,2026-09-30,cumulative_historical_plus_scenario,mixed_preliminary_forecast_scenario,market_clearing_summary,government_and_obligated_emergency_release,,400.4,400.4,mb/d and million_bbl,February-July 2026 official vintages plus 2026-08-03 project scenario,2026-06-30,2026-07-23,https://www.eia.gov/outlooks/steo/archives/feb26_base.xlsx | https://www.eia.gov/outlooks/steo/archives/jul26_base.xlsx | https://www.iea.org/reports/oil-market-report-july-2026 | https://www.iea.org/news/iea-executive-director-statement-on-oil-markets | https://portwatch.imf.org/pages/data-and-methodology,Cumulative from 1 March. History is preliminary through June; July is forecast/nowcast; later months hold the current traffic regime with case-specific durability.,See period_component rows for phase-specific rules and rates.,low_medium,Market-clearing summary components sum to the net-global-supply-loss headline. Historical aggregate stock flow is split using the 290/315/330 mb July-end emergency-release range; do not add the headline to its components.
base_2026-09-30_commercial_and_other_stock_draw_cumulative,horizon_summary,base,"Central case: inferred Strait flow modestly above the March-May oil-flow average, demonstrated bypass use, and tapering stock draws.",2026-03-01,2026-09-30,214,2026-09-30,cumulative_historical_plus_scenario,mixed_preliminary_forecast_scenario,market_clearing_summary,commercial_and_other_stock_draw,,240.3,240.3,mb/d and million_bbl,February-July 2026 official vintages plus 2026-08-03 project scenario,2026-06-30,2026-07-23,https://www.eia.gov/outlooks/steo/archives/feb26_base.xlsx | https://www.eia.gov/outlooks/steo/archives/jul26_base.xlsx | https://www.iea.org/reports/oil-market-report-july-2026 | https://www.iea.org/news/iea-executive-director-statement-on-oil-markets | https://portwatch.imf.org/pages/data-and-methodology,Cumulative from 1 March. History is preliminary through June; July is forecast/nowcast; later months hold the current traffic regime with case-specific durability.,See period_component rows for phase-specific rules and rates.,low_medium,Market-clearing summary components sum to the net-global-supply-loss headline. Historical aggregate stock flow is split using the 290/315/330 mb July-end emergency-release range; do not add the headline to its components.
base_2026-09-30_demand_reduction_cumulative,horizon_summary,base,"Central case: inferred Strait flow modestly above the March-May oil-flow average, demonstrated bypass use, and tapering stock draws.",2026-03-01,2026-09-30,214,2026-09-30,cumulative_historical_plus_scenario,mixed_preliminary_forecast_scenario,market_clearing_summary,demand_reduction,,840.855845,840.855845,mb/d and million_bbl,February-July 2026 official vintages plus 2026-08-03 project scenario,2026-06-30,2026-07-23,https://www.eia.gov/outlooks/steo/archives/feb26_base.xlsx | https://www.eia.gov/outlooks/steo/archives/jul26_base.xlsx | https://www.iea.org/reports/oil-market-report-july-2026 | https://www.iea.org/news/iea-executive-director-statement-on-oil-markets | https://portwatch.imf.org/pages/data-and-methodology,Cumulative from 1 March. History is preliminary through June; July is forecast/nowcast; later months hold the current traffic regime with case-specific durability.,See period_component rows for phase-specific rules and rates.,low_medium,Market-clearing summary components sum to the net-global-supply-loss headline. Historical aggregate stock flow is split using the 290/315/330 mb July-end emergency-release range; do not add the headline to its components.
base_2026-09-30_residual_unallocated_adjustment_cumulative,horizon_summary,base,"Central case: inferred Strait flow modestly above the March-May oil-flow average, demonstrated bypass use, and tapering stock draws.",2026-03-01,2026-09-30,214,2026-09-30,cumulative_historical_plus_scenario,mixed_preliminary_forecast_scenario,market_clearing_summary,residual_unallocated_adjustment,,409.823454,409.823454,mb/d and million_bbl,February-July 2026 official vintages plus 2026-08-03 project scenario,2026-06-30,2026-07-23,https://www.eia.gov/outlooks/steo/archives/feb26_base.xlsx | https://www.eia.gov/outlooks/steo/archives/jul26_base.xlsx | https://www.iea.org/reports/oil-market-report-july-2026 | https://www.iea.org/news/iea-executive-director-statement-on-oil-markets | https://portwatch.imf.org/pages/data-and-methodology,Cumulative from 1 March. History is preliminary through June; July is forecast/nowcast; later months hold the current traffic regime with case-specific durability.,See period_component rows for phase-specific rules and rates.,low_medium,Market-clearing summary components sum to the net-global-supply-loss headline. Historical aggregate stock flow is split using the 290/315/330 mb July-end emergency-release range; do not add the headline to its components.
base_2026-12-31_net_global_supply_loss_cumulative,horizon_summary,base,"Central case: inferred Strait flow modestly above the March-May oil-flow average, demonstrated bypass use, and tapering stock draws.",2026-03-01,2026-12-31,306,2026-12-31,cumulative_historical_plus_scenario,mixed_preliminary_forecast_scenario,physical_supply_headline,net_global_supply_loss,,3647.05493,3647.05493,mb/d and million_bbl,February-July 2026 official vintages plus 2026-08-03 project scenario,2026-06-30,2026-07-23,https://www.eia.gov/outlooks/steo/archives/feb26_base.xlsx | https://www.eia.gov/outlooks/steo/archives/jul26_base.xlsx | https://www.iea.org/reports/oil-market-report-july-2026 | https://www.iea.org/news/iea-executive-director-statement-on-oil-markets | https://portwatch.imf.org/pages/data-and-methodology,Cumulative from 1 March. History is preliminary through June; July is forecast/nowcast; later months hold the current traffic regime with case-specific durability.,See period_component rows for phase-specific rules and rates.,low,Market-clearing summary components sum to the net-global-supply-loss headline. Historical aggregate stock flow is split using the 290/315/330 mb July-end emergency-release range; do not add the headline to its components.
base_2026-12-31_foregone_counterfactual_stock_build_cumulative,horizon_summary,base,"Central case: inferred Strait flow modestly above the March-May oil-flow average, demonstrated bypass use, and tapering stock draws.",2026-03-01,2026-12-31,306,2026-12-31,cumulative_historical_plus_scenario,mixed_preliminary_forecast_scenario,market_clearing_summary,foregone_counterfactual_stock_build,,935.219012,935.219012,mb/d and million_bbl,February-July 2026 official vintages plus 2026-08-03 project scenario,2026-06-30,2026-07-23,https://www.eia.gov/outlooks/steo/archives/feb26_base.xlsx | https://www.eia.gov/outlooks/steo/archives/jul26_base.xlsx | https://www.iea.org/reports/oil-market-report-july-2026 | https://www.iea.org/news/iea-executive-director-statement-on-oil-markets | https://portwatch.imf.org/pages/data-and-methodology,Cumulative from 1 March. History is preliminary through June; July is forecast/nowcast; later months hold the current traffic regime with case-specific durability.,See period_component rows for phase-specific rules and rates.,low,Market-clearing summary components sum to the net-global-supply-loss headline. Historical aggregate stock flow is split using the 290/315/330 mb July-end emergency-release range; do not add the headline to its components.
base_2026-12-31_government_and_obligated_emergency_release_cumulative,horizon_summary,base,"Central case: inferred Strait flow modestly above the March-May oil-flow average, demonstrated bypass use, and tapering stock draws.",2026-03-01,2026-12-31,306,2026-12-31,cumulative_historical_plus_scenario,mixed_preliminary_forecast_scenario,market_clearing_summary,government_and_obligated_emergency_release,,455.6,455.6,mb/d and million_bbl,February-July 2026 official vintages plus 2026-08-03 project scenario,2026-06-30,2026-07-23,https://www.eia.gov/outlooks/steo/archives/feb26_base.xlsx | https://www.eia.gov/outlooks/steo/archives/jul26_base.xlsx | https://www.iea.org/reports/oil-market-report-july-2026 | https://www.iea.org/news/iea-executive-director-statement-on-oil-markets | https://portwatch.imf.org/pages/data-and-methodology,Cumulative from 1 March. History is preliminary through June; July is forecast/nowcast; later months hold the current traffic regime with case-specific durability.,See period_component rows for phase-specific rules and rates.,low,Market-clearing summary components sum to the net-global-supply-loss headline. Historical aggregate stock flow is split using the 290/315/330 mb July-end emergency-release range; do not add the headline to its components.
base_2026-12-31_commercial_and_other_stock_draw_cumulative,horizon_summary,base,"Central case: inferred Strait flow modestly above the March-May oil-flow average, demonstrated bypass use, and tapering stock draws.",2026-03-01,2026-12-31,306,2026-12-31,cumulative_historical_plus_scenario,mixed_preliminary_forecast_scenario,market_clearing_summary,commercial_and_other_stock_draw,,424.3,424.3,mb/d and million_bbl,February-July 2026 official vintages plus 2026-08-03 project scenario,2026-06-30,2026-07-23,https://www.eia.gov/outlooks/steo/archives/feb26_base.xlsx | https://www.eia.gov/outlooks/steo/archives/jul26_base.xlsx | https://www.iea.org/reports/oil-market-report-july-2026 | https://www.iea.org/news/iea-executive-director-statement-on-oil-markets | https://portwatch.imf.org/pages/data-and-methodology,Cumulative from 1 March. History is preliminary through June; July is forecast/nowcast; later months hold the current traffic regime with case-specific durability.,See period_component rows for phase-specific rules and rates.,low,Market-clearing summary components sum to the net-global-supply-loss headline. Historical aggregate stock flow is split using the 290/315/330 mb July-end emergency-release range; do not add the headline to its components.
base_2026-12-31_demand_reduction_cumulative,horizon_summary,base,"Central case: inferred Strait flow modestly above the March-May oil-flow average, demonstrated bypass use, and tapering stock draws.",2026-03-01,2026-12-31,306,2026-12-31,cumulative_historical_plus_scenario,mixed_preliminary_forecast_scenario,market_clearing_summary,demand_reduction,,1282.455845,1282.455845,mb/d and million_bbl,February-July 2026 official vintages plus 2026-08-03 project scenario,2026-06-30,2026-07-23,https://www.eia.gov/outlooks/steo/archives/feb26_base.xlsx | https://www.eia.gov/outlooks/steo/archives/jul26_base.xlsx | https://www.iea.org/reports/oil-market-report-july-2026 | https://www.iea.org/news/iea-executive-director-statement-on-oil-markets | https://portwatch.imf.org/pages/data-and-methodology,Cumulative from 1 March. History is preliminary through June; July is forecast/nowcast; later months hold the current traffic regime with case-specific durability.,See period_component rows for phase-specific rules and rates.,low,Market-clearing summary components sum to the net-global-supply-loss headline. Historical aggregate stock flow is split using the 290/315/330 mb July-end emergency-release range; do not add the headline to its components.
base_2026-12-31_residual_unallocated_adjustment_cumulative,horizon_summary,base,"Central case: inferred Strait flow modestly above the March-May oil-flow average, demonstrated bypass use, and tapering stock draws.",2026-03-01,2026-12-31,306,2026-12-31,cumulative_historical_plus_scenario,mixed_preliminary_forecast_scenario,market_clearing_summary,residual_unallocated_adjustment,,549.480073,549.480073,mb/d and million_bbl,February-July 2026 official vintages plus 2026-08-03 project scenario,2026-06-30,2026-07-23,https://www.eia.gov/outlooks/steo/archives/feb26_base.xlsx | https://www.eia.gov/outlooks/steo/archives/jul26_base.xlsx | https://www.iea.org/reports/oil-market-report-july-2026 | https://www.iea.org/news/iea-executive-director-statement-on-oil-markets | https://portwatch.imf.org/pages/data-and-methodology,Cumulative from 1 March. History is preliminary through June; July is forecast/nowcast; later months hold the current traffic regime with case-specific durability.,See period_component rows for phase-specific rules and rates.,low,Market-clearing summary components sum to the net-global-supply-loss headline. Historical aggregate stock flow is split using the 290/315/330 mb July-end emergency-release range; do not add the headline to its components.
base_2027-03-31_net_global_supply_loss_cumulative,horizon_summary,base,"Central case: inferred Strait flow modestly above the March-May oil-flow average, demonstrated bypass use, and tapering stock draws.",2026-03-01,2027-03-31,396,2027-03-31,cumulative_historical_plus_scenario,mixed_preliminary_forecast_scenario,physical_supply_headline,net_global_supply_loss,,4736.05493,4736.05493,mb/d and million_bbl,February-July 2026 official vintages plus 2026-08-03 project scenario,2026-06-30,2026-07-23,https://www.eia.gov/outlooks/steo/archives/feb26_base.xlsx | https://www.eia.gov/outlooks/steo/archives/jul26_base.xlsx | https://www.iea.org/reports/oil-market-report-july-2026 | https://www.iea.org/news/iea-executive-director-statement-on-oil-markets | https://portwatch.imf.org/pages/data-and-methodology,Cumulative from 1 March. History is preliminary through June; July is forecast/nowcast; later months hold the current traffic regime with case-specific durability.,See period_component rows for phase-specific rules and rates.,low,Market-clearing summary components sum to the net-global-supply-loss headline. Historical aggregate stock flow is split using the 290/315/330 mb July-end emergency-release range; do not add the headline to its components.
base_2027-03-31_foregone_counterfactual_stock_build_cumulative,horizon_summary,base,"Central case: inferred Strait flow modestly above the March-May oil-flow average, demonstrated bypass use, and tapering stock draws.",2026-03-01,2027-03-31,396,2027-03-31,cumulative_historical_plus_scenario,mixed_preliminary_forecast_scenario,market_clearing_summary,foregone_counterfactual_stock_build,,1255.802953,1255.802953,mb/d and million_bbl,February-July 2026 official vintages plus 2026-08-03 project scenario,2026-06-30,2026-07-23,https://www.eia.gov/outlooks/steo/archives/feb26_base.xlsx | https://www.eia.gov/outlooks/steo/archives/jul26_base.xlsx | https://www.iea.org/reports/oil-market-report-july-2026 | https://www.iea.org/news/iea-executive-director-statement-on-oil-markets | https://portwatch.imf.org/pages/data-and-methodology,Cumulative from 1 March. History is preliminary through June; July is forecast/nowcast; later months hold the current traffic regime with case-specific durability.,See period_component rows for phase-specific rules and rates.,low,Market-clearing summary components sum to the net-global-supply-loss headline. Historical aggregate stock flow is split using the 290/315/330 mb July-end emergency-release range; do not add the headline to its components.
base_2027-03-31_government_and_obligated_emergency_release_cumulative,horizon_summary,base,"Central case: inferred Strait flow modestly above the March-May oil-flow average, demonstrated bypass use, and tapering stock draws.",2026-03-01,2027-03-31,396,2027-03-31,cumulative_historical_plus_scenario,mixed_preliminary_forecast_scenario,market_clearing_summary,government_and_obligated_emergency_release,,482.6,482.6,mb/d and million_bbl,February-July 2026 official vintages plus 2026-08-03 project scenario,2026-06-30,2026-07-23,https://www.eia.gov/outlooks/steo/archives/feb26_base.xlsx | https://www.eia.gov/outlooks/steo/archives/jul26_base.xlsx | https://www.iea.org/reports/oil-market-report-july-2026 | https://www.iea.org/news/iea-executive-director-statement-on-oil-markets | https://portwatch.imf.org/pages/data-and-methodology,Cumulative from 1 March. History is preliminary through June; July is forecast/nowcast; later months hold the current traffic regime with case-specific durability.,See period_component rows for phase-specific rules and rates.,low,Market-clearing summary components sum to the net-global-supply-loss headline. Historical aggregate stock flow is split using the 290/315/330 mb July-end emergency-release range; do not add the headline to its components.
base_2027-03-31_commercial_and_other_stock_draw_cumulative,horizon_summary,base,"Central case: inferred Strait flow modestly above the March-May oil-flow average, demonstrated bypass use, and tapering stock draws.",2026-03-01,2027-03-31,396,2027-03-31,cumulative_historical_plus_scenario,mixed_preliminary_forecast_scenario,market_clearing_summary,commercial_and_other_stock_draw,,532.3,532.3,mb/d and million_bbl,February-July 2026 official vintages plus 2026-08-03 project scenario,2026-06-30,2026-07-23,https://www.eia.gov/outlooks/steo/archives/feb26_base.xlsx | https://www.eia.gov/outlooks/steo/archives/jul26_base.xlsx | https://www.iea.org/reports/oil-market-report-july-2026 | https://www.iea.org/news/iea-executive-director-statement-on-oil-markets | https://portwatch.imf.org/pages/data-and-methodology,Cumulative from 1 March. History is preliminary through June; July is forecast/nowcast; later months hold the current traffic regime with case-specific durability.,See period_component rows for phase-specific rules and rates.,low,Market-clearing summary components sum to the net-global-supply-loss headline. Historical aggregate stock flow is split using the 290/315/330 mb July-end emergency-release range; do not add the headline to its components.
base_2027-03-31_demand_reduction_cumulative,horizon_summary,base,"Central case: inferred Strait flow modestly above the March-May oil-flow average, demonstrated bypass use, and tapering stock draws.",2026-03-01,2027-03-31,396,2027-03-31,cumulative_historical_plus_scenario,mixed_preliminary_forecast_scenario,market_clearing_summary,demand_reduction,,1750.455845,1750.455845,mb/d and million_bbl,February-July 2026 official vintages plus 2026-08-03 project scenario,2026-06-30,2026-07-23,https://www.eia.gov/outlooks/steo/archives/feb26_base.xlsx | https://www.eia.gov/outlooks/steo/archives/jul26_base.xlsx | https://www.iea.org/reports/oil-market-report-july-2026 | https://www.iea.org/news/iea-executive-director-statement-on-oil-markets | https://portwatch.imf.org/pages/data-and-methodology,Cumulative from 1 March. History is preliminary through June; July is forecast/nowcast; later months hold the current traffic regime with case-specific durability.,See period_component rows for phase-specific rules and rates.,low,Market-clearing summary components sum to the net-global-supply-loss headline. Historical aggregate stock flow is split using the 290/315/330 mb July-end emergency-release range; do not add the headline to its components.
base_2027-03-31_residual_unallocated_adjustment_cumulative,horizon_summary,base,"Central case: inferred Strait flow modestly above the March-May oil-flow average, demonstrated bypass use, and tapering stock draws.",2026-03-01,2027-03-31,396,2027-03-31,cumulative_historical_plus_scenario,mixed_preliminary_forecast_scenario,market_clearing_summary,residual_unallocated_adjustment,,714.896132,714.896132,mb/d and million_bbl,February-July 2026 official vintages plus 2026-08-03 project scenario,2026-06-30,2026-07-23,https://www.eia.gov/outlooks/steo/archives/feb26_base.xlsx | https://www.eia.gov/outlooks/steo/archives/jul26_base.xlsx | https://www.iea.org/reports/oil-market-report-july-2026 | https://www.iea.org/news/iea-executive-director-statement-on-oil-markets | https://portwatch.imf.org/pages/data-and-methodology,Cumulative from 1 March. History is preliminary through June; July is forecast/nowcast; later months hold the current traffic regime with case-specific durability.,See period_component rows for phase-specific rules and rates.,low,Market-clearing summary components sum to the net-global-supply-loss headline. Historical aggregate stock flow is split using the 290/315/330 mb July-end emergency-release range; do not add the headline to its components.
high_supply_2026-09-30_net_global_supply_loss_cumulative,horizon_summary,high_supply,"Resilient case: more AIS-dark/cargo flow, stronger bypass performance, and stronger durable supply and stock response.",2026-03-01,2026-09-30,214,2026-09-30,cumulative_historical_plus_scenario,mixed_preliminary_forecast_scenario,physical_supply_headline,net_global_supply_loss,,2338.35493,2338.35493,mb/d and million_bbl,February-July 2026 official vintages plus 2026-08-03 project scenario,2026-06-30,2026-07-23,https://www.eia.gov/outlooks/steo/archives/feb26_base.xlsx | https://www.eia.gov/outlooks/steo/archives/jul26_base.xlsx | https://www.iea.org/reports/oil-market-report-july-2026 | https://www.iea.org/news/iea-executive-director-statement-on-oil-markets | https://portwatch.imf.org/pages/data-and-methodology,Cumulative from 1 March. History is preliminary through June; July is forecast/nowcast; later months hold the current traffic regime with case-specific durability.,See period_component rows for phase-specific rules and rates.,low_medium,Market-clearing summary components sum to the net-global-supply-loss headline. Historical aggregate stock flow is split using the 290/315/330 mb July-end emergency-release range; do not add the headline to its components.
high_supply_2026-09-30_foregone_counterfactual_stock_build_cumulative,horizon_summary,high_supply,"Resilient case: more AIS-dark/cargo flow, stronger bypass performance, and stronger durable supply and stock response.",2026-03-01,2026-09-30,214,2026-09-30,cumulative_historical_plus_scenario,mixed_preliminary_forecast_scenario,market_clearing_summary,foregone_counterfactual_stock_build,,642.475631,642.475631,mb/d and million_bbl,February-July 2026 official vintages plus 2026-08-03 project scenario,2026-06-30,2026-07-23,https://www.eia.gov/outlooks/steo/archives/feb26_base.xlsx | https://www.eia.gov/outlooks/steo/archives/jul26_base.xlsx | https://www.iea.org/reports/oil-market-report-july-2026 | https://www.iea.org/news/iea-executive-director-statement-on-oil-markets | https://portwatch.imf.org/pages/data-and-methodology,Cumulative from 1 March. History is preliminary through June; July is forecast/nowcast; later months hold the current traffic regime with case-specific durability.,See period_component rows for phase-specific rules and rates.,low_medium,Market-clearing summary components sum to the net-global-supply-loss headline. Historical aggregate stock flow is split using the 290/315/330 mb July-end emergency-release range; do not add the headline to its components.
high_supply_2026-09-30_government_and_obligated_emergency_release_cumulative,horizon_summary,high_supply,"Resilient case: more AIS-dark/cargo flow, stronger bypass performance, and stronger durable supply and stock response.",2026-03-01,2026-09-30,214,2026-09-30,cumulative_historical_plus_scenario,mixed_preliminary_forecast_scenario,market_clearing_summary,government_and_obligated_emergency_release,,403.2,403.2,mb/d and million_bbl,February-July 2026 official vintages plus 2026-08-03 project scenario,2026-06-30,2026-07-23,https://www.eia.gov/outlooks/steo/archives/feb26_base.xlsx | https://www.eia.gov/outlooks/steo/archives/jul26_base.xlsx | https://www.iea.org/reports/oil-market-report-july-2026 | https://www.iea.org/news/iea-executive-director-statement-on-oil-markets | https://portwatch.imf.org/pages/data-and-methodology,Cumulative from 1 March. History is preliminary through June; July is forecast/nowcast; later months hold the current traffic regime with case-specific durability.,See period_component rows for phase-specific rules and rates.,low_medium,Market-clearing summary components sum to the net-global-supply-loss headline. Historical aggregate stock flow is split using the 290/315/330 mb July-end emergency-release range; do not add the headline to its components.
high_supply_2026-09-30_commercial_and_other_stock_draw_cumulative,horizon_summary,high_supply,"Resilient case: more AIS-dark/cargo flow, stronger bypass performance, and stronger durable supply and stock response.",2026-03-01,2026-09-30,214,2026-09-30,cumulative_historical_plus_scenario,mixed_preliminary_forecast_scenario,market_clearing_summary,commercial_and_other_stock_draw,,97.2,97.2,mb/d and million_bbl,February-July 2026 official vintages plus 2026-08-03 project scenario,2026-06-30,2026-07-23,https://www.eia.gov/outlooks/steo/archives/feb26_base.xlsx | https://www.eia.gov/outlooks/steo/archives/jul26_base.xlsx | https://www.iea.org/reports/oil-market-report-july-2026 | https://www.iea.org/news/iea-executive-director-statement-on-oil-markets | https://portwatch.imf.org/pages/data-and-methodology,Cumulative from 1 March. History is preliminary through June; July is forecast/nowcast; later months hold the current traffic regime with case-specific durability.,See period_component rows for phase-specific rules and rates.,low_medium,Market-clearing summary components sum to the net-global-supply-loss headline. Historical aggregate stock flow is split using the 290/315/330 mb July-end emergency-release range; do not add the headline to its components.
high_supply_2026-09-30_demand_reduction_cumulative,horizon_summary,high_supply,"Resilient case: more AIS-dark/cargo flow, stronger bypass performance, and stronger durable supply and stock response.",2026-03-01,2026-09-30,214,2026-09-30,cumulative_historical_plus_scenario,mixed_preliminary_forecast_scenario,market_clearing_summary,demand_reduction,,785.955845,785.955845,mb/d and million_bbl,February-July 2026 official vintages plus 2026-08-03 project scenario,2026-06-30,2026-07-23,https://www.eia.gov/outlooks/steo/archives/feb26_base.xlsx | https://www.eia.gov/outlooks/steo/archives/jul26_base.xlsx | https://www.iea.org/reports/oil-market-report-july-2026 | https://www.iea.org/news/iea-executive-director-statement-on-oil-markets | https://portwatch.imf.org/pages/data-and-methodology,Cumulative from 1 March. History is preliminary through June; July is forecast/nowcast; later months hold the current traffic regime with case-specific durability.,See period_component rows for phase-specific rules and rates.,low_medium,Market-clearing summary components sum to the net-global-supply-loss headline. Historical aggregate stock flow is split using the 290/315/330 mb July-end emergency-release range; do not add the headline to its components.
high_supply_2026-09-30_residual_unallocated_adjustment_cumulative,horizon_summary,high_supply,"Resilient case: more AIS-dark/cargo flow, stronger bypass performance, and stronger durable supply and stock response.",2026-03-01,2026-09-30,214,2026-09-30,cumulative_historical_plus_scenario,mixed_preliminary_forecast_scenario,market_clearing_summary,residual_unallocated_adjustment,,409.523454,409.523454,mb/d and million_bbl,February-July 2026 official vintages plus 2026-08-03 project scenario,2026-06-30,2026-07-23,https://www.eia.gov/outlooks/steo/archives/feb26_base.xlsx | https://www.eia.gov/outlooks/steo/archives/jul26_base.xlsx | https://www.iea.org/reports/oil-market-report-july-2026 | https://www.iea.org/news/iea-executive-director-statement-on-oil-markets | https://portwatch.imf.org/pages/data-and-methodology,Cumulative from 1 March. History is preliminary through June; July is forecast/nowcast; later months hold the current traffic regime with case-specific durability.,See period_component rows for phase-specific rules and rates.,low_medium,Market-clearing summary components sum to the net-global-supply-loss headline. Historical aggregate stock flow is split using the 290/315/330 mb July-end emergency-release range; do not add the headline to its components.
high_supply_2026-12-31_net_global_supply_loss_cumulative,horizon_summary,high_supply,"Resilient case: more AIS-dark/cargo flow, stronger bypass performance, and stronger durable supply and stock response.",2026-03-01,2026-12-31,306,2026-12-31,cumulative_historical_plus_scenario,mixed_preliminary_forecast_scenario,physical_supply_headline,net_global_supply_loss,,3230.75493,3230.75493,mb/d and million_bbl,February-July 2026 official vintages plus 2026-08-03 project scenario,2026-06-30,2026-07-23,https://www.eia.gov/outlooks/steo/archives/feb26_base.xlsx | https://www.eia.gov/outlooks/steo/archives/jul26_base.xlsx | https://www.iea.org/reports/oil-market-report-july-2026 | https://www.iea.org/news/iea-executive-director-statement-on-oil-markets | https://portwatch.imf.org/pages/data-and-methodology,Cumulative from 1 March. History is preliminary through June; July is forecast/nowcast; later months hold the current traffic regime with case-specific durability.,See period_component rows for phase-specific rules and rates.,low,Market-clearing summary components sum to the net-global-supply-loss headline. Historical aggregate stock flow is split using the 290/315/330 mb July-end emergency-release range; do not add the headline to its components.
high_supply_2026-12-31_foregone_counterfactual_stock_build_cumulative,horizon_summary,high_supply,"Resilient case: more AIS-dark/cargo flow, stronger bypass performance, and stronger durable supply and stock response.",2026-03-01,2026-12-31,306,2026-12-31,cumulative_historical_plus_scenario,mixed_preliminary_forecast_scenario,market_clearing_summary,foregone_counterfactual_stock_build,,935.219012,935.219012,mb/d and million_bbl,February-July 2026 official vintages plus 2026-08-03 project scenario,2026-06-30,2026-07-23,https://www.eia.gov/outlooks/steo/archives/feb26_base.xlsx | https://www.eia.gov/outlooks/steo/archives/jul26_base.xlsx | https://www.iea.org/reports/oil-market-report-july-2026 | https://www.iea.org/news/iea-executive-director-statement-on-oil-markets | https://portwatch.imf.org/pages/data-and-methodology,Cumulative from 1 March. History is preliminary through June; July is forecast/nowcast; later months hold the current traffic regime with case-specific durability.,See period_component rows for phase-specific rules and rates.,low,Market-clearing summary components sum to the net-global-supply-loss headline. Historical aggregate stock flow is split using the 290/315/330 mb July-end emergency-release range; do not add the headline to its components.
high_supply_2026-12-31_government_and_obligated_emergency_release_cumulative,horizon_summary,high_supply,"Resilient case: more AIS-dark/cargo flow, stronger bypass performance, and stronger durable supply and stock response.",2026-03-01,2026-12-31,306,2026-12-31,cumulative_historical_plus_scenario,mixed_preliminary_forecast_scenario,market_clearing_summary,government_and_obligated_emergency_release,,476.8,476.8,mb/d and million_bbl,February-July 2026 official vintages plus 2026-08-03 project scenario,2026-06-30,2026-07-23,https://www.eia.gov/outlooks/steo/archives/feb26_base.xlsx | https://www.eia.gov/outlooks/steo/archives/jul26_base.xlsx | https://www.iea.org/reports/oil-market-report-july-2026 | https://www.iea.org/news/iea-executive-director-statement-on-oil-markets | https://portwatch.imf.org/pages/data-and-methodology,Cumulative from 1 March. History is preliminary through June; July is forecast/nowcast; later months hold the current traffic regime with case-specific durability.,See period_component rows for phase-specific rules and rates.,low,Market-clearing summary components sum to the net-global-supply-loss headline. Historical aggregate stock flow is split using the 290/315/330 mb July-end emergency-release range; do not add the headline to its components.
high_supply_2026-12-31_commercial_and_other_stock_draw_cumulative,horizon_summary,high_supply,"Resilient case: more AIS-dark/cargo flow, stronger bypass performance, and stronger durable supply and stock response.",2026-03-01,2026-12-31,306,2026-12-31,cumulative_historical_plus_scenario,mixed_preliminary_forecast_scenario,market_clearing_summary,commercial_and_other_stock_draw,,170.8,170.8,mb/d and million_bbl,February-July 2026 official vintages plus 2026-08-03 project scenario,2026-06-30,2026-07-23,https://www.eia.gov/outlooks/steo/archives/feb26_base.xlsx | https://www.eia.gov/outlooks/steo/archives/jul26_base.xlsx | https://www.iea.org/reports/oil-market-report-july-2026 | https://www.iea.org/news/iea-executive-director-statement-on-oil-markets | https://portwatch.imf.org/pages/data-and-methodology,Cumulative from 1 March. History is preliminary through June; July is forecast/nowcast; later months hold the current traffic regime with case-specific durability.,See period_component rows for phase-specific rules and rates.,low,Market-clearing summary components sum to the net-global-supply-loss headline. Historical aggregate stock flow is split using the 290/315/330 mb July-end emergency-release range; do not add the headline to its components.
high_supply_2026-12-31_demand_reduction_cumulative,horizon_summary,high_supply,"Resilient case: more AIS-dark/cargo flow, stronger bypass performance, and stronger durable supply and stock response.",2026-03-01,2026-12-31,306,2026-12-31,cumulative_historical_plus_scenario,mixed_preliminary_forecast_scenario,market_clearing_summary,demand_reduction,,1117.155845,1117.155845,mb/d and million_bbl,February-July 2026 official vintages plus 2026-08-03 project scenario,2026-06-30,2026-07-23,https://www.eia.gov/outlooks/steo/archives/feb26_base.xlsx | https://www.eia.gov/outlooks/steo/archives/jul26_base.xlsx | https://www.iea.org/reports/oil-market-report-july-2026 | https://www.iea.org/news/iea-executive-director-statement-on-oil-markets | https://portwatch.imf.org/pages/data-and-methodology,Cumulative from 1 March. History is preliminary through June; July is forecast/nowcast; later months hold the current traffic regime with case-specific durability.,See period_component rows for phase-specific rules and rates.,low,Market-clearing summary components sum to the net-global-supply-loss headline. Historical aggregate stock flow is split using the 290/315/330 mb July-end emergency-release range; do not add the headline to its components.
high_supply_2026-12-31_residual_unallocated_adjustment_cumulative,horizon_summary,high_supply,"Resilient case: more AIS-dark/cargo flow, stronger bypass performance, and stronger durable supply and stock response.",2026-03-01,2026-12-31,306,2026-12-31,cumulative_historical_plus_scenario,mixed_preliminary_forecast_scenario,market_clearing_summary,residual_unallocated_adjustment,,530.780073,530.780073,mb/d and million_bbl,February-July 2026 official vintages plus 2026-08-03 project scenario,2026-06-30,2026-07-23,https://www.eia.gov/outlooks/steo/archives/feb26_base.xlsx | https://www.eia.gov/outlooks/steo/archives/jul26_base.xlsx | https://www.iea.org/reports/oil-market-report-july-2026 | https://www.iea.org/news/iea-executive-director-statement-on-oil-markets | https://portwatch.imf.org/pages/data-and-methodology,Cumulative from 1 March. History is preliminary through June; July is forecast/nowcast; later months hold the current traffic regime with case-specific durability.,See period_component rows for phase-specific rules and rates.,low,Market-clearing summary components sum to the net-global-supply-loss headline. Historical aggregate stock flow is split using the 290/315/330 mb July-end emergency-release range; do not add the headline to its components.
high_supply_2027-03-31_net_global_supply_loss_cumulative,horizon_summary,high_supply,"Resilient case: more AIS-dark/cargo flow, stronger bypass performance, and stronger durable supply and stock response.",2026-03-01,2027-03-31,396,2027-03-31,cumulative_historical_plus_scenario,mixed_preliminary_forecast_scenario,physical_supply_headline,net_global_supply_loss,,4094.75493,4094.75493,mb/d and million_bbl,February-July 2026 official vintages plus 2026-08-03 project scenario,2026-06-30,2026-07-23,https://www.eia.gov/outlooks/steo/archives/feb26_base.xlsx | https://www.eia.gov/outlooks/steo/archives/jul26_base.xlsx | https://www.iea.org/reports/oil-market-report-july-2026 | https://www.iea.org/news/iea-executive-director-statement-on-oil-markets | https://portwatch.imf.org/pages/data-and-methodology,Cumulative from 1 March. History is preliminary through June; July is forecast/nowcast; later months hold the current traffic regime with case-specific durability.,See period_component rows for phase-specific rules and rates.,low,Market-clearing summary components sum to the net-global-supply-loss headline. Historical aggregate stock flow is split using the 290/315/330 mb July-end emergency-release range; do not add the headline to its components.
high_supply_2027-03-31_foregone_counterfactual_stock_build_cumulative,horizon_summary,high_supply,"Resilient case: more AIS-dark/cargo flow, stronger bypass performance, and stronger durable supply and stock response.",2026-03-01,2027-03-31,396,2027-03-31,cumulative_historical_plus_scenario,mixed_preliminary_forecast_scenario,market_clearing_summary,foregone_counterfactual_stock_build,,1255.802953,1255.802953,mb/d and million_bbl,February-July 2026 official vintages plus 2026-08-03 project scenario,2026-06-30,2026-07-23,https://www.eia.gov/outlooks/steo/archives/feb26_base.xlsx | https://www.eia.gov/outlooks/steo/archives/jul26_base.xlsx | https://www.iea.org/reports/oil-market-report-july-2026 | https://www.iea.org/news/iea-executive-director-statement-on-oil-markets | https://portwatch.imf.org/pages/data-and-methodology,Cumulative from 1 March. History is preliminary through June; July is forecast/nowcast; later months hold the current traffic regime with case-specific durability.,See period_component rows for phase-specific rules and rates.,low,Market-clearing summary components sum to the net-global-supply-loss headline. Historical aggregate stock flow is split using the 290/315/330 mb July-end emergency-release range; do not add the headline to its components.
high_supply_2027-03-31_government_and_obligated_emergency_release_cumulative,horizon_summary,high_supply,"Resilient case: more AIS-dark/cargo flow, stronger bypass performance, and stronger durable supply and stock response.",2026-03-01,2027-03-31,396,2027-03-31,cumulative_historical_plus_scenario,mixed_preliminary_forecast_scenario,market_clearing_summary,government_and_obligated_emergency_release,,512.8,512.8,mb/d and million_bbl,February-July 2026 official vintages plus 2026-08-03 project scenario,2026-06-30,2026-07-23,https://www.eia.gov/outlooks/steo/archives/feb26_base.xlsx | https://www.eia.gov/outlooks/steo/archives/jul26_base.xlsx | https://www.iea.org/reports/oil-market-report-july-2026 | https://www.iea.org/news/iea-executive-director-statement-on-oil-markets | https://portwatch.imf.org/pages/data-and-methodology,Cumulative from 1 March. History is preliminary through June; July is forecast/nowcast; later months hold the current traffic regime with case-specific durability.,See period_component rows for phase-specific rules and rates.,low,Market-clearing summary components sum to the net-global-supply-loss headline. Historical aggregate stock flow is split using the 290/315/330 mb July-end emergency-release range; do not add the headline to its components.
high_supply_2027-03-31_commercial_and_other_stock_draw_cumulative,horizon_summary,high_supply,"Resilient case: more AIS-dark/cargo flow, stronger bypass performance, and stronger durable supply and stock response.",2026-03-01,2027-03-31,396,2027-03-31,cumulative_historical_plus_scenario,mixed_preliminary_forecast_scenario,market_clearing_summary,commercial_and_other_stock_draw,,215.8,215.8,mb/d and million_bbl,February-July 2026 official vintages plus 2026-08-03 project scenario,2026-06-30,2026-07-23,https://www.eia.gov/outlooks/steo/archives/feb26_base.xlsx | https://www.eia.gov/outlooks/steo/archives/jul26_base.xlsx | https://www.iea.org/reports/oil-market-report-july-2026 | https://www.iea.org/news/iea-executive-director-statement-on-oil-markets | https://portwatch.imf.org/pages/data-and-methodology,Cumulative from 1 March. History is preliminary through June; July is forecast/nowcast; later months hold the current traffic regime with case-specific durability.,See period_component rows for phase-specific rules and rates.,low,Market-clearing summary components sum to the net-global-supply-loss headline. Historical aggregate stock flow is split using the 290/315/330 mb July-end emergency-release range; do not add the headline to its components.
high_supply_2027-03-31_demand_reduction_cumulative,horizon_summary,high_supply,"Resilient case: more AIS-dark/cargo flow, stronger bypass performance, and stronger durable supply and stock response.",2026-03-01,2027-03-31,396,2027-03-31,cumulative_historical_plus_scenario,mixed_preliminary_forecast_scenario,market_clearing_summary,demand_reduction,,1477.155845,1477.155845,mb/d and million_bbl,February-July 2026 official vintages plus 2026-08-03 project scenario,2026-06-30,2026-07-23,https://www.eia.gov/outlooks/steo/archives/feb26_base.xlsx | https://www.eia.gov/outlooks/steo/archives/jul26_base.xlsx | https://www.iea.org/reports/oil-market-report-july-2026 | https://www.iea.org/news/iea-executive-director-statement-on-oil-markets | https://portwatch.imf.org/pages/data-and-methodology,Cumulative from 1 March. History is preliminary through June; July is forecast/nowcast; later months hold the current traffic regime with case-specific durability.,See period_component rows for phase-specific rules and rates.,low,Market-clearing summary components sum to the net-global-supply-loss headline. Historical aggregate stock flow is split using the 290/315/330 mb July-end emergency-release range; do not add the headline to its components.
high_supply_2027-03-31_residual_unallocated_adjustment_cumulative,horizon_summary,high_supply,"Resilient case: more AIS-dark/cargo flow, stronger bypass performance, and stronger durable supply and stock response.",2026-03-01,2027-03-31,396,2027-03-31,cumulative_historical_plus_scenario,mixed_preliminary_forecast_scenario,market_clearing_summary,residual_unallocated_adjustment,,633.196132,633.196132,mb/d and million_bbl,February-July 2026 official vintages plus 2026-08-03 project scenario,2026-06-30,2026-07-23,https://www.eia.gov/outlooks/steo/archives/feb26_base.xlsx | https://www.eia.gov/outlooks/steo/archives/jul26_base.xlsx | https://www.iea.org/reports/oil-market-report-july-2026 | https://www.iea.org/news/iea-executive-director-statement-on-oil-markets | https://portwatch.imf.org/pages/data-and-methodology,Cumulative from 1 March. History is preliminary through June; July is forecast/nowcast; later months hold the current traffic regime with case-specific durability.,See period_component rows for phase-specific rules and rates.,low,Market-clearing summary components sum to the net-global-supply-loss headline. Historical aggregate stock flow is split using the 290/315/330 mb July-end emergency-release range; do not add the headline to its components.
