row_id,record_type,baseline_group,comparison_year,horizon,metric,geography,taxonomy,revision_million_bbl,baseline_n,baseline_mean,baseline_median,baseline_p10,baseline_p90,baseline_min,baseline_max,baseline_median_absolute,baseline_p90_absolute,attribution_low,attribution_high,unit,february_source_url,july_source_url,confidence,method,interpretation,causal_warning,double_counting_rule
raw-2017-march_june-global_supply,raw_vintage_pair,primary_non_hormuz,2017,march_june,global_supply,World,petroleum_and_other_liquid_fuels,8.424528,,,,,,,,,,,,million_bbl,https://www.eia.gov/outlooks/steo/archives/feb17_base.xlsx,https://www.eia.gov/outlooks/steo/archives/jul17_base.xlsx,high_arithmetic_medium_measurement,"February STEO minus July STEO for the same monthly values, multiplied by calendar days. Positive is lower supply/demand in July than February had forecast.",Reference-year revision used to estimate ordinary STEO vintage movement.,"Vintage revision includes data updates, weather, macro changes, policy, outages and other contemporaneous events.",Regions and Russia are nested diagnostic rows; do not add them to the world total.
raw-2017-march_june-global_demand,raw_vintage_pair,primary_non_hormuz,2017,march_june,global_demand,World,petroleum_and_other_liquid_fuels,-46.109934,,,,,,,,,,,,million_bbl,https://www.eia.gov/outlooks/steo/archives/feb17_base.xlsx,https://www.eia.gov/outlooks/steo/archives/jul17_base.xlsx,high_arithmetic_medium_measurement,"February STEO minus July STEO for the same monthly values, multiplied by calendar days. Positive is lower supply/demand in July than February had forecast.",Reference-year revision used to estimate ordinary STEO vintage movement.,"Vintage revision includes data updates, weather, macro changes, policy, outages and other contemporaneous events.",Regions and Russia are nested diagnostic rows; do not add them to the world total.
raw-2017-march_june-russia_supply,raw_vintage_pair,primary_non_hormuz,2017,march_june,russia_supply,Russia,petroleum_and_other_liquid_fuels,5.579181,,,,,,,,,,,,million_bbl,https://www.eia.gov/outlooks/steo/archives/feb17_base.xlsx,https://www.eia.gov/outlooks/steo/archives/jul17_base.xlsx,high_arithmetic_medium_measurement,"February STEO minus July STEO for the same monthly values, multiplied by calendar days. Positive is lower supply/demand in July than February had forecast.",Reference-year revision used to estimate ordinary STEO vintage movement.,"Vintage revision includes data updates, weather, macro changes, policy, outages and other contemporaneous events.",Regions and Russia are nested diagnostic rows; do not add them to the world total.
raw-2017-march_june-russia_demand,raw_vintage_pair,primary_non_hormuz,2017,march_june,russia_demand,Russia,petroleum_and_other_liquid_fuels,-12.332012,,,,,,,,,,,,million_bbl,https://www.eia.gov/outlooks/steo/archives/feb17_base.xlsx,https://www.eia.gov/outlooks/steo/archives/jul17_base.xlsx,high_arithmetic_medium_measurement,"February STEO minus July STEO for the same monthly values, multiplied by calendar days. Positive is lower supply/demand in July than February had forecast.",Reference-year revision used to estimate ordinary STEO vintage movement.,"Vintage revision includes data updates, weather, macro changes, policy, outages and other contemporaneous events.",Regions and Russia are nested diagnostic rows; do not add them to the world total.
raw-2017-march_june-global_supply_ex_russia,raw_vintage_pair,primary_non_hormuz,2017,march_june,global_supply_ex_russia,World excluding Russia,petroleum_and_other_liquid_fuels,2.845347,,,,,,,,,,,,million_bbl,https://www.eia.gov/outlooks/steo/archives/feb17_base.xlsx,https://www.eia.gov/outlooks/steo/archives/jul17_base.xlsx,high_arithmetic_medium_measurement,"February STEO minus July STEO for the same monthly values, multiplied by calendar days. Positive is lower supply/demand in July than February had forecast.",Reference-year revision used to estimate ordinary STEO vintage movement.,"Vintage revision includes data updates, weather, macro changes, policy, outages and other contemporaneous events.",Regions and Russia are nested diagnostic rows; do not add them to the world total.
raw-2017-march_june-global_demand_ex_russia,raw_vintage_pair,primary_non_hormuz,2017,march_june,global_demand_ex_russia,World excluding Russia,petroleum_and_other_liquid_fuels,-33.777922,,,,,,,,,,,,million_bbl,https://www.eia.gov/outlooks/steo/archives/feb17_base.xlsx,https://www.eia.gov/outlooks/steo/archives/jul17_base.xlsx,high_arithmetic_medium_measurement,"February STEO minus July STEO for the same monthly values, multiplied by calendar days. Positive is lower supply/demand in July than February had forecast.",Reference-year revision used to estimate ordinary STEO vintage movement.,"Vintage revision includes data updates, weather, macro changes, policy, outages and other contemporaneous events.",Regions and Russia are nested diagnostic rows; do not add them to the world total.
raw-2017-march_june-demand_patc_r01,raw_vintage_pair,primary_non_hormuz,2017,march_june,demand_patc_r01,North America,petroleum_and_other_liquid_fuels,-25.993777,,,,,,,,,,,,million_bbl,https://www.eia.gov/outlooks/steo/archives/feb17_base.xlsx,https://www.eia.gov/outlooks/steo/archives/jul17_base.xlsx,high_arithmetic_medium_measurement,"February STEO minus July STEO for the same monthly values, multiplied by calendar days. Positive is lower supply/demand in July than February had forecast.",Reference-year revision used to estimate ordinary STEO vintage movement.,"Vintage revision includes data updates, weather, macro changes, policy, outages and other contemporaneous events.",Regions and Russia are nested diagnostic rows; do not add them to the world total.
raw-2017-march_june-demand_patc_r02,raw_vintage_pair,primary_non_hormuz,2017,march_june,demand_patc_r02,Central and South America,petroleum_and_other_liquid_fuels,4.404784,,,,,,,,,,,,million_bbl,https://www.eia.gov/outlooks/steo/archives/feb17_base.xlsx,https://www.eia.gov/outlooks/steo/archives/jul17_base.xlsx,high_arithmetic_medium_measurement,"February STEO minus July STEO for the same monthly values, multiplied by calendar days. Positive is lower supply/demand in July than February had forecast.",Reference-year revision used to estimate ordinary STEO vintage movement.,"Vintage revision includes data updates, weather, macro changes, policy, outages and other contemporaneous events.",Regions and Russia are nested diagnostic rows; do not add them to the world total.
raw-2017-march_june-demand_patc_r03,raw_vintage_pair,primary_non_hormuz,2017,march_june,demand_patc_r03,Europe,petroleum_and_other_liquid_fuels,-23.978254,,,,,,,,,,,,million_bbl,https://www.eia.gov/outlooks/steo/archives/feb17_base.xlsx,https://www.eia.gov/outlooks/steo/archives/jul17_base.xlsx,high_arithmetic_medium_measurement,"February STEO minus July STEO for the same monthly values, multiplied by calendar days. Positive is lower supply/demand in July than February had forecast.",Reference-year revision used to estimate ordinary STEO vintage movement.,"Vintage revision includes data updates, weather, macro changes, policy, outages and other contemporaneous events.",Regions and Russia are nested diagnostic rows; do not add them to the world total.
raw-2017-march_june-demand_patc_r04,raw_vintage_pair,primary_non_hormuz,2017,march_june,demand_patc_r04,Eurasia,petroleum_and_other_liquid_fuels,9.060926,,,,,,,,,,,,million_bbl,https://www.eia.gov/outlooks/steo/archives/feb17_base.xlsx,https://www.eia.gov/outlooks/steo/archives/jul17_base.xlsx,high_arithmetic_medium_measurement,"February STEO minus July STEO for the same monthly values, multiplied by calendar days. Positive is lower supply/demand in July than February had forecast.",Reference-year revision used to estimate ordinary STEO vintage movement.,"Vintage revision includes data updates, weather, macro changes, policy, outages and other contemporaneous events.",Regions and Russia are nested diagnostic rows; do not add them to the world total.
raw-2017-march_june-demand_patc_r05,raw_vintage_pair,primary_non_hormuz,2017,march_june,demand_patc_r05,Middle East,petroleum_and_other_liquid_fuels,-13.731662,,,,,,,,,,,,million_bbl,https://www.eia.gov/outlooks/steo/archives/feb17_base.xlsx,https://www.eia.gov/outlooks/steo/archives/jul17_base.xlsx,high_arithmetic_medium_measurement,"February STEO minus July STEO for the same monthly values, multiplied by calendar days. Positive is lower supply/demand in July than February had forecast.",Reference-year revision used to estimate ordinary STEO vintage movement.,"Vintage revision includes data updates, weather, macro changes, policy, outages and other contemporaneous events.",Regions and Russia are nested diagnostic rows; do not add them to the world total.
raw-2017-march_june-demand_patc_r06,raw_vintage_pair,primary_non_hormuz,2017,march_june,demand_patc_r06,Africa,petroleum_and_other_liquid_fuels,22.860056,,,,,,,,,,,,million_bbl,https://www.eia.gov/outlooks/steo/archives/feb17_base.xlsx,https://www.eia.gov/outlooks/steo/archives/jul17_base.xlsx,high_arithmetic_medium_measurement,"February STEO minus July STEO for the same monthly values, multiplied by calendar days. Positive is lower supply/demand in July than February had forecast.",Reference-year revision used to estimate ordinary STEO vintage movement.,"Vintage revision includes data updates, weather, macro changes, policy, outages and other contemporaneous events.",Regions and Russia are nested diagnostic rows; do not add them to the world total.
raw-2017-march_june-demand_patc_r07,raw_vintage_pair,primary_non_hormuz,2017,march_june,demand_patc_r07,Asia and Oceania,petroleum_and_other_liquid_fuels,-18.732007,,,,,,,,,,,,million_bbl,https://www.eia.gov/outlooks/steo/archives/feb17_base.xlsx,https://www.eia.gov/outlooks/steo/archives/jul17_base.xlsx,high_arithmetic_medium_measurement,"February STEO minus July STEO for the same monthly values, multiplied by calendar days. Positive is lower supply/demand in July than February had forecast.",Reference-year revision used to estimate ordinary STEO vintage movement.,"Vintage revision includes data updates, weather, macro changes, policy, outages and other contemporaneous events.",Regions and Russia are nested diagnostic rows; do not add them to the world total.
raw-2017-march_june-supply_t3b_papr_r01,raw_vintage_pair,primary_non_hormuz,2017,march_june,supply_t3b_papr_r01,North America non-OPEC supply,non_OPEC_petroleum_and_other_liquid_fuels,-38.034004,,,,,,,,,,,,million_bbl,https://www.eia.gov/outlooks/steo/archives/feb17_base.xlsx,https://www.eia.gov/outlooks/steo/archives/jul17_base.xlsx,high_arithmetic_medium_measurement,"February STEO minus July STEO for the same monthly values, multiplied by calendar days. Positive is lower supply/demand in July than February had forecast.",Reference-year revision used to estimate ordinary STEO vintage movement.,"Vintage revision includes data updates, weather, macro changes, policy, outages and other contemporaneous events.",Regions and Russia are nested diagnostic rows; do not add them to the world total.
raw-2017-march_june-supply_t3b_papr_r02,raw_vintage_pair,primary_non_hormuz,2017,march_june,supply_t3b_papr_r02,Central and South America non-OPEC supply,non_OPEC_petroleum_and_other_liquid_fuels,-14.227464,,,,,,,,,,,,million_bbl,https://www.eia.gov/outlooks/steo/archives/feb17_base.xlsx,https://www.eia.gov/outlooks/steo/archives/jul17_base.xlsx,high_arithmetic_medium_measurement,"February STEO minus July STEO for the same monthly values, multiplied by calendar days. Positive is lower supply/demand in July than February had forecast.",Reference-year revision used to estimate ordinary STEO vintage movement.,"Vintage revision includes data updates, weather, macro changes, policy, outages and other contemporaneous events.",Regions and Russia are nested diagnostic rows; do not add them to the world total.
raw-2017-march_june-supply_t3b_papr_r03,raw_vintage_pair,primary_non_hormuz,2017,march_june,supply_t3b_papr_r03,Europe non-OPEC supply,non_OPEC_petroleum_and_other_liquid_fuels,-9.932113,,,,,,,,,,,,million_bbl,https://www.eia.gov/outlooks/steo/archives/feb17_base.xlsx,https://www.eia.gov/outlooks/steo/archives/jul17_base.xlsx,high_arithmetic_medium_measurement,"February STEO minus July STEO for the same monthly values, multiplied by calendar days. Positive is lower supply/demand in July than February had forecast.",Reference-year revision used to estimate ordinary STEO vintage movement.,"Vintage revision includes data updates, weather, macro changes, policy, outages and other contemporaneous events.",Regions and Russia are nested diagnostic rows; do not add them to the world total.
raw-2017-march_june-supply_t3b_papr_r04,raw_vintage_pair,primary_non_hormuz,2017,march_june,supply_t3b_papr_r04,Eurasia non-OPEC supply,non_OPEC_petroleum_and_other_liquid_fuels,5.88107,,,,,,,,,,,,million_bbl,https://www.eia.gov/outlooks/steo/archives/feb17_base.xlsx,https://www.eia.gov/outlooks/steo/archives/jul17_base.xlsx,high_arithmetic_medium_measurement,"February STEO minus July STEO for the same monthly values, multiplied by calendar days. Positive is lower supply/demand in July than February had forecast.",Reference-year revision used to estimate ordinary STEO vintage movement.,"Vintage revision includes data updates, weather, macro changes, policy, outages and other contemporaneous events.",Regions and Russia are nested diagnostic rows; do not add them to the world total.
raw-2017-march_june-supply_t3b_papr_r05,raw_vintage_pair,primary_non_hormuz,2017,march_june,supply_t3b_papr_r05,Middle East non-OPEC supply,non_OPEC_petroleum_and_other_liquid_fuels,2.615459,,,,,,,,,,,,million_bbl,https://www.eia.gov/outlooks/steo/archives/feb17_base.xlsx,https://www.eia.gov/outlooks/steo/archives/jul17_base.xlsx,high_arithmetic_medium_measurement,"February STEO minus July STEO for the same monthly values, multiplied by calendar days. Positive is lower supply/demand in July than February had forecast.",Reference-year revision used to estimate ordinary STEO vintage movement.,"Vintage revision includes data updates, weather, macro changes, policy, outages and other contemporaneous events.",Regions and Russia are nested diagnostic rows; do not add them to the world total.
raw-2017-march_june-supply_t3b_papr_r06,raw_vintage_pair,primary_non_hormuz,2017,march_june,supply_t3b_papr_r06,Africa non-OPEC supply,non_OPEC_petroleum_and_other_liquid_fuels,29.297879,,,,,,,,,,,,million_bbl,https://www.eia.gov/outlooks/steo/archives/feb17_base.xlsx,https://www.eia.gov/outlooks/steo/archives/jul17_base.xlsx,high_arithmetic_medium_measurement,"February STEO minus July STEO for the same monthly values, multiplied by calendar days. Positive is lower supply/demand in July than February had forecast.",Reference-year revision used to estimate ordinary STEO vintage movement.,"Vintage revision includes data updates, weather, macro changes, policy, outages and other contemporaneous events.",Regions and Russia are nested diagnostic rows; do not add them to the world total.
raw-2017-march_june-supply_t3b_papr_r07,raw_vintage_pair,primary_non_hormuz,2017,march_june,supply_t3b_papr_r07,Asia and Oceania non-OPEC supply,non_OPEC_petroleum_and_other_liquid_fuels,0.790257,,,,,,,,,,,,million_bbl,https://www.eia.gov/outlooks/steo/archives/feb17_base.xlsx,https://www.eia.gov/outlooks/steo/archives/jul17_base.xlsx,high_arithmetic_medium_measurement,"February STEO minus July STEO for the same monthly values, multiplied by calendar days. Positive is lower supply/demand in July than February had forecast.",Reference-year revision used to estimate ordinary STEO vintage movement.,"Vintage revision includes data updates, weather, macro changes, policy, outages and other contemporaneous events.",Regions and Russia are nested diagnostic rows; do not add them to the world total.
raw-2017-march_july-global_supply,raw_vintage_pair,primary_non_hormuz,2017,march_july,global_supply,World,petroleum_and_other_liquid_fuels,-16.406841,,,,,,,,,,,,million_bbl,https://www.eia.gov/outlooks/steo/archives/feb17_base.xlsx,https://www.eia.gov/outlooks/steo/archives/jul17_base.xlsx,high_arithmetic_medium_measurement,"February STEO minus July STEO for the same monthly values, multiplied by calendar days. Positive is lower supply/demand in July than February had forecast.",Reference-year revision used to estimate ordinary STEO vintage movement.,"Vintage revision includes data updates, weather, macro changes, policy, outages and other contemporaneous events.",Regions and Russia are nested diagnostic rows; do not add them to the world total.
raw-2017-march_july-global_demand,raw_vintage_pair,primary_non_hormuz,2017,march_july,global_demand,World,petroleum_and_other_liquid_fuels,-56.876034,,,,,,,,,,,,million_bbl,https://www.eia.gov/outlooks/steo/archives/feb17_base.xlsx,https://www.eia.gov/outlooks/steo/archives/jul17_base.xlsx,high_arithmetic_medium_measurement,"February STEO minus July STEO for the same monthly values, multiplied by calendar days. Positive is lower supply/demand in July than February had forecast.",Reference-year revision used to estimate ordinary STEO vintage movement.,"Vintage revision includes data updates, weather, macro changes, policy, outages and other contemporaneous events.",Regions and Russia are nested diagnostic rows; do not add them to the world total.
raw-2017-march_july-russia_supply,raw_vintage_pair,primary_non_hormuz,2017,march_july,russia_supply,Russia,petroleum_and_other_liquid_fuels,6.969132,,,,,,,,,,,,million_bbl,https://www.eia.gov/outlooks/steo/archives/feb17_base.xlsx,https://www.eia.gov/outlooks/steo/archives/jul17_base.xlsx,high_arithmetic_medium_measurement,"February STEO minus July STEO for the same monthly values, multiplied by calendar days. Positive is lower supply/demand in July than February had forecast.",Reference-year revision used to estimate ordinary STEO vintage movement.,"Vintage revision includes data updates, weather, macro changes, policy, outages and other contemporaneous events.",Regions and Russia are nested diagnostic rows; do not add them to the world total.
raw-2017-march_july-russia_demand,raw_vintage_pair,primary_non_hormuz,2017,march_july,russia_demand,Russia,petroleum_and_other_liquid_fuels,-15.681028,,,,,,,,,,,,million_bbl,https://www.eia.gov/outlooks/steo/archives/feb17_base.xlsx,https://www.eia.gov/outlooks/steo/archives/jul17_base.xlsx,high_arithmetic_medium_measurement,"February STEO minus July STEO for the same monthly values, multiplied by calendar days. Positive is lower supply/demand in July than February had forecast.",Reference-year revision used to estimate ordinary STEO vintage movement.,"Vintage revision includes data updates, weather, macro changes, policy, outages and other contemporaneous events.",Regions and Russia are nested diagnostic rows; do not add them to the world total.
raw-2017-march_july-global_supply_ex_russia,raw_vintage_pair,primary_non_hormuz,2017,march_july,global_supply_ex_russia,World excluding Russia,petroleum_and_other_liquid_fuels,-23.375973,,,,,,,,,,,,million_bbl,https://www.eia.gov/outlooks/steo/archives/feb17_base.xlsx,https://www.eia.gov/outlooks/steo/archives/jul17_base.xlsx,high_arithmetic_medium_measurement,"February STEO minus July STEO for the same monthly values, multiplied by calendar days. Positive is lower supply/demand in July than February had forecast.",Reference-year revision used to estimate ordinary STEO vintage movement.,"Vintage revision includes data updates, weather, macro changes, policy, outages and other contemporaneous events.",Regions and Russia are nested diagnostic rows; do not add them to the world total.
raw-2017-march_july-global_demand_ex_russia,raw_vintage_pair,primary_non_hormuz,2017,march_july,global_demand_ex_russia,World excluding Russia,petroleum_and_other_liquid_fuels,-41.195006,,,,,,,,,,,,million_bbl,https://www.eia.gov/outlooks/steo/archives/feb17_base.xlsx,https://www.eia.gov/outlooks/steo/archives/jul17_base.xlsx,high_arithmetic_medium_measurement,"February STEO minus July STEO for the same monthly values, multiplied by calendar days. Positive is lower supply/demand in July than February had forecast.",Reference-year revision used to estimate ordinary STEO vintage movement.,"Vintage revision includes data updates, weather, macro changes, policy, outages and other contemporaneous events.",Regions and Russia are nested diagnostic rows; do not add them to the world total.
raw-2017-march_july-demand_patc_r01,raw_vintage_pair,primary_non_hormuz,2017,march_july,demand_patc_r01,North America,petroleum_and_other_liquid_fuels,-24.744353,,,,,,,,,,,,million_bbl,https://www.eia.gov/outlooks/steo/archives/feb17_base.xlsx,https://www.eia.gov/outlooks/steo/archives/jul17_base.xlsx,high_arithmetic_medium_measurement,"February STEO minus July STEO for the same monthly values, multiplied by calendar days. Positive is lower supply/demand in July than February had forecast.",Reference-year revision used to estimate ordinary STEO vintage movement.,"Vintage revision includes data updates, weather, macro changes, policy, outages and other contemporaneous events.",Regions and Russia are nested diagnostic rows; do not add them to the world total.
raw-2017-march_july-demand_patc_r02,raw_vintage_pair,primary_non_hormuz,2017,march_july,demand_patc_r02,Central and South America,petroleum_and_other_liquid_fuels,4.567859,,,,,,,,,,,,million_bbl,https://www.eia.gov/outlooks/steo/archives/feb17_base.xlsx,https://www.eia.gov/outlooks/steo/archives/jul17_base.xlsx,high_arithmetic_medium_measurement,"February STEO minus July STEO for the same monthly values, multiplied by calendar days. Positive is lower supply/demand in July than February had forecast.",Reference-year revision used to estimate ordinary STEO vintage movement.,"Vintage revision includes data updates, weather, macro changes, policy, outages and other contemporaneous events.",Regions and Russia are nested diagnostic rows; do not add them to the world total.
raw-2017-march_july-demand_patc_r03,raw_vintage_pair,primary_non_hormuz,2017,march_july,demand_patc_r03,Europe,petroleum_and_other_liquid_fuels,-32.474419,,,,,,,,,,,,million_bbl,https://www.eia.gov/outlooks/steo/archives/feb17_base.xlsx,https://www.eia.gov/outlooks/steo/archives/jul17_base.xlsx,high_arithmetic_medium_measurement,"February STEO minus July STEO for the same monthly values, multiplied by calendar days. Positive is lower supply/demand in July than February had forecast.",Reference-year revision used to estimate ordinary STEO vintage movement.,"Vintage revision includes data updates, weather, macro changes, policy, outages and other contemporaneous events.",Regions and Russia are nested diagnostic rows; do not add them to the world total.
raw-2017-march_july-demand_patc_r04,raw_vintage_pair,primary_non_hormuz,2017,march_july,demand_patc_r04,Eurasia,petroleum_and_other_liquid_fuels,11.433545,,,,,,,,,,,,million_bbl,https://www.eia.gov/outlooks/steo/archives/feb17_base.xlsx,https://www.eia.gov/outlooks/steo/archives/jul17_base.xlsx,high_arithmetic_medium_measurement,"February STEO minus July STEO for the same monthly values, multiplied by calendar days. Positive is lower supply/demand in July than February had forecast.",Reference-year revision used to estimate ordinary STEO vintage movement.,"Vintage revision includes data updates, weather, macro changes, policy, outages and other contemporaneous events.",Regions and Russia are nested diagnostic rows; do not add them to the world total.
raw-2017-march_july-demand_patc_r05,raw_vintage_pair,primary_non_hormuz,2017,march_july,demand_patc_r05,Middle East,petroleum_and_other_liquid_fuels,-13.97534,,,,,,,,,,,,million_bbl,https://www.eia.gov/outlooks/steo/archives/feb17_base.xlsx,https://www.eia.gov/outlooks/steo/archives/jul17_base.xlsx,high_arithmetic_medium_measurement,"February STEO minus July STEO for the same monthly values, multiplied by calendar days. Positive is lower supply/demand in July than February had forecast.",Reference-year revision used to estimate ordinary STEO vintage movement.,"Vintage revision includes data updates, weather, macro changes, policy, outages and other contemporaneous events.",Regions and Russia are nested diagnostic rows; do not add them to the world total.
raw-2017-march_july-demand_patc_r06,raw_vintage_pair,primary_non_hormuz,2017,march_july,demand_patc_r06,Africa,petroleum_and_other_liquid_fuels,28.655315,,,,,,,,,,,,million_bbl,https://www.eia.gov/outlooks/steo/archives/feb17_base.xlsx,https://www.eia.gov/outlooks/steo/archives/jul17_base.xlsx,high_arithmetic_medium_measurement,"February STEO minus July STEO for the same monthly values, multiplied by calendar days. Positive is lower supply/demand in July than February had forecast.",Reference-year revision used to estimate ordinary STEO vintage movement.,"Vintage revision includes data updates, weather, macro changes, policy, outages and other contemporaneous events.",Regions and Russia are nested diagnostic rows; do not add them to the world total.
raw-2017-march_july-demand_patc_r07,raw_vintage_pair,primary_non_hormuz,2017,march_july,demand_patc_r07,Asia and Oceania,petroleum_and_other_liquid_fuels,-30.338641,,,,,,,,,,,,million_bbl,https://www.eia.gov/outlooks/steo/archives/feb17_base.xlsx,https://www.eia.gov/outlooks/steo/archives/jul17_base.xlsx,high_arithmetic_medium_measurement,"February STEO minus July STEO for the same monthly values, multiplied by calendar days. Positive is lower supply/demand in July than February had forecast.",Reference-year revision used to estimate ordinary STEO vintage movement.,"Vintage revision includes data updates, weather, macro changes, policy, outages and other contemporaneous events.",Regions and Russia are nested diagnostic rows; do not add them to the world total.
raw-2017-march_july-supply_t3b_papr_r01,raw_vintage_pair,primary_non_hormuz,2017,march_july,supply_t3b_papr_r01,North America non-OPEC supply,non_OPEC_petroleum_and_other_liquid_fuels,-56.987533,,,,,,,,,,,,million_bbl,https://www.eia.gov/outlooks/steo/archives/feb17_base.xlsx,https://www.eia.gov/outlooks/steo/archives/jul17_base.xlsx,high_arithmetic_medium_measurement,"February STEO minus July STEO for the same monthly values, multiplied by calendar days. Positive is lower supply/demand in July than February had forecast.",Reference-year revision used to estimate ordinary STEO vintage movement.,"Vintage revision includes data updates, weather, macro changes, policy, outages and other contemporaneous events.",Regions and Russia are nested diagnostic rows; do not add them to the world total.
raw-2017-march_july-supply_t3b_papr_r02,raw_vintage_pair,primary_non_hormuz,2017,march_july,supply_t3b_papr_r02,Central and South America non-OPEC supply,non_OPEC_petroleum_and_other_liquid_fuels,-17.151548,,,,,,,,,,,,million_bbl,https://www.eia.gov/outlooks/steo/archives/feb17_base.xlsx,https://www.eia.gov/outlooks/steo/archives/jul17_base.xlsx,high_arithmetic_medium_measurement,"February STEO minus July STEO for the same monthly values, multiplied by calendar days. Positive is lower supply/demand in July than February had forecast.",Reference-year revision used to estimate ordinary STEO vintage movement.,"Vintage revision includes data updates, weather, macro changes, policy, outages and other contemporaneous events.",Regions and Russia are nested diagnostic rows; do not add them to the world total.
raw-2017-march_july-supply_t3b_papr_r03,raw_vintage_pair,primary_non_hormuz,2017,march_july,supply_t3b_papr_r03,Europe non-OPEC supply,non_OPEC_petroleum_and_other_liquid_fuels,-18.666316,,,,,,,,,,,,million_bbl,https://www.eia.gov/outlooks/steo/archives/feb17_base.xlsx,https://www.eia.gov/outlooks/steo/archives/jul17_base.xlsx,high_arithmetic_medium_measurement,"February STEO minus July STEO for the same monthly values, multiplied by calendar days. Positive is lower supply/demand in July than February had forecast.",Reference-year revision used to estimate ordinary STEO vintage movement.,"Vintage revision includes data updates, weather, macro changes, policy, outages and other contemporaneous events.",Regions and Russia are nested diagnostic rows; do not add them to the world total.
raw-2017-march_july-supply_t3b_papr_r04,raw_vintage_pair,primary_non_hormuz,2017,march_july,supply_t3b_papr_r04,Eurasia non-OPEC supply,non_OPEC_petroleum_and_other_liquid_fuels,7.733148,,,,,,,,,,,,million_bbl,https://www.eia.gov/outlooks/steo/archives/feb17_base.xlsx,https://www.eia.gov/outlooks/steo/archives/jul17_base.xlsx,high_arithmetic_medium_measurement,"February STEO minus July STEO for the same monthly values, multiplied by calendar days. Positive is lower supply/demand in July than February had forecast.",Reference-year revision used to estimate ordinary STEO vintage movement.,"Vintage revision includes data updates, weather, macro changes, policy, outages and other contemporaneous events.",Regions and Russia are nested diagnostic rows; do not add them to the world total.
raw-2017-march_july-supply_t3b_papr_r05,raw_vintage_pair,primary_non_hormuz,2017,march_july,supply_t3b_papr_r05,Middle East non-OPEC supply,non_OPEC_petroleum_and_other_liquid_fuels,2.956968,,,,,,,,,,,,million_bbl,https://www.eia.gov/outlooks/steo/archives/feb17_base.xlsx,https://www.eia.gov/outlooks/steo/archives/jul17_base.xlsx,high_arithmetic_medium_measurement,"February STEO minus July STEO for the same monthly values, multiplied by calendar days. Positive is lower supply/demand in July than February had forecast.",Reference-year revision used to estimate ordinary STEO vintage movement.,"Vintage revision includes data updates, weather, macro changes, policy, outages and other contemporaneous events.",Regions and Russia are nested diagnostic rows; do not add them to the world total.
raw-2017-march_july-supply_t3b_papr_r06,raw_vintage_pair,primary_non_hormuz,2017,march_july,supply_t3b_papr_r06,Africa non-OPEC supply,non_OPEC_petroleum_and_other_liquid_fuels,36.863286,,,,,,,,,,,,million_bbl,https://www.eia.gov/outlooks/steo/archives/feb17_base.xlsx,https://www.eia.gov/outlooks/steo/archives/jul17_base.xlsx,high_arithmetic_medium_measurement,"February STEO minus July STEO for the same monthly values, multiplied by calendar days. Positive is lower supply/demand in July than February had forecast.",Reference-year revision used to estimate ordinary STEO vintage movement.,"Vintage revision includes data updates, weather, macro changes, policy, outages and other contemporaneous events.",Regions and Russia are nested diagnostic rows; do not add them to the world total.
raw-2017-march_july-supply_t3b_papr_r07,raw_vintage_pair,primary_non_hormuz,2017,march_july,supply_t3b_papr_r07,Asia and Oceania non-OPEC supply,non_OPEC_petroleum_and_other_liquid_fuels,2.161755,,,,,,,,,,,,million_bbl,https://www.eia.gov/outlooks/steo/archives/feb17_base.xlsx,https://www.eia.gov/outlooks/steo/archives/jul17_base.xlsx,high_arithmetic_medium_measurement,"February STEO minus July STEO for the same monthly values, multiplied by calendar days. Positive is lower supply/demand in July than February had forecast.",Reference-year revision used to estimate ordinary STEO vintage movement.,"Vintage revision includes data updates, weather, macro changes, policy, outages and other contemporaneous events.",Regions and Russia are nested diagnostic rows; do not add them to the world total.
raw-2018-march_june-global_supply,raw_vintage_pair,primary_non_hormuz,2018,march_june,global_supply,World,petroleum_and_other_liquid_fuels,6.853948,,,,,,,,,,,,million_bbl,https://www.eia.gov/outlooks/steo/archives/feb18_base.xlsx,https://www.eia.gov/outlooks/steo/archives/jul18_base.xlsx,high_arithmetic_medium_measurement,"February STEO minus July STEO for the same monthly values, multiplied by calendar days. Positive is lower supply/demand in July than February had forecast.",Reference-year revision used to estimate ordinary STEO vintage movement.,"Vintage revision includes data updates, weather, macro changes, policy, outages and other contemporaneous events.",Regions and Russia are nested diagnostic rows; do not add them to the world total.
raw-2018-march_june-global_demand,raw_vintage_pair,primary_non_hormuz,2018,march_june,global_demand,World,petroleum_and_other_liquid_fuels,-14.141093,,,,,,,,,,,,million_bbl,https://www.eia.gov/outlooks/steo/archives/feb18_base.xlsx,https://www.eia.gov/outlooks/steo/archives/jul18_base.xlsx,high_arithmetic_medium_measurement,"February STEO minus July STEO for the same monthly values, multiplied by calendar days. Positive is lower supply/demand in July than February had forecast.",Reference-year revision used to estimate ordinary STEO vintage movement.,"Vintage revision includes data updates, weather, macro changes, policy, outages and other contemporaneous events.",Regions and Russia are nested diagnostic rows; do not add them to the world total.
raw-2018-march_june-russia_supply,raw_vintage_pair,primary_non_hormuz,2018,march_june,russia_supply,Russia,petroleum_and_other_liquid_fuels,-4.957835,,,,,,,,,,,,million_bbl,https://www.eia.gov/outlooks/steo/archives/feb18_base.xlsx,https://www.eia.gov/outlooks/steo/archives/jul18_base.xlsx,high_arithmetic_medium_measurement,"February STEO minus July STEO for the same monthly values, multiplied by calendar days. Positive is lower supply/demand in July than February had forecast.",Reference-year revision used to estimate ordinary STEO vintage movement.,"Vintage revision includes data updates, weather, macro changes, policy, outages and other contemporaneous events.",Regions and Russia are nested diagnostic rows; do not add them to the world total.
raw-2018-march_june-russia_demand,raw_vintage_pair,primary_non_hormuz,2018,march_june,russia_demand,Russia,petroleum_and_other_liquid_fuels,0,,,,,,,,,,,,million_bbl,https://www.eia.gov/outlooks/steo/archives/feb18_base.xlsx,https://www.eia.gov/outlooks/steo/archives/jul18_base.xlsx,high_arithmetic_medium_measurement,"February STEO minus July STEO for the same monthly values, multiplied by calendar days. Positive is lower supply/demand in July than February had forecast.",Reference-year revision used to estimate ordinary STEO vintage movement.,"Vintage revision includes data updates, weather, macro changes, policy, outages and other contemporaneous events.",Regions and Russia are nested diagnostic rows; do not add them to the world total.
raw-2018-march_june-global_supply_ex_russia,raw_vintage_pair,primary_non_hormuz,2018,march_june,global_supply_ex_russia,World excluding Russia,petroleum_and_other_liquid_fuels,11.811783,,,,,,,,,,,,million_bbl,https://www.eia.gov/outlooks/steo/archives/feb18_base.xlsx,https://www.eia.gov/outlooks/steo/archives/jul18_base.xlsx,high_arithmetic_medium_measurement,"February STEO minus July STEO for the same monthly values, multiplied by calendar days. Positive is lower supply/demand in July than February had forecast.",Reference-year revision used to estimate ordinary STEO vintage movement.,"Vintage revision includes data updates, weather, macro changes, policy, outages and other contemporaneous events.",Regions and Russia are nested diagnostic rows; do not add them to the world total.
raw-2018-march_june-global_demand_ex_russia,raw_vintage_pair,primary_non_hormuz,2018,march_june,global_demand_ex_russia,World excluding Russia,petroleum_and_other_liquid_fuels,-14.141093,,,,,,,,,,,,million_bbl,https://www.eia.gov/outlooks/steo/archives/feb18_base.xlsx,https://www.eia.gov/outlooks/steo/archives/jul18_base.xlsx,high_arithmetic_medium_measurement,"February STEO minus July STEO for the same monthly values, multiplied by calendar days. Positive is lower supply/demand in July than February had forecast.",Reference-year revision used to estimate ordinary STEO vintage movement.,"Vintage revision includes data updates, weather, macro changes, policy, outages and other contemporaneous events.",Regions and Russia are nested diagnostic rows; do not add them to the world total.
raw-2018-march_june-demand_patc_r01,raw_vintage_pair,primary_non_hormuz,2018,march_june,demand_patc_r01,North America,petroleum_and_other_liquid_fuels,-8.691645,,,,,,,,,,,,million_bbl,https://www.eia.gov/outlooks/steo/archives/feb18_base.xlsx,https://www.eia.gov/outlooks/steo/archives/jul18_base.xlsx,high_arithmetic_medium_measurement,"February STEO minus July STEO for the same monthly values, multiplied by calendar days. Positive is lower supply/demand in July than February had forecast.",Reference-year revision used to estimate ordinary STEO vintage movement.,"Vintage revision includes data updates, weather, macro changes, policy, outages and other contemporaneous events.",Regions and Russia are nested diagnostic rows; do not add them to the world total.
raw-2018-march_june-demand_patc_r02,raw_vintage_pair,primary_non_hormuz,2018,march_june,demand_patc_r02,Central and South America,petroleum_and_other_liquid_fuels,8.62778,,,,,,,,,,,,million_bbl,https://www.eia.gov/outlooks/steo/archives/feb18_base.xlsx,https://www.eia.gov/outlooks/steo/archives/jul18_base.xlsx,high_arithmetic_medium_measurement,"February STEO minus July STEO for the same monthly values, multiplied by calendar days. Positive is lower supply/demand in July than February had forecast.",Reference-year revision used to estimate ordinary STEO vintage movement.,"Vintage revision includes data updates, weather, macro changes, policy, outages and other contemporaneous events.",Regions and Russia are nested diagnostic rows; do not add them to the world total.
raw-2018-march_june-demand_patc_r03,raw_vintage_pair,primary_non_hormuz,2018,march_june,demand_patc_r03,Europe,petroleum_and_other_liquid_fuels,-5.101228,,,,,,,,,,,,million_bbl,https://www.eia.gov/outlooks/steo/archives/feb18_base.xlsx,https://www.eia.gov/outlooks/steo/archives/jul18_base.xlsx,high_arithmetic_medium_measurement,"February STEO minus July STEO for the same monthly values, multiplied by calendar days. Positive is lower supply/demand in July than February had forecast.",Reference-year revision used to estimate ordinary STEO vintage movement.,"Vintage revision includes data updates, weather, macro changes, policy, outages and other contemporaneous events.",Regions and Russia are nested diagnostic rows; do not add them to the world total.
raw-2018-march_june-demand_patc_r04,raw_vintage_pair,primary_non_hormuz,2018,march_june,demand_patc_r04,Eurasia,petroleum_and_other_liquid_fuels,-1.233242,,,,,,,,,,,,million_bbl,https://www.eia.gov/outlooks/steo/archives/feb18_base.xlsx,https://www.eia.gov/outlooks/steo/archives/jul18_base.xlsx,high_arithmetic_medium_measurement,"February STEO minus July STEO for the same monthly values, multiplied by calendar days. Positive is lower supply/demand in July than February had forecast.",Reference-year revision used to estimate ordinary STEO vintage movement.,"Vintage revision includes data updates, weather, macro changes, policy, outages and other contemporaneous events.",Regions and Russia are nested diagnostic rows; do not add them to the world total.
raw-2018-march_june-demand_patc_r05,raw_vintage_pair,primary_non_hormuz,2018,march_june,demand_patc_r05,Middle East,petroleum_and_other_liquid_fuels,-0.860656,,,,,,,,,,,,million_bbl,https://www.eia.gov/outlooks/steo/archives/feb18_base.xlsx,https://www.eia.gov/outlooks/steo/archives/jul18_base.xlsx,high_arithmetic_medium_measurement,"February STEO minus July STEO for the same monthly values, multiplied by calendar days. Positive is lower supply/demand in July than February had forecast.",Reference-year revision used to estimate ordinary STEO vintage movement.,"Vintage revision includes data updates, weather, macro changes, policy, outages and other contemporaneous events.",Regions and Russia are nested diagnostic rows; do not add them to the world total.
raw-2018-march_june-demand_patc_r06,raw_vintage_pair,primary_non_hormuz,2018,march_june,demand_patc_r06,Africa,petroleum_and_other_liquid_fuels,9.75133,,,,,,,,,,,,million_bbl,https://www.eia.gov/outlooks/steo/archives/feb18_base.xlsx,https://www.eia.gov/outlooks/steo/archives/jul18_base.xlsx,high_arithmetic_medium_measurement,"February STEO minus July STEO for the same monthly values, multiplied by calendar days. Positive is lower supply/demand in July than February had forecast.",Reference-year revision used to estimate ordinary STEO vintage movement.,"Vintage revision includes data updates, weather, macro changes, policy, outages and other contemporaneous events.",Regions and Russia are nested diagnostic rows; do not add them to the world total.
raw-2018-march_june-demand_patc_r07,raw_vintage_pair,primary_non_hormuz,2018,march_june,demand_patc_r07,Asia and Oceania,petroleum_and_other_liquid_fuels,-18.335957,,,,,,,,,,,,million_bbl,https://www.eia.gov/outlooks/steo/archives/feb18_base.xlsx,https://www.eia.gov/outlooks/steo/archives/jul18_base.xlsx,high_arithmetic_medium_measurement,"February STEO minus July STEO for the same monthly values, multiplied by calendar days. Positive is lower supply/demand in July than February had forecast.",Reference-year revision used to estimate ordinary STEO vintage movement.,"Vintage revision includes data updates, weather, macro changes, policy, outages and other contemporaneous events.",Regions and Russia are nested diagnostic rows; do not add them to the world total.
raw-2018-march_june-supply_t3b_papr_r01,raw_vintage_pair,primary_non_hormuz,2018,march_june,supply_t3b_papr_r01,North America non-OPEC supply,non_OPEC_petroleum_and_other_liquid_fuels,-48.972639,,,,,,,,,,,,million_bbl,https://www.eia.gov/outlooks/steo/archives/feb18_base.xlsx,https://www.eia.gov/outlooks/steo/archives/jul18_base.xlsx,high_arithmetic_medium_measurement,"February STEO minus July STEO for the same monthly values, multiplied by calendar days. Positive is lower supply/demand in July than February had forecast.",Reference-year revision used to estimate ordinary STEO vintage movement.,"Vintage revision includes data updates, weather, macro changes, policy, outages and other contemporaneous events.",Regions and Russia are nested diagnostic rows; do not add them to the world total.
raw-2018-march_june-supply_t3b_papr_r02,raw_vintage_pair,primary_non_hormuz,2018,march_june,supply_t3b_papr_r02,Central and South America non-OPEC supply,non_OPEC_petroleum_and_other_liquid_fuels,-15.993305,,,,,,,,,,,,million_bbl,https://www.eia.gov/outlooks/steo/archives/feb18_base.xlsx,https://www.eia.gov/outlooks/steo/archives/jul18_base.xlsx,high_arithmetic_medium_measurement,"February STEO minus July STEO for the same monthly values, multiplied by calendar days. Positive is lower supply/demand in July than February had forecast.",Reference-year revision used to estimate ordinary STEO vintage movement.,"Vintage revision includes data updates, weather, macro changes, policy, outages and other contemporaneous events.",Regions and Russia are nested diagnostic rows; do not add them to the world total.
raw-2018-march_june-supply_t3b_papr_r03,raw_vintage_pair,primary_non_hormuz,2018,march_june,supply_t3b_papr_r03,Europe non-OPEC supply,non_OPEC_petroleum_and_other_liquid_fuels,40.268303,,,,,,,,,,,,million_bbl,https://www.eia.gov/outlooks/steo/archives/feb18_base.xlsx,https://www.eia.gov/outlooks/steo/archives/jul18_base.xlsx,high_arithmetic_medium_measurement,"February STEO minus July STEO for the same monthly values, multiplied by calendar days. Positive is lower supply/demand in July than February had forecast.",Reference-year revision used to estimate ordinary STEO vintage movement.,"Vintage revision includes data updates, weather, macro changes, policy, outages and other contemporaneous events.",Regions and Russia are nested diagnostic rows; do not add them to the world total.
raw-2018-march_june-supply_t3b_papr_r04,raw_vintage_pair,primary_non_hormuz,2018,march_june,supply_t3b_papr_r04,Eurasia non-OPEC supply,non_OPEC_petroleum_and_other_liquid_fuels,3.050459,,,,,,,,,,,,million_bbl,https://www.eia.gov/outlooks/steo/archives/feb18_base.xlsx,https://www.eia.gov/outlooks/steo/archives/jul18_base.xlsx,high_arithmetic_medium_measurement,"February STEO minus July STEO for the same monthly values, multiplied by calendar days. Positive is lower supply/demand in July than February had forecast.",Reference-year revision used to estimate ordinary STEO vintage movement.,"Vintage revision includes data updates, weather, macro changes, policy, outages and other contemporaneous events.",Regions and Russia are nested diagnostic rows; do not add them to the world total.
raw-2018-march_june-supply_t3b_papr_r05,raw_vintage_pair,primary_non_hormuz,2018,march_june,supply_t3b_papr_r05,Middle East non-OPEC supply,non_OPEC_petroleum_and_other_liquid_fuels,-0.283015,,,,,,,,,,,,million_bbl,https://www.eia.gov/outlooks/steo/archives/feb18_base.xlsx,https://www.eia.gov/outlooks/steo/archives/jul18_base.xlsx,high_arithmetic_medium_measurement,"February STEO minus July STEO for the same monthly values, multiplied by calendar days. Positive is lower supply/demand in July than February had forecast.",Reference-year revision used to estimate ordinary STEO vintage movement.,"Vintage revision includes data updates, weather, macro changes, policy, outages and other contemporaneous events.",Regions and Russia are nested diagnostic rows; do not add them to the world total.
raw-2018-march_june-supply_t3b_papr_r06,raw_vintage_pair,primary_non_hormuz,2018,march_june,supply_t3b_papr_r06,Africa non-OPEC supply,non_OPEC_petroleum_and_other_liquid_fuels,-8.098242,,,,,,,,,,,,million_bbl,https://www.eia.gov/outlooks/steo/archives/feb18_base.xlsx,https://www.eia.gov/outlooks/steo/archives/jul18_base.xlsx,high_arithmetic_medium_measurement,"February STEO minus July STEO for the same monthly values, multiplied by calendar days. Positive is lower supply/demand in July than February had forecast.",Reference-year revision used to estimate ordinary STEO vintage movement.,"Vintage revision includes data updates, weather, macro changes, policy, outages and other contemporaneous events.",Regions and Russia are nested diagnostic rows; do not add them to the world total.
raw-2018-march_june-supply_t3b_papr_r07,raw_vintage_pair,primary_non_hormuz,2018,march_june,supply_t3b_papr_r07,Asia and Oceania non-OPEC supply,non_OPEC_petroleum_and_other_liquid_fuels,5.051583,,,,,,,,,,,,million_bbl,https://www.eia.gov/outlooks/steo/archives/feb18_base.xlsx,https://www.eia.gov/outlooks/steo/archives/jul18_base.xlsx,high_arithmetic_medium_measurement,"February STEO minus July STEO for the same monthly values, multiplied by calendar days. Positive is lower supply/demand in July than February had forecast.",Reference-year revision used to estimate ordinary STEO vintage movement.,"Vintage revision includes data updates, weather, macro changes, policy, outages and other contemporaneous events.",Regions and Russia are nested diagnostic rows; do not add them to the world total.
raw-2018-march_july-global_supply,raw_vintage_pair,primary_non_hormuz,2018,march_july,global_supply,World,petroleum_and_other_liquid_fuels,25.476783,,,,,,,,,,,,million_bbl,https://www.eia.gov/outlooks/steo/archives/feb18_base.xlsx,https://www.eia.gov/outlooks/steo/archives/jul18_base.xlsx,high_arithmetic_medium_measurement,"February STEO minus July STEO for the same monthly values, multiplied by calendar days. Positive is lower supply/demand in July than February had forecast.",Reference-year revision used to estimate ordinary STEO vintage movement.,"Vintage revision includes data updates, weather, macro changes, policy, outages and other contemporaneous events.",Regions and Russia are nested diagnostic rows; do not add them to the world total.
raw-2018-march_july-global_demand,raw_vintage_pair,primary_non_hormuz,2018,march_july,global_demand,World,petroleum_and_other_liquid_fuels,-6.693835,,,,,,,,,,,,million_bbl,https://www.eia.gov/outlooks/steo/archives/feb18_base.xlsx,https://www.eia.gov/outlooks/steo/archives/jul18_base.xlsx,high_arithmetic_medium_measurement,"February STEO minus July STEO for the same monthly values, multiplied by calendar days. Positive is lower supply/demand in July than February had forecast.",Reference-year revision used to estimate ordinary STEO vintage movement.,"Vintage revision includes data updates, weather, macro changes, policy, outages and other contemporaneous events.",Regions and Russia are nested diagnostic rows; do not add them to the world total.
raw-2018-march_july-russia_supply,raw_vintage_pair,primary_non_hormuz,2018,march_july,russia_supply,Russia,petroleum_and_other_liquid_fuels,-10.752934,,,,,,,,,,,,million_bbl,https://www.eia.gov/outlooks/steo/archives/feb18_base.xlsx,https://www.eia.gov/outlooks/steo/archives/jul18_base.xlsx,high_arithmetic_medium_measurement,"February STEO minus July STEO for the same monthly values, multiplied by calendar days. Positive is lower supply/demand in July than February had forecast.",Reference-year revision used to estimate ordinary STEO vintage movement.,"Vintage revision includes data updates, weather, macro changes, policy, outages and other contemporaneous events.",Regions and Russia are nested diagnostic rows; do not add them to the world total.
raw-2018-march_july-russia_demand,raw_vintage_pair,primary_non_hormuz,2018,march_july,russia_demand,Russia,petroleum_and_other_liquid_fuels,0,,,,,,,,,,,,million_bbl,https://www.eia.gov/outlooks/steo/archives/feb18_base.xlsx,https://www.eia.gov/outlooks/steo/archives/jul18_base.xlsx,high_arithmetic_medium_measurement,"February STEO minus July STEO for the same monthly values, multiplied by calendar days. Positive is lower supply/demand in July than February had forecast.",Reference-year revision used to estimate ordinary STEO vintage movement.,"Vintage revision includes data updates, weather, macro changes, policy, outages and other contemporaneous events.",Regions and Russia are nested diagnostic rows; do not add them to the world total.
raw-2018-march_july-global_supply_ex_russia,raw_vintage_pair,primary_non_hormuz,2018,march_july,global_supply_ex_russia,World excluding Russia,petroleum_and_other_liquid_fuels,36.229717,,,,,,,,,,,,million_bbl,https://www.eia.gov/outlooks/steo/archives/feb18_base.xlsx,https://www.eia.gov/outlooks/steo/archives/jul18_base.xlsx,high_arithmetic_medium_measurement,"February STEO minus July STEO for the same monthly values, multiplied by calendar days. Positive is lower supply/demand in July than February had forecast.",Reference-year revision used to estimate ordinary STEO vintage movement.,"Vintage revision includes data updates, weather, macro changes, policy, outages and other contemporaneous events.",Regions and Russia are nested diagnostic rows; do not add them to the world total.
raw-2018-march_july-global_demand_ex_russia,raw_vintage_pair,primary_non_hormuz,2018,march_july,global_demand_ex_russia,World excluding Russia,petroleum_and_other_liquid_fuels,-6.693835,,,,,,,,,,,,million_bbl,https://www.eia.gov/outlooks/steo/archives/feb18_base.xlsx,https://www.eia.gov/outlooks/steo/archives/jul18_base.xlsx,high_arithmetic_medium_measurement,"February STEO minus July STEO for the same monthly values, multiplied by calendar days. Positive is lower supply/demand in July than February had forecast.",Reference-year revision used to estimate ordinary STEO vintage movement.,"Vintage revision includes data updates, weather, macro changes, policy, outages and other contemporaneous events.",Regions and Russia are nested diagnostic rows; do not add them to the world total.
raw-2018-march_july-demand_patc_r01,raw_vintage_pair,primary_non_hormuz,2018,march_july,demand_patc_r01,North America,petroleum_and_other_liquid_fuels,2.306104,,,,,,,,,,,,million_bbl,https://www.eia.gov/outlooks/steo/archives/feb18_base.xlsx,https://www.eia.gov/outlooks/steo/archives/jul18_base.xlsx,high_arithmetic_medium_measurement,"February STEO minus July STEO for the same monthly values, multiplied by calendar days. Positive is lower supply/demand in July than February had forecast.",Reference-year revision used to estimate ordinary STEO vintage movement.,"Vintage revision includes data updates, weather, macro changes, policy, outages and other contemporaneous events.",Regions and Russia are nested diagnostic rows; do not add them to the world total.
raw-2018-march_july-demand_patc_r02,raw_vintage_pair,primary_non_hormuz,2018,march_july,demand_patc_r02,Central and South America,petroleum_and_other_liquid_fuels,11.354913,,,,,,,,,,,,million_bbl,https://www.eia.gov/outlooks/steo/archives/feb18_base.xlsx,https://www.eia.gov/outlooks/steo/archives/jul18_base.xlsx,high_arithmetic_medium_measurement,"February STEO minus July STEO for the same monthly values, multiplied by calendar days. Positive is lower supply/demand in July than February had forecast.",Reference-year revision used to estimate ordinary STEO vintage movement.,"Vintage revision includes data updates, weather, macro changes, policy, outages and other contemporaneous events.",Regions and Russia are nested diagnostic rows; do not add them to the world total.
raw-2018-march_july-demand_patc_r03,raw_vintage_pair,primary_non_hormuz,2018,march_july,demand_patc_r03,Europe,petroleum_and_other_liquid_fuels,-7.107883,,,,,,,,,,,,million_bbl,https://www.eia.gov/outlooks/steo/archives/feb18_base.xlsx,https://www.eia.gov/outlooks/steo/archives/jul18_base.xlsx,high_arithmetic_medium_measurement,"February STEO minus July STEO for the same monthly values, multiplied by calendar days. Positive is lower supply/demand in July than February had forecast.",Reference-year revision used to estimate ordinary STEO vintage movement.,"Vintage revision includes data updates, weather, macro changes, policy, outages and other contemporaneous events.",Regions and Russia are nested diagnostic rows; do not add them to the world total.
raw-2018-march_july-demand_patc_r04,raw_vintage_pair,primary_non_hormuz,2018,march_july,demand_patc_r04,Eurasia,petroleum_and_other_liquid_fuels,-1.652453,,,,,,,,,,,,million_bbl,https://www.eia.gov/outlooks/steo/archives/feb18_base.xlsx,https://www.eia.gov/outlooks/steo/archives/jul18_base.xlsx,high_arithmetic_medium_measurement,"February STEO minus July STEO for the same monthly values, multiplied by calendar days. Positive is lower supply/demand in July than February had forecast.",Reference-year revision used to estimate ordinary STEO vintage movement.,"Vintage revision includes data updates, weather, macro changes, policy, outages and other contemporaneous events.",Regions and Russia are nested diagnostic rows; do not add them to the world total.
raw-2018-march_july-demand_patc_r05,raw_vintage_pair,primary_non_hormuz,2018,march_july,demand_patc_r05,Middle East,petroleum_and_other_liquid_fuels,-1.089027,,,,,,,,,,,,million_bbl,https://www.eia.gov/outlooks/steo/archives/feb18_base.xlsx,https://www.eia.gov/outlooks/steo/archives/jul18_base.xlsx,high_arithmetic_medium_measurement,"February STEO minus July STEO for the same monthly values, multiplied by calendar days. Positive is lower supply/demand in July than February had forecast.",Reference-year revision used to estimate ordinary STEO vintage movement.,"Vintage revision includes data updates, weather, macro changes, policy, outages and other contemporaneous events.",Regions and Russia are nested diagnostic rows; do not add them to the world total.
raw-2018-march_july-demand_patc_r06,raw_vintage_pair,primary_non_hormuz,2018,march_july,demand_patc_r06,Africa,petroleum_and_other_liquid_fuels,12.646959,,,,,,,,,,,,million_bbl,https://www.eia.gov/outlooks/steo/archives/feb18_base.xlsx,https://www.eia.gov/outlooks/steo/archives/jul18_base.xlsx,high_arithmetic_medium_measurement,"February STEO minus July STEO for the same monthly values, multiplied by calendar days. Positive is lower supply/demand in July than February had forecast.",Reference-year revision used to estimate ordinary STEO vintage movement.,"Vintage revision includes data updates, weather, macro changes, policy, outages and other contemporaneous events.",Regions and Russia are nested diagnostic rows; do not add them to the world total.
raw-2018-march_july-demand_patc_r07,raw_vintage_pair,primary_non_hormuz,2018,march_july,demand_patc_r07,Asia and Oceania,petroleum_and_other_liquid_fuels,-25.287582,,,,,,,,,,,,million_bbl,https://www.eia.gov/outlooks/steo/archives/feb18_base.xlsx,https://www.eia.gov/outlooks/steo/archives/jul18_base.xlsx,high_arithmetic_medium_measurement,"February STEO minus July STEO for the same monthly values, multiplied by calendar days. Positive is lower supply/demand in July than February had forecast.",Reference-year revision used to estimate ordinary STEO vintage movement.,"Vintage revision includes data updates, weather, macro changes, policy, outages and other contemporaneous events.",Regions and Russia are nested diagnostic rows; do not add them to the world total.
raw-2018-march_july-supply_t3b_papr_r01,raw_vintage_pair,primary_non_hormuz,2018,march_july,supply_t3b_papr_r01,North America non-OPEC supply,non_OPEC_petroleum_and_other_liquid_fuels,-64.072839,,,,,,,,,,,,million_bbl,https://www.eia.gov/outlooks/steo/archives/feb18_base.xlsx,https://www.eia.gov/outlooks/steo/archives/jul18_base.xlsx,high_arithmetic_medium_measurement,"February STEO minus July STEO for the same monthly values, multiplied by calendar days. Positive is lower supply/demand in July than February had forecast.",Reference-year revision used to estimate ordinary STEO vintage movement.,"Vintage revision includes data updates, weather, macro changes, policy, outages and other contemporaneous events.",Regions and Russia are nested diagnostic rows; do not add them to the world total.
raw-2018-march_july-supply_t3b_papr_r02,raw_vintage_pair,primary_non_hormuz,2018,march_july,supply_t3b_papr_r02,Central and South America non-OPEC supply,non_OPEC_petroleum_and_other_liquid_fuels,-18.255072,,,,,,,,,,,,million_bbl,https://www.eia.gov/outlooks/steo/archives/feb18_base.xlsx,https://www.eia.gov/outlooks/steo/archives/jul18_base.xlsx,high_arithmetic_medium_measurement,"February STEO minus July STEO for the same monthly values, multiplied by calendar days. Positive is lower supply/demand in July than February had forecast.",Reference-year revision used to estimate ordinary STEO vintage movement.,"Vintage revision includes data updates, weather, macro changes, policy, outages and other contemporaneous events.",Regions and Russia are nested diagnostic rows; do not add them to the world total.
raw-2018-march_july-supply_t3b_papr_r03,raw_vintage_pair,primary_non_hormuz,2018,march_july,supply_t3b_papr_r03,Europe non-OPEC supply,non_OPEC_petroleum_and_other_liquid_fuels,48.006499,,,,,,,,,,,,million_bbl,https://www.eia.gov/outlooks/steo/archives/feb18_base.xlsx,https://www.eia.gov/outlooks/steo/archives/jul18_base.xlsx,high_arithmetic_medium_measurement,"February STEO minus July STEO for the same monthly values, multiplied by calendar days. Positive is lower supply/demand in July than February had forecast.",Reference-year revision used to estimate ordinary STEO vintage movement.,"Vintage revision includes data updates, weather, macro changes, policy, outages and other contemporaneous events.",Regions and Russia are nested diagnostic rows; do not add them to the world total.
raw-2018-march_july-supply_t3b_papr_r04,raw_vintage_pair,primary_non_hormuz,2018,march_july,supply_t3b_papr_r04,Eurasia non-OPEC supply,non_OPEC_petroleum_and_other_liquid_fuels,-1.668462,,,,,,,,,,,,million_bbl,https://www.eia.gov/outlooks/steo/archives/feb18_base.xlsx,https://www.eia.gov/outlooks/steo/archives/jul18_base.xlsx,high_arithmetic_medium_measurement,"February STEO minus July STEO for the same monthly values, multiplied by calendar days. Positive is lower supply/demand in July than February had forecast.",Reference-year revision used to estimate ordinary STEO vintage movement.,"Vintage revision includes data updates, weather, macro changes, policy, outages and other contemporaneous events.",Regions and Russia are nested diagnostic rows; do not add them to the world total.
raw-2018-march_july-supply_t3b_papr_r05,raw_vintage_pair,primary_non_hormuz,2018,march_july,supply_t3b_papr_r05,Middle East non-OPEC supply,non_OPEC_petroleum_and_other_liquid_fuels,-1.02394,,,,,,,,,,,,million_bbl,https://www.eia.gov/outlooks/steo/archives/feb18_base.xlsx,https://www.eia.gov/outlooks/steo/archives/jul18_base.xlsx,high_arithmetic_medium_measurement,"February STEO minus July STEO for the same monthly values, multiplied by calendar days. Positive is lower supply/demand in July than February had forecast.",Reference-year revision used to estimate ordinary STEO vintage movement.,"Vintage revision includes data updates, weather, macro changes, policy, outages and other contemporaneous events.",Regions and Russia are nested diagnostic rows; do not add them to the world total.
raw-2018-march_july-supply_t3b_papr_r06,raw_vintage_pair,primary_non_hormuz,2018,march_july,supply_t3b_papr_r06,Africa non-OPEC supply,non_OPEC_petroleum_and_other_liquid_fuels,-10.215459,,,,,,,,,,,,million_bbl,https://www.eia.gov/outlooks/steo/archives/feb18_base.xlsx,https://www.eia.gov/outlooks/steo/archives/jul18_base.xlsx,high_arithmetic_medium_measurement,"February STEO minus July STEO for the same monthly values, multiplied by calendar days. Positive is lower supply/demand in July than February had forecast.",Reference-year revision used to estimate ordinary STEO vintage movement.,"Vintage revision includes data updates, weather, macro changes, policy, outages and other contemporaneous events.",Regions and Russia are nested diagnostic rows; do not add them to the world total.
raw-2018-march_july-supply_t3b_papr_r07,raw_vintage_pair,primary_non_hormuz,2018,march_july,supply_t3b_papr_r07,Asia and Oceania non-OPEC supply,non_OPEC_petroleum_and_other_liquid_fuels,5.738909,,,,,,,,,,,,million_bbl,https://www.eia.gov/outlooks/steo/archives/feb18_base.xlsx,https://www.eia.gov/outlooks/steo/archives/jul18_base.xlsx,high_arithmetic_medium_measurement,"February STEO minus July STEO for the same monthly values, multiplied by calendar days. Positive is lower supply/demand in July than February had forecast.",Reference-year revision used to estimate ordinary STEO vintage movement.,"Vintage revision includes data updates, weather, macro changes, policy, outages and other contemporaneous events.",Regions and Russia are nested diagnostic rows; do not add them to the world total.
raw-2019-march_june-global_supply,raw_vintage_pair,primary_non_hormuz,2019,march_june,global_supply,World,petroleum_and_other_liquid_fuels,154.886436,,,,,,,,,,,,million_bbl,https://www.eia.gov/outlooks/steo/archives/feb19_base.xlsx,https://www.eia.gov/outlooks/steo/archives/jul19_base.xlsx,high_arithmetic_medium_measurement,"February STEO minus July STEO for the same monthly values, multiplied by calendar days. Positive is lower supply/demand in July than February had forecast.",Reference-year revision used to estimate ordinary STEO vintage movement.,"Vintage revision includes data updates, weather, macro changes, policy, outages and other contemporaneous events.",Regions and Russia are nested diagnostic rows; do not add them to the world total.
raw-2019-march_june-global_demand,raw_vintage_pair,primary_non_hormuz,2019,march_june,global_demand,World,petroleum_and_other_liquid_fuels,121.108293,,,,,,,,,,,,million_bbl,https://www.eia.gov/outlooks/steo/archives/feb19_base.xlsx,https://www.eia.gov/outlooks/steo/archives/jul19_base.xlsx,high_arithmetic_medium_measurement,"February STEO minus July STEO for the same monthly values, multiplied by calendar days. Positive is lower supply/demand in July than February had forecast.",Reference-year revision used to estimate ordinary STEO vintage movement.,"Vintage revision includes data updates, weather, macro changes, policy, outages and other contemporaneous events.",Regions and Russia are nested diagnostic rows; do not add them to the world total.
raw-2019-march_june-russia_supply,raw_vintage_pair,primary_non_hormuz,2019,march_june,russia_supply,Russia,petroleum_and_other_liquid_fuels,-0.600474,,,,,,,,,,,,million_bbl,https://www.eia.gov/outlooks/steo/archives/feb19_base.xlsx,https://www.eia.gov/outlooks/steo/archives/jul19_base.xlsx,high_arithmetic_medium_measurement,"February STEO minus July STEO for the same monthly values, multiplied by calendar days. Positive is lower supply/demand in July than February had forecast.",Reference-year revision used to estimate ordinary STEO vintage movement.,"Vintage revision includes data updates, weather, macro changes, policy, outages and other contemporaneous events.",Regions and Russia are nested diagnostic rows; do not add them to the world total.
raw-2019-march_june-russia_demand,raw_vintage_pair,primary_non_hormuz,2019,march_june,russia_demand,Russia,petroleum_and_other_liquid_fuels,1.183918,,,,,,,,,,,,million_bbl,https://www.eia.gov/outlooks/steo/archives/feb19_base.xlsx,https://www.eia.gov/outlooks/steo/archives/jul19_base.xlsx,high_arithmetic_medium_measurement,"February STEO minus July STEO for the same monthly values, multiplied by calendar days. Positive is lower supply/demand in July than February had forecast.",Reference-year revision used to estimate ordinary STEO vintage movement.,"Vintage revision includes data updates, weather, macro changes, policy, outages and other contemporaneous events.",Regions and Russia are nested diagnostic rows; do not add them to the world total.
raw-2019-march_june-global_supply_ex_russia,raw_vintage_pair,primary_non_hormuz,2019,march_june,global_supply_ex_russia,World excluding Russia,petroleum_and_other_liquid_fuels,155.486909,,,,,,,,,,,,million_bbl,https://www.eia.gov/outlooks/steo/archives/feb19_base.xlsx,https://www.eia.gov/outlooks/steo/archives/jul19_base.xlsx,high_arithmetic_medium_measurement,"February STEO minus July STEO for the same monthly values, multiplied by calendar days. Positive is lower supply/demand in July than February had forecast.",Reference-year revision used to estimate ordinary STEO vintage movement.,"Vintage revision includes data updates, weather, macro changes, policy, outages and other contemporaneous events.",Regions and Russia are nested diagnostic rows; do not add them to the world total.
raw-2019-march_june-global_demand_ex_russia,raw_vintage_pair,primary_non_hormuz,2019,march_june,global_demand_ex_russia,World excluding Russia,petroleum_and_other_liquid_fuels,119.924375,,,,,,,,,,,,million_bbl,https://www.eia.gov/outlooks/steo/archives/feb19_base.xlsx,https://www.eia.gov/outlooks/steo/archives/jul19_base.xlsx,high_arithmetic_medium_measurement,"February STEO minus July STEO for the same monthly values, multiplied by calendar days. Positive is lower supply/demand in July than February had forecast.",Reference-year revision used to estimate ordinary STEO vintage movement.,"Vintage revision includes data updates, weather, macro changes, policy, outages and other contemporaneous events.",Regions and Russia are nested diagnostic rows; do not add them to the world total.
raw-2019-march_june-demand_patc_r01,raw_vintage_pair,primary_non_hormuz,2019,march_june,demand_patc_r01,North America,petroleum_and_other_liquid_fuels,76.123673,,,,,,,,,,,,million_bbl,https://www.eia.gov/outlooks/steo/archives/feb19_base.xlsx,https://www.eia.gov/outlooks/steo/archives/jul19_base.xlsx,high_arithmetic_medium_measurement,"February STEO minus July STEO for the same monthly values, multiplied by calendar days. Positive is lower supply/demand in July than February had forecast.",Reference-year revision used to estimate ordinary STEO vintage movement.,"Vintage revision includes data updates, weather, macro changes, policy, outages and other contemporaneous events.",Regions and Russia are nested diagnostic rows; do not add them to the world total.
raw-2019-march_june-demand_patc_r02,raw_vintage_pair,primary_non_hormuz,2019,march_june,demand_patc_r02,Central and South America,petroleum_and_other_liquid_fuels,11.045721,,,,,,,,,,,,million_bbl,https://www.eia.gov/outlooks/steo/archives/feb19_base.xlsx,https://www.eia.gov/outlooks/steo/archives/jul19_base.xlsx,high_arithmetic_medium_measurement,"February STEO minus July STEO for the same monthly values, multiplied by calendar days. Positive is lower supply/demand in July than February had forecast.",Reference-year revision used to estimate ordinary STEO vintage movement.,"Vintage revision includes data updates, weather, macro changes, policy, outages and other contemporaneous events.",Regions and Russia are nested diagnostic rows; do not add them to the world total.
raw-2019-march_june-demand_patc_r03,raw_vintage_pair,primary_non_hormuz,2019,march_june,demand_patc_r03,Europe,petroleum_and_other_liquid_fuels,22.8157,,,,,,,,,,,,million_bbl,https://www.eia.gov/outlooks/steo/archives/feb19_base.xlsx,https://www.eia.gov/outlooks/steo/archives/jul19_base.xlsx,high_arithmetic_medium_measurement,"February STEO minus July STEO for the same monthly values, multiplied by calendar days. Positive is lower supply/demand in July than February had forecast.",Reference-year revision used to estimate ordinary STEO vintage movement.,"Vintage revision includes data updates, weather, macro changes, policy, outages and other contemporaneous events.",Regions and Russia are nested diagnostic rows; do not add them to the world total.
raw-2019-march_june-demand_patc_r04,raw_vintage_pair,primary_non_hormuz,2019,march_june,demand_patc_r04,Eurasia,petroleum_and_other_liquid_fuels,1.183918,,,,,,,,,,,,million_bbl,https://www.eia.gov/outlooks/steo/archives/feb19_base.xlsx,https://www.eia.gov/outlooks/steo/archives/jul19_base.xlsx,high_arithmetic_medium_measurement,"February STEO minus July STEO for the same monthly values, multiplied by calendar days. Positive is lower supply/demand in July than February had forecast.",Reference-year revision used to estimate ordinary STEO vintage movement.,"Vintage revision includes data updates, weather, macro changes, policy, outages and other contemporaneous events.",Regions and Russia are nested diagnostic rows; do not add them to the world total.
raw-2019-march_june-demand_patc_r05,raw_vintage_pair,primary_non_hormuz,2019,march_june,demand_patc_r05,Middle East,petroleum_and_other_liquid_fuels,7.52558,,,,,,,,,,,,million_bbl,https://www.eia.gov/outlooks/steo/archives/feb19_base.xlsx,https://www.eia.gov/outlooks/steo/archives/jul19_base.xlsx,high_arithmetic_medium_measurement,"February STEO minus July STEO for the same monthly values, multiplied by calendar days. Positive is lower supply/demand in July than February had forecast.",Reference-year revision used to estimate ordinary STEO vintage movement.,"Vintage revision includes data updates, weather, macro changes, policy, outages and other contemporaneous events.",Regions and Russia are nested diagnostic rows; do not add them to the world total.
raw-2019-march_june-demand_patc_r06,raw_vintage_pair,primary_non_hormuz,2019,march_june,demand_patc_r06,Africa,petroleum_and_other_liquid_fuels,-3.309028,,,,,,,,,,,,million_bbl,https://www.eia.gov/outlooks/steo/archives/feb19_base.xlsx,https://www.eia.gov/outlooks/steo/archives/jul19_base.xlsx,high_arithmetic_medium_measurement,"February STEO minus July STEO for the same monthly values, multiplied by calendar days. Positive is lower supply/demand in July than February had forecast.",Reference-year revision used to estimate ordinary STEO vintage movement.,"Vintage revision includes data updates, weather, macro changes, policy, outages and other contemporaneous events.",Regions and Russia are nested diagnostic rows; do not add them to the world total.
raw-2019-march_june-demand_patc_r07,raw_vintage_pair,primary_non_hormuz,2019,march_june,demand_patc_r07,Asia and Oceania,petroleum_and_other_liquid_fuels,5.722729,,,,,,,,,,,,million_bbl,https://www.eia.gov/outlooks/steo/archives/feb19_base.xlsx,https://www.eia.gov/outlooks/steo/archives/jul19_base.xlsx,high_arithmetic_medium_measurement,"February STEO minus July STEO for the same monthly values, multiplied by calendar days. Positive is lower supply/demand in July than February had forecast.",Reference-year revision used to estimate ordinary STEO vintage movement.,"Vintage revision includes data updates, weather, macro changes, policy, outages and other contemporaneous events.",Regions and Russia are nested diagnostic rows; do not add them to the world total.
raw-2019-march_june-supply_t3b_papr_r01,raw_vintage_pair,primary_non_hormuz,2019,march_june,supply_t3b_papr_r01,North America non-OPEC supply,non_OPEC_petroleum_and_other_liquid_fuels,44.953395,,,,,,,,,,,,million_bbl,https://www.eia.gov/outlooks/steo/archives/feb19_base.xlsx,https://www.eia.gov/outlooks/steo/archives/jul19_base.xlsx,high_arithmetic_medium_measurement,"February STEO minus July STEO for the same monthly values, multiplied by calendar days. Positive is lower supply/demand in July than February had forecast.",Reference-year revision used to estimate ordinary STEO vintage movement.,"Vintage revision includes data updates, weather, macro changes, policy, outages and other contemporaneous events.",Regions and Russia are nested diagnostic rows; do not add them to the world total.
raw-2019-march_june-supply_t3b_papr_r02,raw_vintage_pair,primary_non_hormuz,2019,march_june,supply_t3b_papr_r02,Central and South America non-OPEC supply,non_OPEC_petroleum_and_other_liquid_fuels,24.460243,,,,,,,,,,,,million_bbl,https://www.eia.gov/outlooks/steo/archives/feb19_base.xlsx,https://www.eia.gov/outlooks/steo/archives/jul19_base.xlsx,high_arithmetic_medium_measurement,"February STEO minus July STEO for the same monthly values, multiplied by calendar days. Positive is lower supply/demand in July than February had forecast.",Reference-year revision used to estimate ordinary STEO vintage movement.,"Vintage revision includes data updates, weather, macro changes, policy, outages and other contemporaneous events.",Regions and Russia are nested diagnostic rows; do not add them to the world total.
raw-2019-march_june-supply_t3b_papr_r03,raw_vintage_pair,primary_non_hormuz,2019,march_june,supply_t3b_papr_r03,Europe non-OPEC supply,non_OPEC_petroleum_and_other_liquid_fuels,6.868116,,,,,,,,,,,,million_bbl,https://www.eia.gov/outlooks/steo/archives/feb19_base.xlsx,https://www.eia.gov/outlooks/steo/archives/jul19_base.xlsx,high_arithmetic_medium_measurement,"February STEO minus July STEO for the same monthly values, multiplied by calendar days. Positive is lower supply/demand in July than February had forecast.",Reference-year revision used to estimate ordinary STEO vintage movement.,"Vintage revision includes data updates, weather, macro changes, policy, outages and other contemporaneous events.",Regions and Russia are nested diagnostic rows; do not add them to the world total.
raw-2019-march_june-supply_t3b_papr_r04,raw_vintage_pair,primary_non_hormuz,2019,march_june,supply_t3b_papr_r04,Eurasia non-OPEC supply,non_OPEC_petroleum_and_other_liquid_fuels,0.551561,,,,,,,,,,,,million_bbl,https://www.eia.gov/outlooks/steo/archives/feb19_base.xlsx,https://www.eia.gov/outlooks/steo/archives/jul19_base.xlsx,high_arithmetic_medium_measurement,"February STEO minus July STEO for the same monthly values, multiplied by calendar days. Positive is lower supply/demand in July than February had forecast.",Reference-year revision used to estimate ordinary STEO vintage movement.,"Vintage revision includes data updates, weather, macro changes, policy, outages and other contemporaneous events.",Regions and Russia are nested diagnostic rows; do not add them to the world total.
raw-2019-march_june-supply_t3b_papr_r05,raw_vintage_pair,primary_non_hormuz,2019,march_june,supply_t3b_papr_r05,Middle East non-OPEC supply,non_OPEC_petroleum_and_other_liquid_fuels,-0.701209,,,,,,,,,,,,million_bbl,https://www.eia.gov/outlooks/steo/archives/feb19_base.xlsx,https://www.eia.gov/outlooks/steo/archives/jul19_base.xlsx,high_arithmetic_medium_measurement,"February STEO minus July STEO for the same monthly values, multiplied by calendar days. Positive is lower supply/demand in July than February had forecast.",Reference-year revision used to estimate ordinary STEO vintage movement.,"Vintage revision includes data updates, weather, macro changes, policy, outages and other contemporaneous events.",Regions and Russia are nested diagnostic rows; do not add them to the world total.
raw-2019-march_june-supply_t3b_papr_r06,raw_vintage_pair,primary_non_hormuz,2019,march_june,supply_t3b_papr_r06,Africa non-OPEC supply,non_OPEC_petroleum_and_other_liquid_fuels,-3.851423,,,,,,,,,,,,million_bbl,https://www.eia.gov/outlooks/steo/archives/feb19_base.xlsx,https://www.eia.gov/outlooks/steo/archives/jul19_base.xlsx,high_arithmetic_medium_measurement,"February STEO minus July STEO for the same monthly values, multiplied by calendar days. Positive is lower supply/demand in July than February had forecast.",Reference-year revision used to estimate ordinary STEO vintage movement.,"Vintage revision includes data updates, weather, macro changes, policy, outages and other contemporaneous events.",Regions and Russia are nested diagnostic rows; do not add them to the world total.
raw-2019-march_june-supply_t3b_papr_r07,raw_vintage_pair,primary_non_hormuz,2019,march_june,supply_t3b_papr_r07,Asia and Oceania non-OPEC supply,non_OPEC_petroleum_and_other_liquid_fuels,-10.314604,,,,,,,,,,,,million_bbl,https://www.eia.gov/outlooks/steo/archives/feb19_base.xlsx,https://www.eia.gov/outlooks/steo/archives/jul19_base.xlsx,high_arithmetic_medium_measurement,"February STEO minus July STEO for the same monthly values, multiplied by calendar days. Positive is lower supply/demand in July than February had forecast.",Reference-year revision used to estimate ordinary STEO vintage movement.,"Vintage revision includes data updates, weather, macro changes, policy, outages and other contemporaneous events.",Regions and Russia are nested diagnostic rows; do not add them to the world total.
raw-2019-march_july-global_supply,raw_vintage_pair,primary_non_hormuz,2019,march_july,global_supply,World,petroleum_and_other_liquid_fuels,178.113953,,,,,,,,,,,,million_bbl,https://www.eia.gov/outlooks/steo/archives/feb19_base.xlsx,https://www.eia.gov/outlooks/steo/archives/jul19_base.xlsx,high_arithmetic_medium_measurement,"February STEO minus July STEO for the same monthly values, multiplied by calendar days. Positive is lower supply/demand in July than February had forecast.",Reference-year revision used to estimate ordinary STEO vintage movement.,"Vintage revision includes data updates, weather, macro changes, policy, outages and other contemporaneous events.",Regions and Russia are nested diagnostic rows; do not add them to the world total.
raw-2019-march_july-global_demand,raw_vintage_pair,primary_non_hormuz,2019,march_july,global_demand,World,petroleum_and_other_liquid_fuels,122.922513,,,,,,,,,,,,million_bbl,https://www.eia.gov/outlooks/steo/archives/feb19_base.xlsx,https://www.eia.gov/outlooks/steo/archives/jul19_base.xlsx,high_arithmetic_medium_measurement,"February STEO minus July STEO for the same monthly values, multiplied by calendar days. Positive is lower supply/demand in July than February had forecast.",Reference-year revision used to estimate ordinary STEO vintage movement.,"Vintage revision includes data updates, weather, macro changes, policy, outages and other contemporaneous events.",Regions and Russia are nested diagnostic rows; do not add them to the world total.
raw-2019-march_july-russia_supply,raw_vintage_pair,primary_non_hormuz,2019,march_july,russia_supply,Russia,petroleum_and_other_liquid_fuels,-1.544375,,,,,,,,,,,,million_bbl,https://www.eia.gov/outlooks/steo/archives/feb19_base.xlsx,https://www.eia.gov/outlooks/steo/archives/jul19_base.xlsx,high_arithmetic_medium_measurement,"February STEO minus July STEO for the same monthly values, multiplied by calendar days. Positive is lower supply/demand in July than February had forecast.",Reference-year revision used to estimate ordinary STEO vintage movement.,"Vintage revision includes data updates, weather, macro changes, policy, outages and other contemporaneous events.",Regions and Russia are nested diagnostic rows; do not add them to the world total.
raw-2019-march_july-russia_demand,raw_vintage_pair,primary_non_hormuz,2019,march_july,russia_demand,Russia,petroleum_and_other_liquid_fuels,4.607078,,,,,,,,,,,,million_bbl,https://www.eia.gov/outlooks/steo/archives/feb19_base.xlsx,https://www.eia.gov/outlooks/steo/archives/jul19_base.xlsx,high_arithmetic_medium_measurement,"February STEO minus July STEO for the same monthly values, multiplied by calendar days. Positive is lower supply/demand in July than February had forecast.",Reference-year revision used to estimate ordinary STEO vintage movement.,"Vintage revision includes data updates, weather, macro changes, policy, outages and other contemporaneous events.",Regions and Russia are nested diagnostic rows; do not add them to the world total.
raw-2019-march_july-global_supply_ex_russia,raw_vintage_pair,primary_non_hormuz,2019,march_july,global_supply_ex_russia,World excluding Russia,petroleum_and_other_liquid_fuels,179.658328,,,,,,,,,,,,million_bbl,https://www.eia.gov/outlooks/steo/archives/feb19_base.xlsx,https://www.eia.gov/outlooks/steo/archives/jul19_base.xlsx,high_arithmetic_medium_measurement,"February STEO minus July STEO for the same monthly values, multiplied by calendar days. Positive is lower supply/demand in July than February had forecast.",Reference-year revision used to estimate ordinary STEO vintage movement.,"Vintage revision includes data updates, weather, macro changes, policy, outages and other contemporaneous events.",Regions and Russia are nested diagnostic rows; do not add them to the world total.
raw-2019-march_july-global_demand_ex_russia,raw_vintage_pair,primary_non_hormuz,2019,march_july,global_demand_ex_russia,World excluding Russia,petroleum_and_other_liquid_fuels,118.315435,,,,,,,,,,,,million_bbl,https://www.eia.gov/outlooks/steo/archives/feb19_base.xlsx,https://www.eia.gov/outlooks/steo/archives/jul19_base.xlsx,high_arithmetic_medium_measurement,"February STEO minus July STEO for the same monthly values, multiplied by calendar days. Positive is lower supply/demand in July than February had forecast.",Reference-year revision used to estimate ordinary STEO vintage movement.,"Vintage revision includes data updates, weather, macro changes, policy, outages and other contemporaneous events.",Regions and Russia are nested diagnostic rows; do not add them to the world total.
raw-2019-march_july-demand_patc_r01,raw_vintage_pair,primary_non_hormuz,2019,march_july,demand_patc_r01,North America,petroleum_and_other_liquid_fuels,74.509438,,,,,,,,,,,,million_bbl,https://www.eia.gov/outlooks/steo/archives/feb19_base.xlsx,https://www.eia.gov/outlooks/steo/archives/jul19_base.xlsx,high_arithmetic_medium_measurement,"February STEO minus July STEO for the same monthly values, multiplied by calendar days. Positive is lower supply/demand in July than February had forecast.",Reference-year revision used to estimate ordinary STEO vintage movement.,"Vintage revision includes data updates, weather, macro changes, policy, outages and other contemporaneous events.",Regions and Russia are nested diagnostic rows; do not add them to the world total.
raw-2019-march_july-demand_patc_r02,raw_vintage_pair,primary_non_hormuz,2019,march_july,demand_patc_r02,Central and South America,petroleum_and_other_liquid_fuels,14.450664,,,,,,,,,,,,million_bbl,https://www.eia.gov/outlooks/steo/archives/feb19_base.xlsx,https://www.eia.gov/outlooks/steo/archives/jul19_base.xlsx,high_arithmetic_medium_measurement,"February STEO minus July STEO for the same monthly values, multiplied by calendar days. Positive is lower supply/demand in July than February had forecast.",Reference-year revision used to estimate ordinary STEO vintage movement.,"Vintage revision includes data updates, weather, macro changes, policy, outages and other contemporaneous events.",Regions and Russia are nested diagnostic rows; do not add them to the world total.
raw-2019-march_july-demand_patc_r03,raw_vintage_pair,primary_non_hormuz,2019,march_july,demand_patc_r03,Europe,petroleum_and_other_liquid_fuels,26.816094,,,,,,,,,,,,million_bbl,https://www.eia.gov/outlooks/steo/archives/feb19_base.xlsx,https://www.eia.gov/outlooks/steo/archives/jul19_base.xlsx,high_arithmetic_medium_measurement,"February STEO minus July STEO for the same monthly values, multiplied by calendar days. Positive is lower supply/demand in July than February had forecast.",Reference-year revision used to estimate ordinary STEO vintage movement.,"Vintage revision includes data updates, weather, macro changes, policy, outages and other contemporaneous events.",Regions and Russia are nested diagnostic rows; do not add them to the world total.
raw-2019-march_july-demand_patc_r04,raw_vintage_pair,primary_non_hormuz,2019,march_july,demand_patc_r04,Eurasia,petroleum_and_other_liquid_fuels,4.607078,,,,,,,,,,,,million_bbl,https://www.eia.gov/outlooks/steo/archives/feb19_base.xlsx,https://www.eia.gov/outlooks/steo/archives/jul19_base.xlsx,high_arithmetic_medium_measurement,"February STEO minus July STEO for the same monthly values, multiplied by calendar days. Positive is lower supply/demand in July than February had forecast.",Reference-year revision used to estimate ordinary STEO vintage movement.,"Vintage revision includes data updates, weather, macro changes, policy, outages and other contemporaneous events.",Regions and Russia are nested diagnostic rows; do not add them to the world total.
raw-2019-march_july-demand_patc_r05,raw_vintage_pair,primary_non_hormuz,2019,march_july,demand_patc_r05,Middle East,petroleum_and_other_liquid_fuels,6.328227,,,,,,,,,,,,million_bbl,https://www.eia.gov/outlooks/steo/archives/feb19_base.xlsx,https://www.eia.gov/outlooks/steo/archives/jul19_base.xlsx,high_arithmetic_medium_measurement,"February STEO minus July STEO for the same monthly values, multiplied by calendar days. Positive is lower supply/demand in July than February had forecast.",Reference-year revision used to estimate ordinary STEO vintage movement.,"Vintage revision includes data updates, weather, macro changes, policy, outages and other contemporaneous events.",Regions and Russia are nested diagnostic rows; do not add them to the world total.
raw-2019-march_july-demand_patc_r06,raw_vintage_pair,primary_non_hormuz,2019,march_july,demand_patc_r06,Africa,petroleum_and_other_liquid_fuels,-3.73871,,,,,,,,,,,,million_bbl,https://www.eia.gov/outlooks/steo/archives/feb19_base.xlsx,https://www.eia.gov/outlooks/steo/archives/jul19_base.xlsx,high_arithmetic_medium_measurement,"February STEO minus July STEO for the same monthly values, multiplied by calendar days. Positive is lower supply/demand in July than February had forecast.",Reference-year revision used to estimate ordinary STEO vintage movement.,"Vintage revision includes data updates, weather, macro changes, policy, outages and other contemporaneous events.",Regions and Russia are nested diagnostic rows; do not add them to the world total.
raw-2019-march_july-demand_patc_r07,raw_vintage_pair,primary_non_hormuz,2019,march_july,demand_patc_r07,Asia and Oceania,petroleum_and_other_liquid_fuels,-0.050277,,,,,,,,,,,,million_bbl,https://www.eia.gov/outlooks/steo/archives/feb19_base.xlsx,https://www.eia.gov/outlooks/steo/archives/jul19_base.xlsx,high_arithmetic_medium_measurement,"February STEO minus July STEO for the same monthly values, multiplied by calendar days. Positive is lower supply/demand in July than February had forecast.",Reference-year revision used to estimate ordinary STEO vintage movement.,"Vintage revision includes data updates, weather, macro changes, policy, outages and other contemporaneous events.",Regions and Russia are nested diagnostic rows; do not add them to the world total.
raw-2019-march_july-supply_t3b_papr_r01,raw_vintage_pair,primary_non_hormuz,2019,march_july,supply_t3b_papr_r01,North America non-OPEC supply,non_OPEC_petroleum_and_other_liquid_fuels,35.364234,,,,,,,,,,,,million_bbl,https://www.eia.gov/outlooks/steo/archives/feb19_base.xlsx,https://www.eia.gov/outlooks/steo/archives/jul19_base.xlsx,high_arithmetic_medium_measurement,"February STEO minus July STEO for the same monthly values, multiplied by calendar days. Positive is lower supply/demand in July than February had forecast.",Reference-year revision used to estimate ordinary STEO vintage movement.,"Vintage revision includes data updates, weather, macro changes, policy, outages and other contemporaneous events.",Regions and Russia are nested diagnostic rows; do not add them to the world total.
raw-2019-march_july-supply_t3b_papr_r02,raw_vintage_pair,primary_non_hormuz,2019,march_july,supply_t3b_papr_r02,Central and South America non-OPEC supply,non_OPEC_petroleum_and_other_liquid_fuels,24.131923,,,,,,,,,,,,million_bbl,https://www.eia.gov/outlooks/steo/archives/feb19_base.xlsx,https://www.eia.gov/outlooks/steo/archives/jul19_base.xlsx,high_arithmetic_medium_measurement,"February STEO minus July STEO for the same monthly values, multiplied by calendar days. Positive is lower supply/demand in July than February had forecast.",Reference-year revision used to estimate ordinary STEO vintage movement.,"Vintage revision includes data updates, weather, macro changes, policy, outages and other contemporaneous events.",Regions and Russia are nested diagnostic rows; do not add them to the world total.
raw-2019-march_july-supply_t3b_papr_r03,raw_vintage_pair,primary_non_hormuz,2019,march_july,supply_t3b_papr_r03,Europe non-OPEC supply,non_OPEC_petroleum_and_other_liquid_fuels,9.729499,,,,,,,,,,,,million_bbl,https://www.eia.gov/outlooks/steo/archives/feb19_base.xlsx,https://www.eia.gov/outlooks/steo/archives/jul19_base.xlsx,high_arithmetic_medium_measurement,"February STEO minus July STEO for the same monthly values, multiplied by calendar days. Positive is lower supply/demand in July than February had forecast.",Reference-year revision used to estimate ordinary STEO vintage movement.,"Vintage revision includes data updates, weather, macro changes, policy, outages and other contemporaneous events.",Regions and Russia are nested diagnostic rows; do not add them to the world total.
raw-2019-march_july-supply_t3b_papr_r04,raw_vintage_pair,primary_non_hormuz,2019,march_july,supply_t3b_papr_r04,Eurasia non-OPEC supply,non_OPEC_petroleum_and_other_liquid_fuels,-1.908619,,,,,,,,,,,,million_bbl,https://www.eia.gov/outlooks/steo/archives/feb19_base.xlsx,https://www.eia.gov/outlooks/steo/archives/jul19_base.xlsx,high_arithmetic_medium_measurement,"February STEO minus July STEO for the same monthly values, multiplied by calendar days. Positive is lower supply/demand in July than February had forecast.",Reference-year revision used to estimate ordinary STEO vintage movement.,"Vintage revision includes data updates, weather, macro changes, policy, outages and other contemporaneous events.",Regions and Russia are nested diagnostic rows; do not add them to the world total.
raw-2019-march_july-supply_t3b_papr_r05,raw_vintage_pair,primary_non_hormuz,2019,march_july,supply_t3b_papr_r05,Middle East non-OPEC supply,non_OPEC_petroleum_and_other_liquid_fuels,-1.503189,,,,,,,,,,,,million_bbl,https://www.eia.gov/outlooks/steo/archives/feb19_base.xlsx,https://www.eia.gov/outlooks/steo/archives/jul19_base.xlsx,high_arithmetic_medium_measurement,"February STEO minus July STEO for the same monthly values, multiplied by calendar days. Positive is lower supply/demand in July than February had forecast.",Reference-year revision used to estimate ordinary STEO vintage movement.,"Vintage revision includes data updates, weather, macro changes, policy, outages and other contemporaneous events.",Regions and Russia are nested diagnostic rows; do not add them to the world total.
raw-2019-march_july-supply_t3b_papr_r06,raw_vintage_pair,primary_non_hormuz,2019,march_july,supply_t3b_papr_r06,Africa non-OPEC supply,non_OPEC_petroleum_and_other_liquid_fuels,-4.133582,,,,,,,,,,,,million_bbl,https://www.eia.gov/outlooks/steo/archives/feb19_base.xlsx,https://www.eia.gov/outlooks/steo/archives/jul19_base.xlsx,high_arithmetic_medium_measurement,"February STEO minus July STEO for the same monthly values, multiplied by calendar days. Positive is lower supply/demand in July than February had forecast.",Reference-year revision used to estimate ordinary STEO vintage movement.,"Vintage revision includes data updates, weather, macro changes, policy, outages and other contemporaneous events.",Regions and Russia are nested diagnostic rows; do not add them to the world total.
raw-2019-march_july-supply_t3b_papr_r07,raw_vintage_pair,primary_non_hormuz,2019,march_july,supply_t3b_papr_r07,Asia and Oceania non-OPEC supply,non_OPEC_petroleum_and_other_liquid_fuels,-8.583372,,,,,,,,,,,,million_bbl,https://www.eia.gov/outlooks/steo/archives/feb19_base.xlsx,https://www.eia.gov/outlooks/steo/archives/jul19_base.xlsx,high_arithmetic_medium_measurement,"February STEO minus July STEO for the same monthly values, multiplied by calendar days. Positive is lower supply/demand in July than February had forecast.",Reference-year revision used to estimate ordinary STEO vintage movement.,"Vintage revision includes data updates, weather, macro changes, policy, outages and other contemporaneous events.",Regions and Russia are nested diagnostic rows; do not add them to the world total.
raw-2023-march_june-global_supply,raw_vintage_pair,primary_non_hormuz,2023,march_june,global_supply,World,petroleum_and_other_liquid_fuels,-70.733376,,,,,,,,,,,,million_bbl,https://www.eia.gov/outlooks/steo/archives/feb23_base.xlsx,https://www.eia.gov/outlooks/steo/archives/jul23_base.xlsx,high_arithmetic_medium_measurement,"February STEO minus July STEO for the same monthly values, multiplied by calendar days. Positive is lower supply/demand in July than February had forecast.",Reference-year revision used to estimate ordinary STEO vintage movement.,"Vintage revision includes data updates, weather, macro changes, policy, outages and other contemporaneous events.",Regions and Russia are nested diagnostic rows; do not add them to the world total.
raw-2023-march_june-global_demand,raw_vintage_pair,primary_non_hormuz,2023,march_june,global_demand,World,petroleum_and_other_liquid_fuels,-107.343813,,,,,,,,,,,,million_bbl,https://www.eia.gov/outlooks/steo/archives/feb23_base.xlsx,https://www.eia.gov/outlooks/steo/archives/jul23_base.xlsx,high_arithmetic_medium_measurement,"February STEO minus July STEO for the same monthly values, multiplied by calendar days. Positive is lower supply/demand in July than February had forecast.",Reference-year revision used to estimate ordinary STEO vintage movement.,"Vintage revision includes data updates, weather, macro changes, policy, outages and other contemporaneous events.",Regions and Russia are nested diagnostic rows; do not add them to the world total.
raw-2023-march_june-russia_supply,raw_vintage_pair,primary_non_hormuz,2023,march_june,russia_supply,Russia,petroleum_and_other_liquid_fuels,-124.979261,,,,,,,,,,,,million_bbl,https://www.eia.gov/outlooks/steo/archives/feb23_base.xlsx,https://www.eia.gov/outlooks/steo/archives/jul23_base.xlsx,high_arithmetic_medium_measurement,"February STEO minus July STEO for the same monthly values, multiplied by calendar days. Positive is lower supply/demand in July than February had forecast.",Reference-year revision used to estimate ordinary STEO vintage movement.,"Vintage revision includes data updates, weather, macro changes, policy, outages and other contemporaneous events.",Regions and Russia are nested diagnostic rows; do not add them to the world total.
raw-2023-march_june-russia_demand,raw_vintage_pair,primary_non_hormuz,2023,march_june,russia_demand,Russia,petroleum_and_other_liquid_fuels,-12.335559,,,,,,,,,,,,million_bbl,https://www.eia.gov/outlooks/steo/archives/feb23_base.xlsx,https://www.eia.gov/outlooks/steo/archives/jul23_base.xlsx,high_arithmetic_medium_measurement,"February STEO minus July STEO for the same monthly values, multiplied by calendar days. Positive is lower supply/demand in July than February had forecast.",Reference-year revision used to estimate ordinary STEO vintage movement.,"Vintage revision includes data updates, weather, macro changes, policy, outages and other contemporaneous events.",Regions and Russia are nested diagnostic rows; do not add them to the world total.
raw-2023-march_june-global_supply_ex_russia,raw_vintage_pair,primary_non_hormuz,2023,march_june,global_supply_ex_russia,World excluding Russia,petroleum_and_other_liquid_fuels,54.245885,,,,,,,,,,,,million_bbl,https://www.eia.gov/outlooks/steo/archives/feb23_base.xlsx,https://www.eia.gov/outlooks/steo/archives/jul23_base.xlsx,high_arithmetic_medium_measurement,"February STEO minus July STEO for the same monthly values, multiplied by calendar days. Positive is lower supply/demand in July than February had forecast.",Reference-year revision used to estimate ordinary STEO vintage movement.,"Vintage revision includes data updates, weather, macro changes, policy, outages and other contemporaneous events.",Regions and Russia are nested diagnostic rows; do not add them to the world total.
raw-2023-march_june-global_demand_ex_russia,raw_vintage_pair,primary_non_hormuz,2023,march_june,global_demand_ex_russia,World excluding Russia,petroleum_and_other_liquid_fuels,-95.008253,,,,,,,,,,,,million_bbl,https://www.eia.gov/outlooks/steo/archives/feb23_base.xlsx,https://www.eia.gov/outlooks/steo/archives/jul23_base.xlsx,high_arithmetic_medium_measurement,"February STEO minus July STEO for the same monthly values, multiplied by calendar days. Positive is lower supply/demand in July than February had forecast.",Reference-year revision used to estimate ordinary STEO vintage movement.,"Vintage revision includes data updates, weather, macro changes, policy, outages and other contemporaneous events.",Regions and Russia are nested diagnostic rows; do not add them to the world total.
raw-2023-march_june-demand_patc_r01,raw_vintage_pair,primary_non_hormuz,2023,march_june,demand_patc_r01,North America,petroleum_and_other_liquid_fuels,-26.555699,,,,,,,,,,,,million_bbl,https://www.eia.gov/outlooks/steo/archives/feb23_base.xlsx,https://www.eia.gov/outlooks/steo/archives/jul23_base.xlsx,high_arithmetic_medium_measurement,"February STEO minus July STEO for the same monthly values, multiplied by calendar days. Positive is lower supply/demand in July than February had forecast.",Reference-year revision used to estimate ordinary STEO vintage movement.,"Vintage revision includes data updates, weather, macro changes, policy, outages and other contemporaneous events.",Regions and Russia are nested diagnostic rows; do not add them to the world total.
raw-2023-march_june-demand_patc_r02,raw_vintage_pair,primary_non_hormuz,2023,march_june,demand_patc_r02,Central and South America,petroleum_and_other_liquid_fuels,-12.394038,,,,,,,,,,,,million_bbl,https://www.eia.gov/outlooks/steo/archives/feb23_base.xlsx,https://www.eia.gov/outlooks/steo/archives/jul23_base.xlsx,high_arithmetic_medium_measurement,"February STEO minus July STEO for the same monthly values, multiplied by calendar days. Positive is lower supply/demand in July than February had forecast.",Reference-year revision used to estimate ordinary STEO vintage movement.,"Vintage revision includes data updates, weather, macro changes, policy, outages and other contemporaneous events.",Regions and Russia are nested diagnostic rows; do not add them to the world total.
raw-2023-march_june-demand_patc_r03,raw_vintage_pair,primary_non_hormuz,2023,march_june,demand_patc_r03,Europe,petroleum_and_other_liquid_fuels,-12.479638,,,,,,,,,,,,million_bbl,https://www.eia.gov/outlooks/steo/archives/feb23_base.xlsx,https://www.eia.gov/outlooks/steo/archives/jul23_base.xlsx,high_arithmetic_medium_measurement,"February STEO minus July STEO for the same monthly values, multiplied by calendar days. Positive is lower supply/demand in July than February had forecast.",Reference-year revision used to estimate ordinary STEO vintage movement.,"Vintage revision includes data updates, weather, macro changes, policy, outages and other contemporaneous events.",Regions and Russia are nested diagnostic rows; do not add them to the world total.
raw-2023-march_june-demand_patc_r04,raw_vintage_pair,primary_non_hormuz,2023,march_june,demand_patc_r04,Eurasia,petroleum_and_other_liquid_fuels,-12.010177,,,,,,,,,,,,million_bbl,https://www.eia.gov/outlooks/steo/archives/feb23_base.xlsx,https://www.eia.gov/outlooks/steo/archives/jul23_base.xlsx,high_arithmetic_medium_measurement,"February STEO minus July STEO for the same monthly values, multiplied by calendar days. Positive is lower supply/demand in July than February had forecast.",Reference-year revision used to estimate ordinary STEO vintage movement.,"Vintage revision includes data updates, weather, macro changes, policy, outages and other contemporaneous events.",Regions and Russia are nested diagnostic rows; do not add them to the world total.
raw-2023-march_june-demand_patc_r05,raw_vintage_pair,primary_non_hormuz,2023,march_june,demand_patc_r05,Middle East,petroleum_and_other_liquid_fuels,3.47259,,,,,,,,,,,,million_bbl,https://www.eia.gov/outlooks/steo/archives/feb23_base.xlsx,https://www.eia.gov/outlooks/steo/archives/jul23_base.xlsx,high_arithmetic_medium_measurement,"February STEO minus July STEO for the same monthly values, multiplied by calendar days. Positive is lower supply/demand in July than February had forecast.",Reference-year revision used to estimate ordinary STEO vintage movement.,"Vintage revision includes data updates, weather, macro changes, policy, outages and other contemporaneous events.",Regions and Russia are nested diagnostic rows; do not add them to the world total.
raw-2023-march_june-demand_patc_r06,raw_vintage_pair,primary_non_hormuz,2023,march_june,demand_patc_r06,Africa,petroleum_and_other_liquid_fuels,-0.457134,,,,,,,,,,,,million_bbl,https://www.eia.gov/outlooks/steo/archives/feb23_base.xlsx,https://www.eia.gov/outlooks/steo/archives/jul23_base.xlsx,high_arithmetic_medium_measurement,"February STEO minus July STEO for the same monthly values, multiplied by calendar days. Positive is lower supply/demand in July than February had forecast.",Reference-year revision used to estimate ordinary STEO vintage movement.,"Vintage revision includes data updates, weather, macro changes, policy, outages and other contemporaneous events.",Regions and Russia are nested diagnostic rows; do not add them to the world total.
raw-2023-march_june-demand_patc_r07,raw_vintage_pair,primary_non_hormuz,2023,march_june,demand_patc_r07,Asia and Oceania,petroleum_and_other_liquid_fuels,-46.919716,,,,,,,,,,,,million_bbl,https://www.eia.gov/outlooks/steo/archives/feb23_base.xlsx,https://www.eia.gov/outlooks/steo/archives/jul23_base.xlsx,high_arithmetic_medium_measurement,"February STEO minus July STEO for the same monthly values, multiplied by calendar days. Positive is lower supply/demand in July than February had forecast.",Reference-year revision used to estimate ordinary STEO vintage movement.,"Vintage revision includes data updates, weather, macro changes, policy, outages and other contemporaneous events.",Regions and Russia are nested diagnostic rows; do not add them to the world total.
raw-2023-march_june-supply_t3b_papr_r01,raw_vintage_pair,primary_non_hormuz,2023,march_june,supply_t3b_papr_r01,North America non-OPEC supply,non_OPEC_petroleum_and_other_liquid_fuels,-35.501049,,,,,,,,,,,,million_bbl,https://www.eia.gov/outlooks/steo/archives/feb23_base.xlsx,https://www.eia.gov/outlooks/steo/archives/jul23_base.xlsx,high_arithmetic_medium_measurement,"February STEO minus July STEO for the same monthly values, multiplied by calendar days. Positive is lower supply/demand in July than February had forecast.",Reference-year revision used to estimate ordinary STEO vintage movement.,"Vintage revision includes data updates, weather, macro changes, policy, outages and other contemporaneous events.",Regions and Russia are nested diagnostic rows; do not add them to the world total.
raw-2023-march_june-supply_t3b_papr_r02,raw_vintage_pair,primary_non_hormuz,2023,march_june,supply_t3b_papr_r02,Central and South America non-OPEC supply,non_OPEC_petroleum_and_other_liquid_fuels,16.665785,,,,,,,,,,,,million_bbl,https://www.eia.gov/outlooks/steo/archives/feb23_base.xlsx,https://www.eia.gov/outlooks/steo/archives/jul23_base.xlsx,high_arithmetic_medium_measurement,"February STEO minus July STEO for the same monthly values, multiplied by calendar days. Positive is lower supply/demand in July than February had forecast.",Reference-year revision used to estimate ordinary STEO vintage movement.,"Vintage revision includes data updates, weather, macro changes, policy, outages and other contemporaneous events.",Regions and Russia are nested diagnostic rows; do not add them to the world total.
raw-2023-march_june-supply_t3b_papr_r03,raw_vintage_pair,primary_non_hormuz,2023,march_june,supply_t3b_papr_r03,Europe non-OPEC supply,non_OPEC_petroleum_and_other_liquid_fuels,36.67418,,,,,,,,,,,,million_bbl,https://www.eia.gov/outlooks/steo/archives/feb23_base.xlsx,https://www.eia.gov/outlooks/steo/archives/jul23_base.xlsx,high_arithmetic_medium_measurement,"February STEO minus July STEO for the same monthly values, multiplied by calendar days. Positive is lower supply/demand in July than February had forecast.",Reference-year revision used to estimate ordinary STEO vintage movement.,"Vintage revision includes data updates, weather, macro changes, policy, outages and other contemporaneous events.",Regions and Russia are nested diagnostic rows; do not add them to the world total.
raw-2023-march_june-supply_t3b_papr_r04,raw_vintage_pair,primary_non_hormuz,2023,march_june,supply_t3b_papr_r04,Eurasia non-OPEC supply,non_OPEC_petroleum_and_other_liquid_fuels,-120.644844,,,,,,,,,,,,million_bbl,https://www.eia.gov/outlooks/steo/archives/feb23_base.xlsx,https://www.eia.gov/outlooks/steo/archives/jul23_base.xlsx,high_arithmetic_medium_measurement,"February STEO minus July STEO for the same monthly values, multiplied by calendar days. Positive is lower supply/demand in July than February had forecast.",Reference-year revision used to estimate ordinary STEO vintage movement.,"Vintage revision includes data updates, weather, macro changes, policy, outages and other contemporaneous events.",Regions and Russia are nested diagnostic rows; do not add them to the world total.
raw-2023-march_june-supply_t3b_papr_r05,raw_vintage_pair,primary_non_hormuz,2023,march_june,supply_t3b_papr_r05,Middle East non-OPEC supply,non_OPEC_petroleum_and_other_liquid_fuels,3.881647,,,,,,,,,,,,million_bbl,https://www.eia.gov/outlooks/steo/archives/feb23_base.xlsx,https://www.eia.gov/outlooks/steo/archives/jul23_base.xlsx,high_arithmetic_medium_measurement,"February STEO minus July STEO for the same monthly values, multiplied by calendar days. Positive is lower supply/demand in July than February had forecast.",Reference-year revision used to estimate ordinary STEO vintage movement.,"Vintage revision includes data updates, weather, macro changes, policy, outages and other contemporaneous events.",Regions and Russia are nested diagnostic rows; do not add them to the world total.
raw-2023-march_june-supply_t3b_papr_r06,raw_vintage_pair,primary_non_hormuz,2023,march_june,supply_t3b_papr_r06,Africa non-OPEC supply,non_OPEC_petroleum_and_other_liquid_fuels,6.617404,,,,,,,,,,,,million_bbl,https://www.eia.gov/outlooks/steo/archives/feb23_base.xlsx,https://www.eia.gov/outlooks/steo/archives/jul23_base.xlsx,high_arithmetic_medium_measurement,"February STEO minus July STEO for the same monthly values, multiplied by calendar days. Positive is lower supply/demand in July than February had forecast.",Reference-year revision used to estimate ordinary STEO vintage movement.,"Vintage revision includes data updates, weather, macro changes, policy, outages and other contemporaneous events.",Regions and Russia are nested diagnostic rows; do not add them to the world total.
raw-2023-march_june-supply_t3b_papr_r07,raw_vintage_pair,primary_non_hormuz,2023,march_june,supply_t3b_papr_r07,Asia and Oceania non-OPEC supply,non_OPEC_petroleum_and_other_liquid_fuels,-10.832706,,,,,,,,,,,,million_bbl,https://www.eia.gov/outlooks/steo/archives/feb23_base.xlsx,https://www.eia.gov/outlooks/steo/archives/jul23_base.xlsx,high_arithmetic_medium_measurement,"February STEO minus July STEO for the same monthly values, multiplied by calendar days. Positive is lower supply/demand in July than February had forecast.",Reference-year revision used to estimate ordinary STEO vintage movement.,"Vintage revision includes data updates, weather, macro changes, policy, outages and other contemporaneous events.",Regions and Russia are nested diagnostic rows; do not add them to the world total.
raw-2023-march_july-global_supply,raw_vintage_pair,primary_non_hormuz,2023,march_july,global_supply,World,petroleum_and_other_liquid_fuels,-37.11504,,,,,,,,,,,,million_bbl,https://www.eia.gov/outlooks/steo/archives/feb23_base.xlsx,https://www.eia.gov/outlooks/steo/archives/jul23_base.xlsx,high_arithmetic_medium_measurement,"February STEO minus July STEO for the same monthly values, multiplied by calendar days. Positive is lower supply/demand in July than February had forecast.",Reference-year revision used to estimate ordinary STEO vintage movement.,"Vintage revision includes data updates, weather, macro changes, policy, outages and other contemporaneous events.",Regions and Russia are nested diagnostic rows; do not add them to the world total.
raw-2023-march_july-global_demand,raw_vintage_pair,primary_non_hormuz,2023,march_july,global_demand,World,petroleum_and_other_liquid_fuels,-129.478228,,,,,,,,,,,,million_bbl,https://www.eia.gov/outlooks/steo/archives/feb23_base.xlsx,https://www.eia.gov/outlooks/steo/archives/jul23_base.xlsx,high_arithmetic_medium_measurement,"February STEO minus July STEO for the same monthly values, multiplied by calendar days. Positive is lower supply/demand in July than February had forecast.",Reference-year revision used to estimate ordinary STEO vintage movement.,"Vintage revision includes data updates, weather, macro changes, policy, outages and other contemporaneous events.",Regions and Russia are nested diagnostic rows; do not add them to the world total.
raw-2023-march_july-russia_supply,raw_vintage_pair,primary_non_hormuz,2023,march_july,russia_supply,Russia,petroleum_and_other_liquid_fuels,-150.560299,,,,,,,,,,,,million_bbl,https://www.eia.gov/outlooks/steo/archives/feb23_base.xlsx,https://www.eia.gov/outlooks/steo/archives/jul23_base.xlsx,high_arithmetic_medium_measurement,"February STEO minus July STEO for the same monthly values, multiplied by calendar days. Positive is lower supply/demand in July than February had forecast.",Reference-year revision used to estimate ordinary STEO vintage movement.,"Vintage revision includes data updates, weather, macro changes, policy, outages and other contemporaneous events.",Regions and Russia are nested diagnostic rows; do not add them to the world total.
raw-2023-march_july-russia_demand,raw_vintage_pair,primary_non_hormuz,2023,march_july,russia_demand,Russia,petroleum_and_other_liquid_fuels,-15.484414,,,,,,,,,,,,million_bbl,https://www.eia.gov/outlooks/steo/archives/feb23_base.xlsx,https://www.eia.gov/outlooks/steo/archives/jul23_base.xlsx,high_arithmetic_medium_measurement,"February STEO minus July STEO for the same monthly values, multiplied by calendar days. Positive is lower supply/demand in July than February had forecast.",Reference-year revision used to estimate ordinary STEO vintage movement.,"Vintage revision includes data updates, weather, macro changes, policy, outages and other contemporaneous events.",Regions and Russia are nested diagnostic rows; do not add them to the world total.
raw-2023-march_july-global_supply_ex_russia,raw_vintage_pair,primary_non_hormuz,2023,march_july,global_supply_ex_russia,World excluding Russia,petroleum_and_other_liquid_fuels,113.445259,,,,,,,,,,,,million_bbl,https://www.eia.gov/outlooks/steo/archives/feb23_base.xlsx,https://www.eia.gov/outlooks/steo/archives/jul23_base.xlsx,high_arithmetic_medium_measurement,"February STEO minus July STEO for the same monthly values, multiplied by calendar days. Positive is lower supply/demand in July than February had forecast.",Reference-year revision used to estimate ordinary STEO vintage movement.,"Vintage revision includes data updates, weather, macro changes, policy, outages and other contemporaneous events.",Regions and Russia are nested diagnostic rows; do not add them to the world total.
raw-2023-march_july-global_demand_ex_russia,raw_vintage_pair,primary_non_hormuz,2023,march_july,global_demand_ex_russia,World excluding Russia,petroleum_and_other_liquid_fuels,-113.993813,,,,,,,,,,,,million_bbl,https://www.eia.gov/outlooks/steo/archives/feb23_base.xlsx,https://www.eia.gov/outlooks/steo/archives/jul23_base.xlsx,high_arithmetic_medium_measurement,"February STEO minus July STEO for the same monthly values, multiplied by calendar days. Positive is lower supply/demand in July than February had forecast.",Reference-year revision used to estimate ordinary STEO vintage movement.,"Vintage revision includes data updates, weather, macro changes, policy, outages and other contemporaneous events.",Regions and Russia are nested diagnostic rows; do not add them to the world total.
raw-2023-march_july-demand_patc_r01,raw_vintage_pair,primary_non_hormuz,2023,march_july,demand_patc_r01,North America,petroleum_and_other_liquid_fuels,-37.587794,,,,,,,,,,,,million_bbl,https://www.eia.gov/outlooks/steo/archives/feb23_base.xlsx,https://www.eia.gov/outlooks/steo/archives/jul23_base.xlsx,high_arithmetic_medium_measurement,"February STEO minus July STEO for the same monthly values, multiplied by calendar days. Positive is lower supply/demand in July than February had forecast.",Reference-year revision used to estimate ordinary STEO vintage movement.,"Vintage revision includes data updates, weather, macro changes, policy, outages and other contemporaneous events.",Regions and Russia are nested diagnostic rows; do not add them to the world total.
raw-2023-march_july-demand_patc_r02,raw_vintage_pair,primary_non_hormuz,2023,march_july,demand_patc_r02,Central and South America,petroleum_and_other_liquid_fuels,-15.821166,,,,,,,,,,,,million_bbl,https://www.eia.gov/outlooks/steo/archives/feb23_base.xlsx,https://www.eia.gov/outlooks/steo/archives/jul23_base.xlsx,high_arithmetic_medium_measurement,"February STEO minus July STEO for the same monthly values, multiplied by calendar days. Positive is lower supply/demand in July than February had forecast.",Reference-year revision used to estimate ordinary STEO vintage movement.,"Vintage revision includes data updates, weather, macro changes, policy, outages and other contemporaneous events.",Regions and Russia are nested diagnostic rows; do not add them to the world total.
raw-2023-march_july-demand_patc_r03,raw_vintage_pair,primary_non_hormuz,2023,march_july,demand_patc_r03,Europe,petroleum_and_other_liquid_fuels,-18.267224,,,,,,,,,,,,million_bbl,https://www.eia.gov/outlooks/steo/archives/feb23_base.xlsx,https://www.eia.gov/outlooks/steo/archives/jul23_base.xlsx,high_arithmetic_medium_measurement,"February STEO minus July STEO for the same monthly values, multiplied by calendar days. Positive is lower supply/demand in July than February had forecast.",Reference-year revision used to estimate ordinary STEO vintage movement.,"Vintage revision includes data updates, weather, macro changes, policy, outages and other contemporaneous events.",Regions and Russia are nested diagnostic rows; do not add them to the world total.
raw-2023-march_july-demand_patc_r04,raw_vintage_pair,primary_non_hormuz,2023,march_july,demand_patc_r04,Eurasia,petroleum_and_other_liquid_fuels,-15.073351,,,,,,,,,,,,million_bbl,https://www.eia.gov/outlooks/steo/archives/feb23_base.xlsx,https://www.eia.gov/outlooks/steo/archives/jul23_base.xlsx,high_arithmetic_medium_measurement,"February STEO minus July STEO for the same monthly values, multiplied by calendar days. Positive is lower supply/demand in July than February had forecast.",Reference-year revision used to estimate ordinary STEO vintage movement.,"Vintage revision includes data updates, weather, macro changes, policy, outages and other contemporaneous events.",Regions and Russia are nested diagnostic rows; do not add them to the world total.
raw-2023-march_july-demand_patc_r05,raw_vintage_pair,primary_non_hormuz,2023,march_july,demand_patc_r05,Middle East,petroleum_and_other_liquid_fuels,4.575744,,,,,,,,,,,,million_bbl,https://www.eia.gov/outlooks/steo/archives/feb23_base.xlsx,https://www.eia.gov/outlooks/steo/archives/jul23_base.xlsx,high_arithmetic_medium_measurement,"February STEO minus July STEO for the same monthly values, multiplied by calendar days. Positive is lower supply/demand in July than February had forecast.",Reference-year revision used to estimate ordinary STEO vintage movement.,"Vintage revision includes data updates, weather, macro changes, policy, outages and other contemporaneous events.",Regions and Russia are nested diagnostic rows; do not add them to the world total.
raw-2023-march_july-demand_patc_r06,raw_vintage_pair,primary_non_hormuz,2023,march_july,demand_patc_r06,Africa,petroleum_and_other_liquid_fuels,-0.569956,,,,,,,,,,,,million_bbl,https://www.eia.gov/outlooks/steo/archives/feb23_base.xlsx,https://www.eia.gov/outlooks/steo/archives/jul23_base.xlsx,high_arithmetic_medium_measurement,"February STEO minus July STEO for the same monthly values, multiplied by calendar days. Positive is lower supply/demand in July than February had forecast.",Reference-year revision used to estimate ordinary STEO vintage movement.,"Vintage revision includes data updates, weather, macro changes, policy, outages and other contemporaneous events.",Regions and Russia are nested diagnostic rows; do not add them to the world total.
raw-2023-march_july-demand_patc_r07,raw_vintage_pair,primary_non_hormuz,2023,march_july,demand_patc_r07,Asia and Oceania,petroleum_and_other_liquid_fuels,-46.734479,,,,,,,,,,,,million_bbl,https://www.eia.gov/outlooks/steo/archives/feb23_base.xlsx,https://www.eia.gov/outlooks/steo/archives/jul23_base.xlsx,high_arithmetic_medium_measurement,"February STEO minus July STEO for the same monthly values, multiplied by calendar days. Positive is lower supply/demand in July than February had forecast.",Reference-year revision used to estimate ordinary STEO vintage movement.,"Vintage revision includes data updates, weather, macro changes, policy, outages and other contemporaneous events.",Regions and Russia are nested diagnostic rows; do not add them to the world total.
raw-2023-march_july-supply_t3b_papr_r01,raw_vintage_pair,primary_non_hormuz,2023,march_july,supply_t3b_papr_r01,North America non-OPEC supply,non_OPEC_petroleum_and_other_liquid_fuels,-42.933718,,,,,,,,,,,,million_bbl,https://www.eia.gov/outlooks/steo/archives/feb23_base.xlsx,https://www.eia.gov/outlooks/steo/archives/jul23_base.xlsx,high_arithmetic_medium_measurement,"February STEO minus July STEO for the same monthly values, multiplied by calendar days. Positive is lower supply/demand in July than February had forecast.",Reference-year revision used to estimate ordinary STEO vintage movement.,"Vintage revision includes data updates, weather, macro changes, policy, outages and other contemporaneous events.",Regions and Russia are nested diagnostic rows; do not add them to the world total.
raw-2023-march_july-supply_t3b_papr_r02,raw_vintage_pair,primary_non_hormuz,2023,march_july,supply_t3b_papr_r02,Central and South America non-OPEC supply,non_OPEC_petroleum_and_other_liquid_fuels,22.966679,,,,,,,,,,,,million_bbl,https://www.eia.gov/outlooks/steo/archives/feb23_base.xlsx,https://www.eia.gov/outlooks/steo/archives/jul23_base.xlsx,high_arithmetic_medium_measurement,"February STEO minus July STEO for the same monthly values, multiplied by calendar days. Positive is lower supply/demand in July than February had forecast.",Reference-year revision used to estimate ordinary STEO vintage movement.,"Vintage revision includes data updates, weather, macro changes, policy, outages and other contemporaneous events.",Regions and Russia are nested diagnostic rows; do not add them to the world total.
raw-2023-march_july-supply_t3b_papr_r03,raw_vintage_pair,primary_non_hormuz,2023,march_july,supply_t3b_papr_r03,Europe non-OPEC supply,non_OPEC_petroleum_and_other_liquid_fuels,45.688547,,,,,,,,,,,,million_bbl,https://www.eia.gov/outlooks/steo/archives/feb23_base.xlsx,https://www.eia.gov/outlooks/steo/archives/jul23_base.xlsx,high_arithmetic_medium_measurement,"February STEO minus July STEO for the same monthly values, multiplied by calendar days. Positive is lower supply/demand in July than February had forecast.",Reference-year revision used to estimate ordinary STEO vintage movement.,"Vintage revision includes data updates, weather, macro changes, policy, outages and other contemporaneous events.",Regions and Russia are nested diagnostic rows; do not add them to the world total.
raw-2023-march_july-supply_t3b_papr_r04,raw_vintage_pair,primary_non_hormuz,2023,march_july,supply_t3b_papr_r04,Eurasia non-OPEC supply,non_OPEC_petroleum_and_other_liquid_fuels,-142.768997,,,,,,,,,,,,million_bbl,https://www.eia.gov/outlooks/steo/archives/feb23_base.xlsx,https://www.eia.gov/outlooks/steo/archives/jul23_base.xlsx,high_arithmetic_medium_measurement,"February STEO minus July STEO for the same monthly values, multiplied by calendar days. Positive is lower supply/demand in July than February had forecast.",Reference-year revision used to estimate ordinary STEO vintage movement.,"Vintage revision includes data updates, weather, macro changes, policy, outages and other contemporaneous events.",Regions and Russia are nested diagnostic rows; do not add them to the world total.
raw-2023-march_july-supply_t3b_papr_r05,raw_vintage_pair,primary_non_hormuz,2023,march_july,supply_t3b_papr_r05,Middle East non-OPEC supply,non_OPEC_petroleum_and_other_liquid_fuels,5.603854,,,,,,,,,,,,million_bbl,https://www.eia.gov/outlooks/steo/archives/feb23_base.xlsx,https://www.eia.gov/outlooks/steo/archives/jul23_base.xlsx,high_arithmetic_medium_measurement,"February STEO minus July STEO for the same monthly values, multiplied by calendar days. Positive is lower supply/demand in July than February had forecast.",Reference-year revision used to estimate ordinary STEO vintage movement.,"Vintage revision includes data updates, weather, macro changes, policy, outages and other contemporaneous events.",Regions and Russia are nested diagnostic rows; do not add them to the world total.
raw-2023-march_july-supply_t3b_papr_r06,raw_vintage_pair,primary_non_hormuz,2023,march_july,supply_t3b_papr_r06,Africa non-OPEC supply,non_OPEC_petroleum_and_other_liquid_fuels,7.235708,,,,,,,,,,,,million_bbl,https://www.eia.gov/outlooks/steo/archives/feb23_base.xlsx,https://www.eia.gov/outlooks/steo/archives/jul23_base.xlsx,high_arithmetic_medium_measurement,"February STEO minus July STEO for the same monthly values, multiplied by calendar days. Positive is lower supply/demand in July than February had forecast.",Reference-year revision used to estimate ordinary STEO vintage movement.,"Vintage revision includes data updates, weather, macro changes, policy, outages and other contemporaneous events.",Regions and Russia are nested diagnostic rows; do not add them to the world total.
raw-2023-march_july-supply_t3b_papr_r07,raw_vintage_pair,primary_non_hormuz,2023,march_july,supply_t3b_papr_r07,Asia and Oceania non-OPEC supply,non_OPEC_petroleum_and_other_liquid_fuels,-13.519811,,,,,,,,,,,,million_bbl,https://www.eia.gov/outlooks/steo/archives/feb23_base.xlsx,https://www.eia.gov/outlooks/steo/archives/jul23_base.xlsx,high_arithmetic_medium_measurement,"February STEO minus July STEO for the same monthly values, multiplied by calendar days. Positive is lower supply/demand in July than February had forecast.",Reference-year revision used to estimate ordinary STEO vintage movement.,"Vintage revision includes data updates, weather, macro changes, policy, outages and other contemporaneous events.",Regions and Russia are nested diagnostic rows; do not add them to the world total.
raw-2024-march_june-global_supply,raw_vintage_pair,primary_non_hormuz,2024,march_june,global_supply,World,petroleum_and_other_liquid_fuels,-25.146098,,,,,,,,,,,,million_bbl,https://www.eia.gov/outlooks/steo/archives/feb24_base.xlsx,https://www.eia.gov/outlooks/steo/archives/jul24_base.xlsx,high_arithmetic_medium_measurement,"February STEO minus July STEO for the same monthly values, multiplied by calendar days. Positive is lower supply/demand in July than February had forecast.",Reference-year revision used to estimate ordinary STEO vintage movement.,"Vintage revision includes data updates, weather, macro changes, policy, outages and other contemporaneous events.",Regions and Russia are nested diagnostic rows; do not add them to the world total.
raw-2024-march_june-global_demand,raw_vintage_pair,primary_non_hormuz,2024,march_june,global_demand,World,petroleum_and_other_liquid_fuels,-39.562871,,,,,,,,,,,,million_bbl,https://www.eia.gov/outlooks/steo/archives/feb24_base.xlsx,https://www.eia.gov/outlooks/steo/archives/jul24_base.xlsx,high_arithmetic_medium_measurement,"February STEO minus July STEO for the same monthly values, multiplied by calendar days. Positive is lower supply/demand in July than February had forecast.",Reference-year revision used to estimate ordinary STEO vintage movement.,"Vintage revision includes data updates, weather, macro changes, policy, outages and other contemporaneous events.",Regions and Russia are nested diagnostic rows; do not add them to the world total.
raw-2024-march_june-russia_supply,raw_vintage_pair,primary_non_hormuz,2024,march_june,russia_supply,Russia,petroleum_and_other_liquid_fuels,32.903072,,,,,,,,,,,,million_bbl,https://www.eia.gov/outlooks/steo/archives/feb24_base.xlsx,https://www.eia.gov/outlooks/steo/archives/jul24_base.xlsx,high_arithmetic_medium_measurement,"February STEO minus July STEO for the same monthly values, multiplied by calendar days. Positive is lower supply/demand in July than February had forecast.",Reference-year revision used to estimate ordinary STEO vintage movement.,"Vintage revision includes data updates, weather, macro changes, policy, outages and other contemporaneous events.",Regions and Russia are nested diagnostic rows; do not add them to the world total.
raw-2024-march_june-russia_demand,raw_vintage_pair,primary_non_hormuz,2024,march_june,russia_demand,Russia,petroleum_and_other_liquid_fuels,-17.251733,,,,,,,,,,,,million_bbl,https://www.eia.gov/outlooks/steo/archives/feb24_base.xlsx,https://www.eia.gov/outlooks/steo/archives/jul24_base.xlsx,high_arithmetic_medium_measurement,"February STEO minus July STEO for the same monthly values, multiplied by calendar days. Positive is lower supply/demand in July than February had forecast.",Reference-year revision used to estimate ordinary STEO vintage movement.,"Vintage revision includes data updates, weather, macro changes, policy, outages and other contemporaneous events.",Regions and Russia are nested diagnostic rows; do not add them to the world total.
raw-2024-march_june-global_supply_ex_russia,raw_vintage_pair,primary_non_hormuz,2024,march_june,global_supply_ex_russia,World excluding Russia,petroleum_and_other_liquid_fuels,-58.049169,,,,,,,,,,,,million_bbl,https://www.eia.gov/outlooks/steo/archives/feb24_base.xlsx,https://www.eia.gov/outlooks/steo/archives/jul24_base.xlsx,high_arithmetic_medium_measurement,"February STEO minus July STEO for the same monthly values, multiplied by calendar days. Positive is lower supply/demand in July than February had forecast.",Reference-year revision used to estimate ordinary STEO vintage movement.,"Vintage revision includes data updates, weather, macro changes, policy, outages and other contemporaneous events.",Regions and Russia are nested diagnostic rows; do not add them to the world total.
raw-2024-march_june-global_demand_ex_russia,raw_vintage_pair,primary_non_hormuz,2024,march_june,global_demand_ex_russia,World excluding Russia,petroleum_and_other_liquid_fuels,-22.311138,,,,,,,,,,,,million_bbl,https://www.eia.gov/outlooks/steo/archives/feb24_base.xlsx,https://www.eia.gov/outlooks/steo/archives/jul24_base.xlsx,high_arithmetic_medium_measurement,"February STEO minus July STEO for the same monthly values, multiplied by calendar days. Positive is lower supply/demand in July than February had forecast.",Reference-year revision used to estimate ordinary STEO vintage movement.,"Vintage revision includes data updates, weather, macro changes, policy, outages and other contemporaneous events.",Regions and Russia are nested diagnostic rows; do not add them to the world total.
raw-2024-march_june-demand_patc_r01,raw_vintage_pair,primary_non_hormuz,2024,march_june,demand_patc_r01,North America,petroleum_and_other_liquid_fuels,51.160386,,,,,,,,,,,,million_bbl,https://www.eia.gov/outlooks/steo/archives/feb24_base.xlsx,https://www.eia.gov/outlooks/steo/archives/jul24_base.xlsx,high_arithmetic_medium_measurement,"February STEO minus July STEO for the same monthly values, multiplied by calendar days. Positive is lower supply/demand in July than February had forecast.",Reference-year revision used to estimate ordinary STEO vintage movement.,"Vintage revision includes data updates, weather, macro changes, policy, outages and other contemporaneous events.",Regions and Russia are nested diagnostic rows; do not add them to the world total.
raw-2024-march_june-demand_patc_r02,raw_vintage_pair,primary_non_hormuz,2024,march_june,demand_patc_r02,Central and South America,petroleum_and_other_liquid_fuels,-28.612624,,,,,,,,,,,,million_bbl,https://www.eia.gov/outlooks/steo/archives/feb24_base.xlsx,https://www.eia.gov/outlooks/steo/archives/jul24_base.xlsx,high_arithmetic_medium_measurement,"February STEO minus July STEO for the same monthly values, multiplied by calendar days. Positive is lower supply/demand in July than February had forecast.",Reference-year revision used to estimate ordinary STEO vintage movement.,"Vintage revision includes data updates, weather, macro changes, policy, outages and other contemporaneous events.",Regions and Russia are nested diagnostic rows; do not add them to the world total.
raw-2024-march_june-demand_patc_r03,raw_vintage_pair,primary_non_hormuz,2024,march_june,demand_patc_r03,Europe,petroleum_and_other_liquid_fuels,12.24389,,,,,,,,,,,,million_bbl,https://www.eia.gov/outlooks/steo/archives/feb24_base.xlsx,https://www.eia.gov/outlooks/steo/archives/jul24_base.xlsx,high_arithmetic_medium_measurement,"February STEO minus July STEO for the same monthly values, multiplied by calendar days. Positive is lower supply/demand in July than February had forecast.",Reference-year revision used to estimate ordinary STEO vintage movement.,"Vintage revision includes data updates, weather, macro changes, policy, outages and other contemporaneous events.",Regions and Russia are nested diagnostic rows; do not add them to the world total.
raw-2024-march_june-demand_patc_r04,raw_vintage_pair,primary_non_hormuz,2024,march_june,demand_patc_r04,Eurasia,petroleum_and_other_liquid_fuels,-25.960417,,,,,,,,,,,,million_bbl,https://www.eia.gov/outlooks/steo/archives/feb24_base.xlsx,https://www.eia.gov/outlooks/steo/archives/jul24_base.xlsx,high_arithmetic_medium_measurement,"February STEO minus July STEO for the same monthly values, multiplied by calendar days. Positive is lower supply/demand in July than February had forecast.",Reference-year revision used to estimate ordinary STEO vintage movement.,"Vintage revision includes data updates, weather, macro changes, policy, outages and other contemporaneous events.",Regions and Russia are nested diagnostic rows; do not add them to the world total.
raw-2024-march_june-demand_patc_r05,raw_vintage_pair,primary_non_hormuz,2024,march_june,demand_patc_r05,Middle East,petroleum_and_other_liquid_fuels,-12.488764,,,,,,,,,,,,million_bbl,https://www.eia.gov/outlooks/steo/archives/feb24_base.xlsx,https://www.eia.gov/outlooks/steo/archives/jul24_base.xlsx,high_arithmetic_medium_measurement,"February STEO minus July STEO for the same monthly values, multiplied by calendar days. Positive is lower supply/demand in July than February had forecast.",Reference-year revision used to estimate ordinary STEO vintage movement.,"Vintage revision includes data updates, weather, macro changes, policy, outages and other contemporaneous events.",Regions and Russia are nested diagnostic rows; do not add them to the world total.
raw-2024-march_june-demand_patc_r06,raw_vintage_pair,primary_non_hormuz,2024,march_june,demand_patc_r06,Africa,petroleum_and_other_liquid_fuels,-7.036924,,,,,,,,,,,,million_bbl,https://www.eia.gov/outlooks/steo/archives/feb24_base.xlsx,https://www.eia.gov/outlooks/steo/archives/jul24_base.xlsx,high_arithmetic_medium_measurement,"February STEO minus July STEO for the same monthly values, multiplied by calendar days. Positive is lower supply/demand in July than February had forecast.",Reference-year revision used to estimate ordinary STEO vintage movement.,"Vintage revision includes data updates, weather, macro changes, policy, outages and other contemporaneous events.",Regions and Russia are nested diagnostic rows; do not add them to the world total.
raw-2024-march_june-demand_patc_r07,raw_vintage_pair,primary_non_hormuz,2024,march_june,demand_patc_r07,Asia and Oceania,petroleum_and_other_liquid_fuels,-28.868417,,,,,,,,,,,,million_bbl,https://www.eia.gov/outlooks/steo/archives/feb24_base.xlsx,https://www.eia.gov/outlooks/steo/archives/jul24_base.xlsx,high_arithmetic_medium_measurement,"February STEO minus July STEO for the same monthly values, multiplied by calendar days. Positive is lower supply/demand in July than February had forecast.",Reference-year revision used to estimate ordinary STEO vintage movement.,"Vintage revision includes data updates, weather, macro changes, policy, outages and other contemporaneous events.",Regions and Russia are nested diagnostic rows; do not add them to the world total.
raw-2024-march_june-supply_t3b_papr_r01,raw_vintage_pair,primary_non_hormuz,2024,march_june,supply_t3b_papr_r01,North America non-OPEC supply,non_OPEC_petroleum_and_other_liquid_fuels,-56.506403,,,,,,,,,,,,million_bbl,https://www.eia.gov/outlooks/steo/archives/feb24_base.xlsx,https://www.eia.gov/outlooks/steo/archives/jul24_base.xlsx,high_arithmetic_medium_measurement,"February STEO minus July STEO for the same monthly values, multiplied by calendar days. Positive is lower supply/demand in July than February had forecast.",Reference-year revision used to estimate ordinary STEO vintage movement.,"Vintage revision includes data updates, weather, macro changes, policy, outages and other contemporaneous events.",Regions and Russia are nested diagnostic rows; do not add them to the world total.
raw-2024-march_june-supply_t3b_papr_r02,raw_vintage_pair,primary_non_hormuz,2024,march_june,supply_t3b_papr_r02,Central and South America non-OPEC supply,non_OPEC_petroleum_and_other_liquid_fuels,2.533242,,,,,,,,,,,,million_bbl,https://www.eia.gov/outlooks/steo/archives/feb24_base.xlsx,https://www.eia.gov/outlooks/steo/archives/jul24_base.xlsx,high_arithmetic_medium_measurement,"February STEO minus July STEO for the same monthly values, multiplied by calendar days. Positive is lower supply/demand in July than February had forecast.",Reference-year revision used to estimate ordinary STEO vintage movement.,"Vintage revision includes data updates, weather, macro changes, policy, outages and other contemporaneous events.",Regions and Russia are nested diagnostic rows; do not add them to the world total.
raw-2024-march_june-supply_t3b_papr_r03,raw_vintage_pair,primary_non_hormuz,2024,march_june,supply_t3b_papr_r03,Europe non-OPEC supply,non_OPEC_petroleum_and_other_liquid_fuels,5.634853,,,,,,,,,,,,million_bbl,https://www.eia.gov/outlooks/steo/archives/feb24_base.xlsx,https://www.eia.gov/outlooks/steo/archives/jul24_base.xlsx,high_arithmetic_medium_measurement,"February STEO minus July STEO for the same monthly values, multiplied by calendar days. Positive is lower supply/demand in July than February had forecast.",Reference-year revision used to estimate ordinary STEO vintage movement.,"Vintage revision includes data updates, weather, macro changes, policy, outages and other contemporaneous events.",Regions and Russia are nested diagnostic rows; do not add them to the world total.
raw-2024-march_june-supply_t3b_papr_r04,raw_vintage_pair,primary_non_hormuz,2024,march_june,supply_t3b_papr_r04,Eurasia non-OPEC supply,non_OPEC_petroleum_and_other_liquid_fuels,32.772079,,,,,,,,,,,,million_bbl,https://www.eia.gov/outlooks/steo/archives/feb24_base.xlsx,https://www.eia.gov/outlooks/steo/archives/jul24_base.xlsx,high_arithmetic_medium_measurement,"February STEO minus July STEO for the same monthly values, multiplied by calendar days. Positive is lower supply/demand in July than February had forecast.",Reference-year revision used to estimate ordinary STEO vintage movement.,"Vintage revision includes data updates, weather, macro changes, policy, outages and other contemporaneous events.",Regions and Russia are nested diagnostic rows; do not add them to the world total.
raw-2024-march_june-supply_t3b_papr_r05,raw_vintage_pair,primary_non_hormuz,2024,march_june,supply_t3b_papr_r05,Middle East non-OPEC supply,non_OPEC_petroleum_and_other_liquid_fuels,6.815537,,,,,,,,,,,,million_bbl,https://www.eia.gov/outlooks/steo/archives/feb24_base.xlsx,https://www.eia.gov/outlooks/steo/archives/jul24_base.xlsx,high_arithmetic_medium_measurement,"February STEO minus July STEO for the same monthly values, multiplied by calendar days. Positive is lower supply/demand in July than February had forecast.",Reference-year revision used to estimate ordinary STEO vintage movement.,"Vintage revision includes data updates, weather, macro changes, policy, outages and other contemporaneous events.",Regions and Russia are nested diagnostic rows; do not add them to the world total.
raw-2024-march_june-supply_t3b_papr_r06,raw_vintage_pair,primary_non_hormuz,2024,march_june,supply_t3b_papr_r06,Africa non-OPEC supply,non_OPEC_petroleum_and_other_liquid_fuels,7.034635,,,,,,,,,,,,million_bbl,https://www.eia.gov/outlooks/steo/archives/feb24_base.xlsx,https://www.eia.gov/outlooks/steo/archives/jul24_base.xlsx,high_arithmetic_medium_measurement,"February STEO minus July STEO for the same monthly values, multiplied by calendar days. Positive is lower supply/demand in July than February had forecast.",Reference-year revision used to estimate ordinary STEO vintage movement.,"Vintage revision includes data updates, weather, macro changes, policy, outages and other contemporaneous events.",Regions and Russia are nested diagnostic rows; do not add them to the world total.
raw-2024-march_june-supply_t3b_papr_r07,raw_vintage_pair,primary_non_hormuz,2024,march_june,supply_t3b_papr_r07,Asia and Oceania non-OPEC supply,non_OPEC_petroleum_and_other_liquid_fuels,-8.890577,,,,,,,,,,,,million_bbl,https://www.eia.gov/outlooks/steo/archives/feb24_base.xlsx,https://www.eia.gov/outlooks/steo/archives/jul24_base.xlsx,high_arithmetic_medium_measurement,"February STEO minus July STEO for the same monthly values, multiplied by calendar days. Positive is lower supply/demand in July than February had forecast.",Reference-year revision used to estimate ordinary STEO vintage movement.,"Vintage revision includes data updates, weather, macro changes, policy, outages and other contemporaneous events.",Regions and Russia are nested diagnostic rows; do not add them to the world total.
raw-2024-march_july-global_supply,raw_vintage_pair,primary_non_hormuz,2024,march_july,global_supply,World,petroleum_and_other_liquid_fuels,-20.854498,,,,,,,,,,,,million_bbl,https://www.eia.gov/outlooks/steo/archives/feb24_base.xlsx,https://www.eia.gov/outlooks/steo/archives/jul24_base.xlsx,high_arithmetic_medium_measurement,"February STEO minus July STEO for the same monthly values, multiplied by calendar days. Positive is lower supply/demand in July than February had forecast.",Reference-year revision used to estimate ordinary STEO vintage movement.,"Vintage revision includes data updates, weather, macro changes, policy, outages and other contemporaneous events.",Regions and Russia are nested diagnostic rows; do not add them to the world total.
raw-2024-march_july-global_demand,raw_vintage_pair,primary_non_hormuz,2024,march_july,global_demand,World,petroleum_and_other_liquid_fuels,-55.296656,,,,,,,,,,,,million_bbl,https://www.eia.gov/outlooks/steo/archives/feb24_base.xlsx,https://www.eia.gov/outlooks/steo/archives/jul24_base.xlsx,high_arithmetic_medium_measurement,"February STEO minus July STEO for the same monthly values, multiplied by calendar days. Positive is lower supply/demand in July than February had forecast.",Reference-year revision used to estimate ordinary STEO vintage movement.,"Vintage revision includes data updates, weather, macro changes, policy, outages and other contemporaneous events.",Regions and Russia are nested diagnostic rows; do not add them to the world total.
raw-2024-march_july-russia_supply,raw_vintage_pair,primary_non_hormuz,2024,march_july,russia_supply,Russia,petroleum_and_other_liquid_fuels,49.858285,,,,,,,,,,,,million_bbl,https://www.eia.gov/outlooks/steo/archives/feb24_base.xlsx,https://www.eia.gov/outlooks/steo/archives/jul24_base.xlsx,high_arithmetic_medium_measurement,"February STEO minus July STEO for the same monthly values, multiplied by calendar days. Positive is lower supply/demand in July than February had forecast.",Reference-year revision used to estimate ordinary STEO vintage movement.,"Vintage revision includes data updates, weather, macro changes, policy, outages and other contemporaneous events.",Regions and Russia are nested diagnostic rows; do not add them to the world total.
raw-2024-march_july-russia_demand,raw_vintage_pair,primary_non_hormuz,2024,march_july,russia_demand,Russia,petroleum_and_other_liquid_fuels,-22.063718,,,,,,,,,,,,million_bbl,https://www.eia.gov/outlooks/steo/archives/feb24_base.xlsx,https://www.eia.gov/outlooks/steo/archives/jul24_base.xlsx,high_arithmetic_medium_measurement,"February STEO minus July STEO for the same monthly values, multiplied by calendar days. Positive is lower supply/demand in July than February had forecast.",Reference-year revision used to estimate ordinary STEO vintage movement.,"Vintage revision includes data updates, weather, macro changes, policy, outages and other contemporaneous events.",Regions and Russia are nested diagnostic rows; do not add them to the world total.
raw-2024-march_july-global_supply_ex_russia,raw_vintage_pair,primary_non_hormuz,2024,march_july,global_supply_ex_russia,World excluding Russia,petroleum_and_other_liquid_fuels,-70.712784,,,,,,,,,,,,million_bbl,https://www.eia.gov/outlooks/steo/archives/feb24_base.xlsx,https://www.eia.gov/outlooks/steo/archives/jul24_base.xlsx,high_arithmetic_medium_measurement,"February STEO minus July STEO for the same monthly values, multiplied by calendar days. Positive is lower supply/demand in July than February had forecast.",Reference-year revision used to estimate ordinary STEO vintage movement.,"Vintage revision includes data updates, weather, macro changes, policy, outages and other contemporaneous events.",Regions and Russia are nested diagnostic rows; do not add them to the world total.
raw-2024-march_july-global_demand_ex_russia,raw_vintage_pair,primary_non_hormuz,2024,march_july,global_demand_ex_russia,World excluding Russia,petroleum_and_other_liquid_fuels,-33.232938,,,,,,,,,,,,million_bbl,https://www.eia.gov/outlooks/steo/archives/feb24_base.xlsx,https://www.eia.gov/outlooks/steo/archives/jul24_base.xlsx,high_arithmetic_medium_measurement,"February STEO minus July STEO for the same monthly values, multiplied by calendar days. Positive is lower supply/demand in July than February had forecast.",Reference-year revision used to estimate ordinary STEO vintage movement.,"Vintage revision includes data updates, weather, macro changes, policy, outages and other contemporaneous events.",Regions and Russia are nested diagnostic rows; do not add them to the world total.
raw-2024-march_july-demand_patc_r01,raw_vintage_pair,primary_non_hormuz,2024,march_july,demand_patc_r01,North America,petroleum_and_other_liquid_fuels,57.352749,,,,,,,,,,,,million_bbl,https://www.eia.gov/outlooks/steo/archives/feb24_base.xlsx,https://www.eia.gov/outlooks/steo/archives/jul24_base.xlsx,high_arithmetic_medium_measurement,"February STEO minus July STEO for the same monthly values, multiplied by calendar days. Positive is lower supply/demand in July than February had forecast.",Reference-year revision used to estimate ordinary STEO vintage movement.,"Vintage revision includes data updates, weather, macro changes, policy, outages and other contemporaneous events.",Regions and Russia are nested diagnostic rows; do not add them to the world total.
raw-2024-march_july-demand_patc_r02,raw_vintage_pair,primary_non_hormuz,2024,march_july,demand_patc_r02,Central and South America,petroleum_and_other_liquid_fuels,-36.053292,,,,,,,,,,,,million_bbl,https://www.eia.gov/outlooks/steo/archives/feb24_base.xlsx,https://www.eia.gov/outlooks/steo/archives/jul24_base.xlsx,high_arithmetic_medium_measurement,"February STEO minus July STEO for the same monthly values, multiplied by calendar days. Positive is lower supply/demand in July than February had forecast.",Reference-year revision used to estimate ordinary STEO vintage movement.,"Vintage revision includes data updates, weather, macro changes, policy, outages and other contemporaneous events.",Regions and Russia are nested diagnostic rows; do not add them to the world total.
raw-2024-march_july-demand_patc_r03,raw_vintage_pair,primary_non_hormuz,2024,march_july,demand_patc_r03,Europe,petroleum_and_other_liquid_fuels,13.012557,,,,,,,,,,,,million_bbl,https://www.eia.gov/outlooks/steo/archives/feb24_base.xlsx,https://www.eia.gov/outlooks/steo/archives/jul24_base.xlsx,high_arithmetic_medium_measurement,"February STEO minus July STEO for the same monthly values, multiplied by calendar days. Positive is lower supply/demand in July than February had forecast.",Reference-year revision used to estimate ordinary STEO vintage movement.,"Vintage revision includes data updates, weather, macro changes, policy, outages and other contemporaneous events.",Regions and Russia are nested diagnostic rows; do not add them to the world total.
raw-2024-march_july-demand_patc_r04,raw_vintage_pair,primary_non_hormuz,2024,march_july,demand_patc_r04,Eurasia,petroleum_and_other_liquid_fuels,-33.070689,,,,,,,,,,,,million_bbl,https://www.eia.gov/outlooks/steo/archives/feb24_base.xlsx,https://www.eia.gov/outlooks/steo/archives/jul24_base.xlsx,high_arithmetic_medium_measurement,"February STEO minus July STEO for the same monthly values, multiplied by calendar days. Positive is lower supply/demand in July than February had forecast.",Reference-year revision used to estimate ordinary STEO vintage movement.,"Vintage revision includes data updates, weather, macro changes, policy, outages and other contemporaneous events.",Regions and Russia are nested diagnostic rows; do not add them to the world total.
raw-2024-march_july-demand_patc_r05,raw_vintage_pair,primary_non_hormuz,2024,march_july,demand_patc_r05,Middle East,petroleum_and_other_liquid_fuels,-12.973608,,,,,,,,,,,,million_bbl,https://www.eia.gov/outlooks/steo/archives/feb24_base.xlsx,https://www.eia.gov/outlooks/steo/archives/jul24_base.xlsx,high_arithmetic_medium_measurement,"February STEO minus July STEO for the same monthly values, multiplied by calendar days. Positive is lower supply/demand in July than February had forecast.",Reference-year revision used to estimate ordinary STEO vintage movement.,"Vintage revision includes data updates, weather, macro changes, policy, outages and other contemporaneous events.",Regions and Russia are nested diagnostic rows; do not add them to the world total.
raw-2024-march_july-demand_patc_r06,raw_vintage_pair,primary_non_hormuz,2024,march_july,demand_patc_r06,Africa,petroleum_and_other_liquid_fuels,-8.771812,,,,,,,,,,,,million_bbl,https://www.eia.gov/outlooks/steo/archives/feb24_base.xlsx,https://www.eia.gov/outlooks/steo/archives/jul24_base.xlsx,high_arithmetic_medium_measurement,"February STEO minus July STEO for the same monthly values, multiplied by calendar days. Positive is lower supply/demand in July than February had forecast.",Reference-year revision used to estimate ordinary STEO vintage movement.,"Vintage revision includes data updates, weather, macro changes, policy, outages and other contemporaneous events.",Regions and Russia are nested diagnostic rows; do not add them to the world total.
raw-2024-march_july-demand_patc_r07,raw_vintage_pair,primary_non_hormuz,2024,march_july,demand_patc_r07,Asia and Oceania,petroleum_and_other_liquid_fuels,-34.79256,,,,,,,,,,,,million_bbl,https://www.eia.gov/outlooks/steo/archives/feb24_base.xlsx,https://www.eia.gov/outlooks/steo/archives/jul24_base.xlsx,high_arithmetic_medium_measurement,"February STEO minus July STEO for the same monthly values, multiplied by calendar days. Positive is lower supply/demand in July than February had forecast.",Reference-year revision used to estimate ordinary STEO vintage movement.,"Vintage revision includes data updates, weather, macro changes, policy, outages and other contemporaneous events.",Regions and Russia are nested diagnostic rows; do not add them to the world total.
raw-2024-march_july-supply_t3b_papr_r01,raw_vintage_pair,primary_non_hormuz,2024,march_july,supply_t3b_papr_r01,North America non-OPEC supply,non_OPEC_petroleum_and_other_liquid_fuels,-74.070447,,,,,,,,,,,,million_bbl,https://www.eia.gov/outlooks/steo/archives/feb24_base.xlsx,https://www.eia.gov/outlooks/steo/archives/jul24_base.xlsx,high_arithmetic_medium_measurement,"February STEO minus July STEO for the same monthly values, multiplied by calendar days. Positive is lower supply/demand in July than February had forecast.",Reference-year revision used to estimate ordinary STEO vintage movement.,"Vintage revision includes data updates, weather, macro changes, policy, outages and other contemporaneous events.",Regions and Russia are nested diagnostic rows; do not add them to the world total.
raw-2024-march_july-supply_t3b_papr_r02,raw_vintage_pair,primary_non_hormuz,2024,march_july,supply_t3b_papr_r02,Central and South America non-OPEC supply,non_OPEC_petroleum_and_other_liquid_fuels,0.468591,,,,,,,,,,,,million_bbl,https://www.eia.gov/outlooks/steo/archives/feb24_base.xlsx,https://www.eia.gov/outlooks/steo/archives/jul24_base.xlsx,high_arithmetic_medium_measurement,"February STEO minus July STEO for the same monthly values, multiplied by calendar days. Positive is lower supply/demand in July than February had forecast.",Reference-year revision used to estimate ordinary STEO vintage movement.,"Vintage revision includes data updates, weather, macro changes, policy, outages and other contemporaneous events.",Regions and Russia are nested diagnostic rows; do not add them to the world total.
raw-2024-march_july-supply_t3b_papr_r03,raw_vintage_pair,primary_non_hormuz,2024,march_july,supply_t3b_papr_r03,Europe non-OPEC supply,non_OPEC_petroleum_and_other_liquid_fuels,3.030078,,,,,,,,,,,,million_bbl,https://www.eia.gov/outlooks/steo/archives/feb24_base.xlsx,https://www.eia.gov/outlooks/steo/archives/jul24_base.xlsx,high_arithmetic_medium_measurement,"February STEO minus July STEO for the same monthly values, multiplied by calendar days. Positive is lower supply/demand in July than February had forecast.",Reference-year revision used to estimate ordinary STEO vintage movement.,"Vintage revision includes data updates, weather, macro changes, policy, outages and other contemporaneous events.",Regions and Russia are nested diagnostic rows; do not add them to the world total.
raw-2024-march_july-supply_t3b_papr_r04,raw_vintage_pair,primary_non_hormuz,2024,march_july,supply_t3b_papr_r04,Eurasia non-OPEC supply,non_OPEC_petroleum_and_other_liquid_fuels,52.22317,,,,,,,,,,,,million_bbl,https://www.eia.gov/outlooks/steo/archives/feb24_base.xlsx,https://www.eia.gov/outlooks/steo/archives/jul24_base.xlsx,high_arithmetic_medium_measurement,"February STEO minus July STEO for the same monthly values, multiplied by calendar days. Positive is lower supply/demand in July than February had forecast.",Reference-year revision used to estimate ordinary STEO vintage movement.,"Vintage revision includes data updates, weather, macro changes, policy, outages and other contemporaneous events.",Regions and Russia are nested diagnostic rows; do not add them to the world total.
raw-2024-march_july-supply_t3b_papr_r05,raw_vintage_pair,primary_non_hormuz,2024,march_july,supply_t3b_papr_r05,Middle East non-OPEC supply,non_OPEC_petroleum_and_other_liquid_fuels,8.744073,,,,,,,,,,,,million_bbl,https://www.eia.gov/outlooks/steo/archives/feb24_base.xlsx,https://www.eia.gov/outlooks/steo/archives/jul24_base.xlsx,high_arithmetic_medium_measurement,"February STEO minus July STEO for the same monthly values, multiplied by calendar days. Positive is lower supply/demand in July than February had forecast.",Reference-year revision used to estimate ordinary STEO vintage movement.,"Vintage revision includes data updates, weather, macro changes, policy, outages and other contemporaneous events.",Regions and Russia are nested diagnostic rows; do not add them to the world total.
raw-2024-march_july-supply_t3b_papr_r06,raw_vintage_pair,primary_non_hormuz,2024,march_july,supply_t3b_papr_r06,Africa non-OPEC supply,non_OPEC_petroleum_and_other_liquid_fuels,9.649376,,,,,,,,,,,,million_bbl,https://www.eia.gov/outlooks/steo/archives/feb24_base.xlsx,https://www.eia.gov/outlooks/steo/archives/jul24_base.xlsx,high_arithmetic_medium_measurement,"February STEO minus July STEO for the same monthly values, multiplied by calendar days. Positive is lower supply/demand in July than February had forecast.",Reference-year revision used to estimate ordinary STEO vintage movement.,"Vintage revision includes data updates, weather, macro changes, policy, outages and other contemporaneous events.",Regions and Russia are nested diagnostic rows; do not add them to the world total.
raw-2024-march_july-supply_t3b_papr_r07,raw_vintage_pair,primary_non_hormuz,2024,march_july,supply_t3b_papr_r07,Asia and Oceania non-OPEC supply,non_OPEC_petroleum_and_other_liquid_fuels,-9.825743,,,,,,,,,,,,million_bbl,https://www.eia.gov/outlooks/steo/archives/feb24_base.xlsx,https://www.eia.gov/outlooks/steo/archives/jul24_base.xlsx,high_arithmetic_medium_measurement,"February STEO minus July STEO for the same monthly values, multiplied by calendar days. Positive is lower supply/demand in July than February had forecast.",Reference-year revision used to estimate ordinary STEO vintage movement.,"Vintage revision includes data updates, weather, macro changes, policy, outages and other contemporaneous events.",Regions and Russia are nested diagnostic rows; do not add them to the world total.
raw-2025-march_june-global_supply,raw_vintage_pair,primary_non_hormuz,2025,march_june,global_supply,World,petroleum_and_other_liquid_fuels,-57.53333,,,,,,,,,,,,million_bbl,https://www.eia.gov/outlooks/steo/archives/feb25_base.xlsx,https://www.eia.gov/outlooks/steo/archives/jul25_base.xlsx,high_arithmetic_medium_measurement,"February STEO minus July STEO for the same monthly values, multiplied by calendar days. Positive is lower supply/demand in July than February had forecast.",Reference-year revision used to estimate ordinary STEO vintage movement.,"Vintage revision includes data updates, weather, macro changes, policy, outages and other contemporaneous events.",Regions and Russia are nested diagnostic rows; do not add them to the world total.
raw-2025-march_june-global_demand,raw_vintage_pair,primary_non_hormuz,2025,march_june,global_demand,World,petroleum_and_other_liquid_fuels,101.538388,,,,,,,,,,,,million_bbl,https://www.eia.gov/outlooks/steo/archives/feb25_base.xlsx,https://www.eia.gov/outlooks/steo/archives/jul25_base.xlsx,high_arithmetic_medium_measurement,"February STEO minus July STEO for the same monthly values, multiplied by calendar days. Positive is lower supply/demand in July than February had forecast.",Reference-year revision used to estimate ordinary STEO vintage movement.,"Vintage revision includes data updates, weather, macro changes, policy, outages and other contemporaneous events.",Regions and Russia are nested diagnostic rows; do not add them to the world total.
raw-2025-march_june-russia_supply,raw_vintage_pair,primary_non_hormuz,2025,march_june,russia_supply,Russia,petroleum_and_other_liquid_fuels,-8.196397,,,,,,,,,,,,million_bbl,https://www.eia.gov/outlooks/steo/archives/feb25_base.xlsx,https://www.eia.gov/outlooks/steo/archives/jul25_base.xlsx,high_arithmetic_medium_measurement,"February STEO minus July STEO for the same monthly values, multiplied by calendar days. Positive is lower supply/demand in July than February had forecast.",Reference-year revision used to estimate ordinary STEO vintage movement.,"Vintage revision includes data updates, weather, macro changes, policy, outages and other contemporaneous events.",Regions and Russia are nested diagnostic rows; do not add them to the world total.
raw-2025-march_june-russia_demand,raw_vintage_pair,primary_non_hormuz,2025,march_june,russia_demand,Russia,petroleum_and_other_liquid_fuels,5.999507,,,,,,,,,,,,million_bbl,https://www.eia.gov/outlooks/steo/archives/feb25_base.xlsx,https://www.eia.gov/outlooks/steo/archives/jul25_base.xlsx,high_arithmetic_medium_measurement,"February STEO minus July STEO for the same monthly values, multiplied by calendar days. Positive is lower supply/demand in July than February had forecast.",Reference-year revision used to estimate ordinary STEO vintage movement.,"Vintage revision includes data updates, weather, macro changes, policy, outages and other contemporaneous events.",Regions and Russia are nested diagnostic rows; do not add them to the world total.
raw-2025-march_june-global_supply_ex_russia,raw_vintage_pair,primary_non_hormuz,2025,march_june,global_supply_ex_russia,World excluding Russia,petroleum_and_other_liquid_fuels,-49.336933,,,,,,,,,,,,million_bbl,https://www.eia.gov/outlooks/steo/archives/feb25_base.xlsx,https://www.eia.gov/outlooks/steo/archives/jul25_base.xlsx,high_arithmetic_medium_measurement,"February STEO minus July STEO for the same monthly values, multiplied by calendar days. Positive is lower supply/demand in July than February had forecast.",Reference-year revision used to estimate ordinary STEO vintage movement.,"Vintage revision includes data updates, weather, macro changes, policy, outages and other contemporaneous events.",Regions and Russia are nested diagnostic rows; do not add them to the world total.
raw-2025-march_june-global_demand_ex_russia,raw_vintage_pair,primary_non_hormuz,2025,march_june,global_demand_ex_russia,World excluding Russia,petroleum_and_other_liquid_fuels,95.538881,,,,,,,,,,,,million_bbl,https://www.eia.gov/outlooks/steo/archives/feb25_base.xlsx,https://www.eia.gov/outlooks/steo/archives/jul25_base.xlsx,high_arithmetic_medium_measurement,"February STEO minus July STEO for the same monthly values, multiplied by calendar days. Positive is lower supply/demand in July than February had forecast.",Reference-year revision used to estimate ordinary STEO vintage movement.,"Vintage revision includes data updates, weather, macro changes, policy, outages and other contemporaneous events.",Regions and Russia are nested diagnostic rows; do not add them to the world total.
raw-2025-march_june-demand_patc_r01,raw_vintage_pair,primary_non_hormuz,2025,march_june,demand_patc_r01,North America,petroleum_and_other_liquid_fuels,51.101073,,,,,,,,,,,,million_bbl,https://www.eia.gov/outlooks/steo/archives/feb25_base.xlsx,https://www.eia.gov/outlooks/steo/archives/jul25_base.xlsx,high_arithmetic_medium_measurement,"February STEO minus July STEO for the same monthly values, multiplied by calendar days. Positive is lower supply/demand in July than February had forecast.",Reference-year revision used to estimate ordinary STEO vintage movement.,"Vintage revision includes data updates, weather, macro changes, policy, outages and other contemporaneous events.",Regions and Russia are nested diagnostic rows; do not add them to the world total.
raw-2025-march_june-demand_patc_r02,raw_vintage_pair,primary_non_hormuz,2025,march_june,demand_patc_r02,Central and South America,petroleum_and_other_liquid_fuels,-2.45588,,,,,,,,,,,,million_bbl,https://www.eia.gov/outlooks/steo/archives/feb25_base.xlsx,https://www.eia.gov/outlooks/steo/archives/jul25_base.xlsx,high_arithmetic_medium_measurement,"February STEO minus July STEO for the same monthly values, multiplied by calendar days. Positive is lower supply/demand in July than February had forecast.",Reference-year revision used to estimate ordinary STEO vintage movement.,"Vintage revision includes data updates, weather, macro changes, policy, outages and other contemporaneous events.",Regions and Russia are nested diagnostic rows; do not add them to the world total.
raw-2025-march_june-demand_patc_r03,raw_vintage_pair,primary_non_hormuz,2025,march_june,demand_patc_r03,Europe,petroleum_and_other_liquid_fuels,-11.823815,,,,,,,,,,,,million_bbl,https://www.eia.gov/outlooks/steo/archives/feb25_base.xlsx,https://www.eia.gov/outlooks/steo/archives/jul25_base.xlsx,high_arithmetic_medium_measurement,"February STEO minus July STEO for the same monthly values, multiplied by calendar days. Positive is lower supply/demand in July than February had forecast.",Reference-year revision used to estimate ordinary STEO vintage movement.,"Vintage revision includes data updates, weather, macro changes, policy, outages and other contemporaneous events.",Regions and Russia are nested diagnostic rows; do not add them to the world total.
raw-2025-march_june-demand_patc_r04,raw_vintage_pair,primary_non_hormuz,2025,march_june,demand_patc_r04,Eurasia,petroleum_and_other_liquid_fuels,4.883226,,,,,,,,,,,,million_bbl,https://www.eia.gov/outlooks/steo/archives/feb25_base.xlsx,https://www.eia.gov/outlooks/steo/archives/jul25_base.xlsx,high_arithmetic_medium_measurement,"February STEO minus July STEO for the same monthly values, multiplied by calendar days. Positive is lower supply/demand in July than February had forecast.",Reference-year revision used to estimate ordinary STEO vintage movement.,"Vintage revision includes data updates, weather, macro changes, policy, outages and other contemporaneous events.",Regions and Russia are nested diagnostic rows; do not add them to the world total.
raw-2025-march_june-demand_patc_r05,raw_vintage_pair,primary_non_hormuz,2025,march_june,demand_patc_r05,Middle East,petroleum_and_other_liquid_fuels,-21.902784,,,,,,,,,,,,million_bbl,https://www.eia.gov/outlooks/steo/archives/feb25_base.xlsx,https://www.eia.gov/outlooks/steo/archives/jul25_base.xlsx,high_arithmetic_medium_measurement,"February STEO minus July STEO for the same monthly values, multiplied by calendar days. Positive is lower supply/demand in July than February had forecast.",Reference-year revision used to estimate ordinary STEO vintage movement.,"Vintage revision includes data updates, weather, macro changes, policy, outages and other contemporaneous events.",Regions and Russia are nested diagnostic rows; do not add them to the world total.
raw-2025-march_june-demand_patc_r06,raw_vintage_pair,primary_non_hormuz,2025,march_june,demand_patc_r06,Africa,petroleum_and_other_liquid_fuels,-3.119649,,,,,,,,,,,,million_bbl,https://www.eia.gov/outlooks/steo/archives/feb25_base.xlsx,https://www.eia.gov/outlooks/steo/archives/jul25_base.xlsx,high_arithmetic_medium_measurement,"February STEO minus July STEO for the same monthly values, multiplied by calendar days. Positive is lower supply/demand in July than February had forecast.",Reference-year revision used to estimate ordinary STEO vintage movement.,"Vintage revision includes data updates, weather, macro changes, policy, outages and other contemporaneous events.",Regions and Russia are nested diagnostic rows; do not add them to the world total.
raw-2025-march_june-demand_patc_r07,raw_vintage_pair,primary_non_hormuz,2025,march_june,demand_patc_r07,Asia and Oceania,petroleum_and_other_liquid_fuels,84.856218,,,,,,,,,,,,million_bbl,https://www.eia.gov/outlooks/steo/archives/feb25_base.xlsx,https://www.eia.gov/outlooks/steo/archives/jul25_base.xlsx,high_arithmetic_medium_measurement,"February STEO minus July STEO for the same monthly values, multiplied by calendar days. Positive is lower supply/demand in July than February had forecast.",Reference-year revision used to estimate ordinary STEO vintage movement.,"Vintage revision includes data updates, weather, macro changes, policy, outages and other contemporaneous events.",Regions and Russia are nested diagnostic rows; do not add them to the world total.
raw-2025-march_june-supply_t3b_papr_r01,raw_vintage_pair,primary_non_hormuz,2025,march_june,supply_t3b_papr_r01,North America non-OPEC supply,non_OPEC_petroleum_and_other_liquid_fuels,15.741196,,,,,,,,,,,,million_bbl,https://www.eia.gov/outlooks/steo/archives/feb25_base.xlsx,https://www.eia.gov/outlooks/steo/archives/jul25_base.xlsx,high_arithmetic_medium_measurement,"February STEO minus July STEO for the same monthly values, multiplied by calendar days. Positive is lower supply/demand in July than February had forecast.",Reference-year revision used to estimate ordinary STEO vintage movement.,"Vintage revision includes data updates, weather, macro changes, policy, outages and other contemporaneous events.",Regions and Russia are nested diagnostic rows; do not add them to the world total.
raw-2025-march_june-supply_t3b_papr_r02,raw_vintage_pair,primary_non_hormuz,2025,march_june,supply_t3b_papr_r02,Central and South America non-OPEC supply,non_OPEC_petroleum_and_other_liquid_fuels,-9.546174,,,,,,,,,,,,million_bbl,https://www.eia.gov/outlooks/steo/archives/feb25_base.xlsx,https://www.eia.gov/outlooks/steo/archives/jul25_base.xlsx,high_arithmetic_medium_measurement,"February STEO minus July STEO for the same monthly values, multiplied by calendar days. Positive is lower supply/demand in July than February had forecast.",Reference-year revision used to estimate ordinary STEO vintage movement.,"Vintage revision includes data updates, weather, macro changes, policy, outages and other contemporaneous events.",Regions and Russia are nested diagnostic rows; do not add them to the world total.
raw-2025-march_june-supply_t3b_papr_r03,raw_vintage_pair,primary_non_hormuz,2025,march_june,supply_t3b_papr_r03,Europe non-OPEC supply,non_OPEC_petroleum_and_other_liquid_fuels,9.984199,,,,,,,,,,,,million_bbl,https://www.eia.gov/outlooks/steo/archives/feb25_base.xlsx,https://www.eia.gov/outlooks/steo/archives/jul25_base.xlsx,high_arithmetic_medium_measurement,"February STEO minus July STEO for the same monthly values, multiplied by calendar days. Positive is lower supply/demand in July than February had forecast.",Reference-year revision used to estimate ordinary STEO vintage movement.,"Vintage revision includes data updates, weather, macro changes, policy, outages and other contemporaneous events.",Regions and Russia are nested diagnostic rows; do not add them to the world total.
raw-2025-march_june-supply_t3b_papr_r04,raw_vintage_pair,primary_non_hormuz,2025,march_june,supply_t3b_papr_r04,Eurasia non-OPEC supply,non_OPEC_petroleum_and_other_liquid_fuels,-34.862614,,,,,,,,,,,,million_bbl,https://www.eia.gov/outlooks/steo/archives/feb25_base.xlsx,https://www.eia.gov/outlooks/steo/archives/jul25_base.xlsx,high_arithmetic_medium_measurement,"February STEO minus July STEO for the same monthly values, multiplied by calendar days. Positive is lower supply/demand in July than February had forecast.",Reference-year revision used to estimate ordinary STEO vintage movement.,"Vintage revision includes data updates, weather, macro changes, policy, outages and other contemporaneous events.",Regions and Russia are nested diagnostic rows; do not add them to the world total.
raw-2025-march_june-supply_t3b_papr_r05,raw_vintage_pair,primary_non_hormuz,2025,march_june,supply_t3b_papr_r05,Middle East non-OPEC supply,non_OPEC_petroleum_and_other_liquid_fuels,2.804492,,,,,,,,,,,,million_bbl,https://www.eia.gov/outlooks/steo/archives/feb25_base.xlsx,https://www.eia.gov/outlooks/steo/archives/jul25_base.xlsx,high_arithmetic_medium_measurement,"February STEO minus July STEO for the same monthly values, multiplied by calendar days. Positive is lower supply/demand in July than February had forecast.",Reference-year revision used to estimate ordinary STEO vintage movement.,"Vintage revision includes data updates, weather, macro changes, policy, outages and other contemporaneous events.",Regions and Russia are nested diagnostic rows; do not add them to the world total.
raw-2025-march_june-supply_t3b_papr_r06,raw_vintage_pair,primary_non_hormuz,2025,march_june,supply_t3b_papr_r06,Africa non-OPEC supply,non_OPEC_petroleum_and_other_liquid_fuels,23.942852,,,,,,,,,,,,million_bbl,https://www.eia.gov/outlooks/steo/archives/feb25_base.xlsx,https://www.eia.gov/outlooks/steo/archives/jul25_base.xlsx,high_arithmetic_medium_measurement,"February STEO minus July STEO for the same monthly values, multiplied by calendar days. Positive is lower supply/demand in July than February had forecast.",Reference-year revision used to estimate ordinary STEO vintage movement.,"Vintage revision includes data updates, weather, macro changes, policy, outages and other contemporaneous events.",Regions and Russia are nested diagnostic rows; do not add them to the world total.
raw-2025-march_june-supply_t3b_papr_r07,raw_vintage_pair,primary_non_hormuz,2025,march_june,supply_t3b_papr_r07,Asia and Oceania non-OPEC supply,non_OPEC_petroleum_and_other_liquid_fuels,-16.610904,,,,,,,,,,,,million_bbl,https://www.eia.gov/outlooks/steo/archives/feb25_base.xlsx,https://www.eia.gov/outlooks/steo/archives/jul25_base.xlsx,high_arithmetic_medium_measurement,"February STEO minus July STEO for the same monthly values, multiplied by calendar days. Positive is lower supply/demand in July than February had forecast.",Reference-year revision used to estimate ordinary STEO vintage movement.,"Vintage revision includes data updates, weather, macro changes, policy, outages and other contemporaneous events.",Regions and Russia are nested diagnostic rows; do not add them to the world total.
raw-2025-march_july-global_supply,raw_vintage_pair,primary_non_hormuz,2025,march_july,global_supply,World,petroleum_and_other_liquid_fuels,-50.670246,,,,,,,,,,,,million_bbl,https://www.eia.gov/outlooks/steo/archives/feb25_base.xlsx,https://www.eia.gov/outlooks/steo/archives/jul25_base.xlsx,high_arithmetic_medium_measurement,"February STEO minus July STEO for the same monthly values, multiplied by calendar days. Positive is lower supply/demand in July than February had forecast.",Reference-year revision used to estimate ordinary STEO vintage movement.,"Vintage revision includes data updates, weather, macro changes, policy, outages and other contemporaneous events.",Regions and Russia are nested diagnostic rows; do not add them to the world total.
raw-2025-march_july-global_demand,raw_vintage_pair,primary_non_hormuz,2025,march_july,global_demand,World,petroleum_and_other_liquid_fuels,104.597608,,,,,,,,,,,,million_bbl,https://www.eia.gov/outlooks/steo/archives/feb25_base.xlsx,https://www.eia.gov/outlooks/steo/archives/jul25_base.xlsx,high_arithmetic_medium_measurement,"February STEO minus July STEO for the same monthly values, multiplied by calendar days. Positive is lower supply/demand in July than February had forecast.",Reference-year revision used to estimate ordinary STEO vintage movement.,"Vintage revision includes data updates, weather, macro changes, policy, outages and other contemporaneous events.",Regions and Russia are nested diagnostic rows; do not add them to the world total.
raw-2025-march_july-russia_supply,raw_vintage_pair,primary_non_hormuz,2025,march_july,russia_supply,Russia,petroleum_and_other_liquid_fuels,-7.781123,,,,,,,,,,,,million_bbl,https://www.eia.gov/outlooks/steo/archives/feb25_base.xlsx,https://www.eia.gov/outlooks/steo/archives/jul25_base.xlsx,high_arithmetic_medium_measurement,"February STEO minus July STEO for the same monthly values, multiplied by calendar days. Positive is lower supply/demand in July than February had forecast.",Reference-year revision used to estimate ordinary STEO vintage movement.,"Vintage revision includes data updates, weather, macro changes, policy, outages and other contemporaneous events.",Regions and Russia are nested diagnostic rows; do not add them to the world total.
raw-2025-march_july-russia_demand,raw_vintage_pair,primary_non_hormuz,2025,march_july,russia_demand,Russia,petroleum_and_other_liquid_fuels,7.25056,,,,,,,,,,,,million_bbl,https://www.eia.gov/outlooks/steo/archives/feb25_base.xlsx,https://www.eia.gov/outlooks/steo/archives/jul25_base.xlsx,high_arithmetic_medium_measurement,"February STEO minus July STEO for the same monthly values, multiplied by calendar days. Positive is lower supply/demand in July than February had forecast.",Reference-year revision used to estimate ordinary STEO vintage movement.,"Vintage revision includes data updates, weather, macro changes, policy, outages and other contemporaneous events.",Regions and Russia are nested diagnostic rows; do not add them to the world total.
raw-2025-march_july-global_supply_ex_russia,raw_vintage_pair,primary_non_hormuz,2025,march_july,global_supply_ex_russia,World excluding Russia,petroleum_and_other_liquid_fuels,-42.889123,,,,,,,,,,,,million_bbl,https://www.eia.gov/outlooks/steo/archives/feb25_base.xlsx,https://www.eia.gov/outlooks/steo/archives/jul25_base.xlsx,high_arithmetic_medium_measurement,"February STEO minus July STEO for the same monthly values, multiplied by calendar days. Positive is lower supply/demand in July than February had forecast.",Reference-year revision used to estimate ordinary STEO vintage movement.,"Vintage revision includes data updates, weather, macro changes, policy, outages and other contemporaneous events.",Regions and Russia are nested diagnostic rows; do not add them to the world total.
raw-2025-march_july-global_demand_ex_russia,raw_vintage_pair,primary_non_hormuz,2025,march_july,global_demand_ex_russia,World excluding Russia,petroleum_and_other_liquid_fuels,97.347048,,,,,,,,,,,,million_bbl,https://www.eia.gov/outlooks/steo/archives/feb25_base.xlsx,https://www.eia.gov/outlooks/steo/archives/jul25_base.xlsx,high_arithmetic_medium_measurement,"February STEO minus July STEO for the same monthly values, multiplied by calendar days. Positive is lower supply/demand in July than February had forecast.",Reference-year revision used to estimate ordinary STEO vintage movement.,"Vintage revision includes data updates, weather, macro changes, policy, outages and other contemporaneous events.",Regions and Russia are nested diagnostic rows; do not add them to the world total.
raw-2025-march_july-demand_patc_r01,raw_vintage_pair,primary_non_hormuz,2025,march_july,demand_patc_r01,North America,petroleum_and_other_liquid_fuels,57.631145,,,,,,,,,,,,million_bbl,https://www.eia.gov/outlooks/steo/archives/feb25_base.xlsx,https://www.eia.gov/outlooks/steo/archives/jul25_base.xlsx,high_arithmetic_medium_measurement,"February STEO minus July STEO for the same monthly values, multiplied by calendar days. Positive is lower supply/demand in July than February had forecast.",Reference-year revision used to estimate ordinary STEO vintage movement.,"Vintage revision includes data updates, weather, macro changes, policy, outages and other contemporaneous events.",Regions and Russia are nested diagnostic rows; do not add them to the world total.
raw-2025-march_july-demand_patc_r02,raw_vintage_pair,primary_non_hormuz,2025,march_july,demand_patc_r02,Central and South America,petroleum_and_other_liquid_fuels,-3.095969,,,,,,,,,,,,million_bbl,https://www.eia.gov/outlooks/steo/archives/feb25_base.xlsx,https://www.eia.gov/outlooks/steo/archives/jul25_base.xlsx,high_arithmetic_medium_measurement,"February STEO minus July STEO for the same monthly values, multiplied by calendar days. Positive is lower supply/demand in July than February had forecast.",Reference-year revision used to estimate ordinary STEO vintage movement.,"Vintage revision includes data updates, weather, macro changes, policy, outages and other contemporaneous events.",Regions and Russia are nested diagnostic rows; do not add them to the world total.
raw-2025-march_july-demand_patc_r03,raw_vintage_pair,primary_non_hormuz,2025,march_july,demand_patc_r03,Europe,petroleum_and_other_liquid_fuels,-18.314699,,,,,,,,,,,,million_bbl,https://www.eia.gov/outlooks/steo/archives/feb25_base.xlsx,https://www.eia.gov/outlooks/steo/archives/jul25_base.xlsx,high_arithmetic_medium_measurement,"February STEO minus July STEO for the same monthly values, multiplied by calendar days. Positive is lower supply/demand in July than February had forecast.",Reference-year revision used to estimate ordinary STEO vintage movement.,"Vintage revision includes data updates, weather, macro changes, policy, outages and other contemporaneous events.",Regions and Russia are nested diagnostic rows; do not add them to the world total.
raw-2025-march_july-demand_patc_r04,raw_vintage_pair,primary_non_hormuz,2025,march_july,demand_patc_r04,Eurasia,petroleum_and_other_liquid_fuels,6.430897,,,,,,,,,,,,million_bbl,https://www.eia.gov/outlooks/steo/archives/feb25_base.xlsx,https://www.eia.gov/outlooks/steo/archives/jul25_base.xlsx,high_arithmetic_medium_measurement,"February STEO minus July STEO for the same monthly values, multiplied by calendar days. Positive is lower supply/demand in July than February had forecast.",Reference-year revision used to estimate ordinary STEO vintage movement.,"Vintage revision includes data updates, weather, macro changes, policy, outages and other contemporaneous events.",Regions and Russia are nested diagnostic rows; do not add them to the world total.
raw-2025-march_july-demand_patc_r05,raw_vintage_pair,primary_non_hormuz,2025,march_july,demand_patc_r05,Middle East,petroleum_and_other_liquid_fuels,-24.471065,,,,,,,,,,,,million_bbl,https://www.eia.gov/outlooks/steo/archives/feb25_base.xlsx,https://www.eia.gov/outlooks/steo/archives/jul25_base.xlsx,high_arithmetic_medium_measurement,"February STEO minus July STEO for the same monthly values, multiplied by calendar days. Positive is lower supply/demand in July than February had forecast.",Reference-year revision used to estimate ordinary STEO vintage movement.,"Vintage revision includes data updates, weather, macro changes, policy, outages and other contemporaneous events.",Regions and Russia are nested diagnostic rows; do not add them to the world total.
raw-2025-march_july-demand_patc_r06,raw_vintage_pair,primary_non_hormuz,2025,march_july,demand_patc_r06,Africa,petroleum_and_other_liquid_fuels,-3.868192,,,,,,,,,,,,million_bbl,https://www.eia.gov/outlooks/steo/archives/feb25_base.xlsx,https://www.eia.gov/outlooks/steo/archives/jul25_base.xlsx,high_arithmetic_medium_measurement,"February STEO minus July STEO for the same monthly values, multiplied by calendar days. Positive is lower supply/demand in July than February had forecast.",Reference-year revision used to estimate ordinary STEO vintage movement.,"Vintage revision includes data updates, weather, macro changes, policy, outages and other contemporaneous events.",Regions and Russia are nested diagnostic rows; do not add them to the world total.
raw-2025-march_july-demand_patc_r07,raw_vintage_pair,primary_non_hormuz,2025,march_july,demand_patc_r07,Asia and Oceania,petroleum_and_other_liquid_fuels,90.285492,,,,,,,,,,,,million_bbl,https://www.eia.gov/outlooks/steo/archives/feb25_base.xlsx,https://www.eia.gov/outlooks/steo/archives/jul25_base.xlsx,high_arithmetic_medium_measurement,"February STEO minus July STEO for the same monthly values, multiplied by calendar days. Positive is lower supply/demand in July than February had forecast.",Reference-year revision used to estimate ordinary STEO vintage movement.,"Vintage revision includes data updates, weather, macro changes, policy, outages and other contemporaneous events.",Regions and Russia are nested diagnostic rows; do not add them to the world total.
raw-2025-march_july-supply_t3b_papr_r01,raw_vintage_pair,primary_non_hormuz,2025,march_july,supply_t3b_papr_r01,North America non-OPEC supply,non_OPEC_petroleum_and_other_liquid_fuels,31.598345,,,,,,,,,,,,million_bbl,https://www.eia.gov/outlooks/steo/archives/feb25_base.xlsx,https://www.eia.gov/outlooks/steo/archives/jul25_base.xlsx,high_arithmetic_medium_measurement,"February STEO minus July STEO for the same monthly values, multiplied by calendar days. Positive is lower supply/demand in July than February had forecast.",Reference-year revision used to estimate ordinary STEO vintage movement.,"Vintage revision includes data updates, weather, macro changes, policy, outages and other contemporaneous events.",Regions and Russia are nested diagnostic rows; do not add them to the world total.
raw-2025-march_july-supply_t3b_papr_r02,raw_vintage_pair,primary_non_hormuz,2025,march_july,supply_t3b_papr_r02,Central and South America non-OPEC supply,non_OPEC_petroleum_and_other_liquid_fuels,-6.524431,,,,,,,,,,,,million_bbl,https://www.eia.gov/outlooks/steo/archives/feb25_base.xlsx,https://www.eia.gov/outlooks/steo/archives/jul25_base.xlsx,high_arithmetic_medium_measurement,"February STEO minus July STEO for the same monthly values, multiplied by calendar days. Positive is lower supply/demand in July than February had forecast.",Reference-year revision used to estimate ordinary STEO vintage movement.,"Vintage revision includes data updates, weather, macro changes, policy, outages and other contemporaneous events.",Regions and Russia are nested diagnostic rows; do not add them to the world total.
raw-2025-march_july-supply_t3b_papr_r03,raw_vintage_pair,primary_non_hormuz,2025,march_july,supply_t3b_papr_r03,Europe non-OPEC supply,non_OPEC_petroleum_and_other_liquid_fuels,8.372568,,,,,,,,,,,,million_bbl,https://www.eia.gov/outlooks/steo/archives/feb25_base.xlsx,https://www.eia.gov/outlooks/steo/archives/jul25_base.xlsx,high_arithmetic_medium_measurement,"February STEO minus July STEO for the same monthly values, multiplied by calendar days. Positive is lower supply/demand in July than February had forecast.",Reference-year revision used to estimate ordinary STEO vintage movement.,"Vintage revision includes data updates, weather, macro changes, policy, outages and other contemporaneous events.",Regions and Russia are nested diagnostic rows; do not add them to the world total.
raw-2025-march_july-supply_t3b_papr_r04,raw_vintage_pair,primary_non_hormuz,2025,march_july,supply_t3b_papr_r04,Eurasia non-OPEC supply,non_OPEC_petroleum_and_other_liquid_fuels,-41.243636,,,,,,,,,,,,million_bbl,https://www.eia.gov/outlooks/steo/archives/feb25_base.xlsx,https://www.eia.gov/outlooks/steo/archives/jul25_base.xlsx,high_arithmetic_medium_measurement,"February STEO minus July STEO for the same monthly values, multiplied by calendar days. Positive is lower supply/demand in July than February had forecast.",Reference-year revision used to estimate ordinary STEO vintage movement.,"Vintage revision includes data updates, weather, macro changes, policy, outages and other contemporaneous events.",Regions and Russia are nested diagnostic rows; do not add them to the world total.
raw-2025-march_july-supply_t3b_papr_r05,raw_vintage_pair,primary_non_hormuz,2025,march_july,supply_t3b_papr_r05,Middle East non-OPEC supply,non_OPEC_petroleum_and_other_liquid_fuels,4.098524,,,,,,,,,,,,million_bbl,https://www.eia.gov/outlooks/steo/archives/feb25_base.xlsx,https://www.eia.gov/outlooks/steo/archives/jul25_base.xlsx,high_arithmetic_medium_measurement,"February STEO minus July STEO for the same monthly values, multiplied by calendar days. Positive is lower supply/demand in July than February had forecast.",Reference-year revision used to estimate ordinary STEO vintage movement.,"Vintage revision includes data updates, weather, macro changes, policy, outages and other contemporaneous events.",Regions and Russia are nested diagnostic rows; do not add them to the world total.
raw-2025-march_july-supply_t3b_papr_r06,raw_vintage_pair,primary_non_hormuz,2025,march_july,supply_t3b_papr_r06,Africa non-OPEC supply,non_OPEC_petroleum_and_other_liquid_fuels,25.240656,,,,,,,,,,,,million_bbl,https://www.eia.gov/outlooks/steo/archives/feb25_base.xlsx,https://www.eia.gov/outlooks/steo/archives/jul25_base.xlsx,high_arithmetic_medium_measurement,"February STEO minus July STEO for the same monthly values, multiplied by calendar days. Positive is lower supply/demand in July than February had forecast.",Reference-year revision used to estimate ordinary STEO vintage movement.,"Vintage revision includes data updates, weather, macro changes, policy, outages and other contemporaneous events.",Regions and Russia are nested diagnostic rows; do not add them to the world total.
raw-2025-march_july-supply_t3b_papr_r07,raw_vintage_pair,primary_non_hormuz,2025,march_july,supply_t3b_papr_r07,Asia and Oceania non-OPEC supply,non_OPEC_petroleum_and_other_liquid_fuels,-17.838569,,,,,,,,,,,,million_bbl,https://www.eia.gov/outlooks/steo/archives/feb25_base.xlsx,https://www.eia.gov/outlooks/steo/archives/jul25_base.xlsx,high_arithmetic_medium_measurement,"February STEO minus July STEO for the same monthly values, multiplied by calendar days. Positive is lower supply/demand in July than February had forecast.",Reference-year revision used to estimate ordinary STEO vintage movement.,"Vintage revision includes data updates, weather, macro changes, policy, outages and other contemporaneous events.",Regions and Russia are nested diagnostic rows; do not add them to the world total.
raw-2026-march_june-global_supply,raw_vintage_pair,target_2026,2026,march_june,global_supply,World,petroleum_and_other_liquid_fuels,1441.477118,,,,,,,,,,,,million_bbl,https://www.eia.gov/outlooks/steo/archives/feb26_base.xlsx,https://www.eia.gov/outlooks/steo/archives/jul26_base.xlsx,high_arithmetic_medium_measurement,"February STEO minus July STEO for the same monthly values, multiplied by calendar days. Positive is lower supply/demand in July than February had forecast.",2026 target revision; not automatically causal.,"Vintage revision includes data updates, weather, macro changes, policy, outages and other contemporaneous events.",Regions and Russia are nested diagnostic rows; do not add them to the world total.
raw-2026-march_june-global_demand,raw_vintage_pair,target_2026,2026,march_june,global_demand,World,petroleum_and_other_liquid_fuels,439.228394,,,,,,,,,,,,million_bbl,https://www.eia.gov/outlooks/steo/archives/feb26_base.xlsx,https://www.eia.gov/outlooks/steo/archives/jul26_base.xlsx,high_arithmetic_medium_measurement,"February STEO minus July STEO for the same monthly values, multiplied by calendar days. Positive is lower supply/demand in July than February had forecast.",2026 target revision; not automatically causal.,"Vintage revision includes data updates, weather, macro changes, policy, outages and other contemporaneous events.",Regions and Russia are nested diagnostic rows; do not add them to the world total.
raw-2026-march_june-russia_supply,raw_vintage_pair,target_2026,2026,march_june,russia_supply,Russia,petroleum_and_other_liquid_fuels,27.422459,,,,,,,,,,,,million_bbl,https://www.eia.gov/outlooks/steo/archives/feb26_base.xlsx,https://www.eia.gov/outlooks/steo/archives/jul26_base.xlsx,high_arithmetic_medium_measurement,"February STEO minus July STEO for the same monthly values, multiplied by calendar days. Positive is lower supply/demand in July than February had forecast.",2026 target revision; not automatically causal.,"Vintage revision includes data updates, weather, macro changes, policy, outages and other contemporaneous events.",Regions and Russia are nested diagnostic rows; do not add them to the world total.
raw-2026-march_june-russia_demand,raw_vintage_pair,target_2026,2026,march_june,russia_demand,Russia,petroleum_and_other_liquid_fuels,6.381692,,,,,,,,,,,,million_bbl,https://www.eia.gov/outlooks/steo/archives/feb26_base.xlsx,https://www.eia.gov/outlooks/steo/archives/jul26_base.xlsx,high_arithmetic_medium_measurement,"February STEO minus July STEO for the same monthly values, multiplied by calendar days. Positive is lower supply/demand in July than February had forecast.",2026 target revision; not automatically causal.,"Vintage revision includes data updates, weather, macro changes, policy, outages and other contemporaneous events.",Regions and Russia are nested diagnostic rows; do not add them to the world total.
raw-2026-march_june-global_supply_ex_russia,raw_vintage_pair,target_2026,2026,march_june,global_supply_ex_russia,World excluding Russia,petroleum_and_other_liquid_fuels,1414.05466,,,,,,,,,,,,million_bbl,https://www.eia.gov/outlooks/steo/archives/feb26_base.xlsx,https://www.eia.gov/outlooks/steo/archives/jul26_base.xlsx,high_arithmetic_medium_measurement,"February STEO minus July STEO for the same monthly values, multiplied by calendar days. Positive is lower supply/demand in July than February had forecast.",2026 target revision; not automatically causal.,"Vintage revision includes data updates, weather, macro changes, policy, outages and other contemporaneous events.",Regions and Russia are nested diagnostic rows; do not add them to the world total.
raw-2026-march_june-global_demand_ex_russia,raw_vintage_pair,target_2026,2026,march_june,global_demand_ex_russia,World excluding Russia,petroleum_and_other_liquid_fuels,432.846702,,,,,,,,,,,,million_bbl,https://www.eia.gov/outlooks/steo/archives/feb26_base.xlsx,https://www.eia.gov/outlooks/steo/archives/jul26_base.xlsx,high_arithmetic_medium_measurement,"February STEO minus July STEO for the same monthly values, multiplied by calendar days. Positive is lower supply/demand in July than February had forecast.",2026 target revision; not automatically causal.,"Vintage revision includes data updates, weather, macro changes, policy, outages and other contemporaneous events.",Regions and Russia are nested diagnostic rows; do not add them to the world total.
raw-2026-march_june-demand_patc_r01,raw_vintage_pair,target_2026,2026,march_june,demand_patc_r01,North America,petroleum_and_other_liquid_fuels,-15.688574,,,,,,,,,,,,million_bbl,https://www.eia.gov/outlooks/steo/archives/feb26_base.xlsx,https://www.eia.gov/outlooks/steo/archives/jul26_base.xlsx,high_arithmetic_medium_measurement,"February STEO minus July STEO for the same monthly values, multiplied by calendar days. Positive is lower supply/demand in July than February had forecast.",2026 target revision; not automatically causal.,"Vintage revision includes data updates, weather, macro changes, policy, outages and other contemporaneous events.",Regions and Russia are nested diagnostic rows; do not add them to the world total.
raw-2026-march_june-demand_patc_r02,raw_vintage_pair,target_2026,2026,march_june,demand_patc_r02,Central and South America,petroleum_and_other_liquid_fuels,7.017968,,,,,,,,,,,,million_bbl,https://www.eia.gov/outlooks/steo/archives/feb26_base.xlsx,https://www.eia.gov/outlooks/steo/archives/jul26_base.xlsx,high_arithmetic_medium_measurement,"February STEO minus July STEO for the same monthly values, multiplied by calendar days. Positive is lower supply/demand in July than February had forecast.",2026 target revision; not automatically causal.,"Vintage revision includes data updates, weather, macro changes, policy, outages and other contemporaneous events.",Regions and Russia are nested diagnostic rows; do not add them to the world total.
raw-2026-march_june-demand_patc_r03,raw_vintage_pair,target_2026,2026,march_june,demand_patc_r03,Europe,petroleum_and_other_liquid_fuels,23.710678,,,,,,,,,,,,million_bbl,https://www.eia.gov/outlooks/steo/archives/feb26_base.xlsx,https://www.eia.gov/outlooks/steo/archives/jul26_base.xlsx,high_arithmetic_medium_measurement,"February STEO minus July STEO for the same monthly values, multiplied by calendar days. Positive is lower supply/demand in July than February had forecast.",2026 target revision; not automatically causal.,"Vintage revision includes data updates, weather, macro changes, policy, outages and other contemporaneous events.",Regions and Russia are nested diagnostic rows; do not add them to the world total.
raw-2026-march_june-demand_patc_r04,raw_vintage_pair,target_2026,2026,march_june,demand_patc_r04,Eurasia,petroleum_and_other_liquid_fuels,6.674742,,,,,,,,,,,,million_bbl,https://www.eia.gov/outlooks/steo/archives/feb26_base.xlsx,https://www.eia.gov/outlooks/steo/archives/jul26_base.xlsx,high_arithmetic_medium_measurement,"February STEO minus July STEO for the same monthly values, multiplied by calendar days. Positive is lower supply/demand in July than February had forecast.",2026 target revision; not automatically causal.,"Vintage revision includes data updates, weather, macro changes, policy, outages and other contemporaneous events.",Regions and Russia are nested diagnostic rows; do not add them to the world total.
raw-2026-march_june-demand_patc_r05,raw_vintage_pair,target_2026,2026,march_june,demand_patc_r05,Middle East,petroleum_and_other_liquid_fuels,134.864979,,,,,,,,,,,,million_bbl,https://www.eia.gov/outlooks/steo/archives/feb26_base.xlsx,https://www.eia.gov/outlooks/steo/archives/jul26_base.xlsx,high_arithmetic_medium_measurement,"February STEO minus July STEO for the same monthly values, multiplied by calendar days. Positive is lower supply/demand in July than February had forecast.",2026 target revision; not automatically causal.,"Vintage revision includes data updates, weather, macro changes, policy, outages and other contemporaneous events.",Regions and Russia are nested diagnostic rows; do not add them to the world total.
raw-2026-march_june-demand_patc_r06,raw_vintage_pair,target_2026,2026,march_june,demand_patc_r06,Africa,petroleum_and_other_liquid_fuels,26.559968,,,,,,,,,,,,million_bbl,https://www.eia.gov/outlooks/steo/archives/feb26_base.xlsx,https://www.eia.gov/outlooks/steo/archives/jul26_base.xlsx,high_arithmetic_medium_measurement,"February STEO minus July STEO for the same monthly values, multiplied by calendar days. Positive is lower supply/demand in July than February had forecast.",2026 target revision; not automatically causal.,"Vintage revision includes data updates, weather, macro changes, policy, outages and other contemporaneous events.",Regions and Russia are nested diagnostic rows; do not add them to the world total.
raw-2026-march_june-demand_patc_r07,raw_vintage_pair,target_2026,2026,march_june,demand_patc_r07,Asia and Oceania,petroleum_and_other_liquid_fuels,256.088631,,,,,,,,,,,,million_bbl,https://www.eia.gov/outlooks/steo/archives/feb26_base.xlsx,https://www.eia.gov/outlooks/steo/archives/jul26_base.xlsx,high_arithmetic_medium_measurement,"February STEO minus July STEO for the same monthly values, multiplied by calendar days. Positive is lower supply/demand in July than February had forecast.",2026 target revision; not automatically causal.,"Vintage revision includes data updates, weather, macro changes, policy, outages and other contemporaneous events.",Regions and Russia are nested diagnostic rows; do not add them to the world total.
raw-2026-march_june-supply_t3b_papr_r01,raw_vintage_pair,target_2026,2026,march_june,supply_t3b_papr_r01,North America non-OPEC supply,non_OPEC_petroleum_and_other_liquid_fuels,-66.833836,,,,,,,,,,,,million_bbl,https://www.eia.gov/outlooks/steo/archives/feb26_base.xlsx,https://www.eia.gov/outlooks/steo/archives/jul26_base.xlsx,high_arithmetic_medium_measurement,"February STEO minus July STEO for the same monthly values, multiplied by calendar days. Positive is lower supply/demand in July than February had forecast.",2026 target revision; not automatically causal.,"Vintage revision includes data updates, weather, macro changes, policy, outages and other contemporaneous events.",Regions and Russia are nested diagnostic rows; do not add them to the world total.
raw-2026-march_june-supply_t3b_papr_r02,raw_vintage_pair,target_2026,2026,march_june,supply_t3b_papr_r02,Central and South America non-OPEC supply,non_OPEC_petroleum_and_other_liquid_fuels,-35.547918,,,,,,,,,,,,million_bbl,https://www.eia.gov/outlooks/steo/archives/feb26_base.xlsx,https://www.eia.gov/outlooks/steo/archives/jul26_base.xlsx,high_arithmetic_medium_measurement,"February STEO minus July STEO for the same monthly values, multiplied by calendar days. Positive is lower supply/demand in July than February had forecast.",2026 target revision; not automatically causal.,"Vintage revision includes data updates, weather, macro changes, policy, outages and other contemporaneous events.",Regions and Russia are nested diagnostic rows; do not add them to the world total.
raw-2026-march_june-supply_t3b_papr_r03,raw_vintage_pair,target_2026,2026,march_june,supply_t3b_papr_r03,Europe non-OPEC supply,non_OPEC_petroleum_and_other_liquid_fuels,7.708476,,,,,,,,,,,,million_bbl,https://www.eia.gov/outlooks/steo/archives/feb26_base.xlsx,https://www.eia.gov/outlooks/steo/archives/jul26_base.xlsx,high_arithmetic_medium_measurement,"February STEO minus July STEO for the same monthly values, multiplied by calendar days. Positive is lower supply/demand in July than February had forecast.",2026 target revision; not automatically causal.,"Vintage revision includes data updates, weather, macro changes, policy, outages and other contemporaneous events.",Regions and Russia are nested diagnostic rows; do not add them to the world total.
raw-2026-march_june-supply_t3b_papr_r04,raw_vintage_pair,target_2026,2026,march_june,supply_t3b_papr_r04,Eurasia non-OPEC supply,non_OPEC_petroleum_and_other_liquid_fuels,25.498166,,,,,,,,,,,,million_bbl,https://www.eia.gov/outlooks/steo/archives/feb26_base.xlsx,https://www.eia.gov/outlooks/steo/archives/jul26_base.xlsx,high_arithmetic_medium_measurement,"February STEO minus July STEO for the same monthly values, multiplied by calendar days. Positive is lower supply/demand in July than February had forecast.",2026 target revision; not automatically causal.,"Vintage revision includes data updates, weather, macro changes, policy, outages and other contemporaneous events.",Regions and Russia are nested diagnostic rows; do not add them to the world total.
raw-2026-march_june-supply_t3b_papr_r05,raw_vintage_pair,target_2026,2026,march_june,supply_t3b_papr_r05,Middle East non-OPEC supply,non_OPEC_petroleum_and_other_liquid_fuels,-165.358632,,,,,,,,,,,,million_bbl,https://www.eia.gov/outlooks/steo/archives/feb26_base.xlsx,https://www.eia.gov/outlooks/steo/archives/jul26_base.xlsx,high_arithmetic_medium_measurement,"February STEO minus July STEO for the same monthly values, multiplied by calendar days. Positive is lower supply/demand in July than February had forecast.",2026 target revision; not automatically causal.,"Vintage revision includes data updates, weather, macro changes, policy, outages and other contemporaneous events.",Regions and Russia are nested diagnostic rows; do not add them to the world total.
raw-2026-march_june-supply_t3b_papr_r06,raw_vintage_pair,target_2026,2026,march_june,supply_t3b_papr_r06,Africa non-OPEC supply,non_OPEC_petroleum_and_other_liquid_fuels,0.681881,,,,,,,,,,,,million_bbl,https://www.eia.gov/outlooks/steo/archives/feb26_base.xlsx,https://www.eia.gov/outlooks/steo/archives/jul26_base.xlsx,high_arithmetic_medium_measurement,"February STEO minus July STEO for the same monthly values, multiplied by calendar days. Positive is lower supply/demand in July than February had forecast.",2026 target revision; not automatically causal.,"Vintage revision includes data updates, weather, macro changes, policy, outages and other contemporaneous events.",Regions and Russia are nested diagnostic rows; do not add them to the world total.
raw-2026-march_june-supply_t3b_papr_r07,raw_vintage_pair,target_2026,2026,march_june,supply_t3b_papr_r07,Asia and Oceania non-OPEC supply,non_OPEC_petroleum_and_other_liquid_fuels,14.111676,,,,,,,,,,,,million_bbl,https://www.eia.gov/outlooks/steo/archives/feb26_base.xlsx,https://www.eia.gov/outlooks/steo/archives/jul26_base.xlsx,high_arithmetic_medium_measurement,"February STEO minus July STEO for the same monthly values, multiplied by calendar days. Positive is lower supply/demand in July than February had forecast.",2026 target revision; not automatically causal.,"Vintage revision includes data updates, weather, macro changes, policy, outages and other contemporaneous events.",Regions and Russia are nested diagnostic rows; do not add them to the world total.
raw-2026-march_july-global_supply,raw_vintage_pair,target_2026,2026,march_july,global_supply,World,petroleum_and_other_liquid_fuels,1724.36444,,,,,,,,,,,,million_bbl,https://www.eia.gov/outlooks/steo/archives/feb26_base.xlsx,https://www.eia.gov/outlooks/steo/archives/jul26_base.xlsx,high_arithmetic_medium_measurement,"February STEO minus July STEO for the same monthly values, multiplied by calendar days. Positive is lower supply/demand in July than February had forecast.",2026 target revision; not automatically causal.,"Vintage revision includes data updates, weather, macro changes, policy, outages and other contemporaneous events.",Regions and Russia are nested diagnostic rows; do not add them to the world total.
raw-2026-march_july-global_demand,raw_vintage_pair,target_2026,2026,march_july,global_demand,World,petroleum_and_other_liquid_fuels,566.355841,,,,,,,,,,,,million_bbl,https://www.eia.gov/outlooks/steo/archives/feb26_base.xlsx,https://www.eia.gov/outlooks/steo/archives/jul26_base.xlsx,high_arithmetic_medium_measurement,"February STEO minus July STEO for the same monthly values, multiplied by calendar days. Positive is lower supply/demand in July than February had forecast.",2026 target revision; not automatically causal.,"Vintage revision includes data updates, weather, macro changes, policy, outages and other contemporaneous events.",Regions and Russia are nested diagnostic rows; do not add them to the world total.
raw-2026-march_july-russia_supply,raw_vintage_pair,target_2026,2026,march_july,russia_supply,Russia,petroleum_and_other_liquid_fuels,39.11107,,,,,,,,,,,,million_bbl,https://www.eia.gov/outlooks/steo/archives/feb26_base.xlsx,https://www.eia.gov/outlooks/steo/archives/jul26_base.xlsx,high_arithmetic_medium_measurement,"February STEO minus July STEO for the same monthly values, multiplied by calendar days. Positive is lower supply/demand in July than February had forecast.",2026 target revision; not automatically causal.,"Vintage revision includes data updates, weather, macro changes, policy, outages and other contemporaneous events.",Regions and Russia are nested diagnostic rows; do not add them to the world total.
raw-2026-march_july-russia_demand,raw_vintage_pair,target_2026,2026,march_july,russia_demand,Russia,petroleum_and_other_liquid_fuels,9.064671,,,,,,,,,,,,million_bbl,https://www.eia.gov/outlooks/steo/archives/feb26_base.xlsx,https://www.eia.gov/outlooks/steo/archives/jul26_base.xlsx,high_arithmetic_medium_measurement,"February STEO minus July STEO for the same monthly values, multiplied by calendar days. Positive is lower supply/demand in July than February had forecast.",2026 target revision; not automatically causal.,"Vintage revision includes data updates, weather, macro changes, policy, outages and other contemporaneous events.",Regions and Russia are nested diagnostic rows; do not add them to the world total.
raw-2026-march_july-global_supply_ex_russia,raw_vintage_pair,target_2026,2026,march_july,global_supply_ex_russia,World excluding Russia,petroleum_and_other_liquid_fuels,1685.25337,,,,,,,,,,,,million_bbl,https://www.eia.gov/outlooks/steo/archives/feb26_base.xlsx,https://www.eia.gov/outlooks/steo/archives/jul26_base.xlsx,high_arithmetic_medium_measurement,"February STEO minus July STEO for the same monthly values, multiplied by calendar days. Positive is lower supply/demand in July than February had forecast.",2026 target revision; not automatically causal.,"Vintage revision includes data updates, weather, macro changes, policy, outages and other contemporaneous events.",Regions and Russia are nested diagnostic rows; do not add them to the world total.
raw-2026-march_july-global_demand_ex_russia,raw_vintage_pair,target_2026,2026,march_july,global_demand_ex_russia,World excluding Russia,petroleum_and_other_liquid_fuels,557.29117,,,,,,,,,,,,million_bbl,https://www.eia.gov/outlooks/steo/archives/feb26_base.xlsx,https://www.eia.gov/outlooks/steo/archives/jul26_base.xlsx,high_arithmetic_medium_measurement,"February STEO minus July STEO for the same monthly values, multiplied by calendar days. Positive is lower supply/demand in July than February had forecast.",2026 target revision; not automatically causal.,"Vintage revision includes data updates, weather, macro changes, policy, outages and other contemporaneous events.",Regions and Russia are nested diagnostic rows; do not add them to the world total.
raw-2026-march_july-demand_patc_r01,raw_vintage_pair,target_2026,2026,march_july,demand_patc_r01,North America,petroleum_and_other_liquid_fuels,-16.633495,,,,,,,,,,,,million_bbl,https://www.eia.gov/outlooks/steo/archives/feb26_base.xlsx,https://www.eia.gov/outlooks/steo/archives/jul26_base.xlsx,high_arithmetic_medium_measurement,"February STEO minus July STEO for the same monthly values, multiplied by calendar days. Positive is lower supply/demand in July than February had forecast.",2026 target revision; not automatically causal.,"Vintage revision includes data updates, weather, macro changes, policy, outages and other contemporaneous events.",Regions and Russia are nested diagnostic rows; do not add them to the world total.
raw-2026-march_july-demand_patc_r02,raw_vintage_pair,target_2026,2026,march_july,demand_patc_r02,Central and South America,petroleum_and_other_liquid_fuels,8.358965,,,,,,,,,,,,million_bbl,https://www.eia.gov/outlooks/steo/archives/feb26_base.xlsx,https://www.eia.gov/outlooks/steo/archives/jul26_base.xlsx,high_arithmetic_medium_measurement,"February STEO minus July STEO for the same monthly values, multiplied by calendar days. Positive is lower supply/demand in July than February had forecast.",2026 target revision; not automatically causal.,"Vintage revision includes data updates, weather, macro changes, policy, outages and other contemporaneous events.",Regions and Russia are nested diagnostic rows; do not add them to the world total.
raw-2026-march_july-demand_patc_r03,raw_vintage_pair,target_2026,2026,march_july,demand_patc_r03,Europe,petroleum_and_other_liquid_fuels,29.70088,,,,,,,,,,,,million_bbl,https://www.eia.gov/outlooks/steo/archives/feb26_base.xlsx,https://www.eia.gov/outlooks/steo/archives/jul26_base.xlsx,high_arithmetic_medium_measurement,"February STEO minus July STEO for the same monthly values, multiplied by calendar days. Positive is lower supply/demand in July than February had forecast.",2026 target revision; not automatically causal.,"Vintage revision includes data updates, weather, macro changes, policy, outages and other contemporaneous events.",Regions and Russia are nested diagnostic rows; do not add them to the world total.
raw-2026-march_july-demand_patc_r04,raw_vintage_pair,target_2026,2026,march_july,demand_patc_r04,Eurasia,petroleum_and_other_liquid_fuels,9.433329,,,,,,,,,,,,million_bbl,https://www.eia.gov/outlooks/steo/archives/feb26_base.xlsx,https://www.eia.gov/outlooks/steo/archives/jul26_base.xlsx,high_arithmetic_medium_measurement,"February STEO minus July STEO for the same monthly values, multiplied by calendar days. Positive is lower supply/demand in July than February had forecast.",2026 target revision; not automatically causal.,"Vintage revision includes data updates, weather, macro changes, policy, outages and other contemporaneous events.",Regions and Russia are nested diagnostic rows; do not add them to the world total.
raw-2026-march_july-demand_patc_r05,raw_vintage_pair,target_2026,2026,march_july,demand_patc_r05,Middle East,petroleum_and_other_liquid_fuels,173.496208,,,,,,,,,,,,million_bbl,https://www.eia.gov/outlooks/steo/archives/feb26_base.xlsx,https://www.eia.gov/outlooks/steo/archives/jul26_base.xlsx,high_arithmetic_medium_measurement,"February STEO minus July STEO for the same monthly values, multiplied by calendar days. Positive is lower supply/demand in July than February had forecast.",2026 target revision; not automatically causal.,"Vintage revision includes data updates, weather, macro changes, policy, outages and other contemporaneous events.",Regions and Russia are nested diagnostic rows; do not add them to the world total.
raw-2026-march_july-demand_patc_r06,raw_vintage_pair,target_2026,2026,march_july,demand_patc_r06,Africa,petroleum_and_other_liquid_fuels,35.099597,,,,,,,,,,,,million_bbl,https://www.eia.gov/outlooks/steo/archives/feb26_base.xlsx,https://www.eia.gov/outlooks/steo/archives/jul26_base.xlsx,high_arithmetic_medium_measurement,"February STEO minus July STEO for the same monthly values, multiplied by calendar days. Positive is lower supply/demand in July than February had forecast.",2026 target revision; not automatically causal.,"Vintage revision includes data updates, weather, macro changes, policy, outages and other contemporaneous events.",Regions and Russia are nested diagnostic rows; do not add them to the world total.
raw-2026-march_july-demand_patc_r07,raw_vintage_pair,target_2026,2026,march_july,demand_patc_r07,Asia and Oceania,petroleum_and_other_liquid_fuels,326.900353,,,,,,,,,,,,million_bbl,https://www.eia.gov/outlooks/steo/archives/feb26_base.xlsx,https://www.eia.gov/outlooks/steo/archives/jul26_base.xlsx,high_arithmetic_medium_measurement,"February STEO minus July STEO for the same monthly values, multiplied by calendar days. Positive is lower supply/demand in July than February had forecast.",2026 target revision; not automatically causal.,"Vintage revision includes data updates, weather, macro changes, policy, outages and other contemporaneous events.",Regions and Russia are nested diagnostic rows; do not add them to the world total.
raw-2026-march_july-supply_t3b_papr_r01,raw_vintage_pair,target_2026,2026,march_july,supply_t3b_papr_r01,North America non-OPEC supply,non_OPEC_petroleum_and_other_liquid_fuels,-79.920325,,,,,,,,,,,,million_bbl,https://www.eia.gov/outlooks/steo/archives/feb26_base.xlsx,https://www.eia.gov/outlooks/steo/archives/jul26_base.xlsx,high_arithmetic_medium_measurement,"February STEO minus July STEO for the same monthly values, multiplied by calendar days. Positive is lower supply/demand in July than February had forecast.",2026 target revision; not automatically causal.,"Vintage revision includes data updates, weather, macro changes, policy, outages and other contemporaneous events.",Regions and Russia are nested diagnostic rows; do not add them to the world total.
raw-2026-march_july-supply_t3b_papr_r02,raw_vintage_pair,target_2026,2026,march_july,supply_t3b_papr_r02,Central and South America non-OPEC supply,non_OPEC_petroleum_and_other_liquid_fuels,-40.063467,,,,,,,,,,,,million_bbl,https://www.eia.gov/outlooks/steo/archives/feb26_base.xlsx,https://www.eia.gov/outlooks/steo/archives/jul26_base.xlsx,high_arithmetic_medium_measurement,"February STEO minus July STEO for the same monthly values, multiplied by calendar days. Positive is lower supply/demand in July than February had forecast.",2026 target revision; not automatically causal.,"Vintage revision includes data updates, weather, macro changes, policy, outages and other contemporaneous events.",Regions and Russia are nested diagnostic rows; do not add them to the world total.
raw-2026-march_july-supply_t3b_papr_r03,raw_vintage_pair,target_2026,2026,march_july,supply_t3b_papr_r03,Europe non-OPEC supply,non_OPEC_petroleum_and_other_liquid_fuels,8.457453,,,,,,,,,,,,million_bbl,https://www.eia.gov/outlooks/steo/archives/feb26_base.xlsx,https://www.eia.gov/outlooks/steo/archives/jul26_base.xlsx,high_arithmetic_medium_measurement,"February STEO minus July STEO for the same monthly values, multiplied by calendar days. Positive is lower supply/demand in July than February had forecast.",2026 target revision; not automatically causal.,"Vintage revision includes data updates, weather, macro changes, policy, outages and other contemporaneous events.",Regions and Russia are nested diagnostic rows; do not add them to the world total.
raw-2026-march_july-supply_t3b_papr_r04,raw_vintage_pair,target_2026,2026,march_july,supply_t3b_papr_r04,Eurasia non-OPEC supply,non_OPEC_petroleum_and_other_liquid_fuels,34.333144,,,,,,,,,,,,million_bbl,https://www.eia.gov/outlooks/steo/archives/feb26_base.xlsx,https://www.eia.gov/outlooks/steo/archives/jul26_base.xlsx,high_arithmetic_medium_measurement,"February STEO minus July STEO for the same monthly values, multiplied by calendar days. Positive is lower supply/demand in July than February had forecast.",2026 target revision; not automatically causal.,"Vintage revision includes data updates, weather, macro changes, policy, outages and other contemporaneous events.",Regions and Russia are nested diagnostic rows; do not add them to the world total.
raw-2026-march_july-supply_t3b_papr_r05,raw_vintage_pair,target_2026,2026,march_july,supply_t3b_papr_r05,Middle East non-OPEC supply,non_OPEC_petroleum_and_other_liquid_fuels,-248.152347,,,,,,,,,,,,million_bbl,https://www.eia.gov/outlooks/steo/archives/feb26_base.xlsx,https://www.eia.gov/outlooks/steo/archives/jul26_base.xlsx,high_arithmetic_medium_measurement,"February STEO minus July STEO for the same monthly values, multiplied by calendar days. Positive is lower supply/demand in July than February had forecast.",2026 target revision; not automatically causal.,"Vintage revision includes data updates, weather, macro changes, policy, outages and other contemporaneous events.",Regions and Russia are nested diagnostic rows; do not add them to the world total.
raw-2026-march_july-supply_t3b_papr_r06,raw_vintage_pair,target_2026,2026,march_july,supply_t3b_papr_r06,Africa non-OPEC supply,non_OPEC_petroleum_and_other_liquid_fuels,0.708674,,,,,,,,,,,,million_bbl,https://www.eia.gov/outlooks/steo/archives/feb26_base.xlsx,https://www.eia.gov/outlooks/steo/archives/jul26_base.xlsx,high_arithmetic_medium_measurement,"February STEO minus July STEO for the same monthly values, multiplied by calendar days. Positive is lower supply/demand in July than February had forecast.",2026 target revision; not automatically causal.,"Vintage revision includes data updates, weather, macro changes, policy, outages and other contemporaneous events.",Regions and Russia are nested diagnostic rows; do not add them to the world total.
raw-2026-march_july-supply_t3b_papr_r07,raw_vintage_pair,target_2026,2026,march_july,supply_t3b_papr_r07,Asia and Oceania non-OPEC supply,non_OPEC_petroleum_and_other_liquid_fuels,17.487481,,,,,,,,,,,,million_bbl,https://www.eia.gov/outlooks/steo/archives/feb26_base.xlsx,https://www.eia.gov/outlooks/steo/archives/jul26_base.xlsx,high_arithmetic_medium_measurement,"February STEO minus July STEO for the same monthly values, multiplied by calendar days. Positive is lower supply/demand in July than February had forecast.",2026 target revision; not automatically causal.,"Vintage revision includes data updates, weather, macro changes, policy, outages and other contemporaneous events.",Regions and Russia are nested diagnostic rows; do not add them to the world total.
summary-primary_non_hormuz-march_july-demand_patc_r01,baseline_distribution,primary_non_hormuz,,march_july,demand_patc_r01,North America,petroleum_and_other_liquid_fuels,,6,21.577882,29.829427,-31.166074,66.070291,-37.587794,74.509438,47.470272,66.070291,,,million_bbl,https://www.eia.gov/outlooks/steo/archives/feb17_base.xlsx | https://www.eia.gov/outlooks/steo/archives/feb18_base.xlsx | https://www.eia.gov/outlooks/steo/archives/feb19_base.xlsx | https://www.eia.gov/outlooks/steo/archives/feb23_base.xlsx | https://www.eia.gov/outlooks/steo/archives/feb24_base.xlsx | https://www.eia.gov/outlooks/steo/archives/feb25_base.xlsx,https://www.eia.gov/outlooks/steo/archives/jul17_base.xlsx | https://www.eia.gov/outlooks/steo/archives/jul18_base.xlsx | https://www.eia.gov/outlooks/steo/archives/jul19_base.xlsx | https://www.eia.gov/outlooks/steo/archives/jul23_base.xlsx | https://www.eia.gov/outlooks/steo/archives/jul24_base.xlsx | https://www.eia.gov/outlooks/steo/archives/jul25_base.xlsx,medium_for_scale_low_for_probability,Descriptive distribution across the listed reference years; p10/p90 use linear Type-7 interpolation.,"Empirical ordinary-plus-background-news STEO revision baseline, not a confidence interval.","Only three or six observations; years contain OPEC decisions, sanctions, weather and other events even though they lack a new Hormuz-scale shock.",Use one baseline group at a time. Pre- and post-COVID subsets are sensitivities inside the six-year primary sample.
summary-primary_non_hormuz-march_july-demand_patc_r02,baseline_distribution,primary_non_hormuz,,march_july,demand_patc_r02,Central and South America,petroleum_and_other_liquid_fuels,,6,-4.099499,0.735945,-25.937229,12.902788,-36.053292,14.450664,12.902788,25.937229,,,million_bbl,https://www.eia.gov/outlooks/steo/archives/feb17_base.xlsx | https://www.eia.gov/outlooks/steo/archives/feb18_base.xlsx | https://www.eia.gov/outlooks/steo/archives/feb19_base.xlsx | https://www.eia.gov/outlooks/steo/archives/feb23_base.xlsx | https://www.eia.gov/outlooks/steo/archives/feb24_base.xlsx | https://www.eia.gov/outlooks/steo/archives/feb25_base.xlsx,https://www.eia.gov/outlooks/steo/archives/jul17_base.xlsx | https://www.eia.gov/outlooks/steo/archives/jul18_base.xlsx | https://www.eia.gov/outlooks/steo/archives/jul19_base.xlsx | https://www.eia.gov/outlooks/steo/archives/jul23_base.xlsx | https://www.eia.gov/outlooks/steo/archives/jul24_base.xlsx | https://www.eia.gov/outlooks/steo/archives/jul25_base.xlsx,medium_for_scale_low_for_probability,Descriptive distribution across the listed reference years; p10/p90 use linear Type-7 interpolation.,"Empirical ordinary-plus-background-news STEO revision baseline, not a confidence interval.","Only three or six observations; years contain OPEC decisions, sanctions, weather and other events even though they lack a new Hormuz-scale shock.",Use one baseline group at a time. Pre- and post-COVID subsets are sensitivities inside the six-year primary sample.
summary-primary_non_hormuz-march_july-demand_patc_r03,baseline_distribution,primary_non_hormuz,,march_july,demand_patc_r03,Europe,petroleum_and_other_liquid_fuels,,6,-6.055929,-12.687553,-25.394559,19.914326,-32.474419,26.816094,18.290962,29.645256,,,million_bbl,https://www.eia.gov/outlooks/steo/archives/feb17_base.xlsx | https://www.eia.gov/outlooks/steo/archives/feb18_base.xlsx | https://www.eia.gov/outlooks/steo/archives/feb19_base.xlsx | https://www.eia.gov/outlooks/steo/archives/feb23_base.xlsx | https://www.eia.gov/outlooks/steo/archives/feb24_base.xlsx | https://www.eia.gov/outlooks/steo/archives/feb25_base.xlsx,https://www.eia.gov/outlooks/steo/archives/jul17_base.xlsx | https://www.eia.gov/outlooks/steo/archives/jul18_base.xlsx | https://www.eia.gov/outlooks/steo/archives/jul19_base.xlsx | https://www.eia.gov/outlooks/steo/archives/jul23_base.xlsx | https://www.eia.gov/outlooks/steo/archives/jul24_base.xlsx | https://www.eia.gov/outlooks/steo/archives/jul25_base.xlsx,medium_for_scale_low_for_probability,Descriptive distribution across the listed reference years; p10/p90 use linear Type-7 interpolation.,"Empirical ordinary-plus-background-news STEO revision baseline, not a confidence interval.","Only three or six observations; years contain OPEC decisions, sanctions, weather and other events even though they lack a new Hormuz-scale shock.",Use one baseline group at a time. Pre- and post-COVID subsets are sensitivities inside the six-year primary sample.
summary-primary_non_hormuz-march_july-demand_patc_r04,baseline_distribution,primary_non_hormuz,,march_july,demand_patc_r04,Eurasia,petroleum_and_other_liquid_fuels,,6,-4.554162,1.477312,-24.07202,8.932221,-33.070689,11.433545,8.932221,24.07202,,,million_bbl,https://www.eia.gov/outlooks/steo/archives/feb17_base.xlsx | https://www.eia.gov/outlooks/steo/archives/feb18_base.xlsx | https://www.eia.gov/outlooks/steo/archives/feb19_base.xlsx | https://www.eia.gov/outlooks/steo/archives/feb23_base.xlsx | https://www.eia.gov/outlooks/steo/archives/feb24_base.xlsx | https://www.eia.gov/outlooks/steo/archives/feb25_base.xlsx,https://www.eia.gov/outlooks/steo/archives/jul17_base.xlsx | https://www.eia.gov/outlooks/steo/archives/jul18_base.xlsx | https://www.eia.gov/outlooks/steo/archives/jul19_base.xlsx | https://www.eia.gov/outlooks/steo/archives/jul23_base.xlsx | https://www.eia.gov/outlooks/steo/archives/jul24_base.xlsx | https://www.eia.gov/outlooks/steo/archives/jul25_base.xlsx,medium_for_scale_low_for_probability,Descriptive distribution across the listed reference years; p10/p90 use linear Type-7 interpolation.,"Empirical ordinary-plus-background-news STEO revision baseline, not a confidence interval.","Only three or six observations; years contain OPEC decisions, sanctions, weather and other events even though they lack a new Hormuz-scale shock.",Use one baseline group at a time. Pre- and post-COVID subsets are sensitivities inside the six-year primary sample.
summary-primary_non_hormuz-march_july-demand_patc_r05,baseline_distribution,primary_non_hormuz,,march_july,demand_patc_r05,Middle East,petroleum_and_other_liquid_fuels,,6,-6.934178,-7.031318,-19.223202,5.451986,-24.471065,6.328227,9.650918,19.223202,,,million_bbl,https://www.eia.gov/outlooks/steo/archives/feb17_base.xlsx | https://www.eia.gov/outlooks/steo/archives/feb18_base.xlsx | https://www.eia.gov/outlooks/steo/archives/feb19_base.xlsx | https://www.eia.gov/outlooks/steo/archives/feb23_base.xlsx | https://www.eia.gov/outlooks/steo/archives/feb24_base.xlsx | https://www.eia.gov/outlooks/steo/archives/feb25_base.xlsx,https://www.eia.gov/outlooks/steo/archives/jul17_base.xlsx | https://www.eia.gov/outlooks/steo/archives/jul18_base.xlsx | https://www.eia.gov/outlooks/steo/archives/jul19_base.xlsx | https://www.eia.gov/outlooks/steo/archives/jul23_base.xlsx | https://www.eia.gov/outlooks/steo/archives/jul24_base.xlsx | https://www.eia.gov/outlooks/steo/archives/jul25_base.xlsx,medium_for_scale_low_for_probability,Descriptive distribution across the listed reference years; p10/p90 use linear Type-7 interpolation.,"Empirical ordinary-plus-background-news STEO revision baseline, not a confidence interval.","Only three or six observations; years contain OPEC decisions, sanctions, weather and other events even though they lack a new Hormuz-scale shock.",Use one baseline group at a time. Pre- and post-COVID subsets are sensitivities inside the six-year primary sample.
summary-primary_non_hormuz-march_july-demand_patc_r06,baseline_distribution,primary_non_hormuz,,march_july,demand_patc_r06,Africa,petroleum_and_other_liquid_fuels,,6,4.058934,-2.154333,-6.320002,20.651137,-8.771812,28.655315,6.320002,20.651137,,,million_bbl,https://www.eia.gov/outlooks/steo/archives/feb17_base.xlsx | https://www.eia.gov/outlooks/steo/archives/feb18_base.xlsx | https://www.eia.gov/outlooks/steo/archives/feb19_base.xlsx | https://www.eia.gov/outlooks/steo/archives/feb23_base.xlsx | https://www.eia.gov/outlooks/steo/archives/feb24_base.xlsx | https://www.eia.gov/outlooks/steo/archives/feb25_base.xlsx,https://www.eia.gov/outlooks/steo/archives/jul17_base.xlsx | https://www.eia.gov/outlooks/steo/archives/jul18_base.xlsx | https://www.eia.gov/outlooks/steo/archives/jul19_base.xlsx | https://www.eia.gov/outlooks/steo/archives/jul23_base.xlsx | https://www.eia.gov/outlooks/steo/archives/jul24_base.xlsx | https://www.eia.gov/outlooks/steo/archives/jul25_base.xlsx,medium_for_scale_low_for_probability,Descriptive distribution across the listed reference years; p10/p90 use linear Type-7 interpolation.,"Empirical ordinary-plus-background-news STEO revision baseline, not a confidence interval.","Only three or six observations; years contain OPEC decisions, sanctions, weather and other events even though they lack a new Hormuz-scale shock.",Use one baseline group at a time. Pre- and post-COVID subsets are sensitivities inside the six-year primary sample.
summary-primary_non_hormuz-march_july-demand_patc_r07,baseline_distribution,primary_non_hormuz,,march_july,demand_patc_r07,Asia and Oceania,petroleum_and_other_liquid_fuels,,6,-7.819674,-27.813111,-40.76352,45.117608,-46.734479,90.285492,32.565601,68.509985,,,million_bbl,https://www.eia.gov/outlooks/steo/archives/feb17_base.xlsx | https://www.eia.gov/outlooks/steo/archives/feb18_base.xlsx | https://www.eia.gov/outlooks/steo/archives/feb19_base.xlsx | https://www.eia.gov/outlooks/steo/archives/feb23_base.xlsx | https://www.eia.gov/outlooks/steo/archives/feb24_base.xlsx | https://www.eia.gov/outlooks/steo/archives/feb25_base.xlsx,https://www.eia.gov/outlooks/steo/archives/jul17_base.xlsx | https://www.eia.gov/outlooks/steo/archives/jul18_base.xlsx | https://www.eia.gov/outlooks/steo/archives/jul19_base.xlsx | https://www.eia.gov/outlooks/steo/archives/jul23_base.xlsx | https://www.eia.gov/outlooks/steo/archives/jul24_base.xlsx | https://www.eia.gov/outlooks/steo/archives/jul25_base.xlsx,medium_for_scale_low_for_probability,Descriptive distribution across the listed reference years; p10/p90 use linear Type-7 interpolation.,"Empirical ordinary-plus-background-news STEO revision baseline, not a confidence interval.","Only three or six observations; years contain OPEC decisions, sanctions, weather and other events even though they lack a new Hormuz-scale shock.",Use one baseline group at a time. Pre- and post-COVID subsets are sensitivities inside the six-year primary sample.
summary-primary_non_hormuz-march_july-global_demand,baseline_distribution,primary_non_hormuz,,march_july,global_demand,World,petroleum_and_other_liquid_fuels,,6,-3.470772,-30.995245,-93.177131,113.76006,-129.478228,122.922513,80.736821,126.20037,,,million_bbl,https://www.eia.gov/outlooks/steo/archives/feb17_base.xlsx | https://www.eia.gov/outlooks/steo/archives/feb18_base.xlsx | https://www.eia.gov/outlooks/steo/archives/feb19_base.xlsx | https://www.eia.gov/outlooks/steo/archives/feb23_base.xlsx | https://www.eia.gov/outlooks/steo/archives/feb24_base.xlsx | https://www.eia.gov/outlooks/steo/archives/feb25_base.xlsx,https://www.eia.gov/outlooks/steo/archives/jul17_base.xlsx | https://www.eia.gov/outlooks/steo/archives/jul18_base.xlsx | https://www.eia.gov/outlooks/steo/archives/jul19_base.xlsx | https://www.eia.gov/outlooks/steo/archives/jul23_base.xlsx | https://www.eia.gov/outlooks/steo/archives/jul24_base.xlsx | https://www.eia.gov/outlooks/steo/archives/jul25_base.xlsx,medium_for_scale_low_for_probability,Descriptive distribution across the listed reference years; p10/p90 use linear Type-7 interpolation.,"Empirical ordinary-plus-background-news STEO revision baseline, not a confidence interval.","Only three or six observations; years contain OPEC decisions, sanctions, weather and other events even though they lack a new Hormuz-scale shock.",Use one baseline group at a time. Pre- and post-COVID subsets are sensitivities inside the six-year primary sample.
summary-primary_non_hormuz-march_july-global_demand_ex_russia,baseline_distribution,primary_non_hormuz,,march_july,global_demand_ex_russia,World excluding Russia,petroleum_and_other_liquid_fuels,,6,3.424482,-19.963386,-77.594409,107.831242,-113.993813,118.315435,69.271027,116.154624,,,million_bbl,https://www.eia.gov/outlooks/steo/archives/feb17_base.xlsx | https://www.eia.gov/outlooks/steo/archives/feb18_base.xlsx | https://www.eia.gov/outlooks/steo/archives/feb19_base.xlsx | https://www.eia.gov/outlooks/steo/archives/feb23_base.xlsx | https://www.eia.gov/outlooks/steo/archives/feb24_base.xlsx | https://www.eia.gov/outlooks/steo/archives/feb25_base.xlsx,https://www.eia.gov/outlooks/steo/archives/jul17_base.xlsx | https://www.eia.gov/outlooks/steo/archives/jul18_base.xlsx | https://www.eia.gov/outlooks/steo/archives/jul19_base.xlsx | https://www.eia.gov/outlooks/steo/archives/jul23_base.xlsx | https://www.eia.gov/outlooks/steo/archives/jul24_base.xlsx | https://www.eia.gov/outlooks/steo/archives/jul25_base.xlsx,medium_for_scale_low_for_probability,Descriptive distribution across the listed reference years; p10/p90 use linear Type-7 interpolation.,"Empirical ordinary-plus-background-news STEO revision baseline, not a confidence interval.","Only three or six observations; years contain OPEC decisions, sanctions, weather and other events even though they lack a new Hormuz-scale shock.",Use one baseline group at a time. Pre- and post-COVID subsets are sensitivities inside the six-year primary sample.
summary-primary_non_hormuz-march_july-global_supply,baseline_distribution,primary_non_hormuz,,march_july,global_supply,World,petroleum_and_other_liquid_fuels,,6,13.090685,-18.630669,-43.892643,101.795368,-50.670246,178.113953,31.295912,114.3921,,,million_bbl,https://www.eia.gov/outlooks/steo/archives/feb17_base.xlsx | https://www.eia.gov/outlooks/steo/archives/feb18_base.xlsx | https://www.eia.gov/outlooks/steo/archives/feb19_base.xlsx | https://www.eia.gov/outlooks/steo/archives/feb23_base.xlsx | https://www.eia.gov/outlooks/steo/archives/feb24_base.xlsx | https://www.eia.gov/outlooks/steo/archives/feb25_base.xlsx,https://www.eia.gov/outlooks/steo/archives/jul17_base.xlsx | https://www.eia.gov/outlooks/steo/archives/jul18_base.xlsx | https://www.eia.gov/outlooks/steo/archives/jul19_base.xlsx | https://www.eia.gov/outlooks/steo/archives/jul23_base.xlsx | https://www.eia.gov/outlooks/steo/archives/jul24_base.xlsx | https://www.eia.gov/outlooks/steo/archives/jul25_base.xlsx,medium_for_scale_low_for_probability,Descriptive distribution across the listed reference years; p10/p90 use linear Type-7 interpolation.,"Empirical ordinary-plus-background-news STEO revision baseline, not a confidence interval.","Only three or six observations; years contain OPEC decisions, sanctions, weather and other events even though they lack a new Hormuz-scale shock.",Use one baseline group at a time. Pre- and post-COVID subsets are sensitivities inside the six-year primary sample.
summary-primary_non_hormuz-march_july-global_supply_ex_russia,baseline_distribution,primary_non_hormuz,,march_july,global_supply_ex_russia,World excluding Russia,petroleum_and_other_liquid_fuels,,6,32.059237,6.426872,-56.800953,146.551794,-70.712784,179.658328,56.800953,146.551794,,,million_bbl,https://www.eia.gov/outlooks/steo/archives/feb17_base.xlsx | https://www.eia.gov/outlooks/steo/archives/feb18_base.xlsx | https://www.eia.gov/outlooks/steo/archives/feb19_base.xlsx | https://www.eia.gov/outlooks/steo/archives/feb23_base.xlsx | https://www.eia.gov/outlooks/steo/archives/feb24_base.xlsx | https://www.eia.gov/outlooks/steo/archives/feb25_base.xlsx,https://www.eia.gov/outlooks/steo/archives/jul17_base.xlsx | https://www.eia.gov/outlooks/steo/archives/jul18_base.xlsx | https://www.eia.gov/outlooks/steo/archives/jul19_base.xlsx | https://www.eia.gov/outlooks/steo/archives/jul23_base.xlsx | https://www.eia.gov/outlooks/steo/archives/jul24_base.xlsx | https://www.eia.gov/outlooks/steo/archives/jul25_base.xlsx,medium_for_scale_low_for_probability,Descriptive distribution across the listed reference years; p10/p90 use linear Type-7 interpolation.,"Empirical ordinary-plus-background-news STEO revision baseline, not a confidence interval.","Only three or six observations; years contain OPEC decisions, sanctions, weather and other events even though they lack a new Hormuz-scale shock.",Use one baseline group at a time. Pre- and post-COVID subsets are sensitivities inside the six-year primary sample.
summary-primary_non_hormuz-march_july-russia_demand,baseline_distribution,primary_non_hormuz,,march_july,russia_demand,Russia,petroleum_and_other_liquid_fuels,,6,-6.895254,-7.742207,-18.872373,5.928819,-22.063718,7.25056,11.367487,18.872373,,,million_bbl,https://www.eia.gov/outlooks/steo/archives/feb17_base.xlsx | https://www.eia.gov/outlooks/steo/archives/feb18_base.xlsx | https://www.eia.gov/outlooks/steo/archives/feb19_base.xlsx | https://www.eia.gov/outlooks/steo/archives/feb23_base.xlsx | https://www.eia.gov/outlooks/steo/archives/feb24_base.xlsx | https://www.eia.gov/outlooks/steo/archives/feb25_base.xlsx,https://www.eia.gov/outlooks/steo/archives/jul17_base.xlsx | https://www.eia.gov/outlooks/steo/archives/jul18_base.xlsx | https://www.eia.gov/outlooks/steo/archives/jul19_base.xlsx | https://www.eia.gov/outlooks/steo/archives/jul23_base.xlsx | https://www.eia.gov/outlooks/steo/archives/jul24_base.xlsx | https://www.eia.gov/outlooks/steo/archives/jul25_base.xlsx,medium_for_scale_low_for_probability,Descriptive distribution across the listed reference years; p10/p90 use linear Type-7 interpolation.,"Empirical ordinary-plus-background-news STEO revision baseline, not a confidence interval.","Only three or six observations; years contain OPEC decisions, sanctions, weather and other events even though they lack a new Hormuz-scale shock.",Use one baseline group at a time. Pre- and post-COVID subsets are sensitivities inside the six-year primary sample.
summary-primary_non_hormuz-march_july-russia_supply,baseline_distribution,primary_non_hormuz,,march_july,russia_supply,Russia,petroleum_and_other_liquid_fuels,,6,-18.968552,-4.662749,-80.656616,28.413709,-150.560299,49.858285,9.267029,100.209292,,,million_bbl,https://www.eia.gov/outlooks/steo/archives/feb17_base.xlsx | https://www.eia.gov/outlooks/steo/archives/feb18_base.xlsx | https://www.eia.gov/outlooks/steo/archives/feb19_base.xlsx | https://www.eia.gov/outlooks/steo/archives/feb23_base.xlsx | https://www.eia.gov/outlooks/steo/archives/feb24_base.xlsx | https://www.eia.gov/outlooks/steo/archives/feb25_base.xlsx,https://www.eia.gov/outlooks/steo/archives/jul17_base.xlsx | https://www.eia.gov/outlooks/steo/archives/jul18_base.xlsx | https://www.eia.gov/outlooks/steo/archives/jul19_base.xlsx | https://www.eia.gov/outlooks/steo/archives/jul23_base.xlsx | https://www.eia.gov/outlooks/steo/archives/jul24_base.xlsx | https://www.eia.gov/outlooks/steo/archives/jul25_base.xlsx,medium_for_scale_low_for_probability,Descriptive distribution across the listed reference years; p10/p90 use linear Type-7 interpolation.,"Empirical ordinary-plus-background-news STEO revision baseline, not a confidence interval.","Only three or six observations; years contain OPEC decisions, sanctions, weather and other events even though they lack a new Hormuz-scale shock.",Use one baseline group at a time. Pre- and post-COVID subsets are sensitivities inside the six-year primary sample.
summary-primary_non_hormuz-march_july-supply_t3b_papr_r01,baseline_distribution,primary_non_hormuz,,march_july,supply_t3b_papr_r01,North America non-OPEC supply,non_OPEC_petroleum_and_other_liquid_fuels,,6,-28.516993,-49.960625,-69.071643,33.48129,-74.070447,35.364234,49.960625,69.071643,,,million_bbl,https://www.eia.gov/outlooks/steo/archives/feb17_base.xlsx | https://www.eia.gov/outlooks/steo/archives/feb18_base.xlsx | https://www.eia.gov/outlooks/steo/archives/feb19_base.xlsx | https://www.eia.gov/outlooks/steo/archives/feb23_base.xlsx | https://www.eia.gov/outlooks/steo/archives/feb24_base.xlsx | https://www.eia.gov/outlooks/steo/archives/feb25_base.xlsx,https://www.eia.gov/outlooks/steo/archives/jul17_base.xlsx | https://www.eia.gov/outlooks/steo/archives/jul18_base.xlsx | https://www.eia.gov/outlooks/steo/archives/jul19_base.xlsx | https://www.eia.gov/outlooks/steo/archives/jul23_base.xlsx | https://www.eia.gov/outlooks/steo/archives/jul24_base.xlsx | https://www.eia.gov/outlooks/steo/archives/jul25_base.xlsx,medium_for_scale_low_for_probability,Descriptive distribution across the listed reference years; p10/p90 use linear Type-7 interpolation.,"Empirical ordinary-plus-background-news STEO revision baseline, not a confidence interval.","Only three or six observations; years contain OPEC decisions, sanctions, weather and other events even though they lack a new Hormuz-scale shock.",Use one baseline group at a time. Pre- and post-COVID subsets are sensitivities inside the six-year primary sample.
summary-primary_non_hormuz-march_july-supply_t3b_papr_r02,baseline_distribution,primary_non_hormuz,,march_july,supply_t3b_papr_r02,Central and South America non-OPEC supply,non_OPEC_petroleum_and_other_liquid_fuels,,6,0.939357,-3.02792,-17.70331,23.549301,-18.255072,24.131923,17.70331,23.549301,,,million_bbl,https://www.eia.gov/outlooks/steo/archives/feb17_base.xlsx | https://www.eia.gov/outlooks/steo/archives/feb18_base.xlsx | https://www.eia.gov/outlooks/steo/archives/feb19_base.xlsx | https://www.eia.gov/outlooks/steo/archives/feb23_base.xlsx | https://www.eia.gov/outlooks/steo/archives/feb24_base.xlsx | https://www.eia.gov/outlooks/steo/archives/feb25_base.xlsx,https://www.eia.gov/outlooks/steo/archives/jul17_base.xlsx | https://www.eia.gov/outlooks/steo/archives/jul18_base.xlsx | https://www.eia.gov/outlooks/steo/archives/jul19_base.xlsx | https://www.eia.gov/outlooks/steo/archives/jul23_base.xlsx | https://www.eia.gov/outlooks/steo/archives/jul24_base.xlsx | https://www.eia.gov/outlooks/steo/archives/jul25_base.xlsx,medium_for_scale_low_for_probability,Descriptive distribution across the listed reference years; p10/p90 use linear Type-7 interpolation.,"Empirical ordinary-plus-background-news STEO revision baseline, not a confidence interval.","Only three or six observations; years contain OPEC decisions, sanctions, weather and other events even though they lack a new Hormuz-scale shock.",Use one baseline group at a time. Pre- and post-COVID subsets are sensitivities inside the six-year primary sample.
summary-primary_non_hormuz-march_july-supply_t3b_papr_r03,baseline_distribution,primary_non_hormuz,,march_july,supply_t3b_papr_r03,Europe non-OPEC supply,non_OPEC_petroleum_and_other_liquid_fuels,,6,16.026812,9.051033,-7.818119,46.847523,-18.666316,48.006499,14.197907,46.847523,,,million_bbl,https://www.eia.gov/outlooks/steo/archives/feb17_base.xlsx | https://www.eia.gov/outlooks/steo/archives/feb18_base.xlsx | https://www.eia.gov/outlooks/steo/archives/feb19_base.xlsx | https://www.eia.gov/outlooks/steo/archives/feb23_base.xlsx | https://www.eia.gov/outlooks/steo/archives/feb24_base.xlsx | https://www.eia.gov/outlooks/steo/archives/feb25_base.xlsx,https://www.eia.gov/outlooks/steo/archives/jul17_base.xlsx | https://www.eia.gov/outlooks/steo/archives/jul18_base.xlsx | https://www.eia.gov/outlooks/steo/archives/jul19_base.xlsx | https://www.eia.gov/outlooks/steo/archives/jul23_base.xlsx | https://www.eia.gov/outlooks/steo/archives/jul24_base.xlsx | https://www.eia.gov/outlooks/steo/archives/jul25_base.xlsx,medium_for_scale_low_for_probability,Descriptive distribution across the listed reference years; p10/p90 use linear Type-7 interpolation.,"Empirical ordinary-plus-background-news STEO revision baseline, not a confidence interval.","Only three or six observations; years contain OPEC decisions, sanctions, weather and other events even though they lack a new Hormuz-scale shock.",Use one baseline group at a time. Pre- and post-COVID subsets are sensitivities inside the six-year primary sample.
summary-primary_non_hormuz-march_july-supply_t3b_papr_r04,baseline_distribution,primary_non_hormuz,,march_july,supply_t3b_papr_r04,Eurasia non-OPEC supply,non_OPEC_petroleum_and_other_liquid_fuels,,6,-21.272233,-1.78854,-92.006317,29.978159,-142.768997,52.22317,24.488392,97.496084,,,million_bbl,https://www.eia.gov/outlooks/steo/archives/feb17_base.xlsx | https://www.eia.gov/outlooks/steo/archives/feb18_base.xlsx | https://www.eia.gov/outlooks/steo/archives/feb19_base.xlsx | https://www.eia.gov/outlooks/steo/archives/feb23_base.xlsx | https://www.eia.gov/outlooks/steo/archives/feb24_base.xlsx | https://www.eia.gov/outlooks/steo/archives/feb25_base.xlsx,https://www.eia.gov/outlooks/steo/archives/jul17_base.xlsx | https://www.eia.gov/outlooks/steo/archives/jul18_base.xlsx | https://www.eia.gov/outlooks/steo/archives/jul19_base.xlsx | https://www.eia.gov/outlooks/steo/archives/jul23_base.xlsx | https://www.eia.gov/outlooks/steo/archives/jul24_base.xlsx | https://www.eia.gov/outlooks/steo/archives/jul25_base.xlsx,medium_for_scale_low_for_probability,Descriptive distribution across the listed reference years; p10/p90 use linear Type-7 interpolation.,"Empirical ordinary-plus-background-news STEO revision baseline, not a confidence interval.","Only three or six observations; years contain OPEC decisions, sanctions, weather and other events even though they lack a new Hormuz-scale shock.",Use one baseline group at a time. Pre- and post-COVID subsets are sensitivities inside the six-year primary sample.
summary-primary_non_hormuz-march_july-supply_t3b_papr_r05,baseline_distribution,primary_non_hormuz,,march_july,supply_t3b_papr_r05,Middle East non-OPEC supply,non_OPEC_petroleum_and_other_liquid_fuels,,6,3.146048,3.527746,-1.263565,7.173964,-1.503189,8.744073,3.527746,7.173964,,,million_bbl,https://www.eia.gov/outlooks/steo/archives/feb17_base.xlsx | https://www.eia.gov/outlooks/steo/archives/feb18_base.xlsx | https://www.eia.gov/outlooks/steo/archives/feb19_base.xlsx | https://www.eia.gov/outlooks/steo/archives/feb23_base.xlsx | https://www.eia.gov/outlooks/steo/archives/feb24_base.xlsx | https://www.eia.gov/outlooks/steo/archives/feb25_base.xlsx,https://www.eia.gov/outlooks/steo/archives/jul17_base.xlsx | https://www.eia.gov/outlooks/steo/archives/jul18_base.xlsx | https://www.eia.gov/outlooks/steo/archives/jul19_base.xlsx | https://www.eia.gov/outlooks/steo/archives/jul23_base.xlsx | https://www.eia.gov/outlooks/steo/archives/jul24_base.xlsx | https://www.eia.gov/outlooks/steo/archives/jul25_base.xlsx,medium_for_scale_low_for_probability,Descriptive distribution across the listed reference years; p10/p90 use linear Type-7 interpolation.,"Empirical ordinary-plus-background-news STEO revision baseline, not a confidence interval.","Only three or six observations; years contain OPEC decisions, sanctions, weather and other events even though they lack a new Hormuz-scale shock.",Use one baseline group at a time. Pre- and post-COVID subsets are sensitivities inside the six-year primary sample.
summary-primary_non_hormuz-march_july-supply_t3b_papr_r06,baseline_distribution,primary_non_hormuz,,march_july,supply_t3b_papr_r06,Africa non-OPEC supply,non_OPEC_petroleum_and_other_liquid_fuels,,6,10.773331,8.442542,-7.17452,31.051971,-10.215459,36.863286,9.932417,31.051971,,,million_bbl,https://www.eia.gov/outlooks/steo/archives/feb17_base.xlsx | https://www.eia.gov/outlooks/steo/archives/feb18_base.xlsx | https://www.eia.gov/outlooks/steo/archives/feb19_base.xlsx | https://www.eia.gov/outlooks/steo/archives/feb23_base.xlsx | https://www.eia.gov/outlooks/steo/archives/feb24_base.xlsx | https://www.eia.gov/outlooks/steo/archives/feb25_base.xlsx,https://www.eia.gov/outlooks/steo/archives/jul17_base.xlsx | https://www.eia.gov/outlooks/steo/archives/jul18_base.xlsx | https://www.eia.gov/outlooks/steo/archives/jul19_base.xlsx | https://www.eia.gov/outlooks/steo/archives/jul23_base.xlsx | https://www.eia.gov/outlooks/steo/archives/jul24_base.xlsx | https://www.eia.gov/outlooks/steo/archives/jul25_base.xlsx,medium_for_scale_low_for_probability,Descriptive distribution across the listed reference years; p10/p90 use linear Type-7 interpolation.,"Empirical ordinary-plus-background-news STEO revision baseline, not a confidence interval.","Only three or six observations; years contain OPEC decisions, sanctions, weather and other events even though they lack a new Hormuz-scale shock.",Use one baseline group at a time. Pre- and post-COVID subsets are sensitivities inside the six-year primary sample.
summary-primary_non_hormuz-march_july-supply_t3b_papr_r07,baseline_distribution,primary_non_hormuz,,march_july,supply_t3b_papr_r07,Asia and Oceania non-OPEC supply,non_OPEC_petroleum_and_other_liquid_fuels,,6,-6.977805,-9.204557,-15.67919,3.950332,-17.838569,5.738909,9.204557,15.67919,,,million_bbl,https://www.eia.gov/outlooks/steo/archives/feb17_base.xlsx | https://www.eia.gov/outlooks/steo/archives/feb18_base.xlsx | https://www.eia.gov/outlooks/steo/archives/feb19_base.xlsx | https://www.eia.gov/outlooks/steo/archives/feb23_base.xlsx | https://www.eia.gov/outlooks/steo/archives/feb24_base.xlsx | https://www.eia.gov/outlooks/steo/archives/feb25_base.xlsx,https://www.eia.gov/outlooks/steo/archives/jul17_base.xlsx | https://www.eia.gov/outlooks/steo/archives/jul18_base.xlsx | https://www.eia.gov/outlooks/steo/archives/jul19_base.xlsx | https://www.eia.gov/outlooks/steo/archives/jul23_base.xlsx | https://www.eia.gov/outlooks/steo/archives/jul24_base.xlsx | https://www.eia.gov/outlooks/steo/archives/jul25_base.xlsx,medium_for_scale_low_for_probability,Descriptive distribution across the listed reference years; p10/p90 use linear Type-7 interpolation.,"Empirical ordinary-plus-background-news STEO revision baseline, not a confidence interval.","Only three or six observations; years contain OPEC decisions, sanctions, weather and other events even though they lack a new Hormuz-scale shock.",Use one baseline group at a time. Pre- and post-COVID subsets are sensitivities inside the six-year primary sample.
summary-primary_non_hormuz-march_june-demand_patc_r01,baseline_distribution,primary_non_hormuz,,march_june,demand_patc_r01,North America,petroleum_and_other_liquid_fuels,,6,19.524002,21.204714,-26.274738,63.642029,-26.555699,76.123673,38.828386,63.642029,,,million_bbl,https://www.eia.gov/outlooks/steo/archives/feb17_base.xlsx | https://www.eia.gov/outlooks/steo/archives/feb18_base.xlsx | https://www.eia.gov/outlooks/steo/archives/feb19_base.xlsx | https://www.eia.gov/outlooks/steo/archives/feb23_base.xlsx | https://www.eia.gov/outlooks/steo/archives/feb24_base.xlsx | https://www.eia.gov/outlooks/steo/archives/feb25_base.xlsx,https://www.eia.gov/outlooks/steo/archives/jul17_base.xlsx | https://www.eia.gov/outlooks/steo/archives/jul18_base.xlsx | https://www.eia.gov/outlooks/steo/archives/jul19_base.xlsx | https://www.eia.gov/outlooks/steo/archives/jul23_base.xlsx | https://www.eia.gov/outlooks/steo/archives/jul24_base.xlsx | https://www.eia.gov/outlooks/steo/archives/jul25_base.xlsx,medium_for_scale_low_for_probability,Descriptive distribution across the listed reference years; p10/p90 use linear Type-7 interpolation.,"Empirical ordinary-plus-background-news STEO revision baseline, not a confidence interval.","Only three or six observations; years contain OPEC decisions, sanctions, weather and other events even though they lack a new Hormuz-scale shock.",Use one baseline group at a time. Pre- and post-COVID subsets are sensitivities inside the six-year primary sample.
summary-primary_non_hormuz-march_june-demand_patc_r02,baseline_distribution,primary_non_hormuz,,march_june,demand_patc_r02,Central and South America,petroleum_and_other_liquid_fuels,,6,-3.23071,0.974452,-20.503331,9.836751,-28.612624,11.045721,9.836751,20.503331,,,million_bbl,https://www.eia.gov/outlooks/steo/archives/feb17_base.xlsx | https://www.eia.gov/outlooks/steo/archives/feb18_base.xlsx | https://www.eia.gov/outlooks/steo/archives/feb19_base.xlsx | https://www.eia.gov/outlooks/steo/archives/feb23_base.xlsx | https://www.eia.gov/outlooks/steo/archives/feb24_base.xlsx | https://www.eia.gov/outlooks/steo/archives/feb25_base.xlsx,https://www.eia.gov/outlooks/steo/archives/jul17_base.xlsx | https://www.eia.gov/outlooks/steo/archives/jul18_base.xlsx | https://www.eia.gov/outlooks/steo/archives/jul19_base.xlsx | https://www.eia.gov/outlooks/steo/archives/jul23_base.xlsx | https://www.eia.gov/outlooks/steo/archives/jul24_base.xlsx | https://www.eia.gov/outlooks/steo/archives/jul25_base.xlsx,medium_for_scale_low_for_probability,Descriptive distribution across the listed reference years; p10/p90 use linear Type-7 interpolation.,"Empirical ordinary-plus-background-news STEO revision baseline, not a confidence interval.","Only three or six observations; years contain OPEC decisions, sanctions, weather and other events even though they lack a new Hormuz-scale shock.",Use one baseline group at a time. Pre- and post-COVID subsets are sensitivities inside the six-year primary sample.
summary-primary_non_hormuz-march_june-demand_patc_r03,baseline_distribution,primary_non_hormuz,,march_june,demand_patc_r03,Europe,petroleum_and_other_liquid_fuels,,6,-3.053891,-8.462521,-18.228946,17.529795,-23.978254,22.8157,12.361764,23.396977,,,million_bbl,https://www.eia.gov/outlooks/steo/archives/feb17_base.xlsx | https://www.eia.gov/outlooks/steo/archives/feb18_base.xlsx | https://www.eia.gov/outlooks/steo/archives/feb19_base.xlsx | https://www.eia.gov/outlooks/steo/archives/feb23_base.xlsx | https://www.eia.gov/outlooks/steo/archives/feb24_base.xlsx | https://www.eia.gov/outlooks/steo/archives/feb25_base.xlsx,https://www.eia.gov/outlooks/steo/archives/jul17_base.xlsx | https://www.eia.gov/outlooks/steo/archives/jul18_base.xlsx | https://www.eia.gov/outlooks/steo/archives/jul19_base.xlsx | https://www.eia.gov/outlooks/steo/archives/jul23_base.xlsx | https://www.eia.gov/outlooks/steo/archives/jul24_base.xlsx | https://www.eia.gov/outlooks/steo/archives/jul25_base.xlsx,medium_for_scale_low_for_probability,Descriptive distribution across the listed reference years; p10/p90 use linear Type-7 interpolation.,"Empirical ordinary-plus-background-news STEO revision baseline, not a confidence interval.","Only three or six observations; years contain OPEC decisions, sanctions, weather and other events even though they lack a new Hormuz-scale shock.",Use one baseline group at a time. Pre- and post-COVID subsets are sensitivities inside the six-year primary sample.
summary-primary_non_hormuz-march_june-demand_patc_r04,baseline_distribution,primary_non_hormuz,,march_june,demand_patc_r04,Eurasia,petroleum_and_other_liquid_fuels,,6,-4.012628,-0.024662,-18.985297,6.972076,-25.960417,9.060926,6.972076,18.985297,,,million_bbl,https://www.eia.gov/outlooks/steo/archives/feb17_base.xlsx | https://www.eia.gov/outlooks/steo/archives/feb18_base.xlsx | https://www.eia.gov/outlooks/steo/archives/feb19_base.xlsx | https://www.eia.gov/outlooks/steo/archives/feb23_base.xlsx | https://www.eia.gov/outlooks/steo/archives/feb24_base.xlsx | https://www.eia.gov/outlooks/steo/archives/feb25_base.xlsx,https://www.eia.gov/outlooks/steo/archives/jul17_base.xlsx | https://www.eia.gov/outlooks/steo/archives/jul18_base.xlsx | https://www.eia.gov/outlooks/steo/archives/jul19_base.xlsx | https://www.eia.gov/outlooks/steo/archives/jul23_base.xlsx | https://www.eia.gov/outlooks/steo/archives/jul24_base.xlsx | https://www.eia.gov/outlooks/steo/archives/jul25_base.xlsx,medium_for_scale_low_for_probability,Descriptive distribution across the listed reference years; p10/p90 use linear Type-7 interpolation.,"Empirical ordinary-plus-background-news STEO revision baseline, not a confidence interval.","Only three or six observations; years contain OPEC decisions, sanctions, weather and other events even though they lack a new Hormuz-scale shock.",Use one baseline group at a time. Pre- and post-COVID subsets are sensitivities inside the six-year primary sample.
summary-primary_non_hormuz-march_june-demand_patc_r05,baseline_distribution,primary_non_hormuz,,march_june,demand_patc_r05,Middle East,petroleum_and_other_liquid_fuels,,6,-6.330949,-6.67471,-17.817223,5.499085,-21.902784,7.52558,10.007172,17.817223,,,million_bbl,https://www.eia.gov/outlooks/steo/archives/feb17_base.xlsx | https://www.eia.gov/outlooks/steo/archives/feb18_base.xlsx | https://www.eia.gov/outlooks/steo/archives/feb19_base.xlsx | https://www.eia.gov/outlooks/steo/archives/feb23_base.xlsx | https://www.eia.gov/outlooks/steo/archives/feb24_base.xlsx | https://www.eia.gov/outlooks/steo/archives/feb25_base.xlsx,https://www.eia.gov/outlooks/steo/archives/jul17_base.xlsx | https://www.eia.gov/outlooks/steo/archives/jul18_base.xlsx | https://www.eia.gov/outlooks/steo/archives/jul19_base.xlsx | https://www.eia.gov/outlooks/steo/archives/jul23_base.xlsx | https://www.eia.gov/outlooks/steo/archives/jul24_base.xlsx | https://www.eia.gov/outlooks/steo/archives/jul25_base.xlsx,medium_for_scale_low_for_probability,Descriptive distribution across the listed reference years; p10/p90 use linear Type-7 interpolation.,"Empirical ordinary-plus-background-news STEO revision baseline, not a confidence interval.","Only three or six observations; years contain OPEC decisions, sanctions, weather and other events even though they lack a new Hormuz-scale shock.",Use one baseline group at a time. Pre- and post-COVID subsets are sensitivities inside the six-year primary sample.
summary-primary_non_hormuz-march_june-demand_patc_r06,baseline_distribution,primary_non_hormuz,,march_june,demand_patc_r06,Africa,petroleum_and_other_liquid_fuels,,6,3.114775,-1.788391,-5.172976,16.305693,-7.036924,22.860056,5.172976,16.305693,,,million_bbl,https://www.eia.gov/outlooks/steo/archives/feb17_base.xlsx | https://www.eia.gov/outlooks/steo/archives/feb18_base.xlsx | https://www.eia.gov/outlooks/steo/archives/feb19_base.xlsx | https://www.eia.gov/outlooks/steo/archives/feb23_base.xlsx | https://www.eia.gov/outlooks/steo/archives/feb24_base.xlsx | https://www.eia.gov/outlooks/steo/archives/feb25_base.xlsx,https://www.eia.gov/outlooks/steo/archives/jul17_base.xlsx | https://www.eia.gov/outlooks/steo/archives/jul18_base.xlsx | https://www.eia.gov/outlooks/steo/archives/jul19_base.xlsx | https://www.eia.gov/outlooks/steo/archives/jul23_base.xlsx | https://www.eia.gov/outlooks/steo/archives/jul24_base.xlsx | https://www.eia.gov/outlooks/steo/archives/jul25_base.xlsx,medium_for_scale_low_for_probability,Descriptive distribution across the listed reference years; p10/p90 use linear Type-7 interpolation.,"Empirical ordinary-plus-background-news STEO revision baseline, not a confidence interval.","Only three or six observations; years contain OPEC decisions, sanctions, weather and other events even though they lack a new Hormuz-scale shock.",Use one baseline group at a time. Pre- and post-COVID subsets are sensitivities inside the six-year primary sample.
summary-primary_non_hormuz-march_june-demand_patc_r07,baseline_distribution,primary_non_hormuz,,march_june,demand_patc_r07,Asia and Oceania,petroleum_and_other_liquid_fuels,,6,-3.712858,-18.533982,-37.894067,45.289473,-46.919716,84.856218,23.800212,65.887967,,,million_bbl,https://www.eia.gov/outlooks/steo/archives/feb17_base.xlsx | https://www.eia.gov/outlooks/steo/archives/feb18_base.xlsx | https://www.eia.gov/outlooks/steo/archives/feb19_base.xlsx | https://www.eia.gov/outlooks/steo/archives/feb23_base.xlsx | https://www.eia.gov/outlooks/steo/archives/feb24_base.xlsx | https://www.eia.gov/outlooks/steo/archives/feb25_base.xlsx,https://www.eia.gov/outlooks/steo/archives/jul17_base.xlsx | https://www.eia.gov/outlooks/steo/archives/jul18_base.xlsx | https://www.eia.gov/outlooks/steo/archives/jul19_base.xlsx | https://www.eia.gov/outlooks/steo/archives/jul23_base.xlsx | https://www.eia.gov/outlooks/steo/archives/jul24_base.xlsx | https://www.eia.gov/outlooks/steo/archives/jul25_base.xlsx,medium_for_scale_low_for_probability,Descriptive distribution across the listed reference years; p10/p90 use linear Type-7 interpolation.,"Empirical ordinary-plus-background-news STEO revision baseline, not a confidence interval.","Only three or six observations; years contain OPEC decisions, sanctions, weather and other events even though they lack a new Hormuz-scale shock.",Use one baseline group at a time. Pre- and post-COVID subsets are sensitivities inside the six-year primary sample.
summary-primary_non_hormuz-march_june-global_demand,baseline_distribution,primary_non_hormuz,,march_june,global_demand,World,petroleum_and_other_liquid_fuels,,6,2.581495,-26.851982,-76.726873,111.323341,-107.343813,121.108293,73.824161,114.226053,,,million_bbl,https://www.eia.gov/outlooks/steo/archives/feb17_base.xlsx | https://www.eia.gov/outlooks/steo/archives/feb18_base.xlsx | https://www.eia.gov/outlooks/steo/archives/feb19_base.xlsx | https://www.eia.gov/outlooks/steo/archives/feb23_base.xlsx | https://www.eia.gov/outlooks/steo/archives/feb24_base.xlsx | https://www.eia.gov/outlooks/steo/archives/feb25_base.xlsx,https://www.eia.gov/outlooks/steo/archives/jul17_base.xlsx | https://www.eia.gov/outlooks/steo/archives/jul18_base.xlsx | https://www.eia.gov/outlooks/steo/archives/jul19_base.xlsx | https://www.eia.gov/outlooks/steo/archives/jul23_base.xlsx | https://www.eia.gov/outlooks/steo/archives/jul24_base.xlsx | https://www.eia.gov/outlooks/steo/archives/jul25_base.xlsx,medium_for_scale_low_for_probability,Descriptive distribution across the listed reference years; p10/p90 use linear Type-7 interpolation.,"Empirical ordinary-plus-background-news STEO revision baseline, not a confidence interval.","Only three or six observations; years contain OPEC decisions, sanctions, weather and other events even though they lack a new Hormuz-scale shock.",Use one baseline group at a time. Pre- and post-COVID subsets are sensitivities inside the six-year primary sample.
summary-primary_non_hormuz-march_june-global_demand_ex_russia,baseline_distribution,primary_non_hormuz,,march_june,global_demand_ex_russia,World excluding Russia,petroleum_and_other_liquid_fuels,,6,8.370808,-18.226115,-64.393087,107.731628,-95.008253,119.924375,64.393087,107.731628,,,million_bbl,https://www.eia.gov/outlooks/steo/archives/feb17_base.xlsx | https://www.eia.gov/outlooks/steo/archives/feb18_base.xlsx | https://www.eia.gov/outlooks/steo/archives/feb19_base.xlsx | https://www.eia.gov/outlooks/steo/archives/feb23_base.xlsx | https://www.eia.gov/outlooks/steo/archives/feb24_base.xlsx | https://www.eia.gov/outlooks/steo/archives/feb25_base.xlsx,https://www.eia.gov/outlooks/steo/archives/jul17_base.xlsx | https://www.eia.gov/outlooks/steo/archives/jul18_base.xlsx | https://www.eia.gov/outlooks/steo/archives/jul19_base.xlsx | https://www.eia.gov/outlooks/steo/archives/jul23_base.xlsx | https://www.eia.gov/outlooks/steo/archives/jul24_base.xlsx | https://www.eia.gov/outlooks/steo/archives/jul25_base.xlsx,medium_for_scale_low_for_probability,Descriptive distribution across the listed reference years; p10/p90 use linear Type-7 interpolation.,"Empirical ordinary-plus-background-news STEO revision baseline, not a confidence interval.","Only three or six observations; years contain OPEC decisions, sanctions, weather and other events even though they lack a new Hormuz-scale shock.",Use one baseline group at a time. Pre- and post-COVID subsets are sensitivities inside the six-year primary sample.
summary-primary_non_hormuz-march_june-global_supply,baseline_distribution,primary_non_hormuz,,march_june,global_supply,World,petroleum_and_other_liquid_fuels,,6,2.792018,-9.146075,-64.133353,81.655482,-70.733376,154.886436,41.339714,112.809906,,,million_bbl,https://www.eia.gov/outlooks/steo/archives/feb17_base.xlsx | https://www.eia.gov/outlooks/steo/archives/feb18_base.xlsx | https://www.eia.gov/outlooks/steo/archives/feb19_base.xlsx | https://www.eia.gov/outlooks/steo/archives/feb23_base.xlsx | https://www.eia.gov/outlooks/steo/archives/feb24_base.xlsx | https://www.eia.gov/outlooks/steo/archives/feb25_base.xlsx,https://www.eia.gov/outlooks/steo/archives/jul17_base.xlsx | https://www.eia.gov/outlooks/steo/archives/jul18_base.xlsx | https://www.eia.gov/outlooks/steo/archives/jul19_base.xlsx | https://www.eia.gov/outlooks/steo/archives/jul23_base.xlsx | https://www.eia.gov/outlooks/steo/archives/jul24_base.xlsx | https://www.eia.gov/outlooks/steo/archives/jul25_base.xlsx,medium_for_scale_low_for_probability,Descriptive distribution across the listed reference years; p10/p90 use linear Type-7 interpolation.,"Empirical ordinary-plus-background-news STEO revision baseline, not a confidence interval.","Only three or six observations; years contain OPEC decisions, sanctions, weather and other events even though they lack a new Hormuz-scale shock.",Use one baseline group at a time. Pre- and post-COVID subsets are sensitivities inside the six-year primary sample.
summary-primary_non_hormuz-march_june-global_supply_ex_russia,baseline_distribution,primary_non_hormuz,,march_june,global_supply_ex_russia,World excluding Russia,petroleum_and_other_liquid_fuels,,6,19.500637,7.328565,-53.693051,104.866397,-58.049169,155.486909,51.791409,106.768039,,,million_bbl,https://www.eia.gov/outlooks/steo/archives/feb17_base.xlsx | https://www.eia.gov/outlooks/steo/archives/feb18_base.xlsx | https://www.eia.gov/outlooks/steo/archives/feb19_base.xlsx | https://www.eia.gov/outlooks/steo/archives/feb23_base.xlsx | https://www.eia.gov/outlooks/steo/archives/feb24_base.xlsx | https://www.eia.gov/outlooks/steo/archives/feb25_base.xlsx,https://www.eia.gov/outlooks/steo/archives/jul17_base.xlsx | https://www.eia.gov/outlooks/steo/archives/jul18_base.xlsx | https://www.eia.gov/outlooks/steo/archives/jul19_base.xlsx | https://www.eia.gov/outlooks/steo/archives/jul23_base.xlsx | https://www.eia.gov/outlooks/steo/archives/jul24_base.xlsx | https://www.eia.gov/outlooks/steo/archives/jul25_base.xlsx,medium_for_scale_low_for_probability,Descriptive distribution across the listed reference years; p10/p90 use linear Type-7 interpolation.,"Empirical ordinary-plus-background-news STEO revision baseline, not a confidence interval.","Only three or six observations; years contain OPEC decisions, sanctions, weather and other events even though they lack a new Hormuz-scale shock.",Use one baseline group at a time. Pre- and post-COVID subsets are sensitivities inside the six-year primary sample.
summary-primary_non_hormuz-march_june-russia_demand,baseline_distribution,primary_non_hormuz,,march_june,russia_demand,Russia,petroleum_and_other_liquid_fuels,,6,-5.789313,-6.166006,-14.793646,3.591713,-17.251733,5.999507,9.16576,14.793646,,,million_bbl,https://www.eia.gov/outlooks/steo/archives/feb17_base.xlsx | https://www.eia.gov/outlooks/steo/archives/feb18_base.xlsx | https://www.eia.gov/outlooks/steo/archives/feb19_base.xlsx | https://www.eia.gov/outlooks/steo/archives/feb23_base.xlsx | https://www.eia.gov/outlooks/steo/archives/feb24_base.xlsx | https://www.eia.gov/outlooks/steo/archives/feb25_base.xlsx,https://www.eia.gov/outlooks/steo/archives/jul17_base.xlsx | https://www.eia.gov/outlooks/steo/archives/jul18_base.xlsx | https://www.eia.gov/outlooks/steo/archives/jul19_base.xlsx | https://www.eia.gov/outlooks/steo/archives/jul23_base.xlsx | https://www.eia.gov/outlooks/steo/archives/jul24_base.xlsx | https://www.eia.gov/outlooks/steo/archives/jul25_base.xlsx,medium_for_scale_low_for_probability,Descriptive distribution across the listed reference years; p10/p90 use linear Type-7 interpolation.,"Empirical ordinary-plus-background-news STEO revision baseline, not a confidence interval.","Only three or six observations; years contain OPEC decisions, sanctions, weather and other events even though they lack a new Hormuz-scale shock.",Use one baseline group at a time. Pre- and post-COVID subsets are sensitivities inside the six-year primary sample.
summary-primary_non_hormuz-march_june-russia_supply,baseline_distribution,primary_non_hormuz,,march_june,russia_supply,Russia,petroleum_and_other_liquid_fuels,,6,-16.708619,-2.779155,-66.587829,19.241127,-124.979261,32.903072,6.887789,78.941166,,,million_bbl,https://www.eia.gov/outlooks/steo/archives/feb17_base.xlsx | https://www.eia.gov/outlooks/steo/archives/feb18_base.xlsx | https://www.eia.gov/outlooks/steo/archives/feb19_base.xlsx | https://www.eia.gov/outlooks/steo/archives/feb23_base.xlsx | https://www.eia.gov/outlooks/steo/archives/feb24_base.xlsx | https://www.eia.gov/outlooks/steo/archives/feb25_base.xlsx,https://www.eia.gov/outlooks/steo/archives/jul17_base.xlsx | https://www.eia.gov/outlooks/steo/archives/jul18_base.xlsx | https://www.eia.gov/outlooks/steo/archives/jul19_base.xlsx | https://www.eia.gov/outlooks/steo/archives/jul23_base.xlsx | https://www.eia.gov/outlooks/steo/archives/jul24_base.xlsx | https://www.eia.gov/outlooks/steo/archives/jul25_base.xlsx,medium_for_scale_low_for_probability,Descriptive distribution across the listed reference years; p10/p90 use linear Type-7 interpolation.,"Empirical ordinary-plus-background-news STEO revision baseline, not a confidence interval.","Only three or six observations; years contain OPEC decisions, sanctions, weather and other events even though they lack a new Hormuz-scale shock.",Use one baseline group at a time. Pre- and post-COVID subsets are sensitivities inside the six-year primary sample.
summary-primary_non_hormuz-march_june-supply_t3b_papr_r01,baseline_distribution,primary_non_hormuz,,march_june,supply_t3b_papr_r01,North America non-OPEC supply,non_OPEC_petroleum_and_other_liquid_fuels,,6,-19.719917,-36.767527,-52.739521,30.347296,-56.506403,44.953395,41.4937,52.739521,,,million_bbl,https://www.eia.gov/outlooks/steo/archives/feb17_base.xlsx | https://www.eia.gov/outlooks/steo/archives/feb18_base.xlsx | https://www.eia.gov/outlooks/steo/archives/feb19_base.xlsx | https://www.eia.gov/outlooks/steo/archives/feb23_base.xlsx | https://www.eia.gov/outlooks/steo/archives/feb24_base.xlsx | https://www.eia.gov/outlooks/steo/archives/feb25_base.xlsx,https://www.eia.gov/outlooks/steo/archives/jul17_base.xlsx | https://www.eia.gov/outlooks/steo/archives/jul18_base.xlsx | https://www.eia.gov/outlooks/steo/archives/jul19_base.xlsx | https://www.eia.gov/outlooks/steo/archives/jul23_base.xlsx | https://www.eia.gov/outlooks/steo/archives/jul24_base.xlsx | https://www.eia.gov/outlooks/steo/archives/jul25_base.xlsx,medium_for_scale_low_for_probability,Descriptive distribution across the listed reference years; p10/p90 use linear Type-7 interpolation.,"Empirical ordinary-plus-background-news STEO revision baseline, not a confidence interval.","Only three or six observations; years contain OPEC decisions, sanctions, weather and other events even though they lack a new Hormuz-scale shock.",Use one baseline group at a time. Pre- and post-COVID subsets are sensitivities inside the six-year primary sample.
summary-primary_non_hormuz-march_june-supply_t3b_papr_r02,baseline_distribution,primary_non_hormuz,,march_june,supply_t3b_papr_r02,Central and South America non-OPEC supply,non_OPEC_petroleum_and_other_liquid_fuels,,6,0.648721,-3.506466,-15.110384,20.563014,-15.993305,24.460243,15.110384,20.563014,,,million_bbl,https://www.eia.gov/outlooks/steo/archives/feb17_base.xlsx | https://www.eia.gov/outlooks/steo/archives/feb18_base.xlsx | https://www.eia.gov/outlooks/steo/archives/feb19_base.xlsx | https://www.eia.gov/outlooks/steo/archives/feb23_base.xlsx | https://www.eia.gov/outlooks/steo/archives/feb24_base.xlsx | https://www.eia.gov/outlooks/steo/archives/feb25_base.xlsx,https://www.eia.gov/outlooks/steo/archives/jul17_base.xlsx | https://www.eia.gov/outlooks/steo/archives/jul18_base.xlsx | https://www.eia.gov/outlooks/steo/archives/jul19_base.xlsx | https://www.eia.gov/outlooks/steo/archives/jul23_base.xlsx | https://www.eia.gov/outlooks/steo/archives/jul24_base.xlsx | https://www.eia.gov/outlooks/steo/archives/jul25_base.xlsx,medium_for_scale_low_for_probability,Descriptive distribution across the listed reference years; p10/p90 use linear Type-7 interpolation.,"Empirical ordinary-plus-background-news STEO revision baseline, not a confidence interval.","Only three or six observations; years contain OPEC decisions, sanctions, weather and other events even though they lack a new Hormuz-scale shock.",Use one baseline group at a time. Pre- and post-COVID subsets are sensitivities inside the six-year primary sample.
summary-primary_non_hormuz-march_june-supply_t3b_papr_r03,baseline_distribution,primary_non_hormuz,,march_june,supply_t3b_papr_r03,Europe non-OPEC supply,non_OPEC_petroleum_and_other_liquid_fuels,,6,14.916256,8.426158,-2.14863,38.471242,-9.932113,40.268303,9.958156,38.471242,,,million_bbl,https://www.eia.gov/outlooks/steo/archives/feb17_base.xlsx | https://www.eia.gov/outlooks/steo/archives/feb18_base.xlsx | https://www.eia.gov/outlooks/steo/archives/feb19_base.xlsx | https://www.eia.gov/outlooks/steo/archives/feb23_base.xlsx | https://www.eia.gov/outlooks/steo/archives/feb24_base.xlsx | https://www.eia.gov/outlooks/steo/archives/feb25_base.xlsx,https://www.eia.gov/outlooks/steo/archives/jul17_base.xlsx | https://www.eia.gov/outlooks/steo/archives/jul18_base.xlsx | https://www.eia.gov/outlooks/steo/archives/jul19_base.xlsx | https://www.eia.gov/outlooks/steo/archives/jul23_base.xlsx | https://www.eia.gov/outlooks/steo/archives/jul24_base.xlsx | https://www.eia.gov/outlooks/steo/archives/jul25_base.xlsx,medium_for_scale_low_for_probability,Descriptive distribution across the listed reference years; p10/p90 use linear Type-7 interpolation.,"Empirical ordinary-plus-background-news STEO revision baseline, not a confidence interval.","Only three or six observations; years contain OPEC decisions, sanctions, weather and other events even though they lack a new Hormuz-scale shock.",Use one baseline group at a time. Pre- and post-COVID subsets are sensitivities inside the six-year primary sample.
summary-primary_non_hormuz-march_june-supply_t3b_papr_r04,baseline_distribution,primary_non_hormuz,,march_june,supply_t3b_papr_r04,Eurasia non-OPEC supply,non_OPEC_petroleum_and_other_liquid_fuels,,6,-18.875382,1.80101,-77.753729,19.326574,-120.644844,32.772079,19.326574,77.753729,,,million_bbl,https://www.eia.gov/outlooks/steo/archives/feb17_base.xlsx | https://www.eia.gov/outlooks/steo/archives/feb18_base.xlsx | https://www.eia.gov/outlooks/steo/archives/feb19_base.xlsx | https://www.eia.gov/outlooks/steo/archives/feb23_base.xlsx | https://www.eia.gov/outlooks/steo/archives/feb24_base.xlsx | https://www.eia.gov/outlooks/steo/archives/feb25_base.xlsx,https://www.eia.gov/outlooks/steo/archives/jul17_base.xlsx | https://www.eia.gov/outlooks/steo/archives/jul18_base.xlsx | https://www.eia.gov/outlooks/steo/archives/jul19_base.xlsx | https://www.eia.gov/outlooks/steo/archives/jul23_base.xlsx | https://www.eia.gov/outlooks/steo/archives/jul24_base.xlsx | https://www.eia.gov/outlooks/steo/archives/jul25_base.xlsx,medium_for_scale_low_for_probability,Descriptive distribution across the listed reference years; p10/p90 use linear Type-7 interpolation.,"Empirical ordinary-plus-background-news STEO revision baseline, not a confidence interval.","Only three or six observations; years contain OPEC decisions, sanctions, weather and other events even though they lack a new Hormuz-scale shock.",Use one baseline group at a time. Pre- and post-COVID subsets are sensitivities inside the six-year primary sample.
summary-primary_non_hormuz-march_june-supply_t3b_papr_r05,baseline_distribution,primary_non_hormuz,,march_june,supply_t3b_papr_r05,Middle East non-OPEC supply,non_OPEC_petroleum_and_other_liquid_fuels,,6,2.522152,2.709976,-0.492112,5.348592,-0.701209,6.815537,2.709976,5.348592,,,million_bbl,https://www.eia.gov/outlooks/steo/archives/feb17_base.xlsx | https://www.eia.gov/outlooks/steo/archives/feb18_base.xlsx | https://www.eia.gov/outlooks/steo/archives/feb19_base.xlsx | https://www.eia.gov/outlooks/steo/archives/feb23_base.xlsx | https://www.eia.gov/outlooks/steo/archives/feb24_base.xlsx | https://www.eia.gov/outlooks/steo/archives/feb25_base.xlsx,https://www.eia.gov/outlooks/steo/archives/jul17_base.xlsx | https://www.eia.gov/outlooks/steo/archives/jul18_base.xlsx | https://www.eia.gov/outlooks/steo/archives/jul19_base.xlsx | https://www.eia.gov/outlooks/steo/archives/jul23_base.xlsx | https://www.eia.gov/outlooks/steo/archives/jul24_base.xlsx | https://www.eia.gov/outlooks/steo/archives/jul25_base.xlsx,medium_for_scale_low_for_probability,Descriptive distribution across the listed reference years; p10/p90 use linear Type-7 interpolation.,"Empirical ordinary-plus-background-news STEO revision baseline, not a confidence interval.","Only three or six observations; years contain OPEC decisions, sanctions, weather and other events even though they lack a new Hormuz-scale shock.",Use one baseline group at a time. Pre- and post-COVID subsets are sensitivities inside the six-year primary sample.
summary-primary_non_hormuz-march_june-supply_t3b_papr_r06,baseline_distribution,primary_non_hormuz,,march_june,supply_t3b_papr_r06,Africa non-OPEC supply,non_OPEC_petroleum_and_other_liquid_fuels,,6,9.157184,6.826019,-5.974833,26.620365,-8.098242,29.297879,7.566439,26.620365,,,million_bbl,https://www.eia.gov/outlooks/steo/archives/feb17_base.xlsx | https://www.eia.gov/outlooks/steo/archives/feb18_base.xlsx | https://www.eia.gov/outlooks/steo/archives/feb19_base.xlsx | https://www.eia.gov/outlooks/steo/archives/feb23_base.xlsx | https://www.eia.gov/outlooks/steo/archives/feb24_base.xlsx | https://www.eia.gov/outlooks/steo/archives/feb25_base.xlsx,https://www.eia.gov/outlooks/steo/archives/jul17_base.xlsx | https://www.eia.gov/outlooks/steo/archives/jul18_base.xlsx | https://www.eia.gov/outlooks/steo/archives/jul19_base.xlsx | https://www.eia.gov/outlooks/steo/archives/jul23_base.xlsx | https://www.eia.gov/outlooks/steo/archives/jul24_base.xlsx | https://www.eia.gov/outlooks/steo/archives/jul25_base.xlsx,medium_for_scale_low_for_probability,Descriptive distribution across the listed reference years; p10/p90 use linear Type-7 interpolation.,"Empirical ordinary-plus-background-news STEO revision baseline, not a confidence interval.","Only three or six observations; years contain OPEC decisions, sanctions, weather and other events even though they lack a new Hormuz-scale shock.",Use one baseline group at a time. Pre- and post-COVID subsets are sensitivities inside the six-year primary sample.
summary-primary_non_hormuz-march_june-supply_t3b_papr_r07,baseline_distribution,primary_non_hormuz,,march_june,supply_t3b_papr_r07,Asia and Oceania non-OPEC supply,non_OPEC_petroleum_and_other_liquid_fuels,,6,-6.801159,-9.60259,-13.721805,2.92092,-16.610904,5.051583,9.60259,13.721805,,,million_bbl,https://www.eia.gov/outlooks/steo/archives/feb17_base.xlsx | https://www.eia.gov/outlooks/steo/archives/feb18_base.xlsx | https://www.eia.gov/outlooks/steo/archives/feb19_base.xlsx | https://www.eia.gov/outlooks/steo/archives/feb23_base.xlsx | https://www.eia.gov/outlooks/steo/archives/feb24_base.xlsx | https://www.eia.gov/outlooks/steo/archives/feb25_base.xlsx,https://www.eia.gov/outlooks/steo/archives/jul17_base.xlsx | https://www.eia.gov/outlooks/steo/archives/jul18_base.xlsx | https://www.eia.gov/outlooks/steo/archives/jul19_base.xlsx | https://www.eia.gov/outlooks/steo/archives/jul23_base.xlsx | https://www.eia.gov/outlooks/steo/archives/jul24_base.xlsx | https://www.eia.gov/outlooks/steo/archives/jul25_base.xlsx,medium_for_scale_low_for_probability,Descriptive distribution across the listed reference years; p10/p90 use linear Type-7 interpolation.,"Empirical ordinary-plus-background-news STEO revision baseline, not a confidence interval.","Only three or six observations; years contain OPEC decisions, sanctions, weather and other events even though they lack a new Hormuz-scale shock.",Use one baseline group at a time. Pre- and post-COVID subsets are sensitivities inside the six-year primary sample.
summary-pre_covid_2017_2019-march_july-demand_patc_r01,baseline_distribution,pre_covid_2017_2019,,march_july,demand_patc_r01,North America,petroleum_and_other_liquid_fuels,,3,17.357063,2.306104,-19.334262,60.068771,-24.744353,74.509438,24.744353,64.556421,,,million_bbl,https://www.eia.gov/outlooks/steo/archives/feb17_base.xlsx | https://www.eia.gov/outlooks/steo/archives/feb18_base.xlsx | https://www.eia.gov/outlooks/steo/archives/feb19_base.xlsx,https://www.eia.gov/outlooks/steo/archives/jul17_base.xlsx | https://www.eia.gov/outlooks/steo/archives/jul18_base.xlsx | https://www.eia.gov/outlooks/steo/archives/jul19_base.xlsx,medium_for_scale_low_for_probability,Descriptive distribution across the listed reference years; p10/p90 use linear Type-7 interpolation.,"Empirical ordinary-plus-background-news STEO revision baseline, not a confidence interval.","Only three or six observations; years contain OPEC decisions, sanctions, weather and other events even though they lack a new Hormuz-scale shock.",Use one baseline group at a time. Pre- and post-COVID subsets are sensitivities inside the six-year primary sample.
summary-pre_covid_2017_2019-march_july-demand_patc_r02,baseline_distribution,pre_covid_2017_2019,,march_july,demand_patc_r02,Central and South America,petroleum_and_other_liquid_fuels,,3,10.124479,11.354913,5.92527,13.831514,4.567859,14.450664,11.354913,13.831514,,,million_bbl,https://www.eia.gov/outlooks/steo/archives/feb17_base.xlsx | https://www.eia.gov/outlooks/steo/archives/feb18_base.xlsx | https://www.eia.gov/outlooks/steo/archives/feb19_base.xlsx,https://www.eia.gov/outlooks/steo/archives/jul17_base.xlsx | https://www.eia.gov/outlooks/steo/archives/jul18_base.xlsx | https://www.eia.gov/outlooks/steo/archives/jul19_base.xlsx,medium_for_scale_low_for_probability,Descriptive distribution across the listed reference years; p10/p90 use linear Type-7 interpolation.,"Empirical ordinary-plus-background-news STEO revision baseline, not a confidence interval.","Only three or six observations; years contain OPEC decisions, sanctions, weather and other events even though they lack a new Hormuz-scale shock.",Use one baseline group at a time. Pre- and post-COVID subsets are sensitivities inside the six-year primary sample.
summary-pre_covid_2017_2019-march_july-demand_patc_r03,baseline_distribution,pre_covid_2017_2019,,march_july,demand_patc_r03,Europe,petroleum_and_other_liquid_fuels,,3,-4.255403,-7.107883,-27.401112,20.031299,-32.474419,26.816094,26.816094,31.342754,,,million_bbl,https://www.eia.gov/outlooks/steo/archives/feb17_base.xlsx | https://www.eia.gov/outlooks/steo/archives/feb18_base.xlsx | https://www.eia.gov/outlooks/steo/archives/feb19_base.xlsx,https://www.eia.gov/outlooks/steo/archives/jul17_base.xlsx | https://www.eia.gov/outlooks/steo/archives/jul18_base.xlsx | https://www.eia.gov/outlooks/steo/archives/jul19_base.xlsx,medium_for_scale_low_for_probability,Descriptive distribution across the listed reference years; p10/p90 use linear Type-7 interpolation.,"Empirical ordinary-plus-background-news STEO revision baseline, not a confidence interval.","Only three or six observations; years contain OPEC decisions, sanctions, weather and other events even though they lack a new Hormuz-scale shock.",Use one baseline group at a time. Pre- and post-COVID subsets are sensitivities inside the six-year primary sample.
summary-pre_covid_2017_2019-march_july-demand_patc_r04,baseline_distribution,pre_covid_2017_2019,,march_july,demand_patc_r04,Eurasia,petroleum_and_other_liquid_fuels,,3,4.796057,4.607078,-0.400547,10.068252,-1.652453,11.433545,4.607078,10.068252,,,million_bbl,https://www.eia.gov/outlooks/steo/archives/feb17_base.xlsx | https://www.eia.gov/outlooks/steo/archives/feb18_base.xlsx | https://www.eia.gov/outlooks/steo/archives/feb19_base.xlsx,https://www.eia.gov/outlooks/steo/archives/jul17_base.xlsx | https://www.eia.gov/outlooks/steo/archives/jul18_base.xlsx | https://www.eia.gov/outlooks/steo/archives/jul19_base.xlsx,medium_for_scale_low_for_probability,Descriptive distribution across the listed reference years; p10/p90 use linear Type-7 interpolation.,"Empirical ordinary-plus-background-news STEO revision baseline, not a confidence interval.","Only three or six observations; years contain OPEC decisions, sanctions, weather and other events even though they lack a new Hormuz-scale shock.",Use one baseline group at a time. Pre- and post-COVID subsets are sensitivities inside the six-year primary sample.
summary-pre_covid_2017_2019-march_july-demand_patc_r05,baseline_distribution,pre_covid_2017_2019,,march_july,demand_patc_r05,Middle East,petroleum_and_other_liquid_fuels,,3,-2.912047,-1.089027,-11.398077,4.844776,-13.97534,6.328227,6.328227,12.445917,,,million_bbl,https://www.eia.gov/outlooks/steo/archives/feb17_base.xlsx | https://www.eia.gov/outlooks/steo/archives/feb18_base.xlsx | https://www.eia.gov/outlooks/steo/archives/feb19_base.xlsx,https://www.eia.gov/outlooks/steo/archives/jul17_base.xlsx | https://www.eia.gov/outlooks/steo/archives/jul18_base.xlsx | https://www.eia.gov/outlooks/steo/archives/jul19_base.xlsx,medium_for_scale_low_for_probability,Descriptive distribution across the listed reference years; p10/p90 use linear Type-7 interpolation.,"Empirical ordinary-plus-background-news STEO revision baseline, not a confidence interval.","Only three or six observations; years contain OPEC decisions, sanctions, weather and other events even though they lack a new Hormuz-scale shock.",Use one baseline group at a time. Pre- and post-COVID subsets are sensitivities inside the six-year primary sample.
summary-pre_covid_2017_2019-march_july-demand_patc_r06,baseline_distribution,pre_covid_2017_2019,,march_july,demand_patc_r06,Africa,petroleum_and_other_liquid_fuels,,3,12.521188,12.646959,-0.461576,25.453644,-3.73871,28.655315,12.646959,25.453644,,,million_bbl,https://www.eia.gov/outlooks/steo/archives/feb17_base.xlsx | https://www.eia.gov/outlooks/steo/archives/feb18_base.xlsx | https://www.eia.gov/outlooks/steo/archives/feb19_base.xlsx,https://www.eia.gov/outlooks/steo/archives/jul17_base.xlsx | https://www.eia.gov/outlooks/steo/archives/jul18_base.xlsx | https://www.eia.gov/outlooks/steo/archives/jul19_base.xlsx,medium_for_scale_low_for_probability,Descriptive distribution across the listed reference years; p10/p90 use linear Type-7 interpolation.,"Empirical ordinary-plus-background-news STEO revision baseline, not a confidence interval.","Only three or six observations; years contain OPEC decisions, sanctions, weather and other events even though they lack a new Hormuz-scale shock.",Use one baseline group at a time. Pre- and post-COVID subsets are sensitivities inside the six-year primary sample.
summary-pre_covid_2017_2019-march_july-demand_patc_r07,baseline_distribution,pre_covid_2017_2019,,march_july,demand_patc_r07,Asia and Oceania,petroleum_and_other_liquid_fuels,,3,-18.558833,-25.287582,-29.328429,-5.097738,-30.338641,-0.050277,25.287582,29.328429,,,million_bbl,https://www.eia.gov/outlooks/steo/archives/feb17_base.xlsx | https://www.eia.gov/outlooks/steo/archives/feb18_base.xlsx | https://www.eia.gov/outlooks/steo/archives/feb19_base.xlsx,https://www.eia.gov/outlooks/steo/archives/jul17_base.xlsx | https://www.eia.gov/outlooks/steo/archives/jul18_base.xlsx | https://www.eia.gov/outlooks/steo/archives/jul19_base.xlsx,medium_for_scale_low_for_probability,Descriptive distribution across the listed reference years; p10/p90 use linear Type-7 interpolation.,"Empirical ordinary-plus-background-news STEO revision baseline, not a confidence interval.","Only three or six observations; years contain OPEC decisions, sanctions, weather and other events even though they lack a new Hormuz-scale shock.",Use one baseline group at a time. Pre- and post-COVID subsets are sensitivities inside the six-year primary sample.
summary-pre_covid_2017_2019-march_july-global_demand,baseline_distribution,pre_covid_2017_2019,,march_july,global_demand,World,petroleum_and_other_liquid_fuels,,3,19.784215,-6.693835,-46.839594,96.999243,-56.876034,122.922513,56.876034,109.713217,,,million_bbl,https://www.eia.gov/outlooks/steo/archives/feb17_base.xlsx | https://www.eia.gov/outlooks/steo/archives/feb18_base.xlsx | https://www.eia.gov/outlooks/steo/archives/feb19_base.xlsx,https://www.eia.gov/outlooks/steo/archives/jul17_base.xlsx | https://www.eia.gov/outlooks/steo/archives/jul18_base.xlsx | https://www.eia.gov/outlooks/steo/archives/jul19_base.xlsx,medium_for_scale_low_for_probability,Descriptive distribution across the listed reference years; p10/p90 use linear Type-7 interpolation.,"Empirical ordinary-plus-background-news STEO revision baseline, not a confidence interval.","Only three or six observations; years contain OPEC decisions, sanctions, weather and other events even though they lack a new Hormuz-scale shock.",Use one baseline group at a time. Pre- and post-COVID subsets are sensitivities inside the six-year primary sample.
summary-pre_covid_2017_2019-march_july-global_demand_ex_russia,baseline_distribution,pre_covid_2017_2019,,march_july,global_demand_ex_russia,World excluding Russia,petroleum_and_other_liquid_fuels,,3,23.475531,-6.693835,-34.294772,93.313581,-41.195006,118.315435,41.195006,102.891349,,,million_bbl,https://www.eia.gov/outlooks/steo/archives/feb17_base.xlsx | https://www.eia.gov/outlooks/steo/archives/feb18_base.xlsx | https://www.eia.gov/outlooks/steo/archives/feb19_base.xlsx,https://www.eia.gov/outlooks/steo/archives/jul17_base.xlsx | https://www.eia.gov/outlooks/steo/archives/jul18_base.xlsx | https://www.eia.gov/outlooks/steo/archives/jul19_base.xlsx,medium_for_scale_low_for_probability,Descriptive distribution across the listed reference years; p10/p90 use linear Type-7 interpolation.,"Empirical ordinary-plus-background-news STEO revision baseline, not a confidence interval.","Only three or six observations; years contain OPEC decisions, sanctions, weather and other events even though they lack a new Hormuz-scale shock.",Use one baseline group at a time. Pre- and post-COVID subsets are sensitivities inside the six-year primary sample.
summary-pre_covid_2017_2019-march_july-global_supply,baseline_distribution,pre_covid_2017_2019,,march_july,global_supply,World,petroleum_and_other_liquid_fuels,,3,62.394632,25.476783,-8.030116,147.586519,-16.406841,178.113953,25.476783,147.586519,,,million_bbl,https://www.eia.gov/outlooks/steo/archives/feb17_base.xlsx | https://www.eia.gov/outlooks/steo/archives/feb18_base.xlsx | https://www.eia.gov/outlooks/steo/archives/feb19_base.xlsx,https://www.eia.gov/outlooks/steo/archives/jul17_base.xlsx | https://www.eia.gov/outlooks/steo/archives/jul18_base.xlsx | https://www.eia.gov/outlooks/steo/archives/jul19_base.xlsx,medium_for_scale_low_for_probability,Descriptive distribution across the listed reference years; p10/p90 use linear Type-7 interpolation.,"Empirical ordinary-plus-background-news STEO revision baseline, not a confidence interval.","Only three or six observations; years contain OPEC decisions, sanctions, weather and other events even though they lack a new Hormuz-scale shock.",Use one baseline group at a time. Pre- and post-COVID subsets are sensitivities inside the six-year primary sample.
summary-pre_covid_2017_2019-march_july-global_supply_ex_russia,baseline_distribution,pre_covid_2017_2019,,march_july,global_supply_ex_russia,World excluding Russia,petroleum_and_other_liquid_fuels,,3,64.170691,36.229717,-11.454835,150.972606,-23.375973,179.658328,36.229717,150.972606,,,million_bbl,https://www.eia.gov/outlooks/steo/archives/feb17_base.xlsx | https://www.eia.gov/outlooks/steo/archives/feb18_base.xlsx | https://www.eia.gov/outlooks/steo/archives/feb19_base.xlsx,https://www.eia.gov/outlooks/steo/archives/jul17_base.xlsx | https://www.eia.gov/outlooks/steo/archives/jul18_base.xlsx | https://www.eia.gov/outlooks/steo/archives/jul19_base.xlsx,medium_for_scale_low_for_probability,Descriptive distribution across the listed reference years; p10/p90 use linear Type-7 interpolation.,"Empirical ordinary-plus-background-news STEO revision baseline, not a confidence interval.","Only three or six observations; years contain OPEC decisions, sanctions, weather and other events even though they lack a new Hormuz-scale shock.",Use one baseline group at a time. Pre- and post-COVID subsets are sensitivities inside the six-year primary sample.
summary-pre_covid_2017_2019-march_july-russia_demand,baseline_distribution,pre_covid_2017_2019,,march_july,russia_demand,Russia,petroleum_and_other_liquid_fuels,,3,-3.691317,0,-12.544822,3.685662,-15.681028,4.607078,4.607078,13.466238,,,million_bbl,https://www.eia.gov/outlooks/steo/archives/feb17_base.xlsx | https://www.eia.gov/outlooks/steo/archives/feb18_base.xlsx | https://www.eia.gov/outlooks/steo/archives/feb19_base.xlsx,https://www.eia.gov/outlooks/steo/archives/jul17_base.xlsx | https://www.eia.gov/outlooks/steo/archives/jul18_base.xlsx | https://www.eia.gov/outlooks/steo/archives/jul19_base.xlsx,medium_for_scale_low_for_probability,Descriptive distribution across the listed reference years; p10/p90 use linear Type-7 interpolation.,"Empirical ordinary-plus-background-news STEO revision baseline, not a confidence interval.","Only three or six observations; years contain OPEC decisions, sanctions, weather and other events even though they lack a new Hormuz-scale shock.",Use one baseline group at a time. Pre- and post-COVID subsets are sensitivities inside the six-year primary sample.
summary-pre_covid_2017_2019-march_july-russia_supply,baseline_distribution,pre_covid_2017_2019,,march_july,russia_supply,Russia,petroleum_and_other_liquid_fuels,,3,-1.776059,-1.544375,-8.911222,5.266431,-10.752934,6.969132,6.969132,9.996174,,,million_bbl,https://www.eia.gov/outlooks/steo/archives/feb17_base.xlsx | https://www.eia.gov/outlooks/steo/archives/feb18_base.xlsx | https://www.eia.gov/outlooks/steo/archives/feb19_base.xlsx,https://www.eia.gov/outlooks/steo/archives/jul17_base.xlsx | https://www.eia.gov/outlooks/steo/archives/jul18_base.xlsx | https://www.eia.gov/outlooks/steo/archives/jul19_base.xlsx,medium_for_scale_low_for_probability,Descriptive distribution across the listed reference years; p10/p90 use linear Type-7 interpolation.,"Empirical ordinary-plus-background-news STEO revision baseline, not a confidence interval.","Only three or six observations; years contain OPEC decisions, sanctions, weather and other events even though they lack a new Hormuz-scale shock.",Use one baseline group at a time. Pre- and post-COVID subsets are sensitivities inside the six-year primary sample.
summary-pre_covid_2017_2019-march_july-supply_t3b_papr_r01,baseline_distribution,pre_covid_2017_2019,,march_july,supply_t3b_papr_r01,North America non-OPEC supply,non_OPEC_petroleum_and_other_liquid_fuels,,3,-28.565379,-56.987533,-62.655778,16.893881,-64.072839,35.364234,56.987533,62.655778,,,million_bbl,https://www.eia.gov/outlooks/steo/archives/feb17_base.xlsx | https://www.eia.gov/outlooks/steo/archives/feb18_base.xlsx | https://www.eia.gov/outlooks/steo/archives/feb19_base.xlsx,https://www.eia.gov/outlooks/steo/archives/jul17_base.xlsx | https://www.eia.gov/outlooks/steo/archives/jul18_base.xlsx | https://www.eia.gov/outlooks/steo/archives/jul19_base.xlsx,medium_for_scale_low_for_probability,Descriptive distribution across the listed reference years; p10/p90 use linear Type-7 interpolation.,"Empirical ordinary-plus-background-news STEO revision baseline, not a confidence interval.","Only three or six observations; years contain OPEC decisions, sanctions, weather and other events even though they lack a new Hormuz-scale shock.",Use one baseline group at a time. Pre- and post-COVID subsets are sensitivities inside the six-year primary sample.
summary-pre_covid_2017_2019-march_july-supply_t3b_papr_r02,baseline_distribution,pre_covid_2017_2019,,march_july,supply_t3b_papr_r02,Central and South America non-OPEC supply,non_OPEC_petroleum_and_other_liquid_fuels,,3,-3.758232,-17.151548,-18.034367,15.875229,-18.255072,24.131923,18.255072,22.956553,,,million_bbl,https://www.eia.gov/outlooks/steo/archives/feb17_base.xlsx | https://www.eia.gov/outlooks/steo/archives/feb18_base.xlsx | https://www.eia.gov/outlooks/steo/archives/feb19_base.xlsx,https://www.eia.gov/outlooks/steo/archives/jul17_base.xlsx | https://www.eia.gov/outlooks/steo/archives/jul18_base.xlsx | https://www.eia.gov/outlooks/steo/archives/jul19_base.xlsx,medium_for_scale_low_for_probability,Descriptive distribution across the listed reference years; p10/p90 use linear Type-7 interpolation.,"Empirical ordinary-plus-background-news STEO revision baseline, not a confidence interval.","Only three or six observations; years contain OPEC decisions, sanctions, weather and other events even though they lack a new Hormuz-scale shock.",Use one baseline group at a time. Pre- and post-COVID subsets are sensitivities inside the six-year primary sample.
summary-pre_covid_2017_2019-march_july-supply_t3b_papr_r03,baseline_distribution,pre_covid_2017_2019,,march_july,supply_t3b_papr_r03,Europe non-OPEC supply,non_OPEC_petroleum_and_other_liquid_fuels,,3,13.023227,9.729499,-12.987153,40.351099,-18.666316,48.006499,18.666316,42.138462,,,million_bbl,https://www.eia.gov/outlooks/steo/archives/feb17_base.xlsx | https://www.eia.gov/outlooks/steo/archives/feb18_base.xlsx | https://www.eia.gov/outlooks/steo/archives/feb19_base.xlsx,https://www.eia.gov/outlooks/steo/archives/jul17_base.xlsx | https://www.eia.gov/outlooks/steo/archives/jul18_base.xlsx | https://www.eia.gov/outlooks/steo/archives/jul19_base.xlsx,medium_for_scale_low_for_probability,Descriptive distribution across the listed reference years; p10/p90 use linear Type-7 interpolation.,"Empirical ordinary-plus-background-news STEO revision baseline, not a confidence interval.","Only three or six observations; years contain OPEC decisions, sanctions, weather and other events even though they lack a new Hormuz-scale shock.",Use one baseline group at a time. Pre- and post-COVID subsets are sensitivities inside the six-year primary sample.
summary-pre_covid_2017_2019-march_july-supply_t3b_papr_r04,baseline_distribution,pre_covid_2017_2019,,march_july,supply_t3b_papr_r04,Eurasia non-OPEC supply,non_OPEC_petroleum_and_other_liquid_fuels,,3,1.385356,-1.668462,-1.860588,5.852826,-1.908619,7.733148,1.908619,6.568242,,,million_bbl,https://www.eia.gov/outlooks/steo/archives/feb17_base.xlsx | https://www.eia.gov/outlooks/steo/archives/feb18_base.xlsx | https://www.eia.gov/outlooks/steo/archives/feb19_base.xlsx,https://www.eia.gov/outlooks/steo/archives/jul17_base.xlsx | https://www.eia.gov/outlooks/steo/archives/jul18_base.xlsx | https://www.eia.gov/outlooks/steo/archives/jul19_base.xlsx,medium_for_scale_low_for_probability,Descriptive distribution across the listed reference years; p10/p90 use linear Type-7 interpolation.,"Empirical ordinary-plus-background-news STEO revision baseline, not a confidence interval.","Only three or six observations; years contain OPEC decisions, sanctions, weather and other events even though they lack a new Hormuz-scale shock.",Use one baseline group at a time. Pre- and post-COVID subsets are sensitivities inside the six-year primary sample.
summary-pre_covid_2017_2019-march_july-supply_t3b_papr_r05,baseline_distribution,pre_covid_2017_2019,,march_july,supply_t3b_papr_r05,Middle East non-OPEC supply,non_OPEC_petroleum_and_other_liquid_fuels,,3,0.14328,-1.02394,-1.407339,2.160786,-1.503189,2.956968,1.503189,2.666212,,,million_bbl,https://www.eia.gov/outlooks/steo/archives/feb17_base.xlsx | https://www.eia.gov/outlooks/steo/archives/feb18_base.xlsx | https://www.eia.gov/outlooks/steo/archives/feb19_base.xlsx,https://www.eia.gov/outlooks/steo/archives/jul17_base.xlsx | https://www.eia.gov/outlooks/steo/archives/jul18_base.xlsx | https://www.eia.gov/outlooks/steo/archives/jul19_base.xlsx,medium_for_scale_low_for_probability,Descriptive distribution across the listed reference years; p10/p90 use linear Type-7 interpolation.,"Empirical ordinary-plus-background-news STEO revision baseline, not a confidence interval.","Only three or six observations; years contain OPEC decisions, sanctions, weather and other events even though they lack a new Hormuz-scale shock.",Use one baseline group at a time. Pre- and post-COVID subsets are sensitivities inside the six-year primary sample.
summary-pre_covid_2017_2019-march_july-supply_t3b_papr_r06,baseline_distribution,pre_covid_2017_2019,,march_july,supply_t3b_papr_r06,Africa non-OPEC supply,non_OPEC_petroleum_and_other_liquid_fuels,,3,7.504748,-4.133582,-8.999084,28.663912,-10.215459,36.863286,10.215459,31.533721,,,million_bbl,https://www.eia.gov/outlooks/steo/archives/feb17_base.xlsx | https://www.eia.gov/outlooks/steo/archives/feb18_base.xlsx | https://www.eia.gov/outlooks/steo/archives/feb19_base.xlsx,https://www.eia.gov/outlooks/steo/archives/jul17_base.xlsx | https://www.eia.gov/outlooks/steo/archives/jul18_base.xlsx | https://www.eia.gov/outlooks/steo/archives/jul19_base.xlsx,medium_for_scale_low_for_probability,Descriptive distribution across the listed reference years; p10/p90 use linear Type-7 interpolation.,"Empirical ordinary-plus-background-news STEO revision baseline, not a confidence interval.","Only three or six observations; years contain OPEC decisions, sanctions, weather and other events even though they lack a new Hormuz-scale shock.",Use one baseline group at a time. Pre- and post-COVID subsets are sensitivities inside the six-year primary sample.
summary-pre_covid_2017_2019-march_july-supply_t3b_papr_r07,baseline_distribution,pre_covid_2017_2019,,march_july,supply_t3b_papr_r07,Asia and Oceania non-OPEC supply,non_OPEC_petroleum_and_other_liquid_fuels,,3,-0.227569,2.161755,-6.434347,5.023478,-8.583372,5.738909,5.738909,8.014479,,,million_bbl,https://www.eia.gov/outlooks/steo/archives/feb17_base.xlsx | https://www.eia.gov/outlooks/steo/archives/feb18_base.xlsx | https://www.eia.gov/outlooks/steo/archives/feb19_base.xlsx,https://www.eia.gov/outlooks/steo/archives/jul17_base.xlsx | https://www.eia.gov/outlooks/steo/archives/jul18_base.xlsx | https://www.eia.gov/outlooks/steo/archives/jul19_base.xlsx,medium_for_scale_low_for_probability,Descriptive distribution across the listed reference years; p10/p90 use linear Type-7 interpolation.,"Empirical ordinary-plus-background-news STEO revision baseline, not a confidence interval.","Only three or six observations; years contain OPEC decisions, sanctions, weather and other events even though they lack a new Hormuz-scale shock.",Use one baseline group at a time. Pre- and post-COVID subsets are sensitivities inside the six-year primary sample.
summary-pre_covid_2017_2019-march_june-demand_patc_r01,baseline_distribution,pre_covid_2017_2019,,march_june,demand_patc_r01,North America,petroleum_and_other_liquid_fuels,,3,13.81275,-8.691645,-22.533351,59.160609,-25.993777,76.123673,25.993777,66.097694,,,million_bbl,https://www.eia.gov/outlooks/steo/archives/feb17_base.xlsx | https://www.eia.gov/outlooks/steo/archives/feb18_base.xlsx | https://www.eia.gov/outlooks/steo/archives/feb19_base.xlsx,https://www.eia.gov/outlooks/steo/archives/jul17_base.xlsx | https://www.eia.gov/outlooks/steo/archives/jul18_base.xlsx | https://www.eia.gov/outlooks/steo/archives/jul19_base.xlsx,medium_for_scale_low_for_probability,Descriptive distribution across the listed reference years; p10/p90 use linear Type-7 interpolation.,"Empirical ordinary-plus-background-news STEO revision baseline, not a confidence interval.","Only three or six observations; years contain OPEC decisions, sanctions, weather and other events even though they lack a new Hormuz-scale shock.",Use one baseline group at a time. Pre- and post-COVID subsets are sensitivities inside the six-year primary sample.
summary-pre_covid_2017_2019-march_june-demand_patc_r02,baseline_distribution,pre_covid_2017_2019,,march_june,demand_patc_r02,Central and South America,petroleum_and_other_liquid_fuels,,3,8.026095,8.62778,5.249383,10.562133,4.404784,11.045721,8.62778,10.562133,,,million_bbl,https://www.eia.gov/outlooks/steo/archives/feb17_base.xlsx | https://www.eia.gov/outlooks/steo/archives/feb18_base.xlsx | https://www.eia.gov/outlooks/steo/archives/feb19_base.xlsx,https://www.eia.gov/outlooks/steo/archives/jul17_base.xlsx | https://www.eia.gov/outlooks/steo/archives/jul18_base.xlsx | https://www.eia.gov/outlooks/steo/archives/jul19_base.xlsx,medium_for_scale_low_for_probability,Descriptive distribution across the listed reference years; p10/p90 use linear Type-7 interpolation.,"Empirical ordinary-plus-background-news STEO revision baseline, not a confidence interval.","Only three or six observations; years contain OPEC decisions, sanctions, weather and other events even though they lack a new Hormuz-scale shock.",Use one baseline group at a time. Pre- and post-COVID subsets are sensitivities inside the six-year primary sample.
summary-pre_covid_2017_2019-march_june-demand_patc_r03,baseline_distribution,pre_covid_2017_2019,,march_june,demand_patc_r03,Europe,petroleum_and_other_liquid_fuels,,3,-2.087927,-5.101228,-20.202849,17.232314,-23.978254,22.8157,22.8157,23.745743,,,million_bbl,https://www.eia.gov/outlooks/steo/archives/feb17_base.xlsx | https://www.eia.gov/outlooks/steo/archives/feb18_base.xlsx | https://www.eia.gov/outlooks/steo/archives/feb19_base.xlsx,https://www.eia.gov/outlooks/steo/archives/jul17_base.xlsx | https://www.eia.gov/outlooks/steo/archives/jul18_base.xlsx | https://www.eia.gov/outlooks/steo/archives/jul19_base.xlsx,medium_for_scale_low_for_probability,Descriptive distribution across the listed reference years; p10/p90 use linear Type-7 interpolation.,"Empirical ordinary-plus-background-news STEO revision baseline, not a confidence interval.","Only three or six observations; years contain OPEC decisions, sanctions, weather and other events even though they lack a new Hormuz-scale shock.",Use one baseline group at a time. Pre- and post-COVID subsets are sensitivities inside the six-year primary sample.
summary-pre_covid_2017_2019-march_june-demand_patc_r04,baseline_distribution,pre_covid_2017_2019,,march_june,demand_patc_r04,Eurasia,petroleum_and_other_liquid_fuels,,3,3.003867,1.183918,-0.74981,7.485524,-1.233242,9.060926,1.233242,7.495389,,,million_bbl,https://www.eia.gov/outlooks/steo/archives/feb17_base.xlsx | https://www.eia.gov/outlooks/steo/archives/feb18_base.xlsx | https://www.eia.gov/outlooks/steo/archives/feb19_base.xlsx,https://www.eia.gov/outlooks/steo/archives/jul17_base.xlsx | https://www.eia.gov/outlooks/steo/archives/jul18_base.xlsx | https://www.eia.gov/outlooks/steo/archives/jul19_base.xlsx,medium_for_scale_low_for_probability,Descriptive distribution across the listed reference years; p10/p90 use linear Type-7 interpolation.,"Empirical ordinary-plus-background-news STEO revision baseline, not a confidence interval.","Only three or six observations; years contain OPEC decisions, sanctions, weather and other events even though they lack a new Hormuz-scale shock.",Use one baseline group at a time. Pre- and post-COVID subsets are sensitivities inside the six-year primary sample.
summary-pre_covid_2017_2019-march_june-demand_patc_r05,baseline_distribution,pre_covid_2017_2019,,march_june,demand_patc_r05,Middle East,petroleum_and_other_liquid_fuels,,3,-2.355579,-0.860656,-11.157461,5.848333,-13.731662,7.52558,7.52558,12.490446,,,million_bbl,https://www.eia.gov/outlooks/steo/archives/feb17_base.xlsx | https://www.eia.gov/outlooks/steo/archives/feb18_base.xlsx | https://www.eia.gov/outlooks/steo/archives/feb19_base.xlsx,https://www.eia.gov/outlooks/steo/archives/jul17_base.xlsx | https://www.eia.gov/outlooks/steo/archives/jul18_base.xlsx | https://www.eia.gov/outlooks/steo/archives/jul19_base.xlsx,medium_for_scale_low_for_probability,Descriptive distribution across the listed reference years; p10/p90 use linear Type-7 interpolation.,"Empirical ordinary-plus-background-news STEO revision baseline, not a confidence interval.","Only three or six observations; years contain OPEC decisions, sanctions, weather and other events even though they lack a new Hormuz-scale shock.",Use one baseline group at a time. Pre- and post-COVID subsets are sensitivities inside the six-year primary sample.
summary-pre_covid_2017_2019-march_june-demand_patc_r06,baseline_distribution,pre_covid_2017_2019,,march_june,demand_patc_r06,Africa,petroleum_and_other_liquid_fuels,,3,9.767453,9.75133,-0.696956,20.238311,-3.309028,22.860056,9.75133,20.238311,,,million_bbl,https://www.eia.gov/outlooks/steo/archives/feb17_base.xlsx | https://www.eia.gov/outlooks/steo/archives/feb18_base.xlsx | https://www.eia.gov/outlooks/steo/archives/feb19_base.xlsx,https://www.eia.gov/outlooks/steo/archives/jul17_base.xlsx | https://www.eia.gov/outlooks/steo/archives/jul18_base.xlsx | https://www.eia.gov/outlooks/steo/archives/jul19_base.xlsx,medium_for_scale_low_for_probability,Descriptive distribution across the listed reference years; p10/p90 use linear Type-7 interpolation.,"Empirical ordinary-plus-background-news STEO revision baseline, not a confidence interval.","Only three or six observations; years contain OPEC decisions, sanctions, weather and other events even though they lack a new Hormuz-scale shock.",Use one baseline group at a time. Pre- and post-COVID subsets are sensitivities inside the six-year primary sample.
summary-pre_covid_2017_2019-march_june-demand_patc_r07,baseline_distribution,pre_covid_2017_2019,,march_june,demand_patc_r07,Asia and Oceania,petroleum_and_other_liquid_fuels,,3,-10.448412,-18.335957,-18.652797,0.910992,-18.732007,5.722729,18.335957,18.652797,,,million_bbl,https://www.eia.gov/outlooks/steo/archives/feb17_base.xlsx | https://www.eia.gov/outlooks/steo/archives/feb18_base.xlsx | https://www.eia.gov/outlooks/steo/archives/feb19_base.xlsx,https://www.eia.gov/outlooks/steo/archives/jul17_base.xlsx | https://www.eia.gov/outlooks/steo/archives/jul18_base.xlsx | https://www.eia.gov/outlooks/steo/archives/jul19_base.xlsx,medium_for_scale_low_for_probability,Descriptive distribution across the listed reference years; p10/p90 use linear Type-7 interpolation.,"Empirical ordinary-plus-background-news STEO revision baseline, not a confidence interval.","Only three or six observations; years contain OPEC decisions, sanctions, weather and other events even though they lack a new Hormuz-scale shock.",Use one baseline group at a time. Pre- and post-COVID subsets are sensitivities inside the six-year primary sample.
summary-pre_covid_2017_2019-march_june-global_demand,baseline_distribution,pre_covid_2017_2019,,march_june,global_demand,World,petroleum_and_other_liquid_fuels,,3,20.285755,-14.141093,-39.716166,94.058416,-46.109934,121.108293,46.109934,106.108621,,,million_bbl,https://www.eia.gov/outlooks/steo/archives/feb17_base.xlsx | https://www.eia.gov/outlooks/steo/archives/feb18_base.xlsx | https://www.eia.gov/outlooks/steo/archives/feb19_base.xlsx,https://www.eia.gov/outlooks/steo/archives/jul17_base.xlsx | https://www.eia.gov/outlooks/steo/archives/jul18_base.xlsx | https://www.eia.gov/outlooks/steo/archives/jul19_base.xlsx,medium_for_scale_low_for_probability,Descriptive distribution across the listed reference years; p10/p90 use linear Type-7 interpolation.,"Empirical ordinary-plus-background-news STEO revision baseline, not a confidence interval.","Only three or six observations; years contain OPEC decisions, sanctions, weather and other events even though they lack a new Hormuz-scale shock.",Use one baseline group at a time. Pre- and post-COVID subsets are sensitivities inside the six-year primary sample.
summary-pre_covid_2017_2019-march_june-global_demand_ex_russia,baseline_distribution,pre_covid_2017_2019,,march_june,global_demand_ex_russia,World excluding Russia,petroleum_and_other_liquid_fuels,,3,24.001787,-14.141093,-29.850556,93.111281,-33.777922,119.924375,33.777922,102.695084,,,million_bbl,https://www.eia.gov/outlooks/steo/archives/feb17_base.xlsx | https://www.eia.gov/outlooks/steo/archives/feb18_base.xlsx | https://www.eia.gov/outlooks/steo/archives/feb19_base.xlsx,https://www.eia.gov/outlooks/steo/archives/jul17_base.xlsx | https://www.eia.gov/outlooks/steo/archives/jul18_base.xlsx | https://www.eia.gov/outlooks/steo/archives/jul19_base.xlsx,medium_for_scale_low_for_probability,Descriptive distribution across the listed reference years; p10/p90 use linear Type-7 interpolation.,"Empirical ordinary-plus-background-news STEO revision baseline, not a confidence interval.","Only three or six observations; years contain OPEC decisions, sanctions, weather and other events even though they lack a new Hormuz-scale shock.",Use one baseline group at a time. Pre- and post-COVID subsets are sensitivities inside the six-year primary sample.
summary-pre_covid_2017_2019-march_june-global_supply,baseline_distribution,pre_covid_2017_2019,,march_june,global_supply,World,petroleum_and_other_liquid_fuels,,3,56.721637,8.424528,7.168064,125.594054,6.853948,154.886436,8.424528,125.594054,,,million_bbl,https://www.eia.gov/outlooks/steo/archives/feb17_base.xlsx | https://www.eia.gov/outlooks/steo/archives/feb18_base.xlsx | https://www.eia.gov/outlooks/steo/archives/feb19_base.xlsx,https://www.eia.gov/outlooks/steo/archives/jul17_base.xlsx | https://www.eia.gov/outlooks/steo/archives/jul18_base.xlsx | https://www.eia.gov/outlooks/steo/archives/jul19_base.xlsx,medium_for_scale_low_for_probability,Descriptive distribution across the listed reference years; p10/p90 use linear Type-7 interpolation.,"Empirical ordinary-plus-background-news STEO revision baseline, not a confidence interval.","Only three or six observations; years contain OPEC decisions, sanctions, weather and other events even though they lack a new Hormuz-scale shock.",Use one baseline group at a time. Pre- and post-COVID subsets are sensitivities inside the six-year primary sample.
summary-pre_covid_2017_2019-march_june-global_supply_ex_russia,baseline_distribution,pre_covid_2017_2019,,march_june,global_supply_ex_russia,World excluding Russia,petroleum_and_other_liquid_fuels,,3,56.71468,11.811783,4.638634,126.751884,2.845347,155.486909,11.811783,126.751884,,,million_bbl,https://www.eia.gov/outlooks/steo/archives/feb17_base.xlsx | https://www.eia.gov/outlooks/steo/archives/feb18_base.xlsx | https://www.eia.gov/outlooks/steo/archives/feb19_base.xlsx,https://www.eia.gov/outlooks/steo/archives/jul17_base.xlsx | https://www.eia.gov/outlooks/steo/archives/jul18_base.xlsx | https://www.eia.gov/outlooks/steo/archives/jul19_base.xlsx,medium_for_scale_low_for_probability,Descriptive distribution across the listed reference years; p10/p90 use linear Type-7 interpolation.,"Empirical ordinary-plus-background-news STEO revision baseline, not a confidence interval.","Only three or six observations; years contain OPEC decisions, sanctions, weather and other events even though they lack a new Hormuz-scale shock.",Use one baseline group at a time. Pre- and post-COVID subsets are sensitivities inside the six-year primary sample.
summary-pre_covid_2017_2019-march_june-russia_demand,baseline_distribution,pre_covid_2017_2019,,march_june,russia_demand,Russia,petroleum_and_other_liquid_fuels,,3,-3.716031,0,-9.86561,0.947134,-12.332012,1.183918,1.183918,10.102393,,,million_bbl,https://www.eia.gov/outlooks/steo/archives/feb17_base.xlsx | https://www.eia.gov/outlooks/steo/archives/feb18_base.xlsx | https://www.eia.gov/outlooks/steo/archives/feb19_base.xlsx,https://www.eia.gov/outlooks/steo/archives/jul17_base.xlsx | https://www.eia.gov/outlooks/steo/archives/jul18_base.xlsx | https://www.eia.gov/outlooks/steo/archives/jul19_base.xlsx,medium_for_scale_low_for_probability,Descriptive distribution across the listed reference years; p10/p90 use linear Type-7 interpolation.,"Empirical ordinary-plus-background-news STEO revision baseline, not a confidence interval.","Only three or six observations; years contain OPEC decisions, sanctions, weather and other events even though they lack a new Hormuz-scale shock.",Use one baseline group at a time. Pre- and post-COVID subsets are sensitivities inside the six-year primary sample.
summary-pre_covid_2017_2019-march_june-russia_supply,baseline_distribution,pre_covid_2017_2019,,march_june,russia_supply,Russia,petroleum_and_other_liquid_fuels,,3,0.006957,-0.600474,-4.086363,4.34325,-4.957835,5.579181,4.957835,5.454912,,,million_bbl,https://www.eia.gov/outlooks/steo/archives/feb17_base.xlsx | https://www.eia.gov/outlooks/steo/archives/feb18_base.xlsx | https://www.eia.gov/outlooks/steo/archives/feb19_base.xlsx,https://www.eia.gov/outlooks/steo/archives/jul17_base.xlsx | https://www.eia.gov/outlooks/steo/archives/jul18_base.xlsx | https://www.eia.gov/outlooks/steo/archives/jul19_base.xlsx,medium_for_scale_low_for_probability,Descriptive distribution across the listed reference years; p10/p90 use linear Type-7 interpolation.,"Empirical ordinary-plus-background-news STEO revision baseline, not a confidence interval.","Only three or six observations; years contain OPEC decisions, sanctions, weather and other events even though they lack a new Hormuz-scale shock.",Use one baseline group at a time. Pre- and post-COVID subsets are sensitivities inside the six-year primary sample.
summary-pre_covid_2017_2019-march_june-supply_t3b_papr_r01,baseline_distribution,pre_covid_2017_2019,,march_june,supply_t3b_papr_r01,North America non-OPEC supply,non_OPEC_petroleum_and_other_liquid_fuels,,3,-14.017749,-38.034004,-46.784912,28.355915,-48.972639,44.953395,44.953395,48.16879,,,million_bbl,https://www.eia.gov/outlooks/steo/archives/feb17_base.xlsx | https://www.eia.gov/outlooks/steo/archives/feb18_base.xlsx | https://www.eia.gov/outlooks/steo/archives/feb19_base.xlsx,https://www.eia.gov/outlooks/steo/archives/jul17_base.xlsx | https://www.eia.gov/outlooks/steo/archives/jul18_base.xlsx | https://www.eia.gov/outlooks/steo/archives/jul19_base.xlsx,medium_for_scale_low_for_probability,Descriptive distribution across the listed reference years; p10/p90 use linear Type-7 interpolation.,"Empirical ordinary-plus-background-news STEO revision baseline, not a confidence interval.","Only three or six observations; years contain OPEC decisions, sanctions, weather and other events even though they lack a new Hormuz-scale shock.",Use one baseline group at a time. Pre- and post-COVID subsets are sensitivities inside the six-year primary sample.
summary-pre_covid_2017_2019-march_june-supply_t3b_papr_r02,baseline_distribution,pre_covid_2017_2019,,march_june,supply_t3b_papr_r02,Central and South America non-OPEC supply,non_OPEC_petroleum_and_other_liquid_fuels,,3,-1.920175,-14.227464,-15.640137,16.722702,-15.993305,24.460243,15.993305,22.766855,,,million_bbl,https://www.eia.gov/outlooks/steo/archives/feb17_base.xlsx | https://www.eia.gov/outlooks/steo/archives/feb18_base.xlsx | https://www.eia.gov/outlooks/steo/archives/feb19_base.xlsx,https://www.eia.gov/outlooks/steo/archives/jul17_base.xlsx | https://www.eia.gov/outlooks/steo/archives/jul18_base.xlsx | https://www.eia.gov/outlooks/steo/archives/jul19_base.xlsx,medium_for_scale_low_for_probability,Descriptive distribution across the listed reference years; p10/p90 use linear Type-7 interpolation.,"Empirical ordinary-plus-background-news STEO revision baseline, not a confidence interval.","Only three or six observations; years contain OPEC decisions, sanctions, weather and other events even though they lack a new Hormuz-scale shock.",Use one baseline group at a time. Pre- and post-COVID subsets are sensitivities inside the six-year primary sample.
summary-pre_covid_2017_2019-march_june-supply_t3b_papr_r03,baseline_distribution,pre_covid_2017_2019,,march_june,supply_t3b_papr_r03,Europe non-OPEC supply,non_OPEC_petroleum_and_other_liquid_fuels,,3,12.401435,6.868116,-6.572067,33.588266,-9.932113,40.268303,9.932113,34.201065,,,million_bbl,https://www.eia.gov/outlooks/steo/archives/feb17_base.xlsx | https://www.eia.gov/outlooks/steo/archives/feb18_base.xlsx | https://www.eia.gov/outlooks/steo/archives/feb19_base.xlsx,https://www.eia.gov/outlooks/steo/archives/jul17_base.xlsx | https://www.eia.gov/outlooks/steo/archives/jul18_base.xlsx | https://www.eia.gov/outlooks/steo/archives/jul19_base.xlsx,medium_for_scale_low_for_probability,Descriptive distribution across the listed reference years; p10/p90 use linear Type-7 interpolation.,"Empirical ordinary-plus-background-news STEO revision baseline, not a confidence interval.","Only three or six observations; years contain OPEC decisions, sanctions, weather and other events even though they lack a new Hormuz-scale shock.",Use one baseline group at a time. Pre- and post-COVID subsets are sensitivities inside the six-year primary sample.
summary-pre_covid_2017_2019-march_june-supply_t3b_papr_r04,baseline_distribution,pre_covid_2017_2019,,march_june,supply_t3b_papr_r04,Eurasia non-OPEC supply,non_OPEC_petroleum_and_other_liquid_fuels,,3,3.16103,3.050459,1.051341,5.314948,0.551561,5.88107,3.050459,5.314948,,,million_bbl,https://www.eia.gov/outlooks/steo/archives/feb17_base.xlsx | https://www.eia.gov/outlooks/steo/archives/feb18_base.xlsx | https://www.eia.gov/outlooks/steo/archives/feb19_base.xlsx,https://www.eia.gov/outlooks/steo/archives/jul17_base.xlsx | https://www.eia.gov/outlooks/steo/archives/jul18_base.xlsx | https://www.eia.gov/outlooks/steo/archives/jul19_base.xlsx,medium_for_scale_low_for_probability,Descriptive distribution across the listed reference years; p10/p90 use linear Type-7 interpolation.,"Empirical ordinary-plus-background-news STEO revision baseline, not a confidence interval.","Only three or six observations; years contain OPEC decisions, sanctions, weather and other events even though they lack a new Hormuz-scale shock.",Use one baseline group at a time. Pre- and post-COVID subsets are sensitivities inside the six-year primary sample.
summary-pre_covid_2017_2019-march_june-supply_t3b_papr_r05,baseline_distribution,pre_covid_2017_2019,,march_june,supply_t3b_papr_r05,Middle East non-OPEC supply,non_OPEC_petroleum_and_other_liquid_fuels,,3,0.543745,-0.283015,-0.61757,2.035764,-0.701209,2.615459,0.701209,2.232609,,,million_bbl,https://www.eia.gov/outlooks/steo/archives/feb17_base.xlsx | https://www.eia.gov/outlooks/steo/archives/feb18_base.xlsx | https://www.eia.gov/outlooks/steo/archives/feb19_base.xlsx,https://www.eia.gov/outlooks/steo/archives/jul17_base.xlsx | https://www.eia.gov/outlooks/steo/archives/jul18_base.xlsx | https://www.eia.gov/outlooks/steo/archives/jul19_base.xlsx,medium_for_scale_low_for_probability,Descriptive distribution across the listed reference years; p10/p90 use linear Type-7 interpolation.,"Empirical ordinary-plus-background-news STEO revision baseline, not a confidence interval.","Only three or six observations; years contain OPEC decisions, sanctions, weather and other events even though they lack a new Hormuz-scale shock.",Use one baseline group at a time. Pre- and post-COVID subsets are sensitivities inside the six-year primary sample.
summary-pre_covid_2017_2019-march_june-supply_t3b_papr_r06,baseline_distribution,pre_covid_2017_2019,,march_june,supply_t3b_papr_r06,Africa non-OPEC supply,non_OPEC_petroleum_and_other_liquid_fuels,,3,5.782738,-3.851423,-7.248878,22.668019,-8.098242,29.297879,8.098242,25.057952,,,million_bbl,https://www.eia.gov/outlooks/steo/archives/feb17_base.xlsx | https://www.eia.gov/outlooks/steo/archives/feb18_base.xlsx | https://www.eia.gov/outlooks/steo/archives/feb19_base.xlsx,https://www.eia.gov/outlooks/steo/archives/jul17_base.xlsx | https://www.eia.gov/outlooks/steo/archives/jul18_base.xlsx | https://www.eia.gov/outlooks/steo/archives/jul19_base.xlsx,medium_for_scale_low_for_probability,Descriptive distribution across the listed reference years; p10/p90 use linear Type-7 interpolation.,"Empirical ordinary-plus-background-news STEO revision baseline, not a confidence interval.","Only three or six observations; years contain OPEC decisions, sanctions, weather and other events even though they lack a new Hormuz-scale shock.",Use one baseline group at a time. Pre- and post-COVID subsets are sensitivities inside the six-year primary sample.
summary-pre_covid_2017_2019-march_june-supply_t3b_papr_r07,baseline_distribution,pre_covid_2017_2019,,march_june,supply_t3b_papr_r07,Asia and Oceania non-OPEC supply,non_OPEC_petroleum_and_other_liquid_fuels,,3,-1.490921,0.790257,-8.093632,4.199318,-10.314604,5.051583,5.051583,9.262,,,million_bbl,https://www.eia.gov/outlooks/steo/archives/feb17_base.xlsx | https://www.eia.gov/outlooks/steo/archives/feb18_base.xlsx | https://www.eia.gov/outlooks/steo/archives/feb19_base.xlsx,https://www.eia.gov/outlooks/steo/archives/jul17_base.xlsx | https://www.eia.gov/outlooks/steo/archives/jul18_base.xlsx | https://www.eia.gov/outlooks/steo/archives/jul19_base.xlsx,medium_for_scale_low_for_probability,Descriptive distribution across the listed reference years; p10/p90 use linear Type-7 interpolation.,"Empirical ordinary-plus-background-news STEO revision baseline, not a confidence interval.","Only three or six observations; years contain OPEC decisions, sanctions, weather and other events even though they lack a new Hormuz-scale shock.",Use one baseline group at a time. Pre- and post-COVID subsets are sensitivities inside the six-year primary sample.
summary-post_covid_2023_2025-march_july-demand_patc_r01,baseline_distribution,post_covid_2023_2025,,march_july,demand_patc_r01,North America,petroleum_and_other_liquid_fuels,,3,25.7987,57.352749,-18.599685,57.575466,-37.587794,57.631145,57.352749,57.575466,,,million_bbl,https://www.eia.gov/outlooks/steo/archives/feb23_base.xlsx | https://www.eia.gov/outlooks/steo/archives/feb24_base.xlsx | https://www.eia.gov/outlooks/steo/archives/feb25_base.xlsx,https://www.eia.gov/outlooks/steo/archives/jul23_base.xlsx | https://www.eia.gov/outlooks/steo/archives/jul24_base.xlsx | https://www.eia.gov/outlooks/steo/archives/jul25_base.xlsx,medium_for_scale_low_for_probability,Descriptive distribution across the listed reference years; p10/p90 use linear Type-7 interpolation.,"Empirical ordinary-plus-background-news STEO revision baseline, not a confidence interval.","Only three or six observations; years contain OPEC decisions, sanctions, weather and other events even though they lack a new Hormuz-scale shock.",Use one baseline group at a time. Pre- and post-COVID subsets are sensitivities inside the six-year primary sample.
summary-post_covid_2023_2025-march_july-demand_patc_r02,baseline_distribution,post_covid_2023_2025,,march_july,demand_patc_r02,Central and South America,petroleum_and_other_liquid_fuels,,3,-18.323476,-15.821166,-32.006867,-5.641008,-36.053292,-3.095969,15.821166,32.006867,,,million_bbl,https://www.eia.gov/outlooks/steo/archives/feb23_base.xlsx | https://www.eia.gov/outlooks/steo/archives/feb24_base.xlsx | https://www.eia.gov/outlooks/steo/archives/feb25_base.xlsx,https://www.eia.gov/outlooks/steo/archives/jul23_base.xlsx | https://www.eia.gov/outlooks/steo/archives/jul24_base.xlsx | https://www.eia.gov/outlooks/steo/archives/jul25_base.xlsx,medium_for_scale_low_for_probability,Descriptive distribution across the listed reference years; p10/p90 use linear Type-7 interpolation.,"Empirical ordinary-plus-background-news STEO revision baseline, not a confidence interval.","Only three or six observations; years contain OPEC decisions, sanctions, weather and other events even though they lack a new Hormuz-scale shock.",Use one baseline group at a time. Pre- and post-COVID subsets are sensitivities inside the six-year primary sample.
summary-post_covid_2023_2025-march_july-demand_patc_r03,baseline_distribution,post_covid_2023_2025,,march_july,demand_patc_r03,Europe,petroleum_and_other_liquid_fuels,,3,-7.856455,-18.267224,-18.305204,6.756601,-18.314699,13.012557,18.267224,18.305204,,,million_bbl,https://www.eia.gov/outlooks/steo/archives/feb23_base.xlsx | https://www.eia.gov/outlooks/steo/archives/feb24_base.xlsx | https://www.eia.gov/outlooks/steo/archives/feb25_base.xlsx,https://www.eia.gov/outlooks/steo/archives/jul23_base.xlsx | https://www.eia.gov/outlooks/steo/archives/jul24_base.xlsx | https://www.eia.gov/outlooks/steo/archives/jul25_base.xlsx,medium_for_scale_low_for_probability,Descriptive distribution across the listed reference years; p10/p90 use linear Type-7 interpolation.,"Empirical ordinary-plus-background-news STEO revision baseline, not a confidence interval.","Only three or six observations; years contain OPEC decisions, sanctions, weather and other events even though they lack a new Hormuz-scale shock.",Use one baseline group at a time. Pre- and post-COVID subsets are sensitivities inside the six-year primary sample.
summary-post_covid_2023_2025-march_july-demand_patc_r04,baseline_distribution,post_covid_2023_2025,,march_july,demand_patc_r04,Eurasia,petroleum_and_other_liquid_fuels,,3,-13.904381,-15.073351,-29.471221,2.130047,-33.070689,6.430897,15.073351,29.471221,,,million_bbl,https://www.eia.gov/outlooks/steo/archives/feb23_base.xlsx | https://www.eia.gov/outlooks/steo/archives/feb24_base.xlsx | https://www.eia.gov/outlooks/steo/archives/feb25_base.xlsx,https://www.eia.gov/outlooks/steo/archives/jul23_base.xlsx | https://www.eia.gov/outlooks/steo/archives/jul24_base.xlsx | https://www.eia.gov/outlooks/steo/archives/jul25_base.xlsx,medium_for_scale_low_for_probability,Descriptive distribution across the listed reference years; p10/p90 use linear Type-7 interpolation.,"Empirical ordinary-plus-background-news STEO revision baseline, not a confidence interval.","Only three or six observations; years contain OPEC decisions, sanctions, weather and other events even though they lack a new Hormuz-scale shock.",Use one baseline group at a time. Pre- and post-COVID subsets are sensitivities inside the six-year primary sample.
summary-post_covid_2023_2025-march_july-demand_patc_r05,baseline_distribution,post_covid_2023_2025,,march_july,demand_patc_r05,Middle East,petroleum_and_other_liquid_fuels,,3,-10.95631,-12.973608,-22.171574,1.065874,-24.471065,4.575744,12.973608,22.171574,,,million_bbl,https://www.eia.gov/outlooks/steo/archives/feb23_base.xlsx | https://www.eia.gov/outlooks/steo/archives/feb24_base.xlsx | https://www.eia.gov/outlooks/steo/archives/feb25_base.xlsx,https://www.eia.gov/outlooks/steo/archives/jul23_base.xlsx | https://www.eia.gov/outlooks/steo/archives/jul24_base.xlsx | https://www.eia.gov/outlooks/steo/archives/jul25_base.xlsx,medium_for_scale_low_for_probability,Descriptive distribution across the listed reference years; p10/p90 use linear Type-7 interpolation.,"Empirical ordinary-plus-background-news STEO revision baseline, not a confidence interval.","Only three or six observations; years contain OPEC decisions, sanctions, weather and other events even though they lack a new Hormuz-scale shock.",Use one baseline group at a time. Pre- and post-COVID subsets are sensitivities inside the six-year primary sample.
summary-post_covid_2023_2025-march_july-demand_patc_r06,baseline_distribution,post_covid_2023_2025,,march_july,demand_patc_r06,Africa,petroleum_and_other_liquid_fuels,,3,-4.40332,-3.868192,-7.791088,-1.229603,-8.771812,-0.569956,3.868192,7.791088,,,million_bbl,https://www.eia.gov/outlooks/steo/archives/feb23_base.xlsx | https://www.eia.gov/outlooks/steo/archives/feb24_base.xlsx | https://www.eia.gov/outlooks/steo/archives/feb25_base.xlsx,https://www.eia.gov/outlooks/steo/archives/jul23_base.xlsx | https://www.eia.gov/outlooks/steo/archives/jul24_base.xlsx | https://www.eia.gov/outlooks/steo/archives/jul25_base.xlsx,medium_for_scale_low_for_probability,Descriptive distribution across the listed reference years; p10/p90 use linear Type-7 interpolation.,"Empirical ordinary-plus-background-news STEO revision baseline, not a confidence interval.","Only three or six observations; years contain OPEC decisions, sanctions, weather and other events even though they lack a new Hormuz-scale shock.",Use one baseline group at a time. Pre- and post-COVID subsets are sensitivities inside the six-year primary sample.
summary-post_covid_2023_2025-march_july-demand_patc_r07,baseline_distribution,post_covid_2023_2025,,march_july,demand_patc_r07,Asia and Oceania,petroleum_and_other_liquid_fuels,,3,2.919484,-34.79256,-44.346095,65.269882,-46.734479,90.285492,46.734479,81.575289,,,million_bbl,https://www.eia.gov/outlooks/steo/archives/feb23_base.xlsx | https://www.eia.gov/outlooks/steo/archives/feb24_base.xlsx | https://www.eia.gov/outlooks/steo/archives/feb25_base.xlsx,https://www.eia.gov/outlooks/steo/archives/jul23_base.xlsx | https://www.eia.gov/outlooks/steo/archives/jul24_base.xlsx | https://www.eia.gov/outlooks/steo/archives/jul25_base.xlsx,medium_for_scale_low_for_probability,Descriptive distribution across the listed reference years; p10/p90 use linear Type-7 interpolation.,"Empirical ordinary-plus-background-news STEO revision baseline, not a confidence interval.","Only three or six observations; years contain OPEC decisions, sanctions, weather and other events even though they lack a new Hormuz-scale shock.",Use one baseline group at a time. Pre- and post-COVID subsets are sensitivities inside the six-year primary sample.
summary-post_covid_2023_2025-march_july-global_demand,baseline_distribution,post_covid_2023_2025,,march_july,global_demand,World,petroleum_and_other_liquid_fuels,,3,-26.725759,-55.296656,-114.641914,72.618755,-129.478228,104.597608,104.597608,124.502104,,,million_bbl,https://www.eia.gov/outlooks/steo/archives/feb23_base.xlsx | https://www.eia.gov/outlooks/steo/archives/feb24_base.xlsx | https://www.eia.gov/outlooks/steo/archives/feb25_base.xlsx,https://www.eia.gov/outlooks/steo/archives/jul23_base.xlsx | https://www.eia.gov/outlooks/steo/archives/jul24_base.xlsx | https://www.eia.gov/outlooks/steo/archives/jul25_base.xlsx,medium_for_scale_low_for_probability,Descriptive distribution across the listed reference years; p10/p90 use linear Type-7 interpolation.,"Empirical ordinary-plus-background-news STEO revision baseline, not a confidence interval.","Only three or six observations; years contain OPEC decisions, sanctions, weather and other events even though they lack a new Hormuz-scale shock.",Use one baseline group at a time. Pre- and post-COVID subsets are sensitivities inside the six-year primary sample.
summary-post_covid_2023_2025-march_july-global_demand_ex_russia,baseline_distribution,post_covid_2023_2025,,march_july,global_demand_ex_russia,World excluding Russia,petroleum_and_other_liquid_fuels,,3,-16.626568,-33.232938,-97.841638,71.231051,-113.993813,97.347048,97.347048,110.66446,,,million_bbl,https://www.eia.gov/outlooks/steo/archives/feb23_base.xlsx | https://www.eia.gov/outlooks/steo/archives/feb24_base.xlsx | https://www.eia.gov/outlooks/steo/archives/feb25_base.xlsx,https://www.eia.gov/outlooks/steo/archives/jul23_base.xlsx | https://www.eia.gov/outlooks/steo/archives/jul24_base.xlsx | https://www.eia.gov/outlooks/steo/archives/jul25_base.xlsx,medium_for_scale_low_for_probability,Descriptive distribution across the listed reference years; p10/p90 use linear Type-7 interpolation.,"Empirical ordinary-plus-background-news STEO revision baseline, not a confidence interval.","Only three or six observations; years contain OPEC decisions, sanctions, weather and other events even though they lack a new Hormuz-scale shock.",Use one baseline group at a time. Pre- and post-COVID subsets are sensitivities inside the six-year primary sample.
summary-post_covid_2023_2025-march_july-global_supply,baseline_distribution,post_covid_2023_2025,,march_july,global_supply,World,petroleum_and_other_liquid_fuels,,3,-36.213261,-37.11504,-47.959205,-24.106606,-50.670246,-20.854498,37.11504,47.959205,,,million_bbl,https://www.eia.gov/outlooks/steo/archives/feb23_base.xlsx | https://www.eia.gov/outlooks/steo/archives/feb24_base.xlsx | https://www.eia.gov/outlooks/steo/archives/feb25_base.xlsx,https://www.eia.gov/outlooks/steo/archives/jul23_base.xlsx | https://www.eia.gov/outlooks/steo/archives/jul24_base.xlsx | https://www.eia.gov/outlooks/steo/archives/jul25_base.xlsx,medium_for_scale_low_for_probability,Descriptive distribution across the listed reference years; p10/p90 use linear Type-7 interpolation.,"Empirical ordinary-plus-background-news STEO revision baseline, not a confidence interval.","Only three or six observations; years contain OPEC decisions, sanctions, weather and other events even though they lack a new Hormuz-scale shock.",Use one baseline group at a time. Pre- and post-COVID subsets are sensitivities inside the six-year primary sample.
summary-post_covid_2023_2025-march_july-global_supply_ex_russia,baseline_distribution,post_covid_2023_2025,,march_july,global_supply_ex_russia,World excluding Russia,petroleum_and_other_liquid_fuels,,3,-0.052216,-42.889123,-65.148052,82.178383,-70.712784,113.445259,70.712784,104.898764,,,million_bbl,https://www.eia.gov/outlooks/steo/archives/feb23_base.xlsx | https://www.eia.gov/outlooks/steo/archives/feb24_base.xlsx | https://www.eia.gov/outlooks/steo/archives/feb25_base.xlsx,https://www.eia.gov/outlooks/steo/archives/jul23_base.xlsx | https://www.eia.gov/outlooks/steo/archives/jul24_base.xlsx | https://www.eia.gov/outlooks/steo/archives/jul25_base.xlsx,medium_for_scale_low_for_probability,Descriptive distribution across the listed reference years; p10/p90 use linear Type-7 interpolation.,"Empirical ordinary-plus-background-news STEO revision baseline, not a confidence interval.","Only three or six observations; years contain OPEC decisions, sanctions, weather and other events even though they lack a new Hormuz-scale shock.",Use one baseline group at a time. Pre- and post-COVID subsets are sensitivities inside the six-year primary sample.
summary-post_covid_2023_2025-march_july-russia_demand,baseline_distribution,post_covid_2023_2025,,march_july,russia_demand,Russia,petroleum_and_other_liquid_fuels,,3,-10.099191,-15.484414,-20.747857,2.703565,-22.063718,7.25056,15.484414,20.747857,,,million_bbl,https://www.eia.gov/outlooks/steo/archives/feb23_base.xlsx | https://www.eia.gov/outlooks/steo/archives/feb24_base.xlsx | https://www.eia.gov/outlooks/steo/archives/feb25_base.xlsx,https://www.eia.gov/outlooks/steo/archives/jul23_base.xlsx | https://www.eia.gov/outlooks/steo/archives/jul24_base.xlsx | https://www.eia.gov/outlooks/steo/archives/jul25_base.xlsx,medium_for_scale_low_for_probability,Descriptive distribution across the listed reference years; p10/p90 use linear Type-7 interpolation.,"Empirical ordinary-plus-background-news STEO revision baseline, not a confidence interval.","Only three or six observations; years contain OPEC decisions, sanctions, weather and other events even though they lack a new Hormuz-scale shock.",Use one baseline group at a time. Pre- and post-COVID subsets are sensitivities inside the six-year primary sample.
summary-post_covid_2023_2025-march_july-russia_supply,baseline_distribution,post_covid_2023_2025,,march_july,russia_supply,Russia,petroleum_and_other_liquid_fuels,,3,-36.161046,-7.781123,-122.004464,38.330403,-150.560299,49.858285,49.858285,130.419896,,,million_bbl,https://www.eia.gov/outlooks/steo/archives/feb23_base.xlsx | https://www.eia.gov/outlooks/steo/archives/feb24_base.xlsx | https://www.eia.gov/outlooks/steo/archives/feb25_base.xlsx,https://www.eia.gov/outlooks/steo/archives/jul23_base.xlsx | https://www.eia.gov/outlooks/steo/archives/jul24_base.xlsx | https://www.eia.gov/outlooks/steo/archives/jul25_base.xlsx,medium_for_scale_low_for_probability,Descriptive distribution across the listed reference years; p10/p90 use linear Type-7 interpolation.,"Empirical ordinary-plus-background-news STEO revision baseline, not a confidence interval.","Only three or six observations; years contain OPEC decisions, sanctions, weather and other events even though they lack a new Hormuz-scale shock.",Use one baseline group at a time. Pre- and post-COVID subsets are sensitivities inside the six-year primary sample.
summary-post_covid_2023_2025-march_july-supply_t3b_papr_r01,baseline_distribution,post_covid_2023_2025,,march_july,supply_t3b_papr_r01,North America non-OPEC supply,non_OPEC_petroleum_and_other_liquid_fuels,,3,-28.468607,-42.933718,-67.843101,16.691932,-74.070447,31.598345,42.933718,67.843101,,,million_bbl,https://www.eia.gov/outlooks/steo/archives/feb23_base.xlsx | https://www.eia.gov/outlooks/steo/archives/feb24_base.xlsx | https://www.eia.gov/outlooks/steo/archives/feb25_base.xlsx,https://www.eia.gov/outlooks/steo/archives/jul23_base.xlsx | https://www.eia.gov/outlooks/steo/archives/jul24_base.xlsx | https://www.eia.gov/outlooks/steo/archives/jul25_base.xlsx,medium_for_scale_low_for_probability,Descriptive distribution across the listed reference years; p10/p90 use linear Type-7 interpolation.,"Empirical ordinary-plus-background-news STEO revision baseline, not a confidence interval.","Only three or six observations; years contain OPEC decisions, sanctions, weather and other events even though they lack a new Hormuz-scale shock.",Use one baseline group at a time. Pre- and post-COVID subsets are sensitivities inside the six-year primary sample.
summary-post_covid_2023_2025-march_july-supply_t3b_papr_r02,baseline_distribution,post_covid_2023_2025,,march_july,supply_t3b_papr_r02,Central and South America non-OPEC supply,non_OPEC_petroleum_and_other_liquid_fuels,,3,5.636946,0.468591,-5.125827,18.467061,-6.524431,22.966679,6.524431,19.678229,,,million_bbl,https://www.eia.gov/outlooks/steo/archives/feb23_base.xlsx | https://www.eia.gov/outlooks/steo/archives/feb24_base.xlsx | https://www.eia.gov/outlooks/steo/archives/feb25_base.xlsx,https://www.eia.gov/outlooks/steo/archives/jul23_base.xlsx | https://www.eia.gov/outlooks/steo/archives/jul24_base.xlsx | https://www.eia.gov/outlooks/steo/archives/jul25_base.xlsx,medium_for_scale_low_for_probability,Descriptive distribution across the listed reference years; p10/p90 use linear Type-7 interpolation.,"Empirical ordinary-plus-background-news STEO revision baseline, not a confidence interval.","Only three or six observations; years contain OPEC decisions, sanctions, weather and other events even though they lack a new Hormuz-scale shock.",Use one baseline group at a time. Pre- and post-COVID subsets are sensitivities inside the six-year primary sample.
summary-post_covid_2023_2025-march_july-supply_t3b_papr_r03,baseline_distribution,post_covid_2023_2025,,march_july,supply_t3b_papr_r03,Europe non-OPEC supply,non_OPEC_petroleum_and_other_liquid_fuels,,3,19.030398,8.372568,4.098576,38.225351,3.030078,45.688547,8.372568,38.225351,,,million_bbl,https://www.eia.gov/outlooks/steo/archives/feb23_base.xlsx | https://www.eia.gov/outlooks/steo/archives/feb24_base.xlsx | https://www.eia.gov/outlooks/steo/archives/feb25_base.xlsx,https://www.eia.gov/outlooks/steo/archives/jul23_base.xlsx | https://www.eia.gov/outlooks/steo/archives/jul24_base.xlsx | https://www.eia.gov/outlooks/steo/archives/jul25_base.xlsx,medium_for_scale_low_for_probability,Descriptive distribution across the listed reference years; p10/p90 use linear Type-7 interpolation.,"Empirical ordinary-plus-background-news STEO revision baseline, not a confidence interval.","Only three or six observations; years contain OPEC decisions, sanctions, weather and other events even though they lack a new Hormuz-scale shock.",Use one baseline group at a time. Pre- and post-COVID subsets are sensitivities inside the six-year primary sample.
summary-post_covid_2023_2025-march_july-supply_t3b_papr_r04,baseline_distribution,post_covid_2023_2025,,march_july,supply_t3b_papr_r04,Eurasia non-OPEC supply,non_OPEC_petroleum_and_other_liquid_fuels,,3,-43.929821,-41.243636,-122.463925,33.529809,-142.768997,52.22317,52.22317,124.659832,,,million_bbl,https://www.eia.gov/outlooks/steo/archives/feb23_base.xlsx | https://www.eia.gov/outlooks/steo/archives/feb24_base.xlsx | https://www.eia.gov/outlooks/steo/archives/feb25_base.xlsx,https://www.eia.gov/outlooks/steo/archives/jul23_base.xlsx | https://www.eia.gov/outlooks/steo/archives/jul24_base.xlsx | https://www.eia.gov/outlooks/steo/archives/jul25_base.xlsx,medium_for_scale_low_for_probability,Descriptive distribution across the listed reference years; p10/p90 use linear Type-7 interpolation.,"Empirical ordinary-plus-background-news STEO revision baseline, not a confidence interval.","Only three or six observations; years contain OPEC decisions, sanctions, weather and other events even though they lack a new Hormuz-scale shock.",Use one baseline group at a time. Pre- and post-COVID subsets are sensitivities inside the six-year primary sample.
summary-post_covid_2023_2025-march_july-supply_t3b_papr_r05,baseline_distribution,post_covid_2023_2025,,march_july,supply_t3b_papr_r05,Middle East non-OPEC supply,non_OPEC_petroleum_and_other_liquid_fuels,,3,6.148817,5.603854,4.39959,8.116029,4.098524,8.744073,5.603854,8.116029,,,million_bbl,https://www.eia.gov/outlooks/steo/archives/feb23_base.xlsx | https://www.eia.gov/outlooks/steo/archives/feb24_base.xlsx | https://www.eia.gov/outlooks/steo/archives/feb25_base.xlsx,https://www.eia.gov/outlooks/steo/archives/jul23_base.xlsx | https://www.eia.gov/outlooks/steo/archives/jul24_base.xlsx | https://www.eia.gov/outlooks/steo/archives/jul25_base.xlsx,medium_for_scale_low_for_probability,Descriptive distribution across the listed reference years; p10/p90 use linear Type-7 interpolation.,"Empirical ordinary-plus-background-news STEO revision baseline, not a confidence interval.","Only three or six observations; years contain OPEC decisions, sanctions, weather and other events even though they lack a new Hormuz-scale shock.",Use one baseline group at a time. Pre- and post-COVID subsets are sensitivities inside the six-year primary sample.
summary-post_covid_2023_2025-march_july-supply_t3b_papr_r06,baseline_distribution,post_covid_2023_2025,,march_july,supply_t3b_papr_r06,Africa non-OPEC supply,non_OPEC_petroleum_and_other_liquid_fuels,,3,14.041913,9.649376,7.718442,22.1224,7.235708,25.240656,9.649376,22.1224,,,million_bbl,https://www.eia.gov/outlooks/steo/archives/feb23_base.xlsx | https://www.eia.gov/outlooks/steo/archives/feb24_base.xlsx | https://www.eia.gov/outlooks/steo/archives/feb25_base.xlsx,https://www.eia.gov/outlooks/steo/archives/jul23_base.xlsx | https://www.eia.gov/outlooks/steo/archives/jul24_base.xlsx | https://www.eia.gov/outlooks/steo/archives/jul25_base.xlsx,medium_for_scale_low_for_probability,Descriptive distribution across the listed reference years; p10/p90 use linear Type-7 interpolation.,"Empirical ordinary-plus-background-news STEO revision baseline, not a confidence interval.","Only three or six observations; years contain OPEC decisions, sanctions, weather and other events even though they lack a new Hormuz-scale shock.",Use one baseline group at a time. Pre- and post-COVID subsets are sensitivities inside the six-year primary sample.
summary-post_covid_2023_2025-march_july-supply_t3b_papr_r07,baseline_distribution,post_covid_2023_2025,,march_july,supply_t3b_papr_r07,Asia and Oceania non-OPEC supply,non_OPEC_petroleum_and_other_liquid_fuels,,3,-13.728041,-13.519811,-16.974817,-10.564557,-17.838569,-9.825743,13.519811,16.974817,,,million_bbl,https://www.eia.gov/outlooks/steo/archives/feb23_base.xlsx | https://www.eia.gov/outlooks/steo/archives/feb24_base.xlsx | https://www.eia.gov/outlooks/steo/archives/feb25_base.xlsx,https://www.eia.gov/outlooks/steo/archives/jul23_base.xlsx | https://www.eia.gov/outlooks/steo/archives/jul24_base.xlsx | https://www.eia.gov/outlooks/steo/archives/jul25_base.xlsx,medium_for_scale_low_for_probability,Descriptive distribution across the listed reference years; p10/p90 use linear Type-7 interpolation.,"Empirical ordinary-plus-background-news STEO revision baseline, not a confidence interval.","Only three or six observations; years contain OPEC decisions, sanctions, weather and other events even though they lack a new Hormuz-scale shock.",Use one baseline group at a time. Pre- and post-COVID subsets are sensitivities inside the six-year primary sample.
summary-post_covid_2023_2025-march_june-demand_patc_r01,baseline_distribution,post_covid_2023_2025,,march_june,demand_patc_r01,North America,petroleum_and_other_liquid_fuels,,3,25.235253,51.101073,-11.024345,51.148523,-26.555699,51.160386,51.101073,51.148523,,,million_bbl,https://www.eia.gov/outlooks/steo/archives/feb23_base.xlsx | https://www.eia.gov/outlooks/steo/archives/feb24_base.xlsx | https://www.eia.gov/outlooks/steo/archives/feb25_base.xlsx,https://www.eia.gov/outlooks/steo/archives/jul23_base.xlsx | https://www.eia.gov/outlooks/steo/archives/jul24_base.xlsx | https://www.eia.gov/outlooks/steo/archives/jul25_base.xlsx,medium_for_scale_low_for_probability,Descriptive distribution across the listed reference years; p10/p90 use linear Type-7 interpolation.,"Empirical ordinary-plus-background-news STEO revision baseline, not a confidence interval.","Only three or six observations; years contain OPEC decisions, sanctions, weather and other events even though they lack a new Hormuz-scale shock.",Use one baseline group at a time. Pre- and post-COVID subsets are sensitivities inside the six-year primary sample.
summary-post_covid_2023_2025-march_june-demand_patc_r02,baseline_distribution,post_covid_2023_2025,,march_june,demand_patc_r02,Central and South America,petroleum_and_other_liquid_fuels,,3,-14.487514,-12.394038,-25.368907,-4.443512,-28.612624,-2.45588,12.394038,25.368907,,,million_bbl,https://www.eia.gov/outlooks/steo/archives/feb23_base.xlsx | https://www.eia.gov/outlooks/steo/archives/feb24_base.xlsx | https://www.eia.gov/outlooks/steo/archives/feb25_base.xlsx,https://www.eia.gov/outlooks/steo/archives/jul23_base.xlsx | https://www.eia.gov/outlooks/steo/archives/jul24_base.xlsx | https://www.eia.gov/outlooks/steo/archives/jul25_base.xlsx,medium_for_scale_low_for_probability,Descriptive distribution across the listed reference years; p10/p90 use linear Type-7 interpolation.,"Empirical ordinary-plus-background-news STEO revision baseline, not a confidence interval.","Only three or six observations; years contain OPEC decisions, sanctions, weather and other events even though they lack a new Hormuz-scale shock.",Use one baseline group at a time. Pre- and post-COVID subsets are sensitivities inside the six-year primary sample.
summary-post_covid_2023_2025-march_june-demand_patc_r03,baseline_distribution,post_covid_2023_2025,,march_june,demand_patc_r03,Europe,petroleum_and_other_liquid_fuels,,3,-4.019854,-11.823815,-12.348473,7.430349,-12.479638,12.24389,12.24389,12.432488,,,million_bbl,https://www.eia.gov/outlooks/steo/archives/feb23_base.xlsx | https://www.eia.gov/outlooks/steo/archives/feb24_base.xlsx | https://www.eia.gov/outlooks/steo/archives/feb25_base.xlsx,https://www.eia.gov/outlooks/steo/archives/jul23_base.xlsx | https://www.eia.gov/outlooks/steo/archives/jul24_base.xlsx | https://www.eia.gov/outlooks/steo/archives/jul25_base.xlsx,medium_for_scale_low_for_probability,Descriptive distribution across the listed reference years; p10/p90 use linear Type-7 interpolation.,"Empirical ordinary-plus-background-news STEO revision baseline, not a confidence interval.","Only three or six observations; years contain OPEC decisions, sanctions, weather and other events even though they lack a new Hormuz-scale shock.",Use one baseline group at a time. Pre- and post-COVID subsets are sensitivities inside the six-year primary sample.
summary-post_covid_2023_2025-march_june-demand_patc_r04,baseline_distribution,post_covid_2023_2025,,march_june,demand_patc_r04,Eurasia,petroleum_and_other_liquid_fuels,,3,-11.029123,-12.010177,-23.170369,1.504545,-25.960417,4.883226,12.010177,23.170369,,,million_bbl,https://www.eia.gov/outlooks/steo/archives/feb23_base.xlsx | https://www.eia.gov/outlooks/steo/archives/feb24_base.xlsx | https://www.eia.gov/outlooks/steo/archives/feb25_base.xlsx,https://www.eia.gov/outlooks/steo/archives/jul23_base.xlsx | https://www.eia.gov/outlooks/steo/archives/jul24_base.xlsx | https://www.eia.gov/outlooks/steo/archives/jul25_base.xlsx,medium_for_scale_low_for_probability,Descriptive distribution across the listed reference years; p10/p90 use linear Type-7 interpolation.,"Empirical ordinary-plus-background-news STEO revision baseline, not a confidence interval.","Only three or six observations; years contain OPEC decisions, sanctions, weather and other events even though they lack a new Hormuz-scale shock.",Use one baseline group at a time. Pre- and post-COVID subsets are sensitivities inside the six-year primary sample.
summary-post_covid_2023_2025-march_june-demand_patc_r05,baseline_distribution,post_covid_2023_2025,,march_june,demand_patc_r05,Middle East,petroleum_and_other_liquid_fuels,,3,-10.306319,-12.488764,-20.01998,0.280319,-21.902784,3.47259,12.488764,20.01998,,,million_bbl,https://www.eia.gov/outlooks/steo/archives/feb23_base.xlsx | https://www.eia.gov/outlooks/steo/archives/feb24_base.xlsx | https://www.eia.gov/outlooks/steo/archives/feb25_base.xlsx,https://www.eia.gov/outlooks/steo/archives/jul23_base.xlsx | https://www.eia.gov/outlooks/steo/archives/jul24_base.xlsx | https://www.eia.gov/outlooks/steo/archives/jul25_base.xlsx,medium_for_scale_low_for_probability,Descriptive distribution across the listed reference years; p10/p90 use linear Type-7 interpolation.,"Empirical ordinary-plus-background-news STEO revision baseline, not a confidence interval.","Only three or six observations; years contain OPEC decisions, sanctions, weather and other events even though they lack a new Hormuz-scale shock.",Use one baseline group at a time. Pre- and post-COVID subsets are sensitivities inside the six-year primary sample.
summary-post_covid_2023_2025-march_june-demand_patc_r06,baseline_distribution,post_covid_2023_2025,,march_june,demand_patc_r06,Africa,petroleum_and_other_liquid_fuels,,3,-3.537902,-3.119649,-6.253469,-0.989637,-7.036924,-0.457134,3.119649,6.253469,,,million_bbl,https://www.eia.gov/outlooks/steo/archives/feb23_base.xlsx | https://www.eia.gov/outlooks/steo/archives/feb24_base.xlsx | https://www.eia.gov/outlooks/steo/archives/feb25_base.xlsx,https://www.eia.gov/outlooks/steo/archives/jul23_base.xlsx | https://www.eia.gov/outlooks/steo/archives/jul24_base.xlsx | https://www.eia.gov/outlooks/steo/archives/jul25_base.xlsx,medium_for_scale_low_for_probability,Descriptive distribution across the listed reference years; p10/p90 use linear Type-7 interpolation.,"Empirical ordinary-plus-background-news STEO revision baseline, not a confidence interval.","Only three or six observations; years contain OPEC decisions, sanctions, weather and other events even though they lack a new Hormuz-scale shock.",Use one baseline group at a time. Pre- and post-COVID subsets are sensitivities inside the six-year primary sample.
summary-post_covid_2023_2025-march_june-demand_patc_r07,baseline_distribution,post_covid_2023_2025,,march_june,demand_patc_r07,Asia and Oceania,petroleum_and_other_liquid_fuels,,3,3.022695,-28.868417,-43.309456,62.111291,-46.919716,84.856218,46.919716,77.268918,,,million_bbl,https://www.eia.gov/outlooks/steo/archives/feb23_base.xlsx | https://www.eia.gov/outlooks/steo/archives/feb24_base.xlsx | https://www.eia.gov/outlooks/steo/archives/feb25_base.xlsx,https://www.eia.gov/outlooks/steo/archives/jul23_base.xlsx | https://www.eia.gov/outlooks/steo/archives/jul24_base.xlsx | https://www.eia.gov/outlooks/steo/archives/jul25_base.xlsx,medium_for_scale_low_for_probability,Descriptive distribution across the listed reference years; p10/p90 use linear Type-7 interpolation.,"Empirical ordinary-plus-background-news STEO revision baseline, not a confidence interval.","Only three or six observations; years contain OPEC decisions, sanctions, weather and other events even though they lack a new Hormuz-scale shock.",Use one baseline group at a time. Pre- and post-COVID subsets are sensitivities inside the six-year primary sample.
summary-post_covid_2023_2025-march_june-global_demand,baseline_distribution,post_covid_2023_2025,,march_june,global_demand,World,petroleum_and_other_liquid_fuels,,3,-15.122765,-39.562871,-93.787625,73.318136,-107.343813,101.538388,101.538388,106.182728,,,million_bbl,https://www.eia.gov/outlooks/steo/archives/feb23_base.xlsx | https://www.eia.gov/outlooks/steo/archives/feb24_base.xlsx | https://www.eia.gov/outlooks/steo/archives/feb25_base.xlsx,https://www.eia.gov/outlooks/steo/archives/jul23_base.xlsx | https://www.eia.gov/outlooks/steo/archives/jul24_base.xlsx | https://www.eia.gov/outlooks/steo/archives/jul25_base.xlsx,medium_for_scale_low_for_probability,Descriptive distribution across the listed reference years; p10/p90 use linear Type-7 interpolation.,"Empirical ordinary-plus-background-news STEO revision baseline, not a confidence interval.","Only three or six observations; years contain OPEC decisions, sanctions, weather and other events even though they lack a new Hormuz-scale shock.",Use one baseline group at a time. Pre- and post-COVID subsets are sensitivities inside the six-year primary sample.
summary-post_covid_2023_2025-march_june-global_demand_ex_russia,baseline_distribution,post_covid_2023_2025,,march_june,global_demand_ex_russia,World excluding Russia,petroleum_and_other_liquid_fuels,,3,-7.26017,-22.311138,-80.46883,71.968877,-95.008253,95.538881,95.008253,95.432755,,,million_bbl,https://www.eia.gov/outlooks/steo/archives/feb23_base.xlsx | https://www.eia.gov/outlooks/steo/archives/feb24_base.xlsx | https://www.eia.gov/outlooks/steo/archives/feb25_base.xlsx,https://www.eia.gov/outlooks/steo/archives/jul23_base.xlsx | https://www.eia.gov/outlooks/steo/archives/jul24_base.xlsx | https://www.eia.gov/outlooks/steo/archives/jul25_base.xlsx,medium_for_scale_low_for_probability,Descriptive distribution across the listed reference years; p10/p90 use linear Type-7 interpolation.,"Empirical ordinary-plus-background-news STEO revision baseline, not a confidence interval.","Only three or six observations; years contain OPEC decisions, sanctions, weather and other events even though they lack a new Hormuz-scale shock.",Use one baseline group at a time. Pre- and post-COVID subsets are sensitivities inside the six-year primary sample.
summary-post_covid_2023_2025-march_june-global_supply,baseline_distribution,post_covid_2023_2025,,march_june,global_supply,World,petroleum_and_other_liquid_fuels,,3,-51.137601,-57.53333,-68.093367,-31.623544,-70.733376,-25.146098,57.53333,68.093367,,,million_bbl,https://www.eia.gov/outlooks/steo/archives/feb23_base.xlsx | https://www.eia.gov/outlooks/steo/archives/feb24_base.xlsx | https://www.eia.gov/outlooks/steo/archives/feb25_base.xlsx,https://www.eia.gov/outlooks/steo/archives/jul23_base.xlsx | https://www.eia.gov/outlooks/steo/archives/jul24_base.xlsx | https://www.eia.gov/outlooks/steo/archives/jul25_base.xlsx,medium_for_scale_low_for_probability,Descriptive distribution across the listed reference years; p10/p90 use linear Type-7 interpolation.,"Empirical ordinary-plus-background-news STEO revision baseline, not a confidence interval.","Only three or six observations; years contain OPEC decisions, sanctions, weather and other events even though they lack a new Hormuz-scale shock.",Use one baseline group at a time. Pre- and post-COVID subsets are sensitivities inside the six-year primary sample.
summary-post_covid_2023_2025-march_june-global_supply_ex_russia,baseline_distribution,post_covid_2023_2025,,march_june,global_supply_ex_russia,World excluding Russia,petroleum_and_other_liquid_fuels,,3,-17.713406,-49.336933,-56.306722,33.529321,-58.049169,54.245885,54.245885,57.288512,,,million_bbl,https://www.eia.gov/outlooks/steo/archives/feb23_base.xlsx | https://www.eia.gov/outlooks/steo/archives/feb24_base.xlsx | https://www.eia.gov/outlooks/steo/archives/feb25_base.xlsx,https://www.eia.gov/outlooks/steo/archives/jul23_base.xlsx | https://www.eia.gov/outlooks/steo/archives/jul24_base.xlsx | https://www.eia.gov/outlooks/steo/archives/jul25_base.xlsx,medium_for_scale_low_for_probability,Descriptive distribution across the listed reference years; p10/p90 use linear Type-7 interpolation.,"Empirical ordinary-plus-background-news STEO revision baseline, not a confidence interval.","Only three or six observations; years contain OPEC decisions, sanctions, weather and other events even though they lack a new Hormuz-scale shock.",Use one baseline group at a time. Pre- and post-COVID subsets are sensitivities inside the six-year primary sample.
summary-post_covid_2023_2025-march_june-russia_demand,baseline_distribution,post_covid_2023_2025,,march_june,russia_demand,Russia,petroleum_and_other_liquid_fuels,,3,-7.862595,-12.335559,-16.268498,2.332494,-17.251733,5.999507,12.335559,16.268498,,,million_bbl,https://www.eia.gov/outlooks/steo/archives/feb23_base.xlsx | https://www.eia.gov/outlooks/steo/archives/feb24_base.xlsx | https://www.eia.gov/outlooks/steo/archives/feb25_base.xlsx,https://www.eia.gov/outlooks/steo/archives/jul23_base.xlsx | https://www.eia.gov/outlooks/steo/archives/jul24_base.xlsx | https://www.eia.gov/outlooks/steo/archives/jul25_base.xlsx,medium_for_scale_low_for_probability,Descriptive distribution across the listed reference years; p10/p90 use linear Type-7 interpolation.,"Empirical ordinary-plus-background-news STEO revision baseline, not a confidence interval.","Only three or six observations; years contain OPEC decisions, sanctions, weather and other events even though they lack a new Hormuz-scale shock.",Use one baseline group at a time. Pre- and post-COVID subsets are sensitivities inside the six-year primary sample.
summary-post_covid_2023_2025-march_june-russia_supply,baseline_distribution,post_covid_2023_2025,,march_june,russia_supply,Russia,petroleum_and_other_liquid_fuels,,3,-33.424195,-8.196397,-101.622688,24.683178,-124.979261,32.903072,32.903072,106.564023,,,million_bbl,https://www.eia.gov/outlooks/steo/archives/feb23_base.xlsx | https://www.eia.gov/outlooks/steo/archives/feb24_base.xlsx | https://www.eia.gov/outlooks/steo/archives/feb25_base.xlsx,https://www.eia.gov/outlooks/steo/archives/jul23_base.xlsx | https://www.eia.gov/outlooks/steo/archives/jul24_base.xlsx | https://www.eia.gov/outlooks/steo/archives/jul25_base.xlsx,medium_for_scale_low_for_probability,Descriptive distribution across the listed reference years; p10/p90 use linear Type-7 interpolation.,"Empirical ordinary-plus-background-news STEO revision baseline, not a confidence interval.","Only three or six observations; years contain OPEC decisions, sanctions, weather and other events even though they lack a new Hormuz-scale shock.",Use one baseline group at a time. Pre- and post-COVID subsets are sensitivities inside the six-year primary sample.
summary-post_covid_2023_2025-march_june-supply_t3b_papr_r01,baseline_distribution,post_covid_2023_2025,,march_june,supply_t3b_papr_r01,North America non-OPEC supply,non_OPEC_petroleum_and_other_liquid_fuels,,3,-25.422085,-35.501049,-52.305332,5.492747,-56.506403,15.741196,35.501049,52.305332,,,million_bbl,https://www.eia.gov/outlooks/steo/archives/feb23_base.xlsx | https://www.eia.gov/outlooks/steo/archives/feb24_base.xlsx | https://www.eia.gov/outlooks/steo/archives/feb25_base.xlsx,https://www.eia.gov/outlooks/steo/archives/jul23_base.xlsx | https://www.eia.gov/outlooks/steo/archives/jul24_base.xlsx | https://www.eia.gov/outlooks/steo/archives/jul25_base.xlsx,medium_for_scale_low_for_probability,Descriptive distribution across the listed reference years; p10/p90 use linear Type-7 interpolation.,"Empirical ordinary-plus-background-news STEO revision baseline, not a confidence interval.","Only three or six observations; years contain OPEC decisions, sanctions, weather and other events even though they lack a new Hormuz-scale shock.",Use one baseline group at a time. Pre- and post-COVID subsets are sensitivities inside the six-year primary sample.
summary-post_covid_2023_2025-march_june-supply_t3b_papr_r02,baseline_distribution,post_covid_2023_2025,,march_june,supply_t3b_papr_r02,Central and South America non-OPEC supply,non_OPEC_petroleum_and_other_liquid_fuels,,3,3.217618,2.533242,-7.130291,13.839276,-9.546174,16.665785,9.546174,15.241863,,,million_bbl,https://www.eia.gov/outlooks/steo/archives/feb23_base.xlsx | https://www.eia.gov/outlooks/steo/archives/feb24_base.xlsx | https://www.eia.gov/outlooks/steo/archives/feb25_base.xlsx,https://www.eia.gov/outlooks/steo/archives/jul23_base.xlsx | https://www.eia.gov/outlooks/steo/archives/jul24_base.xlsx | https://www.eia.gov/outlooks/steo/archives/jul25_base.xlsx,medium_for_scale_low_for_probability,Descriptive distribution across the listed reference years; p10/p90 use linear Type-7 interpolation.,"Empirical ordinary-plus-background-news STEO revision baseline, not a confidence interval.","Only three or six observations; years contain OPEC decisions, sanctions, weather and other events even though they lack a new Hormuz-scale shock.",Use one baseline group at a time. Pre- and post-COVID subsets are sensitivities inside the six-year primary sample.
summary-post_covid_2023_2025-march_june-supply_t3b_papr_r03,baseline_distribution,post_covid_2023_2025,,march_june,supply_t3b_papr_r03,Europe non-OPEC supply,non_OPEC_petroleum_and_other_liquid_fuels,,3,17.431077,9.984199,6.504722,31.336184,5.634853,36.67418,9.984199,31.336184,,,million_bbl,https://www.eia.gov/outlooks/steo/archives/feb23_base.xlsx | https://www.eia.gov/outlooks/steo/archives/feb24_base.xlsx | https://www.eia.gov/outlooks/steo/archives/feb25_base.xlsx,https://www.eia.gov/outlooks/steo/archives/jul23_base.xlsx | https://www.eia.gov/outlooks/steo/archives/jul24_base.xlsx | https://www.eia.gov/outlooks/steo/archives/jul25_base.xlsx,medium_for_scale_low_for_probability,Descriptive distribution across the listed reference years; p10/p90 use linear Type-7 interpolation.,"Empirical ordinary-plus-background-news STEO revision baseline, not a confidence interval.","Only three or six observations; years contain OPEC decisions, sanctions, weather and other events even though they lack a new Hormuz-scale shock.",Use one baseline group at a time. Pre- and post-COVID subsets are sensitivities inside the six-year primary sample.
summary-post_covid_2023_2025-march_june-supply_t3b_papr_r04,baseline_distribution,post_covid_2023_2025,,march_june,supply_t3b_papr_r04,Eurasia non-OPEC supply,non_OPEC_petroleum_and_other_liquid_fuels,,3,-40.911793,-34.862614,-103.488398,19.24514,-120.644844,32.772079,34.862614,103.488398,,,million_bbl,https://www.eia.gov/outlooks/steo/archives/feb23_base.xlsx | https://www.eia.gov/outlooks/steo/archives/feb24_base.xlsx | https://www.eia.gov/outlooks/steo/archives/feb25_base.xlsx,https://www.eia.gov/outlooks/steo/archives/jul23_base.xlsx | https://www.eia.gov/outlooks/steo/archives/jul24_base.xlsx | https://www.eia.gov/outlooks/steo/archives/jul25_base.xlsx,medium_for_scale_low_for_probability,Descriptive distribution across the listed reference years; p10/p90 use linear Type-7 interpolation.,"Empirical ordinary-plus-background-news STEO revision baseline, not a confidence interval.","Only three or six observations; years contain OPEC decisions, sanctions, weather and other events even though they lack a new Hormuz-scale shock.",Use one baseline group at a time. Pre- and post-COVID subsets are sensitivities inside the six-year primary sample.
summary-post_covid_2023_2025-march_june-supply_t3b_papr_r05,baseline_distribution,post_covid_2023_2025,,march_june,supply_t3b_papr_r05,Middle East non-OPEC supply,non_OPEC_petroleum_and_other_liquid_fuels,,3,4.500559,3.881647,3.019923,6.228759,2.804492,6.815537,3.881647,6.228759,,,million_bbl,https://www.eia.gov/outlooks/steo/archives/feb23_base.xlsx | https://www.eia.gov/outlooks/steo/archives/feb24_base.xlsx | https://www.eia.gov/outlooks/steo/archives/feb25_base.xlsx,https://www.eia.gov/outlooks/steo/archives/jul23_base.xlsx | https://www.eia.gov/outlooks/steo/archives/jul24_base.xlsx | https://www.eia.gov/outlooks/steo/archives/jul25_base.xlsx,medium_for_scale_low_for_probability,Descriptive distribution across the listed reference years; p10/p90 use linear Type-7 interpolation.,"Empirical ordinary-plus-background-news STEO revision baseline, not a confidence interval.","Only three or six observations; years contain OPEC decisions, sanctions, weather and other events even though they lack a new Hormuz-scale shock.",Use one baseline group at a time. Pre- and post-COVID subsets are sensitivities inside the six-year primary sample.
summary-post_covid_2023_2025-march_june-supply_t3b_papr_r06,baseline_distribution,post_covid_2023_2025,,march_june,supply_t3b_papr_r06,Africa non-OPEC supply,non_OPEC_petroleum_and_other_liquid_fuels,,3,12.53163,7.034635,6.70085,20.561209,6.617404,23.942852,7.034635,20.561209,,,million_bbl,https://www.eia.gov/outlooks/steo/archives/feb23_base.xlsx | https://www.eia.gov/outlooks/steo/archives/feb24_base.xlsx | https://www.eia.gov/outlooks/steo/archives/feb25_base.xlsx,https://www.eia.gov/outlooks/steo/archives/jul23_base.xlsx | https://www.eia.gov/outlooks/steo/archives/jul24_base.xlsx | https://www.eia.gov/outlooks/steo/archives/jul25_base.xlsx,medium_for_scale_low_for_probability,Descriptive distribution across the listed reference years; p10/p90 use linear Type-7 interpolation.,"Empirical ordinary-plus-background-news STEO revision baseline, not a confidence interval.","Only three or six observations; years contain OPEC decisions, sanctions, weather and other events even though they lack a new Hormuz-scale shock.",Use one baseline group at a time. Pre- and post-COVID subsets are sensitivities inside the six-year primary sample.
summary-post_covid_2023_2025-march_june-supply_t3b_papr_r07,baseline_distribution,post_covid_2023_2025,,march_june,supply_t3b_papr_r07,Asia and Oceania non-OPEC supply,non_OPEC_petroleum_and_other_liquid_fuels,,3,-12.111396,-10.832706,-15.455264,-9.279003,-16.610904,-8.890577,10.832706,15.455264,,,million_bbl,https://www.eia.gov/outlooks/steo/archives/feb23_base.xlsx | https://www.eia.gov/outlooks/steo/archives/feb24_base.xlsx | https://www.eia.gov/outlooks/steo/archives/feb25_base.xlsx,https://www.eia.gov/outlooks/steo/archives/jul23_base.xlsx | https://www.eia.gov/outlooks/steo/archives/jul24_base.xlsx | https://www.eia.gov/outlooks/steo/archives/jul25_base.xlsx,medium_for_scale_low_for_probability,Descriptive distribution across the listed reference years; p10/p90 use linear Type-7 interpolation.,"Empirical ordinary-plus-background-news STEO revision baseline, not a confidence interval.","Only three or six observations; years contain OPEC decisions, sanctions, weather and other events even though they lack a new Hormuz-scale shock.",Use one baseline group at a time. Pre- and post-COVID subsets are sensitivities inside the six-year primary sample.
attribution-march_june-supply-headline,target_decomposition,primary_non_hormuz,,march_june,2026_global_supply_revision,World excluding Russia,petroleum_and_other_liquid_fuels,1441.477118,,,,,,,,,,,,million_bbl,https://www.eia.gov/outlooks/steo/archives/feb26_base.xlsx,https://www.eia.gov/outlooks/steo/archives/jul26_base.xlsx,medium_for_band_low_for_causal_precision,Observed February-to-July 2026 world vintage revision.,Revision-path headline; not a causal Hormuz estimate.,"This is a bounded attribution, not an identified treatment effect. Ordinary revision may correlate with the Hormuz shock and the six reference years are a small sample.",Russia is removed before applying the ex-Russia baseline; do not subtract it again or add regional rows.
attribution-march_june-supply-russia,named_non_hormuz_component,primary_non_hormuz,,march_june,russia_supply_revision_removed,Russia,petroleum_and_other_liquid_fuels,27.422459,,,,,,,,,,,,million_bbl,https://www.eia.gov/outlooks/steo/archives/feb26_base.xlsx,https://www.eia.gov/outlooks/steo/archives/jul26_base.xlsx,medium_for_band_low_for_causal_precision,Russia row from the same EIA vintage pair. 2026 attacks on Russian energy infrastructure are separately documented by IEA and Reuters.,Explicit non-Hormuz component removed before baseline adjustment; positive is a contribution to the world downward revision.,"This is a bounded attribution, not an identified treatment effect. Ordinary revision may correlate with the Hormuz shock and the six reference years are a small sample.",Russia is removed before applying the ex-Russia baseline; do not subtract it again or add regional rows.
attribution-march_june-supply-central-band,causal_attribution_band,primary_non_hormuz,,march_june,hormuz_plausible_supply_effect_central_band,World excluding Russia,petroleum_and_other_liquid_fuels,1414.05466,,,,-53.693051,104.866397,,,,,1309.188263,1467.747711,million_bbl,https://www.eia.gov/outlooks/steo/archives/feb26_base.xlsx,https://www.eia.gov/outlooks/steo/archives/jul26_base.xlsx,medium_for_band_low_for_causal_precision,"2026 world revision less Russia, then subtract the p10-to-p90 signed ordinary ex-Russia revision distribution; endpoints reverse because a larger ordinary downward revision leaves less for Hormuz.",Preferred causal-plausible band. It can exceed the net observed revision when ordinary revision would otherwise have raised supply/demand.,"This is a bounded attribution, not an identified treatment effect. Ordinary revision may correlate with the Hormuz shock and the six reference years are a small sample.",Russia is removed before applying the ex-Russia baseline; do not subtract it again or add regional rows.
attribution-march_june-supply-conservative-band,causal_attribution_band_sensitivity,primary_non_hormuz,,march_june,hormuz_plausible_supply_effect_full_observed_envelope,World excluding Russia,petroleum_and_other_liquid_fuels,1414.05466,,,,,,-58.049169,155.486909,,,1258.567751,1472.103829,million_bbl,https://www.eia.gov/outlooks/steo/archives/feb26_base.xlsx,https://www.eia.gov/outlooks/steo/archives/jul26_base.xlsx,medium_for_band_low_for_causal_precision,"2026 world revision less Russia, then subtract the full observed min/max ex-Russia baseline envelope.",Conservative sensitivity; not preferred because one reference-year extreme sets each endpoint.,"This is a bounded attribution, not an identified treatment effect. Ordinary revision may correlate with the Hormuz shock and the six reference years are a small sample.",Russia is removed before applying the ex-Russia baseline; do not subtract it again or add regional rows.
attribution-march_june-demand-headline,target_decomposition,primary_non_hormuz,,march_june,2026_global_demand_revision,World excluding Russia,petroleum_and_other_liquid_fuels,439.228394,,,,,,,,,,,,million_bbl,https://www.eia.gov/outlooks/steo/archives/feb26_base.xlsx,https://www.eia.gov/outlooks/steo/archives/jul26_base.xlsx,medium_for_band_low_for_causal_precision,Observed February-to-July 2026 world vintage revision.,Revision-path headline; not a causal Hormuz estimate.,"This is a bounded attribution, not an identified treatment effect. Ordinary revision may correlate with the Hormuz shock and the six reference years are a small sample.",Russia is removed before applying the ex-Russia baseline; do not subtract it again or add regional rows.
attribution-march_june-demand-russia,named_non_hormuz_component,primary_non_hormuz,,march_june,russia_demand_revision_removed,Russia,petroleum_and_other_liquid_fuels,6.381692,,,,,,,,,,,,million_bbl,https://www.eia.gov/outlooks/steo/archives/feb26_base.xlsx,https://www.eia.gov/outlooks/steo/archives/jul26_base.xlsx,medium_for_band_low_for_causal_precision,Russia row from the same EIA vintage pair. 2026 attacks on Russian energy infrastructure are separately documented by IEA and Reuters.,Explicit non-Hormuz component removed before baseline adjustment; positive is a contribution to the world downward revision.,"This is a bounded attribution, not an identified treatment effect. Ordinary revision may correlate with the Hormuz shock and the six reference years are a small sample.",Russia is removed before applying the ex-Russia baseline; do not subtract it again or add regional rows.
attribution-march_june-demand-central-band,causal_attribution_band,primary_non_hormuz,,march_june,hormuz_plausible_demand_effect_central_band,World excluding Russia,petroleum_and_other_liquid_fuels,432.846702,,,,-64.393087,107.731628,,,,,325.115074,497.239789,million_bbl,https://www.eia.gov/outlooks/steo/archives/feb26_base.xlsx,https://www.eia.gov/outlooks/steo/archives/jul26_base.xlsx,medium_for_band_low_for_causal_precision,"2026 world revision less Russia, then subtract the p10-to-p90 signed ordinary ex-Russia revision distribution; endpoints reverse because a larger ordinary downward revision leaves less for Hormuz.",Preferred causal-plausible band. It can exceed the net observed revision when ordinary revision would otherwise have raised supply/demand.,"This is a bounded attribution, not an identified treatment effect. Ordinary revision may correlate with the Hormuz shock and the six reference years are a small sample.",Russia is removed before applying the ex-Russia baseline; do not subtract it again or add regional rows.
attribution-march_june-demand-conservative-band,causal_attribution_band_sensitivity,primary_non_hormuz,,march_june,hormuz_plausible_demand_effect_full_observed_envelope,World excluding Russia,petroleum_and_other_liquid_fuels,432.846702,,,,,,-95.008253,119.924375,,,312.922327,527.854955,million_bbl,https://www.eia.gov/outlooks/steo/archives/feb26_base.xlsx,https://www.eia.gov/outlooks/steo/archives/jul26_base.xlsx,medium_for_band_low_for_causal_precision,"2026 world revision less Russia, then subtract the full observed min/max ex-Russia baseline envelope.",Conservative sensitivity; not preferred because one reference-year extreme sets each endpoint.,"This is a bounded attribution, not an identified treatment effect. Ordinary revision may correlate with the Hormuz shock and the six reference years are a small sample.",Russia is removed before applying the ex-Russia baseline; do not subtract it again or add regional rows.
attribution-march_july-supply-headline,target_decomposition,primary_non_hormuz,,march_july,2026_global_supply_revision,World excluding Russia,petroleum_and_other_liquid_fuels,1724.36444,,,,,,,,,,,,million_bbl,https://www.eia.gov/outlooks/steo/archives/feb26_base.xlsx,https://www.eia.gov/outlooks/steo/archives/jul26_base.xlsx,medium_for_band_low_for_causal_precision,Observed February-to-July 2026 world vintage revision.,Revision-path headline; not a causal Hormuz estimate.,"This is a bounded attribution, not an identified treatment effect. Ordinary revision may correlate with the Hormuz shock and the six reference years are a small sample.",Russia is removed before applying the ex-Russia baseline; do not subtract it again or add regional rows.
attribution-march_july-supply-russia,named_non_hormuz_component,primary_non_hormuz,,march_july,russia_supply_revision_removed,Russia,petroleum_and_other_liquid_fuels,39.11107,,,,,,,,,,,,million_bbl,https://www.eia.gov/outlooks/steo/archives/feb26_base.xlsx,https://www.eia.gov/outlooks/steo/archives/jul26_base.xlsx,medium_for_band_low_for_causal_precision,Russia row from the same EIA vintage pair. 2026 attacks on Russian energy infrastructure are separately documented by IEA and Reuters.,Explicit non-Hormuz component removed before baseline adjustment; positive is a contribution to the world downward revision.,"This is a bounded attribution, not an identified treatment effect. Ordinary revision may correlate with the Hormuz shock and the six reference years are a small sample.",Russia is removed before applying the ex-Russia baseline; do not subtract it again or add regional rows.
attribution-march_july-supply-central-band,causal_attribution_band,primary_non_hormuz,,march_july,hormuz_plausible_supply_effect_central_band,World excluding Russia,petroleum_and_other_liquid_fuels,1685.25337,,,,-56.800953,146.551794,,,,,1538.701576,1742.054324,million_bbl,https://www.eia.gov/outlooks/steo/archives/feb26_base.xlsx,https://www.eia.gov/outlooks/steo/archives/jul26_base.xlsx,medium_for_band_low_for_causal_precision,"2026 world revision less Russia, then subtract the p10-to-p90 signed ordinary ex-Russia revision distribution; endpoints reverse because a larger ordinary downward revision leaves less for Hormuz.",Preferred causal-plausible band. It can exceed the net observed revision when ordinary revision would otherwise have raised supply/demand.,"This is a bounded attribution, not an identified treatment effect. Ordinary revision may correlate with the Hormuz shock and the six reference years are a small sample.",Russia is removed before applying the ex-Russia baseline; do not subtract it again or add regional rows.
attribution-march_july-supply-conservative-band,causal_attribution_band_sensitivity,primary_non_hormuz,,march_july,hormuz_plausible_supply_effect_full_observed_envelope,World excluding Russia,petroleum_and_other_liquid_fuels,1685.25337,,,,,,-70.712784,179.658328,,,1505.595042,1755.966154,million_bbl,https://www.eia.gov/outlooks/steo/archives/feb26_base.xlsx,https://www.eia.gov/outlooks/steo/archives/jul26_base.xlsx,medium_for_band_low_for_causal_precision,"2026 world revision less Russia, then subtract the full observed min/max ex-Russia baseline envelope.",Conservative sensitivity; not preferred because one reference-year extreme sets each endpoint.,"This is a bounded attribution, not an identified treatment effect. Ordinary revision may correlate with the Hormuz shock and the six reference years are a small sample.",Russia is removed before applying the ex-Russia baseline; do not subtract it again or add regional rows.
attribution-march_july-demand-headline,target_decomposition,primary_non_hormuz,,march_july,2026_global_demand_revision,World excluding Russia,petroleum_and_other_liquid_fuels,566.355841,,,,,,,,,,,,million_bbl,https://www.eia.gov/outlooks/steo/archives/feb26_base.xlsx,https://www.eia.gov/outlooks/steo/archives/jul26_base.xlsx,medium_for_band_low_for_causal_precision,Observed February-to-July 2026 world vintage revision.,Revision-path headline; not a causal Hormuz estimate.,"This is a bounded attribution, not an identified treatment effect. Ordinary revision may correlate with the Hormuz shock and the six reference years are a small sample.",Russia is removed before applying the ex-Russia baseline; do not subtract it again or add regional rows.
attribution-march_july-demand-russia,named_non_hormuz_component,primary_non_hormuz,,march_july,russia_demand_revision_removed,Russia,petroleum_and_other_liquid_fuels,9.064671,,,,,,,,,,,,million_bbl,https://www.eia.gov/outlooks/steo/archives/feb26_base.xlsx,https://www.eia.gov/outlooks/steo/archives/jul26_base.xlsx,medium_for_band_low_for_causal_precision,Russia row from the same EIA vintage pair. 2026 attacks on Russian energy infrastructure are separately documented by IEA and Reuters.,Explicit non-Hormuz component removed before baseline adjustment; positive is a contribution to the world downward revision.,"This is a bounded attribution, not an identified treatment effect. Ordinary revision may correlate with the Hormuz shock and the six reference years are a small sample.",Russia is removed before applying the ex-Russia baseline; do not subtract it again or add regional rows.
attribution-march_july-demand-central-band,causal_attribution_band,primary_non_hormuz,,march_july,hormuz_plausible_demand_effect_central_band,World excluding Russia,petroleum_and_other_liquid_fuels,557.29117,,,,-77.594409,107.831242,,,,,449.459928,634.885579,million_bbl,https://www.eia.gov/outlooks/steo/archives/feb26_base.xlsx,https://www.eia.gov/outlooks/steo/archives/jul26_base.xlsx,medium_for_band_low_for_causal_precision,"2026 world revision less Russia, then subtract the p10-to-p90 signed ordinary ex-Russia revision distribution; endpoints reverse because a larger ordinary downward revision leaves less for Hormuz.",Preferred causal-plausible band. It can exceed the net observed revision when ordinary revision would otherwise have raised supply/demand.,"This is a bounded attribution, not an identified treatment effect. Ordinary revision may correlate with the Hormuz shock and the six reference years are a small sample.",Russia is removed before applying the ex-Russia baseline; do not subtract it again or add regional rows.
attribution-march_july-demand-conservative-band,causal_attribution_band_sensitivity,primary_non_hormuz,,march_july,hormuz_plausible_demand_effect_full_observed_envelope,World excluding Russia,petroleum_and_other_liquid_fuels,557.29117,,,,,,-113.993813,118.315435,,,438.975735,671.284983,million_bbl,https://www.eia.gov/outlooks/steo/archives/feb26_base.xlsx,https://www.eia.gov/outlooks/steo/archives/jul26_base.xlsx,medium_for_band_low_for_causal_precision,"2026 world revision less Russia, then subtract the full observed min/max ex-Russia baseline envelope.",Conservative sensitivity; not preferred because one reference-year extreme sets each endpoint.,"This is a bounded attribution, not an identified treatment effect. Ordinary revision may correlate with the Hormuz shock and the six reference years are a small sample.",Russia is removed before applying the ex-Russia baseline; do not subtract it again or add regional rows.
r3v1-march-june-demand-t4-revision-allowance,evidence_tier_propagation,primary_non_hormuz,,march_june,demand_non_hormuz_or_ordinary_revision_uncertainty_allowance,World,petroleum_and_other_liquid_fuels,114.11332,,,,,,,,,107.731628,,,million_bbl,https://www.eia.gov/outlooks/steo/archives/feb26_base.xlsx,https://www.eia.gov/outlooks/steo/archives/jul26_base.xlsx,low_medium,Positive March-June Russia demand revision plus the empirical p90 absolute March-June world-ex-Russia revision. Used as a T4 uncertainty allowance in r3v.1.,"A conservative evidence-tier reserve, not a point estimate of barrels proven unrelated to Hormuz.","Absolute revision magnitudes lose sign and are used only to size uncertainty, not causal subtraction.",Replaces the earlier demand structural/ordinary-revision T4 slice in r3v.1; do not add both.
