date,usgc_regular_gasoline_spot_usd_per_gal,usgc_ultra_low_sulfur_diesel_spot_usd_per_gal,usgc_jet_fuel_spot_usd_per_gal,us_regular_gasoline_retail_usd_per_gal,us_onhighway_diesel_retail_usd_per_gal,gasoline_minus_brent42_gross_crack_proxy_usd_per_gal,diesel_minus_brent42_gross_crack_proxy_usd_per_gal,jet_fuel_minus_brent42_gross_crack_proxy_usd_per_gal,period_label,data_status,source_url,method_caveat
2026-01-01,,,,,,,,,pre_shock_2026,EIA daily spot and weekly retail observations transported by FRED; blank fields reflect frequency or reporting lags,https://www.eia.gov/dnav/pet/pet_pri_spt_s1_d.htm | https://www.eia.gov/dnav/pet/pet_pri_gnd_dcus_nus_w.htm,"Gross crack proxies subtract Brent/42 from a US Gulf Coast product spot price. They exclude refinery yields, fuel use, losses, transport, compliance, financing, taxes and regional basis, so they are descriptive product-strength indicators, not realized refinery margins. Retail prices include taxes and lag wholesale markets."
2026-01-02,1.953,1.965,1.877,,,0.477286,0.489286,0.401286,pre_shock_2026,EIA daily spot and weekly retail observations transported by FRED; blank fields reflect frequency or reporting lags,https://www.eia.gov/dnav/pet/pet_pri_spt_s1_d.htm | https://www.eia.gov/dnav/pet/pet_pri_gnd_dcus_nus_w.htm,"Gross crack proxies subtract Brent/42 from a US Gulf Coast product spot price. They exclude refinery yields, fuel use, losses, transport, compliance, financing, taxes and regional basis, so they are descriptive product-strength indicators, not realized refinery margins. Retail prices include taxes and lag wholesale markets."
2026-01-05,1.966,2.003,1.88,2.796,3.477,0.466,0.503,0.38,pre_shock_2026,EIA daily spot and weekly retail observations transported by FRED; blank fields reflect frequency or reporting lags,https://www.eia.gov/dnav/pet/pet_pri_spt_s1_d.htm | https://www.eia.gov/dnav/pet/pet_pri_gnd_dcus_nus_w.htm,"Gross crack proxies subtract Brent/42 from a US Gulf Coast product spot price. They exclude refinery yields, fuel use, losses, transport, compliance, financing, taxes and regional basis, so they are descriptive product-strength indicators, not realized refinery margins. Retail prices include taxes and lag wholesale markets."
2026-01-06,1.939,1.958,1.835,,,0.460429,0.479429,0.356429,pre_shock_2026,EIA daily spot and weekly retail observations transported by FRED; blank fields reflect frequency or reporting lags,https://www.eia.gov/dnav/pet/pet_pri_spt_s1_d.htm | https://www.eia.gov/dnav/pet/pet_pri_gnd_dcus_nus_w.htm,"Gross crack proxies subtract Brent/42 from a US Gulf Coast product spot price. They exclude refinery yields, fuel use, losses, transport, compliance, financing, taxes and regional basis, so they are descriptive product-strength indicators, not realized refinery margins. Retail prices include taxes and lag wholesale markets."
2026-01-07,1.944,1.946,1.821,,,0.489714,0.491714,0.366714,pre_shock_2026,EIA daily spot and weekly retail observations transported by FRED; blank fields reflect frequency or reporting lags,https://www.eia.gov/dnav/pet/pet_pri_spt_s1_d.htm | https://www.eia.gov/dnav/pet/pet_pri_gnd_dcus_nus_w.htm,"Gross crack proxies subtract Brent/42 from a US Gulf Coast product spot price. They exclude refinery yields, fuel use, losses, transport, compliance, financing, taxes and regional basis, so they are descriptive product-strength indicators, not realized refinery margins. Retail prices include taxes and lag wholesale markets."
2026-01-08,1.991,2.03,1.922,,,0.482905,0.521905,0.413905,pre_shock_2026,EIA daily spot and weekly retail observations transported by FRED; blank fields reflect frequency or reporting lags,https://www.eia.gov/dnav/pet/pet_pri_spt_s1_d.htm | https://www.eia.gov/dnav/pet/pet_pri_gnd_dcus_nus_w.htm,"Gross crack proxies subtract Brent/42 from a US Gulf Coast product spot price. They exclude refinery yields, fuel use, losses, transport, compliance, financing, taxes and regional basis, so they are descriptive product-strength indicators, not realized refinery margins. Retail prices include taxes and lag wholesale markets."
2026-01-09,1.99,2.016,1.909,,,0.439762,0.465762,0.358762,pre_shock_2026,EIA daily spot and weekly retail observations transported by FRED; blank fields reflect frequency or reporting lags,https://www.eia.gov/dnav/pet/pet_pri_spt_s1_d.htm | https://www.eia.gov/dnav/pet/pet_pri_gnd_dcus_nus_w.htm,"Gross crack proxies subtract Brent/42 from a US Gulf Coast product spot price. They exclude refinery yields, fuel use, losses, transport, compliance, financing, taxes and regional basis, so they are descriptive product-strength indicators, not realized refinery margins. Retail prices include taxes and lag wholesale markets."
2026-01-12,2.029,2.043,1.953,2.779,3.459,0.471857,0.485857,0.395857,pre_shock_2026,EIA daily spot and weekly retail observations transported by FRED; blank fields reflect frequency or reporting lags,https://www.eia.gov/dnav/pet/pet_pri_spt_s1_d.htm | https://www.eia.gov/dnav/pet/pet_pri_gnd_dcus_nus_w.htm,"Gross crack proxies subtract Brent/42 from a US Gulf Coast product spot price. They exclude refinery yields, fuel use, losses, transport, compliance, financing, taxes and regional basis, so they are descriptive product-strength indicators, not realized refinery margins. Retail prices include taxes and lag wholesale markets."
2026-01-13,2.058,2.111,2.021,,,0.448952,0.501952,0.411952,pre_shock_2026,EIA daily spot and weekly retail observations transported by FRED; blank fields reflect frequency or reporting lags,https://www.eia.gov/dnav/pet/pet_pri_spt_s1_d.htm | https://www.eia.gov/dnav/pet/pet_pri_gnd_dcus_nus_w.htm,"Gross crack proxies subtract Brent/42 from a US Gulf Coast product spot price. They exclude refinery yields, fuel use, losses, transport, compliance, financing, taxes and regional basis, so they are descriptive product-strength indicators, not realized refinery margins. Retail prices include taxes and lag wholesale markets."
2026-01-14,2.057,2.097,2.037,,,0.417238,0.457238,0.397238,pre_shock_2026,EIA daily spot and weekly retail observations transported by FRED; blank fields reflect frequency or reporting lags,https://www.eia.gov/dnav/pet/pet_pri_spt_s1_d.htm | https://www.eia.gov/dnav/pet/pet_pri_gnd_dcus_nus_w.htm,"Gross crack proxies subtract Brent/42 from a US Gulf Coast product spot price. They exclude refinery yields, fuel use, losses, transport, compliance, financing, taxes and regional basis, so they are descriptive product-strength indicators, not realized refinery margins. Retail prices include taxes and lag wholesale markets."
2026-01-15,2.039,2.077,2.017,,,0.463762,0.501762,0.441762,pre_shock_2026,EIA daily spot and weekly retail observations transported by FRED; blank fields reflect frequency or reporting lags,https://www.eia.gov/dnav/pet/pet_pri_spt_s1_d.htm | https://www.eia.gov/dnav/pet/pet_pri_gnd_dcus_nus_w.htm,"Gross crack proxies subtract Brent/42 from a US Gulf Coast product spot price. They exclude refinery yields, fuel use, losses, transport, compliance, financing, taxes and regional basis, so they are descriptive product-strength indicators, not realized refinery margins. Retail prices include taxes and lag wholesale markets."
2026-01-16,2.028,2.099,2.047,,,0.433476,0.504476,0.452476,pre_shock_2026,EIA daily spot and weekly retail observations transported by FRED; blank fields reflect frequency or reporting lags,https://www.eia.gov/dnav/pet/pet_pri_spt_s1_d.htm | https://www.eia.gov/dnav/pet/pet_pri_gnd_dcus_nus_w.htm,"Gross crack proxies subtract Brent/42 from a US Gulf Coast product spot price. They exclude refinery yields, fuel use, losses, transport, compliance, financing, taxes and regional basis, so they are descriptive product-strength indicators, not realized refinery margins. Retail prices include taxes and lag wholesale markets."
2026-01-19,,,,2.806,3.53,,,,pre_shock_2026,EIA daily spot and weekly retail observations transported by FRED; blank fields reflect frequency or reporting lags,https://www.eia.gov/dnav/pet/pet_pri_spt_s1_d.htm | https://www.eia.gov/dnav/pet/pet_pri_gnd_dcus_nus_w.htm,"Gross crack proxies subtract Brent/42 from a US Gulf Coast product spot price. They exclude refinery yields, fuel use, losses, transport, compliance, financing, taxes and regional basis, so they are descriptive product-strength indicators, not realized refinery margins. Retail prices include taxes and lag wholesale markets."
2026-01-20,2.079,2.135,2.071,,,0.467571,0.523571,0.459571,pre_shock_2026,EIA daily spot and weekly retail observations transported by FRED; blank fields reflect frequency or reporting lags,https://www.eia.gov/dnav/pet/pet_pri_spt_s1_d.htm | https://www.eia.gov/dnav/pet/pet_pri_gnd_dcus_nus_w.htm,"Gross crack proxies subtract Brent/42 from a US Gulf Coast product spot price. They exclude refinery yields, fuel use, losses, transport, compliance, financing, taxes and regional basis, so they are descriptive product-strength indicators, not realized refinery margins. Retail prices include taxes and lag wholesale markets."
2026-01-21,2.069,2.209,2.124,,,0.480429,0.620429,0.535429,pre_shock_2026,EIA daily spot and weekly retail observations transported by FRED; blank fields reflect frequency or reporting lags,https://www.eia.gov/dnav/pet/pet_pri_spt_s1_d.htm | https://www.eia.gov/dnav/pet/pet_pri_gnd_dcus_nus_w.htm,"Gross crack proxies subtract Brent/42 from a US Gulf Coast product spot price. They exclude refinery yields, fuel use, losses, transport, compliance, financing, taxes and regional basis, so they are descriptive product-strength indicators, not realized refinery margins. Retail prices include taxes and lag wholesale markets."
2026-01-22,2.084,2.159,2.081,,,0.525429,0.600429,0.522429,pre_shock_2026,EIA daily spot and weekly retail observations transported by FRED; blank fields reflect frequency or reporting lags,https://www.eia.gov/dnav/pet/pet_pri_spt_s1_d.htm | https://www.eia.gov/dnav/pet/pet_pri_gnd_dcus_nus_w.htm,"Gross crack proxies subtract Brent/42 from a US Gulf Coast product spot price. They exclude refinery yields, fuel use, losses, transport, compliance, financing, taxes and regional basis, so they are descriptive product-strength indicators, not realized refinery margins. Retail prices include taxes and lag wholesale markets."
2026-01-23,2.112,2.2,2.105,,,0.489143,0.577143,0.482143,pre_shock_2026,EIA daily spot and weekly retail observations transported by FRED; blank fields reflect frequency or reporting lags,https://www.eia.gov/dnav/pet/pet_pri_spt_s1_d.htm | https://www.eia.gov/dnav/pet/pet_pri_gnd_dcus_nus_w.htm,"Gross crack proxies subtract Brent/42 from a US Gulf Coast product spot price. They exclude refinery yields, fuel use, losses, transport, compliance, financing, taxes and regional basis, so they are descriptive product-strength indicators, not realized refinery margins. Retail prices include taxes and lag wholesale markets."
2026-01-26,2.08,2.179,2.064,2.853,3.624,0.468095,0.567095,0.452095,pre_shock_2026,EIA daily spot and weekly retail observations transported by FRED; blank fields reflect frequency or reporting lags,https://www.eia.gov/dnav/pet/pet_pri_spt_s1_d.htm | https://www.eia.gov/dnav/pet/pet_pri_gnd_dcus_nus_w.htm,"Gross crack proxies subtract Brent/42 from a US Gulf Coast product spot price. They exclude refinery yields, fuel use, losses, transport, compliance, financing, taxes and regional basis, so they are descriptive product-strength indicators, not realized refinery margins. Retail prices include taxes and lag wholesale markets."
2026-01-27,2.126,2.216,2.143,,,0.452667,0.542667,0.469667,pre_shock_2026,EIA daily spot and weekly retail observations transported by FRED; blank fields reflect frequency or reporting lags,https://www.eia.gov/dnav/pet/pet_pri_spt_s1_d.htm | https://www.eia.gov/dnav/pet/pet_pri_gnd_dcus_nus_w.htm,"Gross crack proxies subtract Brent/42 from a US Gulf Coast product spot price. They exclude refinery yields, fuel use, losses, transport, compliance, financing, taxes and regional basis, so they are descriptive product-strength indicators, not realized refinery margins. Retail prices include taxes and lag wholesale markets."
2026-01-28,2.153,2.231,2.189,,,0.464905,0.542905,0.500905,pre_shock_2026,EIA daily spot and weekly retail observations transported by FRED; blank fields reflect frequency or reporting lags,https://www.eia.gov/dnav/pet/pet_pri_spt_s1_d.htm | https://www.eia.gov/dnav/pet/pet_pri_gnd_dcus_nus_w.htm,"Gross crack proxies subtract Brent/42 from a US Gulf Coast product spot price. They exclude refinery yields, fuel use, losses, transport, compliance, financing, taxes and regional basis, so they are descriptive product-strength indicators, not realized refinery margins. Retail prices include taxes and lag wholesale markets."
2026-01-29,2.139,2.27,2.248,,,0.448524,0.579524,0.557524,pre_shock_2026,EIA daily spot and weekly retail observations transported by FRED; blank fields reflect frequency or reporting lags,https://www.eia.gov/dnav/pet/pet_pri_spt_s1_d.htm | https://www.eia.gov/dnav/pet/pet_pri_gnd_dcus_nus_w.htm,"Gross crack proxies subtract Brent/42 from a US Gulf Coast product spot price. They exclude refinery yields, fuel use, losses, transport, compliance, financing, taxes and regional basis, so they are descriptive product-strength indicators, not realized refinery margins. Retail prices include taxes and lag wholesale markets."
2026-01-30,2.16,2.274,2.277,,,0.439762,0.553762,0.556762,pre_shock_2026,EIA daily spot and weekly retail observations transported by FRED; blank fields reflect frequency or reporting lags,https://www.eia.gov/dnav/pet/pet_pri_spt_s1_d.htm | https://www.eia.gov/dnav/pet/pet_pri_gnd_dcus_nus_w.htm,"Gross crack proxies subtract Brent/42 from a US Gulf Coast product spot price. They exclude refinery yields, fuel use, losses, transport, compliance, financing, taxes and regional basis, so they are descriptive product-strength indicators, not realized refinery margins. Retail prices include taxes and lag wholesale markets."
2026-02-02,2.076,2.08,2.082,2.867,3.681,0.463619,0.467619,0.469619,pre_shock_2026,EIA daily spot and weekly retail observations transported by FRED; blank fields reflect frequency or reporting lags,https://www.eia.gov/dnav/pet/pet_pri_spt_s1_d.htm | https://www.eia.gov/dnav/pet/pet_pri_gnd_dcus_nus_w.htm,"Gross crack proxies subtract Brent/42 from a US Gulf Coast product spot price. They exclude refinery yields, fuel use, losses, transport, compliance, financing, taxes and regional basis, so they are descriptive product-strength indicators, not realized refinery margins. Retail prices include taxes and lag wholesale markets."
2026-02-03,2.132,2.157,2.15,,,0.465095,0.490095,0.483095,pre_shock_2026,EIA daily spot and weekly retail observations transported by FRED; blank fields reflect frequency or reporting lags,https://www.eia.gov/dnav/pet/pet_pri_spt_s1_d.htm | https://www.eia.gov/dnav/pet/pet_pri_gnd_dcus_nus_w.htm,"Gross crack proxies subtract Brent/42 from a US Gulf Coast product spot price. They exclude refinery yields, fuel use, losses, transport, compliance, financing, taxes and regional basis, so they are descriptive product-strength indicators, not realized refinery margins. Retail prices include taxes and lag wholesale markets."
2026-02-04,2.164,2.142,2.167,,,0.469952,0.447952,0.472952,pre_shock_2026,EIA daily spot and weekly retail observations transported by FRED; blank fields reflect frequency or reporting lags,https://www.eia.gov/dnav/pet/pet_pri_spt_s1_d.htm | https://www.eia.gov/dnav/pet/pet_pri_gnd_dcus_nus_w.htm,"Gross crack proxies subtract Brent/42 from a US Gulf Coast product spot price. They exclude refinery yields, fuel use, losses, transport, compliance, financing, taxes and regional basis, so they are descriptive product-strength indicators, not realized refinery margins. Retail prices include taxes and lag wholesale markets."
2026-02-05,2.175,2.13,2.095,,,0.511429,0.466429,0.431429,pre_shock_2026,EIA daily spot and weekly retail observations transported by FRED; blank fields reflect frequency or reporting lags,https://www.eia.gov/dnav/pet/pet_pri_spt_s1_d.htm | https://www.eia.gov/dnav/pet/pet_pri_gnd_dcus_nus_w.htm,"Gross crack proxies subtract Brent/42 from a US Gulf Coast product spot price. They exclude refinery yields, fuel use, losses, transport, compliance, financing, taxes and regional basis, so they are descriptive product-strength indicators, not realized refinery margins. Retail prices include taxes and lag wholesale markets."
2026-02-06,2.196,2.128,2.106,,,0.518619,0.450619,0.428619,pre_shock_2026,EIA daily spot and weekly retail observations transported by FRED; blank fields reflect frequency or reporting lags,https://www.eia.gov/dnav/pet/pet_pri_spt_s1_d.htm | https://www.eia.gov/dnav/pet/pet_pri_gnd_dcus_nus_w.htm,"Gross crack proxies subtract Brent/42 from a US Gulf Coast product spot price. They exclude refinery yields, fuel use, losses, transport, compliance, financing, taxes and regional basis, so they are descriptive product-strength indicators, not realized refinery margins. Retail prices include taxes and lag wholesale markets."
2026-02-09,2.192,2.135,2.165,2.902,3.688,0.497,0.44,0.47,pre_shock_2026,EIA daily spot and weekly retail observations transported by FRED; blank fields reflect frequency or reporting lags,https://www.eia.gov/dnav/pet/pet_pri_spt_s1_d.htm | https://www.eia.gov/dnav/pet/pet_pri_gnd_dcus_nus_w.htm,"Gross crack proxies subtract Brent/42 from a US Gulf Coast product spot price. They exclude refinery yields, fuel use, losses, transport, compliance, financing, taxes and regional basis, so they are descriptive product-strength indicators, not realized refinery margins. Retail prices include taxes and lag wholesale markets."
2026-02-10,2.172,2.138,2.143,,,0.481286,0.447286,0.452286,pre_shock_2026,EIA daily spot and weekly retail observations transported by FRED; blank fields reflect frequency or reporting lags,https://www.eia.gov/dnav/pet/pet_pri_spt_s1_d.htm | https://www.eia.gov/dnav/pet/pet_pri_gnd_dcus_nus_w.htm,"Gross crack proxies subtract Brent/42 from a US Gulf Coast product spot price. They exclude refinery yields, fuel use, losses, transport, compliance, financing, taxes and regional basis, so they are descriptive product-strength indicators, not realized refinery margins. Retail prices include taxes and lag wholesale markets."
2026-02-11,2.195,2.171,2.176,,,0.492143,0.468143,0.473143,pre_shock_2026,EIA daily spot and weekly retail observations transported by FRED; blank fields reflect frequency or reporting lags,https://www.eia.gov/dnav/pet/pet_pri_spt_s1_d.htm | https://www.eia.gov/dnav/pet/pet_pri_gnd_dcus_nus_w.htm,"Gross crack proxies subtract Brent/42 from a US Gulf Coast product spot price. They exclude refinery yields, fuel use, losses, transport, compliance, financing, taxes and regional basis, so they are descriptive product-strength indicators, not realized refinery margins. Retail prices include taxes and lag wholesale markets."
2026-02-12,2.131,2.105,2.11,,,0.469095,0.443095,0.448095,pre_shock_2026,EIA daily spot and weekly retail observations transported by FRED; blank fields reflect frequency or reporting lags,https://www.eia.gov/dnav/pet/pet_pri_spt_s1_d.htm | https://www.eia.gov/dnav/pet/pet_pri_gnd_dcus_nus_w.htm,"Gross crack proxies subtract Brent/42 from a US Gulf Coast product spot price. They exclude refinery yields, fuel use, losses, transport, compliance, financing, taxes and regional basis, so they are descriptive product-strength indicators, not realized refinery margins. Retail prices include taxes and lag wholesale markets."
2026-02-13,1.912,2.212,2.177,,,0.246286,0.546286,0.511286,pre_shock_2026,EIA daily spot and weekly retail observations transported by FRED; blank fields reflect frequency or reporting lags,https://www.eia.gov/dnav/pet/pet_pri_spt_s1_d.htm | https://www.eia.gov/dnav/pet/pet_pri_gnd_dcus_nus_w.htm,"Gross crack proxies subtract Brent/42 from a US Gulf Coast product spot price. They exclude refinery yields, fuel use, losses, transport, compliance, financing, taxes and regional basis, so they are descriptive product-strength indicators, not realized refinery margins. Retail prices include taxes and lag wholesale markets."
2026-02-16,,,,2.924,3.711,,,,pre_shock_2026,EIA daily spot and weekly retail observations transported by FRED; blank fields reflect frequency or reporting lags,https://www.eia.gov/dnav/pet/pet_pri_spt_s1_d.htm | https://www.eia.gov/dnav/pet/pet_pri_gnd_dcus_nus_w.htm,"Gross crack proxies subtract Brent/42 from a US Gulf Coast product spot price. They exclude refinery yields, fuel use, losses, transport, compliance, financing, taxes and regional basis, so they are descriptive product-strength indicators, not realized refinery margins. Retail prices include taxes and lag wholesale markets."
2026-02-17,1.917,2.23,2.183,,,0.25581,0.56881,0.52181,pre_shock_2026,EIA daily spot and weekly retail observations transported by FRED; blank fields reflect frequency or reporting lags,https://www.eia.gov/dnav/pet/pet_pri_spt_s1_d.htm | https://www.eia.gov/dnav/pet/pet_pri_gnd_dcus_nus_w.htm,"Gross crack proxies subtract Brent/42 from a US Gulf Coast product spot price. They exclude refinery yields, fuel use, losses, transport, compliance, financing, taxes and regional basis, so they are descriptive product-strength indicators, not realized refinery margins. Retail prices include taxes and lag wholesale markets."
2026-02-18,1.699,2.34,2.311,,,-0.010048,0.630952,0.601952,pre_shock_2026,EIA daily spot and weekly retail observations transported by FRED; blank fields reflect frequency or reporting lags,https://www.eia.gov/dnav/pet/pet_pri_spt_s1_d.htm | https://www.eia.gov/dnav/pet/pet_pri_gnd_dcus_nus_w.htm,"Gross crack proxies subtract Brent/42 from a US Gulf Coast product spot price. They exclude refinery yields, fuel use, losses, transport, compliance, financing, taxes and regional basis, so they are descriptive product-strength indicators, not realized refinery margins. Retail prices include taxes and lag wholesale markets."
2026-02-19,1.737,2.495,2.399,,,-0.005143,0.752857,0.656857,pre_shock_2026,EIA daily spot and weekly retail observations transported by FRED; blank fields reflect frequency or reporting lags,https://www.eia.gov/dnav/pet/pet_pri_spt_s1_d.htm | https://www.eia.gov/dnav/pet/pet_pri_gnd_dcus_nus_w.htm,"Gross crack proxies subtract Brent/42 from a US Gulf Coast product spot price. They exclude refinery yields, fuel use, losses, transport, compliance, financing, taxes and regional basis, so they are descriptive product-strength indicators, not realized refinery margins. Retail prices include taxes and lag wholesale markets."
2026-02-20,1.716,2.478,2.376,,,-0.016143,0.745857,0.643857,pre_shock_2026,EIA daily spot and weekly retail observations transported by FRED; blank fields reflect frequency or reporting lags,https://www.eia.gov/dnav/pet/pet_pri_spt_s1_d.htm | https://www.eia.gov/dnav/pet/pet_pri_gnd_dcus_nus_w.htm,"Gross crack proxies subtract Brent/42 from a US Gulf Coast product spot price. They exclude refinery yields, fuel use, losses, transport, compliance, financing, taxes and regional basis, so they are descriptive product-strength indicators, not realized refinery margins. Retail prices include taxes and lag wholesale markets."
2026-02-23,1.768,2.57,2.485,2.937,3.809,0.056095,0.858095,0.773095,pre_shock_2026,EIA daily spot and weekly retail observations transported by FRED; blank fields reflect frequency or reporting lags,https://www.eia.gov/dnav/pet/pet_pri_spt_s1_d.htm | https://www.eia.gov/dnav/pet/pet_pri_gnd_dcus_nus_w.htm,"Gross crack proxies subtract Brent/42 from a US Gulf Coast product spot price. They exclude refinery yields, fuel use, losses, transport, compliance, financing, taxes and regional basis, so they are descriptive product-strength indicators, not realized refinery margins. Retail prices include taxes and lag wholesale markets."
2026-02-24,1.758,2.608,2.52,,,0.062524,0.912524,0.824524,pre_shock_2026,EIA daily spot and weekly retail observations transported by FRED; blank fields reflect frequency or reporting lags,https://www.eia.gov/dnav/pet/pet_pri_spt_s1_d.htm | https://www.eia.gov/dnav/pet/pet_pri_gnd_dcus_nus_w.htm,"Gross crack proxies subtract Brent/42 from a US Gulf Coast product spot price. They exclude refinery yields, fuel use, losses, transport, compliance, financing, taxes and regional basis, so they are descriptive product-strength indicators, not realized refinery margins. Retail prices include taxes and lag wholesale markets."
2026-02-25,1.777,2.567,2.47,,,0.093905,0.883905,0.786905,pre_shock_2026,EIA daily spot and weekly retail observations transported by FRED; blank fields reflect frequency or reporting lags,https://www.eia.gov/dnav/pet/pet_pri_spt_s1_d.htm | https://www.eia.gov/dnav/pet/pet_pri_gnd_dcus_nus_w.htm,"Gross crack proxies subtract Brent/42 from a US Gulf Coast product spot price. They exclude refinery yields, fuel use, losses, transport, compliance, financing, taxes and regional basis, so they are descriptive product-strength indicators, not realized refinery margins. Retail prices include taxes and lag wholesale markets."
2026-02-26,1.823,2.541,2.444,,,0.11681,0.83481,0.73781,pre_shock_2026,EIA daily spot and weekly retail observations transported by FRED; blank fields reflect frequency or reporting lags,https://www.eia.gov/dnav/pet/pet_pri_spt_s1_d.htm | https://www.eia.gov/dnav/pet/pet_pri_gnd_dcus_nus_w.htm,"Gross crack proxies subtract Brent/42 from a US Gulf Coast product spot price. They exclude refinery yields, fuel use, losses, transport, compliance, financing, taxes and regional basis, so they are descriptive product-strength indicators, not realized refinery margins. Retail prices include taxes and lag wholesale markets."
2026-02-27,1.968,2.513,2.428,,,0.269905,0.814905,0.729905,pre_shock_2026,EIA daily spot and weekly retail observations transported by FRED; blank fields reflect frequency or reporting lags,https://www.eia.gov/dnav/pet/pet_pri_spt_s1_d.htm | https://www.eia.gov/dnav/pet/pet_pri_gnd_dcus_nus_w.htm,"Gross crack proxies subtract Brent/42 from a US Gulf Coast product spot price. They exclude refinery yields, fuel use, losses, transport, compliance, financing, taxes and regional basis, so they are descriptive product-strength indicators, not realized refinery margins. Retail prices include taxes and lag wholesale markets."
2026-03-02,2.275,2.818,2.738,3.015,3.897,0.435952,0.978952,0.898952,march_june_historical_frame,EIA daily spot and weekly retail observations transported by FRED; blank fields reflect frequency or reporting lags,https://www.eia.gov/dnav/pet/pet_pri_spt_s1_d.htm | https://www.eia.gov/dnav/pet/pet_pri_gnd_dcus_nus_w.htm,"Gross crack proxies subtract Brent/42 from a US Gulf Coast product spot price. They exclude refinery yields, fuel use, losses, transport, compliance, financing, taxes and regional basis, so they are descriptive product-strength indicators, not realized refinery margins. Retail prices include taxes and lag wholesale markets."
2026-03-03,2.339,3.046,2.966,,,0.356143,1.063143,0.983143,march_june_historical_frame,EIA daily spot and weekly retail observations transported by FRED; blank fields reflect frequency or reporting lags,https://www.eia.gov/dnav/pet/pet_pri_spt_s1_d.htm | https://www.eia.gov/dnav/pet/pet_pri_gnd_dcus_nus_w.htm,"Gross crack proxies subtract Brent/42 from a US Gulf Coast product spot price. They exclude refinery yields, fuel use, losses, transport, compliance, financing, taxes and regional basis, so they are descriptive product-strength indicators, not realized refinery margins. Retail prices include taxes and lag wholesale markets."
2026-03-04,2.371,3.333,3.126,,,0.429095,1.391095,1.184095,march_june_historical_frame,EIA daily spot and weekly retail observations transported by FRED; blank fields reflect frequency or reporting lags,https://www.eia.gov/dnav/pet/pet_pri_spt_s1_d.htm | https://www.eia.gov/dnav/pet/pet_pri_gnd_dcus_nus_w.htm,"Gross crack proxies subtract Brent/42 from a US Gulf Coast product spot price. They exclude refinery yields, fuel use, losses, transport, compliance, financing, taxes and regional basis, so they are descriptive product-strength indicators, not realized refinery margins. Retail prices include taxes and lag wholesale markets."
2026-03-05,2.439,3.471,3.263,,,0.329714,1.361714,1.153714,march_june_historical_frame,EIA daily spot and weekly retail observations transported by FRED; blank fields reflect frequency or reporting lags,https://www.eia.gov/dnav/pet/pet_pri_spt_s1_d.htm | https://www.eia.gov/dnav/pet/pet_pri_gnd_dcus_nus_w.htm,"Gross crack proxies subtract Brent/42 from a US Gulf Coast product spot price. They exclude refinery yields, fuel use, losses, transport, compliance, financing, taxes and regional basis, so they are descriptive product-strength indicators, not realized refinery margins. Retail prices include taxes and lag wholesale markets."
2026-03-06,2.581,3.632,3.424,,,0.301476,1.352476,1.144476,march_june_historical_frame,EIA daily spot and weekly retail observations transported by FRED; blank fields reflect frequency or reporting lags,https://www.eia.gov/dnav/pet/pet_pri_spt_s1_d.htm | https://www.eia.gov/dnav/pet/pet_pri_gnd_dcus_nus_w.htm,"Gross crack proxies subtract Brent/42 from a US Gulf Coast product spot price. They exclude refinery yields, fuel use, losses, transport, compliance, financing, taxes and regional basis, so they are descriptive product-strength indicators, not realized refinery margins. Retail prices include taxes and lag wholesale markets."
2026-03-09,2.437,3.218,3.1,3.502,4.859,0.190571,0.971571,0.853571,march_june_historical_frame,EIA daily spot and weekly retail observations transported by FRED; blank fields reflect frequency or reporting lags,https://www.eia.gov/dnav/pet/pet_pri_spt_s1_d.htm | https://www.eia.gov/dnav/pet/pet_pri_gnd_dcus_nus_w.htm,"Gross crack proxies subtract Brent/42 from a US Gulf Coast product spot price. They exclude refinery yields, fuel use, losses, transport, compliance, financing, taxes and regional basis, so they are descriptive product-strength indicators, not realized refinery margins. Retail prices include taxes and lag wholesale markets."
2026-03-10,2.48,3.274,3.199,,,0.340952,1.134952,1.059952,march_june_historical_frame,EIA daily spot and weekly retail observations transported by FRED; blank fields reflect frequency or reporting lags,https://www.eia.gov/dnav/pet/pet_pri_spt_s1_d.htm | https://www.eia.gov/dnav/pet/pet_pri_gnd_dcus_nus_w.htm,"Gross crack proxies subtract Brent/42 from a US Gulf Coast product spot price. They exclude refinery yields, fuel use, losses, transport, compliance, financing, taxes and regional basis, so they are descriptive product-strength indicators, not realized refinery margins. Retail prices include taxes and lag wholesale markets."
2026-03-11,2.664,3.619,3.544,,,0.49781,1.45281,1.37781,march_june_historical_frame,EIA daily spot and weekly retail observations transported by FRED; blank fields reflect frequency or reporting lags,https://www.eia.gov/dnav/pet/pet_pri_spt_s1_d.htm | https://www.eia.gov/dnav/pet/pet_pri_gnd_dcus_nus_w.htm,"Gross crack proxies subtract Brent/42 from a US Gulf Coast product spot price. They exclude refinery yields, fuel use, losses, transport, compliance, financing, taxes and regional basis, so they are descriptive product-strength indicators, not realized refinery margins. Retail prices include taxes and lag wholesale markets."
2026-03-12,2.875,3.753,3.753,,,0.437381,1.315381,1.315381,march_june_historical_frame,EIA daily spot and weekly retail observations transported by FRED; blank fields reflect frequency or reporting lags,https://www.eia.gov/dnav/pet/pet_pri_spt_s1_d.htm | https://www.eia.gov/dnav/pet/pet_pri_gnd_dcus_nus_w.htm,"Gross crack proxies subtract Brent/42 from a US Gulf Coast product spot price. They exclude refinery yields, fuel use, losses, transport, compliance, financing, taxes and regional basis, so they are descriptive product-strength indicators, not realized refinery margins. Retail prices include taxes and lag wholesale markets."
2026-03-13,3.054,3.829,3.792,,,0.596143,1.371143,1.334143,march_june_historical_frame,EIA daily spot and weekly retail observations transported by FRED; blank fields reflect frequency or reporting lags,https://www.eia.gov/dnav/pet/pet_pri_spt_s1_d.htm | https://www.eia.gov/dnav/pet/pet_pri_gnd_dcus_nus_w.htm,"Gross crack proxies subtract Brent/42 from a US Gulf Coast product spot price. They exclude refinery yields, fuel use, losses, transport, compliance, financing, taxes and regional basis, so they are descriptive product-strength indicators, not realized refinery margins. Retail prices include taxes and lag wholesale markets."
2026-03-16,3.032,3.709,3.639,3.72,5.071,0.626286,1.303286,1.233286,march_june_historical_frame,EIA daily spot and weekly retail observations transported by FRED; blank fields reflect frequency or reporting lags,https://www.eia.gov/dnav/pet/pet_pri_spt_s1_d.htm | https://www.eia.gov/dnav/pet/pet_pri_gnd_dcus_nus_w.htm,"Gross crack proxies subtract Brent/42 from a US Gulf Coast product spot price. They exclude refinery yields, fuel use, losses, transport, compliance, financing, taxes and regional basis, so they are descriptive product-strength indicators, not realized refinery margins. Retail prices include taxes and lag wholesale markets."
2026-03-17,3.158,3.876,3.806,,,0.577286,1.295286,1.225286,march_june_historical_frame,EIA daily spot and weekly retail observations transported by FRED; blank fields reflect frequency or reporting lags,https://www.eia.gov/dnav/pet/pet_pri_spt_s1_d.htm | https://www.eia.gov/dnav/pet/pet_pri_gnd_dcus_nus_w.htm,"Gross crack proxies subtract Brent/42 from a US Gulf Coast product spot price. They exclude refinery yields, fuel use, losses, transport, compliance, financing, taxes and regional basis, so they are descriptive product-strength indicators, not realized refinery margins. Retail prices include taxes and lag wholesale markets."
2026-03-18,3.153,4.226,4.171,,,0.341333,1.414333,1.359333,march_june_historical_frame,EIA daily spot and weekly retail observations transported by FRED; blank fields reflect frequency or reporting lags,https://www.eia.gov/dnav/pet/pet_pri_spt_s1_d.htm | https://www.eia.gov/dnav/pet/pet_pri_gnd_dcus_nus_w.htm,"Gross crack proxies subtract Brent/42 from a US Gulf Coast product spot price. They exclude refinery yields, fuel use, losses, transport, compliance, financing, taxes and regional basis, so they are descriptive product-strength indicators, not realized refinery margins. Retail prices include taxes and lag wholesale markets."
2026-03-19,3.065,4.175,4.12,,,0.420952,1.530952,1.475952,march_june_historical_frame,EIA daily spot and weekly retail observations transported by FRED; blank fields reflect frequency or reporting lags,https://www.eia.gov/dnav/pet/pet_pri_spt_s1_d.htm | https://www.eia.gov/dnav/pet/pet_pri_gnd_dcus_nus_w.htm,"Gross crack proxies subtract Brent/42 from a US Gulf Coast product spot price. They exclude refinery yields, fuel use, losses, transport, compliance, financing, taxes and regional basis, so they are descriptive product-strength indicators, not realized refinery margins. Retail prices include taxes and lag wholesale markets."
2026-03-20,3.258,4.462,4.454,,,0.438476,1.642476,1.634476,march_june_historical_frame,EIA daily spot and weekly retail observations transported by FRED; blank fields reflect frequency or reporting lags,https://www.eia.gov/dnav/pet/pet_pri_spt_s1_d.htm | https://www.eia.gov/dnav/pet/pet_pri_gnd_dcus_nus_w.htm,"Gross crack proxies subtract Brent/42 from a US Gulf Coast product spot price. They exclude refinery yields, fuel use, losses, transport, compliance, financing, taxes and regional basis, so they are descriptive product-strength indicators, not realized refinery margins. Retail prices include taxes and lag wholesale markets."
2026-03-23,2.936,4.132,3.929,3.961,5.375,0.46481,1.66081,1.45781,march_june_historical_frame,EIA daily spot and weekly retail observations transported by FRED; blank fields reflect frequency or reporting lags,https://www.eia.gov/dnav/pet/pet_pri_spt_s1_d.htm | https://www.eia.gov/dnav/pet/pet_pri_gnd_dcus_nus_w.htm,"Gross crack proxies subtract Brent/42 from a US Gulf Coast product spot price. They exclude refinery yields, fuel use, losses, transport, compliance, financing, taxes and regional basis, so they are descriptive product-strength indicators, not realized refinery margins. Retail prices include taxes and lag wholesale markets."
2026-03-24,2.995,4.12,3.917,,,0.413571,1.538571,1.335571,march_june_historical_frame,EIA daily spot and weekly retail observations transported by FRED; blank fields reflect frequency or reporting lags,https://www.eia.gov/dnav/pet/pet_pri_spt_s1_d.htm | https://www.eia.gov/dnav/pet/pet_pri_gnd_dcus_nus_w.htm,"Gross crack proxies subtract Brent/42 from a US Gulf Coast product spot price. They exclude refinery yields, fuel use, losses, transport, compliance, financing, taxes and regional basis, so they are descriptive product-strength indicators, not realized refinery margins. Retail prices include taxes and lag wholesale markets."
2026-03-25,2.965,4.001,3.819,,,0.366429,1.402429,1.220429,march_june_historical_frame,EIA daily spot and weekly retail observations transported by FRED; blank fields reflect frequency or reporting lags,https://www.eia.gov/dnav/pet/pet_pri_spt_s1_d.htm | https://www.eia.gov/dnav/pet/pet_pri_gnd_dcus_nus_w.htm,"Gross crack proxies subtract Brent/42 from a US Gulf Coast product spot price. They exclude refinery yields, fuel use, losses, transport, compliance, financing, taxes and regional basis, so they are descriptive product-strength indicators, not realized refinery margins. Retail prices include taxes and lag wholesale markets."
2026-03-26,3.057,4.22,4.032,,,0.357238,1.520238,1.332238,march_june_historical_frame,EIA daily spot and weekly retail observations transported by FRED; blank fields reflect frequency or reporting lags,https://www.eia.gov/dnav/pet/pet_pri_spt_s1_d.htm | https://www.eia.gov/dnav/pet/pet_pri_gnd_dcus_nus_w.htm,"Gross crack proxies subtract Brent/42 from a US Gulf Coast product spot price. They exclude refinery yields, fuel use, losses, transport, compliance, financing, taxes and regional basis, so they are descriptive product-strength indicators, not realized refinery margins. Retail prices include taxes and lag wholesale markets."
2026-03-27,3.263,4.59,4.348,,,0.370857,1.697857,1.455857,march_june_historical_frame,EIA daily spot and weekly retail observations transported by FRED; blank fields reflect frequency or reporting lags,https://www.eia.gov/dnav/pet/pet_pri_spt_s1_d.htm | https://www.eia.gov/dnav/pet/pet_pri_gnd_dcus_nus_w.htm,"Gross crack proxies subtract Brent/42 from a US Gulf Coast product spot price. They exclude refinery yields, fuel use, losses, transport, compliance, financing, taxes and regional basis, so they are descriptive product-strength indicators, not realized refinery margins. Retail prices include taxes and lag wholesale markets."
2026-03-30,3.401,4.532,4.237,3.99,5.401,0.499095,1.630095,1.335095,march_june_historical_frame,EIA daily spot and weekly retail observations transported by FRED; blank fields reflect frequency or reporting lags,https://www.eia.gov/dnav/pet/pet_pri_spt_s1_d.htm | https://www.eia.gov/dnav/pet/pet_pri_gnd_dcus_nus_w.htm,"Gross crack proxies subtract Brent/42 from a US Gulf Coast product spot price. They exclude refinery yields, fuel use, losses, transport, compliance, financing, taxes and regional basis, so they are descriptive product-strength indicators, not realized refinery margins. Retail prices include taxes and lag wholesale markets."
2026-03-31,3.315,4.26,3.965,,,0.298571,1.243571,0.948571,march_june_historical_frame,EIA daily spot and weekly retail observations transported by FRED; blank fields reflect frequency or reporting lags,https://www.eia.gov/dnav/pet/pet_pri_spt_s1_d.htm | https://www.eia.gov/dnav/pet/pet_pri_gnd_dcus_nus_w.htm,"Gross crack proxies subtract Brent/42 from a US Gulf Coast product spot price. They exclude refinery yields, fuel use, losses, transport, compliance, financing, taxes and regional basis, so they are descriptive product-strength indicators, not realized refinery margins. Retail prices include taxes and lag wholesale markets."
2026-04-01,3.101,4.026,3.839,,,0.254333,1.179333,0.992333,march_june_historical_frame,EIA daily spot and weekly retail observations transported by FRED; blank fields reflect frequency or reporting lags,https://www.eia.gov/dnav/pet/pet_pri_spt_s1_d.htm | https://www.eia.gov/dnav/pet/pet_pri_gnd_dcus_nus_w.htm,"Gross crack proxies subtract Brent/42 from a US Gulf Coast product spot price. They exclude refinery yields, fuel use, losses, transport, compliance, financing, taxes and regional basis, so they are descriptive product-strength indicators, not realized refinery margins. Retail prices include taxes and lag wholesale markets."
2026-04-02,3.295,4.507,4.252,,,0.256667,1.468667,1.213667,march_june_historical_frame,EIA daily spot and weekly retail observations transported by FRED; blank fields reflect frequency or reporting lags,https://www.eia.gov/dnav/pet/pet_pri_spt_s1_d.htm | https://www.eia.gov/dnav/pet/pet_pri_gnd_dcus_nus_w.htm,"Gross crack proxies subtract Brent/42 from a US Gulf Coast product spot price. They exclude refinery yields, fuel use, losses, transport, compliance, financing, taxes and regional basis, so they are descriptive product-strength indicators, not realized refinery margins. Retail prices include taxes and lag wholesale markets."
2026-04-03,,,,,,,,,march_june_historical_frame,EIA daily spot and weekly retail observations transported by FRED; blank fields reflect frequency or reporting lags,https://www.eia.gov/dnav/pet/pet_pri_spt_s1_d.htm | https://www.eia.gov/dnav/pet/pet_pri_gnd_dcus_nus_w.htm,"Gross crack proxies subtract Brent/42 from a US Gulf Coast product spot price. They exclude refinery yields, fuel use, losses, transport, compliance, financing, taxes and regional basis, so they are descriptive product-strength indicators, not realized refinery margins. Retail prices include taxes and lag wholesale markets."
2026-04-06,3.298,4.416,4.136,4.12,5.643,,,,march_june_historical_frame,EIA daily spot and weekly retail observations transported by FRED; blank fields reflect frequency or reporting lags,https://www.eia.gov/dnav/pet/pet_pri_spt_s1_d.htm | https://www.eia.gov/dnav/pet/pet_pri_gnd_dcus_nus_w.htm,"Gross crack proxies subtract Brent/42 from a US Gulf Coast product spot price. They exclude refinery yields, fuel use, losses, transport, compliance, financing, taxes and regional basis, so they are descriptive product-strength indicators, not realized refinery margins. Retail prices include taxes and lag wholesale markets."
2026-04-07,3.232,4.38,4.1,,,-0.058714,1.089286,0.809286,march_june_historical_frame,EIA daily spot and weekly retail observations transported by FRED; blank fields reflect frequency or reporting lags,https://www.eia.gov/dnav/pet/pet_pri_spt_s1_d.htm | https://www.eia.gov/dnav/pet/pet_pri_gnd_dcus_nus_w.htm,"Gross crack proxies subtract Brent/42 from a US Gulf Coast product spot price. They exclude refinery yields, fuel use, losses, transport, compliance, financing, taxes and regional basis, so they are descriptive product-strength indicators, not realized refinery margins. Retail prices include taxes and lag wholesale markets."
2026-04-08,2.924,3.835,3.825,,,0.016619,0.927619,0.917619,march_june_historical_frame,EIA daily spot and weekly retail observations transported by FRED; blank fields reflect frequency or reporting lags,https://www.eia.gov/dnav/pet/pet_pri_spt_s1_d.htm | https://www.eia.gov/dnav/pet/pet_pri_gnd_dcus_nus_w.htm,"Gross crack proxies subtract Brent/42 from a US Gulf Coast product spot price. They exclude refinery yields, fuel use, losses, transport, compliance, financing, taxes and regional basis, so they are descriptive product-strength indicators, not realized refinery margins. Retail prices include taxes and lag wholesale markets."
2026-04-09,2.923,3.888,3.878,,,0.088952,1.053952,1.043952,march_june_historical_frame,EIA daily spot and weekly retail observations transported by FRED; blank fields reflect frequency or reporting lags,https://www.eia.gov/dnav/pet/pet_pri_spt_s1_d.htm | https://www.eia.gov/dnav/pet/pet_pri_gnd_dcus_nus_w.htm,"Gross crack proxies subtract Brent/42 from a US Gulf Coast product spot price. They exclude refinery yields, fuel use, losses, transport, compliance, financing, taxes and regional basis, so they are descriptive product-strength indicators, not realized refinery margins. Retail prices include taxes and lag wholesale markets."
2026-04-10,2.975,3.67,3.685,,,0.14,0.835,0.85,march_june_historical_frame,EIA daily spot and weekly retail observations transported by FRED; blank fields reflect frequency or reporting lags,https://www.eia.gov/dnav/pet/pet_pri_spt_s1_d.htm | https://www.eia.gov/dnav/pet/pet_pri_gnd_dcus_nus_w.htm,"Gross crack proxies subtract Brent/42 from a US Gulf Coast product spot price. They exclude refinery yields, fuel use, losses, transport, compliance, financing, taxes and regional basis, so they are descriptive product-strength indicators, not realized refinery margins. Retail prices include taxes and lag wholesale markets."
2026-04-13,3.053,3.733,3.748,4.123,5.608,0.117762,0.797762,0.812762,march_june_historical_frame,EIA daily spot and weekly retail observations transported by FRED; blank fields reflect frequency or reporting lags,https://www.eia.gov/dnav/pet/pet_pri_spt_s1_d.htm | https://www.eia.gov/dnav/pet/pet_pri_gnd_dcus_nus_w.htm,"Gross crack proxies subtract Brent/42 from a US Gulf Coast product spot price. They exclude refinery yields, fuel use, losses, transport, compliance, financing, taxes and regional basis, so they are descriptive product-strength indicators, not realized refinery margins. Retail prices include taxes and lag wholesale markets."
2026-04-14,2.915,3.579,3.659,,,0.089048,0.753048,0.833048,march_june_historical_frame,EIA daily spot and weekly retail observations transported by FRED; blank fields reflect frequency or reporting lags,https://www.eia.gov/dnav/pet/pet_pri_spt_s1_d.htm | https://www.eia.gov/dnav/pet/pet_pri_gnd_dcus_nus_w.htm,"Gross crack proxies subtract Brent/42 from a US Gulf Coast product spot price. They exclude refinery yields, fuel use, losses, transport, compliance, financing, taxes and regional basis, so they are descriptive product-strength indicators, not realized refinery margins. Retail prices include taxes and lag wholesale markets."
2026-04-15,2.968,3.692,3.78,,,0.231571,0.955571,1.043571,march_june_historical_frame,EIA daily spot and weekly retail observations transported by FRED; blank fields reflect frequency or reporting lags,https://www.eia.gov/dnav/pet/pet_pri_spt_s1_d.htm | https://www.eia.gov/dnav/pet/pet_pri_gnd_dcus_nus_w.htm,"Gross crack proxies subtract Brent/42 from a US Gulf Coast product spot price. They exclude refinery yields, fuel use, losses, transport, compliance, financing, taxes and regional basis, so they are descriptive product-strength indicators, not realized refinery margins. Retail prices include taxes and lag wholesale markets."
2026-04-16,3.122,3.701,3.864,,,0.345095,0.924095,1.087095,march_june_historical_frame,EIA daily spot and weekly retail observations transported by FRED; blank fields reflect frequency or reporting lags,https://www.eia.gov/dnav/pet/pet_pri_spt_s1_d.htm | https://www.eia.gov/dnav/pet/pet_pri_gnd_dcus_nus_w.htm,"Gross crack proxies subtract Brent/42 from a US Gulf Coast product spot price. They exclude refinery yields, fuel use, losses, transport, compliance, financing, taxes and regional basis, so they are descriptive product-strength indicators, not realized refinery margins. Retail prices include taxes and lag wholesale markets."
2026-04-17,3.014,3.346,3.493,,,0.665667,0.997667,1.144667,march_june_historical_frame,EIA daily spot and weekly retail observations transported by FRED; blank fields reflect frequency or reporting lags,https://www.eia.gov/dnav/pet/pet_pri_spt_s1_d.htm | https://www.eia.gov/dnav/pet/pet_pri_gnd_dcus_nus_w.htm,"Gross crack proxies subtract Brent/42 from a US Gulf Coast product spot price. They exclude refinery yields, fuel use, losses, transport, compliance, financing, taxes and regional basis, so they are descriptive product-strength indicators, not realized refinery margins. Retail prices include taxes and lag wholesale markets."
2026-04-20,3.113,3.461,3.608,4.044,5.403,0.651095,0.999095,1.146095,march_june_historical_frame,EIA daily spot and weekly retail observations transported by FRED; blank fields reflect frequency or reporting lags,https://www.eia.gov/dnav/pet/pet_pri_spt_s1_d.htm | https://www.eia.gov/dnav/pet/pet_pri_gnd_dcus_nus_w.htm,"Gross crack proxies subtract Brent/42 from a US Gulf Coast product spot price. They exclude refinery yields, fuel use, losses, transport, compliance, financing, taxes and regional basis, so they are descriptive product-strength indicators, not realized refinery margins. Retail prices include taxes and lag wholesale markets."
2026-04-21,3.216,3.787,3.862,,,0.688857,1.259857,1.334857,march_june_historical_frame,EIA daily spot and weekly retail observations transported by FRED; blank fields reflect frequency or reporting lags,https://www.eia.gov/dnav/pet/pet_pri_spt_s1_d.htm | https://www.eia.gov/dnav/pet/pet_pri_gnd_dcus_nus_w.htm,"Gross crack proxies subtract Brent/42 from a US Gulf Coast product spot price. They exclude refinery yields, fuel use, losses, transport, compliance, financing, taxes and regional basis, so they are descriptive product-strength indicators, not realized refinery margins. Retail prices include taxes and lag wholesale markets."
2026-04-22,3.327,3.937,3.96,,,0.626048,1.236048,1.259048,march_june_historical_frame,EIA daily spot and weekly retail observations transported by FRED; blank fields reflect frequency or reporting lags,https://www.eia.gov/dnav/pet/pet_pri_spt_s1_d.htm | https://www.eia.gov/dnav/pet/pet_pri_gnd_dcus_nus_w.htm,"Gross crack proxies subtract Brent/42 from a US Gulf Coast product spot price. They exclude refinery yields, fuel use, losses, transport, compliance, financing, taxes and regional basis, so they are descriptive product-strength indicators, not realized refinery margins. Retail prices include taxes and lag wholesale markets."
2026-04-23,3.456,4.03,4.075,,,0.759571,1.333571,1.378571,march_june_historical_frame,EIA daily spot and weekly retail observations transported by FRED; blank fields reflect frequency or reporting lags,https://www.eia.gov/dnav/pet/pet_pri_spt_s1_d.htm | https://www.eia.gov/dnav/pet/pet_pri_gnd_dcus_nus_w.htm,"Gross crack proxies subtract Brent/42 from a US Gulf Coast product spot price. They exclude refinery yields, fuel use, losses, transport, compliance, financing, taxes and regional basis, so they are descriptive product-strength indicators, not realized refinery margins. Retail prices include taxes and lag wholesale markets."
2026-04-24,3.467,3.979,4.024,,,0.803667,1.315667,1.360667,march_june_historical_frame,EIA daily spot and weekly retail observations transported by FRED; blank fields reflect frequency or reporting lags,https://www.eia.gov/dnav/pet/pet_pri_spt_s1_d.htm | https://www.eia.gov/dnav/pet/pet_pri_gnd_dcus_nus_w.htm,"Gross crack proxies subtract Brent/42 from a US Gulf Coast product spot price. They exclude refinery yields, fuel use, losses, transport, compliance, financing, taxes and regional basis, so they are descriptive product-strength indicators, not realized refinery margins. Retail prices include taxes and lag wholesale markets."
2026-04-27,3.496,3.944,4.027,4.123,5.351,0.784333,1.232333,1.315333,march_june_historical_frame,EIA daily spot and weekly retail observations transported by FRED; blank fields reflect frequency or reporting lags,https://www.eia.gov/dnav/pet/pet_pri_spt_s1_d.htm | https://www.eia.gov/dnav/pet/pet_pri_gnd_dcus_nus_w.htm,"Gross crack proxies subtract Brent/42 from a US Gulf Coast product spot price. They exclude refinery yields, fuel use, losses, transport, compliance, financing, taxes and regional basis, so they are descriptive product-strength indicators, not realized refinery margins. Retail prices include taxes and lag wholesale markets."
2026-04-28,3.561,3.965,4.047,,,0.760524,1.164524,1.246524,march_june_historical_frame,EIA daily spot and weekly retail observations transported by FRED; blank fields reflect frequency or reporting lags,https://www.eia.gov/dnav/pet/pet_pri_spt_s1_d.htm | https://www.eia.gov/dnav/pet/pet_pri_gnd_dcus_nus_w.htm,"Gross crack proxies subtract Brent/42 from a US Gulf Coast product spot price. They exclude refinery yields, fuel use, losses, transport, compliance, financing, taxes and regional basis, so they are descriptive product-strength indicators, not realized refinery margins. Retail prices include taxes and lag wholesale markets."
2026-04-29,3.77,4.206,4.344,,,0.81381,1.24981,1.38781,march_june_historical_frame,EIA daily spot and weekly retail observations transported by FRED; blank fields reflect frequency or reporting lags,https://www.eia.gov/dnav/pet/pet_pri_spt_s1_d.htm | https://www.eia.gov/dnav/pet/pet_pri_gnd_dcus_nus_w.htm,"Gross crack proxies subtract Brent/42 from a US Gulf Coast product spot price. They exclude refinery yields, fuel use, losses, transport, compliance, financing, taxes and regional basis, so they are descriptive product-strength indicators, not realized refinery margins. Retail prices include taxes and lag wholesale markets."
2026-04-30,3.823,4.134,4.287,,,0.864905,1.175905,1.328905,march_june_historical_frame,EIA daily spot and weekly retail observations transported by FRED; blank fields reflect frequency or reporting lags,https://www.eia.gov/dnav/pet/pet_pri_spt_s1_d.htm | https://www.eia.gov/dnav/pet/pet_pri_gnd_dcus_nus_w.htm,"Gross crack proxies subtract Brent/42 from a US Gulf Coast product spot price. They exclude refinery yields, fuel use, losses, transport, compliance, financing, taxes and regional basis, so they are descriptive product-strength indicators, not realized refinery margins. Retail prices include taxes and lag wholesale markets."
2026-05-01,3.598,3.944,4.094,,,0.782286,1.128286,1.278286,march_june_historical_frame,EIA daily spot and weekly retail observations transported by FRED; blank fields reflect frequency or reporting lags,https://www.eia.gov/dnav/pet/pet_pri_spt_s1_d.htm | https://www.eia.gov/dnav/pet/pet_pri_gnd_dcus_nus_w.htm,"Gross crack proxies subtract Brent/42 from a US Gulf Coast product spot price. They exclude refinery yields, fuel use, losses, transport, compliance, financing, taxes and regional basis, so they are descriptive product-strength indicators, not realized refinery margins. Retail prices include taxes and lag wholesale markets."
2026-05-04,3.703,4.021,4.163,4.452,5.64,,,,march_june_historical_frame,EIA daily spot and weekly retail observations transported by FRED; blank fields reflect frequency or reporting lags,https://www.eia.gov/dnav/pet/pet_pri_spt_s1_d.htm | https://www.eia.gov/dnav/pet/pet_pri_gnd_dcus_nus_w.htm,"Gross crack proxies subtract Brent/42 from a US Gulf Coast product spot price. They exclude refinery yields, fuel use, losses, transport, compliance, financing, taxes and regional basis, so they are descriptive product-strength indicators, not realized refinery margins. Retail prices include taxes and lag wholesale markets."
2026-05-05,3.567,4.039,4.182,,,0.840571,1.312571,1.455571,march_june_historical_frame,EIA daily spot and weekly retail observations transported by FRED; blank fields reflect frequency or reporting lags,https://www.eia.gov/dnav/pet/pet_pri_spt_s1_d.htm | https://www.eia.gov/dnav/pet/pet_pri_gnd_dcus_nus_w.htm,"Gross crack proxies subtract Brent/42 from a US Gulf Coast product spot price. They exclude refinery yields, fuel use, losses, transport, compliance, financing, taxes and regional basis, so they are descriptive product-strength indicators, not realized refinery margins. Retail prices include taxes and lag wholesale markets."
2026-05-06,3.451,3.75,3.913,,,0.981952,1.280952,1.443952,march_june_historical_frame,EIA daily spot and weekly retail observations transported by FRED; blank fields reflect frequency or reporting lags,https://www.eia.gov/dnav/pet/pet_pri_spt_s1_d.htm | https://www.eia.gov/dnav/pet/pet_pri_gnd_dcus_nus_w.htm,"Gross crack proxies subtract Brent/42 from a US Gulf Coast product spot price. They exclude refinery yields, fuel use, losses, transport, compliance, financing, taxes and regional basis, so they are descriptive product-strength indicators, not realized refinery margins. Retail prices include taxes and lag wholesale markets."
2026-05-07,3.476,3.833,3.996,,,1.051714,1.408714,1.571714,march_june_historical_frame,EIA daily spot and weekly retail observations transported by FRED; blank fields reflect frequency or reporting lags,https://www.eia.gov/dnav/pet/pet_pri_spt_s1_d.htm | https://www.eia.gov/dnav/pet/pet_pri_gnd_dcus_nus_w.htm,"Gross crack proxies subtract Brent/42 from a US Gulf Coast product spot price. They exclude refinery yields, fuel use, losses, transport, compliance, financing, taxes and regional basis, so they are descriptive product-strength indicators, not realized refinery margins. Retail prices include taxes and lag wholesale markets."
2026-05-08,3.513,3.875,3.992,,,1.04919,1.41119,1.52819,march_june_historical_frame,EIA daily spot and weekly retail observations transported by FRED; blank fields reflect frequency or reporting lags,https://www.eia.gov/dnav/pet/pet_pri_spt_s1_d.htm | https://www.eia.gov/dnav/pet/pet_pri_gnd_dcus_nus_w.htm,"Gross crack proxies subtract Brent/42 from a US Gulf Coast product spot price. They exclude refinery yields, fuel use, losses, transport, compliance, financing, taxes and regional basis, so they are descriptive product-strength indicators, not realized refinery margins. Retail prices include taxes and lag wholesale markets."
2026-05-11,3.605,3.961,4.111,4.5,5.639,1.078571,1.434571,1.584571,march_june_historical_frame,EIA daily spot and weekly retail observations transported by FRED; blank fields reflect frequency or reporting lags,https://www.eia.gov/dnav/pet/pet_pri_spt_s1_d.htm | https://www.eia.gov/dnav/pet/pet_pri_gnd_dcus_nus_w.htm,"Gross crack proxies subtract Brent/42 from a US Gulf Coast product spot price. They exclude refinery yields, fuel use, losses, transport, compliance, financing, taxes and regional basis, so they are descriptive product-strength indicators, not realized refinery margins. Retail prices include taxes and lag wholesale markets."
2026-05-12,3.707,4.115,4.265,,,1.055333,1.463333,1.613333,march_june_historical_frame,EIA daily spot and weekly retail observations transported by FRED; blank fields reflect frequency or reporting lags,https://www.eia.gov/dnav/pet/pet_pri_spt_s1_d.htm | https://www.eia.gov/dnav/pet/pet_pri_gnd_dcus_nus_w.htm,"Gross crack proxies subtract Brent/42 from a US Gulf Coast product spot price. They exclude refinery yields, fuel use, losses, transport, compliance, financing, taxes and regional basis, so they are descriptive product-strength indicators, not realized refinery margins. Retail prices include taxes and lag wholesale markets."
2026-05-13,3.59,3.895,4.117,,,0.964286,1.269286,1.491286,march_june_historical_frame,EIA daily spot and weekly retail observations transported by FRED; blank fields reflect frequency or reporting lags,https://www.eia.gov/dnav/pet/pet_pri_spt_s1_d.htm | https://www.eia.gov/dnav/pet/pet_pri_gnd_dcus_nus_w.htm,"Gross crack proxies subtract Brent/42 from a US Gulf Coast product spot price. They exclude refinery yields, fuel use, losses, transport, compliance, financing, taxes and regional basis, so they are descriptive product-strength indicators, not realized refinery margins. Retail prices include taxes and lag wholesale markets."
2026-05-14,3.593,3.855,4.075,,,0.952286,1.214286,1.434286,march_june_historical_frame,EIA daily spot and weekly retail observations transported by FRED; blank fields reflect frequency or reporting lags,https://www.eia.gov/dnav/pet/pet_pri_spt_s1_d.htm | https://www.eia.gov/dnav/pet/pet_pri_gnd_dcus_nus_w.htm,"Gross crack proxies subtract Brent/42 from a US Gulf Coast product spot price. They exclude refinery yields, fuel use, losses, transport, compliance, financing, taxes and regional basis, so they are descriptive product-strength indicators, not realized refinery margins. Retail prices include taxes and lag wholesale markets."
2026-05-15,3.689,3.973,4.193,,,0.975667,1.259667,1.479667,march_june_historical_frame,EIA daily spot and weekly retail observations transported by FRED; blank fields reflect frequency or reporting lags,https://www.eia.gov/dnav/pet/pet_pri_spt_s1_d.htm | https://www.eia.gov/dnav/pet/pet_pri_gnd_dcus_nus_w.htm,"Gross crack proxies subtract Brent/42 from a US Gulf Coast product spot price. They exclude refinery yields, fuel use, losses, transport, compliance, financing, taxes and regional basis, so they are descriptive product-strength indicators, not realized refinery margins. Retail prices include taxes and lag wholesale markets."
2026-05-18,3.632,3.916,4.191,4.49,5.596,0.852714,1.136714,1.411714,march_june_historical_frame,EIA daily spot and weekly retail observations transported by FRED; blank fields reflect frequency or reporting lags,https://www.eia.gov/dnav/pet/pet_pri_spt_s1_d.htm | https://www.eia.gov/dnav/pet/pet_pri_gnd_dcus_nus_w.htm,"Gross crack proxies subtract Brent/42 from a US Gulf Coast product spot price. They exclude refinery yields, fuel use, losses, transport, compliance, financing, taxes and regional basis, so they are descriptive product-strength indicators, not realized refinery margins. Retail prices include taxes and lag wholesale markets."
2026-05-19,3.651,4.068,4.328,,,0.921476,1.338476,1.598476,march_june_historical_frame,EIA daily spot and weekly retail observations transported by FRED; blank fields reflect frequency or reporting lags,https://www.eia.gov/dnav/pet/pet_pri_spt_s1_d.htm | https://www.eia.gov/dnav/pet/pet_pri_gnd_dcus_nus_w.htm,"Gross crack proxies subtract Brent/42 from a US Gulf Coast product spot price. They exclude refinery yields, fuel use, losses, transport, compliance, financing, taxes and regional basis, so they are descriptive product-strength indicators, not realized refinery margins. Retail prices include taxes and lag wholesale markets."
2026-05-20,3.521,3.926,4.059,,,0.927429,1.332429,1.465429,march_june_historical_frame,EIA daily spot and weekly retail observations transported by FRED; blank fields reflect frequency or reporting lags,https://www.eia.gov/dnav/pet/pet_pri_spt_s1_d.htm | https://www.eia.gov/dnav/pet/pet_pri_gnd_dcus_nus_w.htm,"Gross crack proxies subtract Brent/42 from a US Gulf Coast product spot price. They exclude refinery yields, fuel use, losses, transport, compliance, financing, taxes and regional basis, so they are descriptive product-strength indicators, not realized refinery margins. Retail prices include taxes and lag wholesale markets."
2026-05-21,3.476,3.869,3.999,,,0.956,1.349,1.479,march_june_historical_frame,EIA daily spot and weekly retail observations transported by FRED; blank fields reflect frequency or reporting lags,https://www.eia.gov/dnav/pet/pet_pri_spt_s1_d.htm | https://www.eia.gov/dnav/pet/pet_pri_gnd_dcus_nus_w.htm,"Gross crack proxies subtract Brent/42 from a US Gulf Coast product spot price. They exclude refinery yields, fuel use, losses, transport, compliance, financing, taxes and regional basis, so they are descriptive product-strength indicators, not realized refinery margins. Retail prices include taxes and lag wholesale markets."
2026-05-22,3.465,3.857,3.987,,,0.919762,1.311762,1.441762,march_june_historical_frame,EIA daily spot and weekly retail observations transported by FRED; blank fields reflect frequency or reporting lags,https://www.eia.gov/dnav/pet/pet_pri_spt_s1_d.htm | https://www.eia.gov/dnav/pet/pet_pri_gnd_dcus_nus_w.htm,"Gross crack proxies subtract Brent/42 from a US Gulf Coast product spot price. They exclude refinery yields, fuel use, losses, transport, compliance, financing, taxes and regional basis, so they are descriptive product-strength indicators, not realized refinery margins. Retail prices include taxes and lag wholesale markets."
2026-05-25,,,,4.475,5.523,,,,march_june_historical_frame,EIA daily spot and weekly retail observations transported by FRED; blank fields reflect frequency or reporting lags,https://www.eia.gov/dnav/pet/pet_pri_spt_s1_d.htm | https://www.eia.gov/dnav/pet/pet_pri_gnd_dcus_nus_w.htm,"Gross crack proxies subtract Brent/42 from a US Gulf Coast product spot price. They exclude refinery yields, fuel use, losses, transport, compliance, financing, taxes and regional basis, so they are descriptive product-strength indicators, not realized refinery margins. Retail prices include taxes and lag wholesale markets."
2026-05-26,3.237,3.694,3.392,,,0.790571,1.247571,0.945571,march_june_historical_frame,EIA daily spot and weekly retail observations transported by FRED; blank fields reflect frequency or reporting lags,https://www.eia.gov/dnav/pet/pet_pri_spt_s1_d.htm | https://www.eia.gov/dnav/pet/pet_pri_gnd_dcus_nus_w.htm,"Gross crack proxies subtract Brent/42 from a US Gulf Coast product spot price. They exclude refinery yields, fuel use, losses, transport, compliance, financing, taxes and regional basis, so they are descriptive product-strength indicators, not realized refinery margins. Retail prices include taxes and lag wholesale markets."
2026-05-27,3.175,3.588,3.253,,,0.862857,1.275857,0.940857,march_june_historical_frame,EIA daily spot and weekly retail observations transported by FRED; blank fields reflect frequency or reporting lags,https://www.eia.gov/dnav/pet/pet_pri_spt_s1_d.htm | https://www.eia.gov/dnav/pet/pet_pri_gnd_dcus_nus_w.htm,"Gross crack proxies subtract Brent/42 from a US Gulf Coast product spot price. They exclude refinery yields, fuel use, losses, transport, compliance, financing, taxes and regional basis, so they are descriptive product-strength indicators, not realized refinery margins. Retail prices include taxes and lag wholesale markets."
2026-05-28,3.148,3.575,3.304,,,0.874905,1.301905,1.030905,march_june_historical_frame,EIA daily spot and weekly retail observations transported by FRED; blank fields reflect frequency or reporting lags,https://www.eia.gov/dnav/pet/pet_pri_spt_s1_d.htm | https://www.eia.gov/dnav/pet/pet_pri_gnd_dcus_nus_w.htm,"Gross crack proxies subtract Brent/42 from a US Gulf Coast product spot price. They exclude refinery yields, fuel use, losses, transport, compliance, financing, taxes and regional basis, so they are descriptive product-strength indicators, not realized refinery margins. Retail prices include taxes and lag wholesale markets."
2026-05-29,3.031,3.488,3.237,,,0.819571,1.276571,1.025571,march_june_historical_frame,EIA daily spot and weekly retail observations transported by FRED; blank fields reflect frequency or reporting lags,https://www.eia.gov/dnav/pet/pet_pri_spt_s1_d.htm | https://www.eia.gov/dnav/pet/pet_pri_gnd_dcus_nus_w.htm,"Gross crack proxies subtract Brent/42 from a US Gulf Coast product spot price. They exclude refinery yields, fuel use, losses, transport, compliance, financing, taxes and regional basis, so they are descriptive product-strength indicators, not realized refinery margins. Retail prices include taxes and lag wholesale markets."
2026-06-01,3.042,3.634,3.359,4.305,5.35,0.701762,1.293762,1.018762,march_june_historical_frame,EIA daily spot and weekly retail observations transported by FRED; blank fields reflect frequency or reporting lags,https://www.eia.gov/dnav/pet/pet_pri_spt_s1_d.htm | https://www.eia.gov/dnav/pet/pet_pri_gnd_dcus_nus_w.htm,"Gross crack proxies subtract Brent/42 from a US Gulf Coast product spot price. They exclude refinery yields, fuel use, losses, transport, compliance, financing, taxes and regional basis, so they are descriptive product-strength indicators, not realized refinery margins. Retail prices include taxes and lag wholesale markets."
2026-06-02,3.143,3.63,3.369,,,0.798,1.285,1.024,march_june_historical_frame,EIA daily spot and weekly retail observations transported by FRED; blank fields reflect frequency or reporting lags,https://www.eia.gov/dnav/pet/pet_pri_spt_s1_d.htm | https://www.eia.gov/dnav/pet/pet_pri_gnd_dcus_nus_w.htm,"Gross crack proxies subtract Brent/42 from a US Gulf Coast product spot price. They exclude refinery yields, fuel use, losses, transport, compliance, financing, taxes and regional basis, so they are descriptive product-strength indicators, not realized refinery margins. Retail prices include taxes and lag wholesale markets."
2026-06-03,3.111,3.804,3.538,,,0.68981,1.38281,1.11681,march_june_historical_frame,EIA daily spot and weekly retail observations transported by FRED; blank fields reflect frequency or reporting lags,https://www.eia.gov/dnav/pet/pet_pri_spt_s1_d.htm | https://www.eia.gov/dnav/pet/pet_pri_gnd_dcus_nus_w.htm,"Gross crack proxies subtract Brent/42 from a US Gulf Coast product spot price. They exclude refinery yields, fuel use, losses, transport, compliance, financing, taxes and regional basis, so they are descriptive product-strength indicators, not realized refinery margins. Retail prices include taxes and lag wholesale markets."
2026-06-04,3.027,3.634,3.341,,,0.670333,1.277333,0.984333,march_june_historical_frame,EIA daily spot and weekly retail observations transported by FRED; blank fields reflect frequency or reporting lags,https://www.eia.gov/dnav/pet/pet_pri_spt_s1_d.htm | https://www.eia.gov/dnav/pet/pet_pri_gnd_dcus_nus_w.htm,"Gross crack proxies subtract Brent/42 from a US Gulf Coast product spot price. They exclude refinery yields, fuel use, losses, transport, compliance, financing, taxes and regional basis, so they are descriptive product-strength indicators, not realized refinery margins. Retail prices include taxes and lag wholesale markets."
2026-06-05,3.012,3.542,3.25,,,0.695571,1.225571,0.933571,march_june_historical_frame,EIA daily spot and weekly retail observations transported by FRED; blank fields reflect frequency or reporting lags,https://www.eia.gov/dnav/pet/pet_pri_spt_s1_d.htm | https://www.eia.gov/dnav/pet/pet_pri_gnd_dcus_nus_w.htm,"Gross crack proxies subtract Brent/42 from a US Gulf Coast product spot price. They exclude refinery yields, fuel use, losses, transport, compliance, financing, taxes and regional basis, so they are descriptive product-strength indicators, not realized refinery margins. Retail prices include taxes and lag wholesale markets."
2026-06-08,3.049,3.527,3.29,4.146,5.21,0.728524,1.206524,0.969524,march_june_historical_frame,EIA daily spot and weekly retail observations transported by FRED; blank fields reflect frequency or reporting lags,https://www.eia.gov/dnav/pet/pet_pri_spt_s1_d.htm | https://www.eia.gov/dnav/pet/pet_pri_gnd_dcus_nus_w.htm,"Gross crack proxies subtract Brent/42 from a US Gulf Coast product spot price. They exclude refinery yields, fuel use, losses, transport, compliance, financing, taxes and regional basis, so they are descriptive product-strength indicators, not realized refinery margins. Retail prices include taxes and lag wholesale markets."
2026-06-09,3.003,3.468,3.212,,,0.761333,1.226333,0.970333,march_june_historical_frame,EIA daily spot and weekly retail observations transported by FRED; blank fields reflect frequency or reporting lags,https://www.eia.gov/dnav/pet/pet_pri_spt_s1_d.htm | https://www.eia.gov/dnav/pet/pet_pri_gnd_dcus_nus_w.htm,"Gross crack proxies subtract Brent/42 from a US Gulf Coast product spot price. They exclude refinery yields, fuel use, losses, transport, compliance, financing, taxes and regional basis, so they are descriptive product-strength indicators, not realized refinery margins. Retail prices include taxes and lag wholesale markets."
2026-06-10,3.117,3.564,3.28,,,0.837714,1.284714,1.000714,march_june_historical_frame,EIA daily spot and weekly retail observations transported by FRED; blank fields reflect frequency or reporting lags,https://www.eia.gov/dnav/pet/pet_pri_spt_s1_d.htm | https://www.eia.gov/dnav/pet/pet_pri_gnd_dcus_nus_w.htm,"Gross crack proxies subtract Brent/42 from a US Gulf Coast product spot price. They exclude refinery yields, fuel use, losses, transport, compliance, financing, taxes and regional basis, so they are descriptive product-strength indicators, not realized refinery margins. Retail prices include taxes and lag wholesale markets."
2026-06-11,3.045,3.39,3.171,,,0.834524,1.179524,0.960524,march_june_historical_frame,EIA daily spot and weekly retail observations transported by FRED; blank fields reflect frequency or reporting lags,https://www.eia.gov/dnav/pet/pet_pri_spt_s1_d.htm | https://www.eia.gov/dnav/pet/pet_pri_gnd_dcus_nus_w.htm,"Gross crack proxies subtract Brent/42 from a US Gulf Coast product spot price. They exclude refinery yields, fuel use, losses, transport, compliance, financing, taxes and regional basis, so they are descriptive product-strength indicators, not realized refinery margins. Retail prices include taxes and lag wholesale markets."
2026-06-12,3.03,3.347,2.974,,,0.919524,1.236524,0.863524,march_june_historical_frame,EIA daily spot and weekly retail observations transported by FRED; blank fields reflect frequency or reporting lags,https://www.eia.gov/dnav/pet/pet_pri_spt_s1_d.htm | https://www.eia.gov/dnav/pet/pet_pri_gnd_dcus_nus_w.htm,"Gross crack proxies subtract Brent/42 from a US Gulf Coast product spot price. They exclude refinery yields, fuel use, losses, transport, compliance, financing, taxes and regional basis, so they are descriptive product-strength indicators, not realized refinery margins. Retail prices include taxes and lag wholesale markets."
2026-06-15,2.955,3.218,2.847,4.052,5.059,0.946429,1.209429,0.838429,march_june_historical_frame,EIA daily spot and weekly retail observations transported by FRED; blank fields reflect frequency or reporting lags,https://www.eia.gov/dnav/pet/pet_pri_spt_s1_d.htm | https://www.eia.gov/dnav/pet/pet_pri_gnd_dcus_nus_w.htm,"Gross crack proxies subtract Brent/42 from a US Gulf Coast product spot price. They exclude refinery yields, fuel use, losses, transport, compliance, financing, taxes and regional basis, so they are descriptive product-strength indicators, not realized refinery margins. Retail prices include taxes and lag wholesale markets."
2026-06-16,2.875,3.152,2.74,,,0.958333,1.235333,0.823333,march_june_historical_frame,EIA daily spot and weekly retail observations transported by FRED; blank fields reflect frequency or reporting lags,https://www.eia.gov/dnav/pet/pet_pri_spt_s1_d.htm | https://www.eia.gov/dnav/pet/pet_pri_gnd_dcus_nus_w.htm,"Gross crack proxies subtract Brent/42 from a US Gulf Coast product spot price. They exclude refinery yields, fuel use, losses, transport, compliance, financing, taxes and regional basis, so they are descriptive product-strength indicators, not realized refinery margins. Retail prices include taxes and lag wholesale markets."
2026-06-17,2.93,3.097,2.815,,,1.017381,1.184381,0.902381,march_june_historical_frame,EIA daily spot and weekly retail observations transported by FRED; blank fields reflect frequency or reporting lags,https://www.eia.gov/dnav/pet/pet_pri_spt_s1_d.htm | https://www.eia.gov/dnav/pet/pet_pri_gnd_dcus_nus_w.htm,"Gross crack proxies subtract Brent/42 from a US Gulf Coast product spot price. They exclude refinery yields, fuel use, losses, transport, compliance, financing, taxes and regional basis, so they are descriptive product-strength indicators, not realized refinery margins. Retail prices include taxes and lag wholesale markets."
2026-06-18,2.97,3.053,2.952,,,1.080714,1.163714,1.062714,march_june_historical_frame,EIA daily spot and weekly retail observations transported by FRED; blank fields reflect frequency or reporting lags,https://www.eia.gov/dnav/pet/pet_pri_spt_s1_d.htm | https://www.eia.gov/dnav/pet/pet_pri_gnd_dcus_nus_w.htm,"Gross crack proxies subtract Brent/42 from a US Gulf Coast product spot price. They exclude refinery yields, fuel use, losses, transport, compliance, financing, taxes and regional basis, so they are descriptive product-strength indicators, not realized refinery margins. Retail prices include taxes and lag wholesale markets."
2026-06-19,,,,,,,,,march_june_historical_frame,EIA daily spot and weekly retail observations transported by FRED; blank fields reflect frequency or reporting lags,https://www.eia.gov/dnav/pet/pet_pri_spt_s1_d.htm | https://www.eia.gov/dnav/pet/pet_pri_gnd_dcus_nus_w.htm,"Gross crack proxies subtract Brent/42 from a US Gulf Coast product spot price. They exclude refinery yields, fuel use, losses, transport, compliance, financing, taxes and regional basis, so they are descriptive product-strength indicators, not realized refinery margins. Retail prices include taxes and lag wholesale markets."
2026-06-22,2.991,3.074,2.698,3.914,4.832,1.16981,1.25281,0.87681,march_june_historical_frame,EIA daily spot and weekly retail observations transported by FRED; blank fields reflect frequency or reporting lags,https://www.eia.gov/dnav/pet/pet_pri_spt_s1_d.htm | https://www.eia.gov/dnav/pet/pet_pri_gnd_dcus_nus_w.htm,"Gross crack proxies subtract Brent/42 from a US Gulf Coast product spot price. They exclude refinery yields, fuel use, losses, transport, compliance, financing, taxes and regional basis, so they are descriptive product-strength indicators, not realized refinery margins. Retail prices include taxes and lag wholesale markets."
2026-06-23,2.95,3.158,2.765,,,1.147857,1.355857,0.962857,march_june_historical_frame,EIA daily spot and weekly retail observations transported by FRED; blank fields reflect frequency or reporting lags,https://www.eia.gov/dnav/pet/pet_pri_spt_s1_d.htm | https://www.eia.gov/dnav/pet/pet_pri_gnd_dcus_nus_w.htm,"Gross crack proxies subtract Brent/42 from a US Gulf Coast product spot price. They exclude refinery yields, fuel use, losses, transport, compliance, financing, taxes and regional basis, so they are descriptive product-strength indicators, not realized refinery margins. Retail prices include taxes and lag wholesale markets."
2026-06-24,2.858,3.143,2.794,,,1.141571,1.426571,1.077571,march_june_historical_frame,EIA daily spot and weekly retail observations transported by FRED; blank fields reflect frequency or reporting lags,https://www.eia.gov/dnav/pet/pet_pri_spt_s1_d.htm | https://www.eia.gov/dnav/pet/pet_pri_gnd_dcus_nus_w.htm,"Gross crack proxies subtract Brent/42 from a US Gulf Coast product spot price. They exclude refinery yields, fuel use, losses, transport, compliance, financing, taxes and regional basis, so they are descriptive product-strength indicators, not realized refinery margins. Retail prices include taxes and lag wholesale markets."
2026-06-25,3.027,3.279,2.898,,,1.271286,1.523286,1.142286,march_june_historical_frame,EIA daily spot and weekly retail observations transported by FRED; blank fields reflect frequency or reporting lags,https://www.eia.gov/dnav/pet/pet_pri_spt_s1_d.htm | https://www.eia.gov/dnav/pet/pet_pri_gnd_dcus_nus_w.htm,"Gross crack proxies subtract Brent/42 from a US Gulf Coast product spot price. They exclude refinery yields, fuel use, losses, transport, compliance, financing, taxes and regional basis, so they are descriptive product-strength indicators, not realized refinery margins. Retail prices include taxes and lag wholesale markets."
2026-06-26,3.006,3.199,2.786,,,1.335524,1.528524,1.115524,march_june_historical_frame,EIA daily spot and weekly retail observations transported by FRED; blank fields reflect frequency or reporting lags,https://www.eia.gov/dnav/pet/pet_pri_spt_s1_d.htm | https://www.eia.gov/dnav/pet/pet_pri_gnd_dcus_nus_w.htm,"Gross crack proxies subtract Brent/42 from a US Gulf Coast product spot price. They exclude refinery yields, fuel use, losses, transport, compliance, financing, taxes and regional basis, so they are descriptive product-strength indicators, not realized refinery margins. Retail prices include taxes and lag wholesale markets."
2026-06-29,3.092,3.296,2.928,3.831,4.668,1.387476,1.591476,1.223476,march_june_historical_frame,EIA daily spot and weekly retail observations transported by FRED; blank fields reflect frequency or reporting lags,https://www.eia.gov/dnav/pet/pet_pri_spt_s1_d.htm | https://www.eia.gov/dnav/pet/pet_pri_gnd_dcus_nus_w.htm,"Gross crack proxies subtract Brent/42 from a US Gulf Coast product spot price. They exclude refinery yields, fuel use, losses, transport, compliance, financing, taxes and regional basis, so they are descriptive product-strength indicators, not realized refinery margins. Retail prices include taxes and lag wholesale markets."
2026-06-30,3.017,3.293,2.867,,,1.339381,1.615381,1.189381,march_june_historical_frame,EIA daily spot and weekly retail observations transported by FRED; blank fields reflect frequency or reporting lags,https://www.eia.gov/dnav/pet/pet_pri_spt_s1_d.htm | https://www.eia.gov/dnav/pet/pet_pri_gnd_dcus_nus_w.htm,"Gross crack proxies subtract Brent/42 from a US Gulf Coast product spot price. They exclude refinery yields, fuel use, losses, transport, compliance, financing, taxes and regional basis, so they are descriptive product-strength indicators, not realized refinery margins. Retail prices include taxes and lag wholesale markets."
2026-07-01,3.035,3.23,2.755,,,1.386429,1.581429,1.106429,july_reclosure_context,EIA daily spot and weekly retail observations transported by FRED; blank fields reflect frequency or reporting lags,https://www.eia.gov/dnav/pet/pet_pri_spt_s1_d.htm | https://www.eia.gov/dnav/pet/pet_pri_gnd_dcus_nus_w.htm,"Gross crack proxies subtract Brent/42 from a US Gulf Coast product spot price. They exclude refinery yields, fuel use, losses, transport, compliance, financing, taxes and regional basis, so they are descriptive product-strength indicators, not realized refinery margins. Retail prices include taxes and lag wholesale markets."
2026-07-02,3.007,3.204,2.713,,,1.375333,1.572333,1.081333,july_reclosure_context,EIA daily spot and weekly retail observations transported by FRED; blank fields reflect frequency or reporting lags,https://www.eia.gov/dnav/pet/pet_pri_spt_s1_d.htm | https://www.eia.gov/dnav/pet/pet_pri_gnd_dcus_nus_w.htm,"Gross crack proxies subtract Brent/42 from a US Gulf Coast product spot price. They exclude refinery yields, fuel use, losses, transport, compliance, financing, taxes and regional basis, so they are descriptive product-strength indicators, not realized refinery margins. Retail prices include taxes and lag wholesale markets."
2026-07-03,,,,,,,,,july_reclosure_context,EIA daily spot and weekly retail observations transported by FRED; blank fields reflect frequency or reporting lags,https://www.eia.gov/dnav/pet/pet_pri_spt_s1_d.htm | https://www.eia.gov/dnav/pet/pet_pri_gnd_dcus_nus_w.htm,"Gross crack proxies subtract Brent/42 from a US Gulf Coast product spot price. They exclude refinery yields, fuel use, losses, transport, compliance, financing, taxes and regional basis, so they are descriptive product-strength indicators, not realized refinery margins. Retail prices include taxes and lag wholesale markets."
2026-07-06,3.048,3.253,2.828,3.777,4.578,1.39181,1.59681,1.17181,july_reclosure_context,EIA daily spot and weekly retail observations transported by FRED; blank fields reflect frequency or reporting lags,https://www.eia.gov/dnav/pet/pet_pri_spt_s1_d.htm | https://www.eia.gov/dnav/pet/pet_pri_gnd_dcus_nus_w.htm,"Gross crack proxies subtract Brent/42 from a US Gulf Coast product spot price. They exclude refinery yields, fuel use, losses, transport, compliance, financing, taxes and regional basis, so they are descriptive product-strength indicators, not realized refinery margins. Retail prices include taxes and lag wholesale markets."
2026-07-07,3.007,3.305,2.885,,,1.297952,1.595952,1.175952,july_reclosure_context,EIA daily spot and weekly retail observations transported by FRED; blank fields reflect frequency or reporting lags,https://www.eia.gov/dnav/pet/pet_pri_spt_s1_d.htm | https://www.eia.gov/dnav/pet/pet_pri_gnd_dcus_nus_w.htm,"Gross crack proxies subtract Brent/42 from a US Gulf Coast product spot price. They exclude refinery yields, fuel use, losses, transport, compliance, financing, taxes and regional basis, so they are descriptive product-strength indicators, not realized refinery margins. Retail prices include taxes and lag wholesale markets."
2026-07-08,3.145,3.653,3.187,,,1.323571,1.831571,1.365571,july_reclosure_context,EIA daily spot and weekly retail observations transported by FRED; blank fields reflect frequency or reporting lags,https://www.eia.gov/dnav/pet/pet_pri_spt_s1_d.htm | https://www.eia.gov/dnav/pet/pet_pri_gnd_dcus_nus_w.htm,"Gross crack proxies subtract Brent/42 from a US Gulf Coast product spot price. They exclude refinery yields, fuel use, losses, transport, compliance, financing, taxes and regional basis, so they are descriptive product-strength indicators, not realized refinery margins. Retail prices include taxes and lag wholesale markets."
2026-07-09,3.018,3.5,2.986,,,1.245143,1.727143,1.213143,july_reclosure_context,EIA daily spot and weekly retail observations transported by FRED; blank fields reflect frequency or reporting lags,https://www.eia.gov/dnav/pet/pet_pri_spt_s1_d.htm | https://www.eia.gov/dnav/pet/pet_pri_gnd_dcus_nus_w.htm,"Gross crack proxies subtract Brent/42 from a US Gulf Coast product spot price. They exclude refinery yields, fuel use, losses, transport, compliance, financing, taxes and regional basis, so they are descriptive product-strength indicators, not realized refinery margins. Retail prices include taxes and lag wholesale markets."
2026-07-10,2.971,3.483,2.969,,,1.201,1.713,1.199,july_reclosure_context,EIA daily spot and weekly retail observations transported by FRED; blank fields reflect frequency or reporting lags,https://www.eia.gov/dnav/pet/pet_pri_spt_s1_d.htm | https://www.eia.gov/dnav/pet/pet_pri_gnd_dcus_nus_w.htm,"Gross crack proxies subtract Brent/42 from a US Gulf Coast product spot price. They exclude refinery yields, fuel use, losses, transport, compliance, financing, taxes and regional basis, so they are descriptive product-strength indicators, not realized refinery margins. Retail prices include taxes and lag wholesale markets."
2026-07-13,3.151,3.778,3.351,3.855,4.796,1.207667,1.834667,1.407667,july_reclosure_context,EIA daily spot and weekly retail observations transported by FRED; blank fields reflect frequency or reporting lags,https://www.eia.gov/dnav/pet/pet_pri_spt_s1_d.htm | https://www.eia.gov/dnav/pet/pet_pri_gnd_dcus_nus_w.htm,"Gross crack proxies subtract Brent/42 from a US Gulf Coast product spot price. They exclude refinery yields, fuel use, losses, transport, compliance, financing, taxes and regional basis, so they are descriptive product-strength indicators, not realized refinery margins. Retail prices include taxes and lag wholesale markets."
2026-07-14,3.242,3.955,3.552,,,1.249381,1.962381,1.559381,july_reclosure_context,EIA daily spot and weekly retail observations transported by FRED; blank fields reflect frequency or reporting lags,https://www.eia.gov/dnav/pet/pet_pri_spt_s1_d.htm | https://www.eia.gov/dnav/pet/pet_pri_gnd_dcus_nus_w.htm,"Gross crack proxies subtract Brent/42 from a US Gulf Coast product spot price. They exclude refinery yields, fuel use, losses, transport, compliance, financing, taxes and regional basis, so they are descriptive product-strength indicators, not realized refinery margins. Retail prices include taxes and lag wholesale markets."
2026-07-15,3.314,3.914,3.516,,,1.335905,1.935905,1.537905,july_reclosure_context,EIA daily spot and weekly retail observations transported by FRED; blank fields reflect frequency or reporting lags,https://www.eia.gov/dnav/pet/pet_pri_spt_s1_d.htm | https://www.eia.gov/dnav/pet/pet_pri_gnd_dcus_nus_w.htm,"Gross crack proxies subtract Brent/42 from a US Gulf Coast product spot price. They exclude refinery yields, fuel use, losses, transport, compliance, financing, taxes and regional basis, so they are descriptive product-strength indicators, not realized refinery margins. Retail prices include taxes and lag wholesale markets."
2026-07-16,3.263,3.988,3.563,,,1.328952,2.053952,1.628952,july_reclosure_context,EIA daily spot and weekly retail observations transported by FRED; blank fields reflect frequency or reporting lags,https://www.eia.gov/dnav/pet/pet_pri_spt_s1_d.htm | https://www.eia.gov/dnav/pet/pet_pri_gnd_dcus_nus_w.htm,"Gross crack proxies subtract Brent/42 from a US Gulf Coast product spot price. They exclude refinery yields, fuel use, losses, transport, compliance, financing, taxes and regional basis, so they are descriptive product-strength indicators, not realized refinery margins. Retail prices include taxes and lag wholesale markets."
2026-07-17,3.359,4.019,3.501,,,1.334952,1.994952,1.476952,july_reclosure_context,EIA daily spot and weekly retail observations transported by FRED; blank fields reflect frequency or reporting lags,https://www.eia.gov/dnav/pet/pet_pri_spt_s1_d.htm | https://www.eia.gov/dnav/pet/pet_pri_gnd_dcus_nus_w.htm,"Gross crack proxies subtract Brent/42 from a US Gulf Coast product spot price. They exclude refinery yields, fuel use, losses, transport, compliance, financing, taxes and regional basis, so they are descriptive product-strength indicators, not realized refinery margins. Retail prices include taxes and lag wholesale markets."
2026-07-20,3.4,4.039,3.549,4.001,5.134,1.32881,1.96781,1.47781,july_reclosure_context,EIA daily spot and weekly retail observations transported by FRED; blank fields reflect frequency or reporting lags,https://www.eia.gov/dnav/pet/pet_pri_spt_s1_d.htm | https://www.eia.gov/dnav/pet/pet_pri_gnd_dcus_nus_w.htm,"Gross crack proxies subtract Brent/42 from a US Gulf Coast product spot price. They exclude refinery yields, fuel use, losses, transport, compliance, financing, taxes and regional basis, so they are descriptive product-strength indicators, not realized refinery margins. Retail prices include taxes and lag wholesale markets."
2026-07-21,3.518,4.151,3.589,,,1.283476,1.916476,1.354476,july_reclosure_context,EIA daily spot and weekly retail observations transported by FRED; blank fields reflect frequency or reporting lags,https://www.eia.gov/dnav/pet/pet_pri_spt_s1_d.htm | https://www.eia.gov/dnav/pet/pet_pri_gnd_dcus_nus_w.htm,"Gross crack proxies subtract Brent/42 from a US Gulf Coast product spot price. They exclude refinery yields, fuel use, losses, transport, compliance, financing, taxes and regional basis, so they are descriptive product-strength indicators, not realized refinery margins. Retail prices include taxes and lag wholesale markets."
2026-07-22,3.475,4.145,3.67,,,1.234048,1.904048,1.429048,july_reclosure_context,EIA daily spot and weekly retail observations transported by FRED; blank fields reflect frequency or reporting lags,https://www.eia.gov/dnav/pet/pet_pri_spt_s1_d.htm | https://www.eia.gov/dnav/pet/pet_pri_gnd_dcus_nus_w.htm,"Gross crack proxies subtract Brent/42 from a US Gulf Coast product spot price. They exclude refinery yields, fuel use, losses, transport, compliance, financing, taxes and regional basis, so they are descriptive product-strength indicators, not realized refinery margins. Retail prices include taxes and lag wholesale markets."
2026-07-23,3.548,4.37,3.864,,,1.040381,1.862381,1.356381,july_reclosure_context,EIA daily spot and weekly retail observations transported by FRED; blank fields reflect frequency or reporting lags,https://www.eia.gov/dnav/pet/pet_pri_spt_s1_d.htm | https://www.eia.gov/dnav/pet/pet_pri_gnd_dcus_nus_w.htm,"Gross crack proxies subtract Brent/42 from a US Gulf Coast product spot price. They exclude refinery yields, fuel use, losses, transport, compliance, financing, taxes and regional basis, so they are descriptive product-strength indicators, not realized refinery margins. Retail prices include taxes and lag wholesale markets."
2026-07-24,3.508,4.225,3.708,,,1.119667,1.836667,1.319667,july_reclosure_context,EIA daily spot and weekly retail observations transported by FRED; blank fields reflect frequency or reporting lags,https://www.eia.gov/dnav/pet/pet_pri_spt_s1_d.htm | https://www.eia.gov/dnav/pet/pet_pri_gnd_dcus_nus_w.htm,"Gross crack proxies subtract Brent/42 from a US Gulf Coast product spot price. They exclude refinery yields, fuel use, losses, transport, compliance, financing, taxes and regional basis, so they are descriptive product-strength indicators, not realized refinery margins. Retail prices include taxes and lag wholesale markets."
2026-07-27,3.434,4.105,3.582,4.096,5.313,1.24781,1.91881,1.39581,july_reclosure_context,EIA daily spot and weekly retail observations transported by FRED; blank fields reflect frequency or reporting lags,https://www.eia.gov/dnav/pet/pet_pri_spt_s1_d.htm | https://www.eia.gov/dnav/pet/pet_pri_gnd_dcus_nus_w.htm,"Gross crack proxies subtract Brent/42 from a US Gulf Coast product spot price. They exclude refinery yields, fuel use, losses, transport, compliance, financing, taxes and regional basis, so they are descriptive product-strength indicators, not realized refinery margins. Retail prices include taxes and lag wholesale markets."
2026-07-28,3.44,4.157,3.712,,,1.404048,2.121048,1.676048,july_reclosure_context,EIA daily spot and weekly retail observations transported by FRED; blank fields reflect frequency or reporting lags,https://www.eia.gov/dnav/pet/pet_pri_spt_s1_d.htm | https://www.eia.gov/dnav/pet/pet_pri_gnd_dcus_nus_w.htm,"Gross crack proxies subtract Brent/42 from a US Gulf Coast product spot price. They exclude refinery yields, fuel use, losses, transport, compliance, financing, taxes and regional basis, so they are descriptive product-strength indicators, not realized refinery margins. Retail prices include taxes and lag wholesale markets."
2026-07-29,3.514,4.39,3.825,,,1.324714,2.200714,1.635714,july_reclosure_context,EIA daily spot and weekly retail observations transported by FRED; blank fields reflect frequency or reporting lags,https://www.eia.gov/dnav/pet/pet_pri_spt_s1_d.htm | https://www.eia.gov/dnav/pet/pet_pri_gnd_dcus_nus_w.htm,"Gross crack proxies subtract Brent/42 from a US Gulf Coast product spot price. They exclude refinery yields, fuel use, losses, transport, compliance, financing, taxes and regional basis, so they are descriptive product-strength indicators, not realized refinery margins. Retail prices include taxes and lag wholesale markets."
2026-07-30,3.346,4.21,3.681,,,1.157667,2.021667,1.492667,july_reclosure_context,EIA daily spot and weekly retail observations transported by FRED; blank fields reflect frequency or reporting lags,https://www.eia.gov/dnav/pet/pet_pri_spt_s1_d.htm | https://www.eia.gov/dnav/pet/pet_pri_gnd_dcus_nus_w.htm,"Gross crack proxies subtract Brent/42 from a US Gulf Coast product spot price. They exclude refinery yields, fuel use, losses, transport, compliance, financing, taxes and regional basis, so they are descriptive product-strength indicators, not realized refinery margins. Retail prices include taxes and lag wholesale markets."
2026-07-31,3.351,4.134,3.88,,,1.042667,1.825667,1.571667,july_reclosure_context,EIA daily spot and weekly retail observations transported by FRED; blank fields reflect frequency or reporting lags,https://www.eia.gov/dnav/pet/pet_pri_spt_s1_d.htm | https://www.eia.gov/dnav/pet/pet_pri_gnd_dcus_nus_w.htm,"Gross crack proxies subtract Brent/42 from a US Gulf Coast product spot price. They exclude refinery yields, fuel use, losses, transport, compliance, financing, taxes and regional basis, so they are descriptive product-strength indicators, not realized refinery margins. Retail prices include taxes and lag wholesale markets."
2026-08-03,3.086,3.868,3.506,4.079,5.348,0.969333,1.751333,1.389333,august_publication_context,EIA daily spot and weekly retail observations transported by FRED; blank fields reflect frequency or reporting lags,https://www.eia.gov/dnav/pet/pet_pri_spt_s1_d.htm | https://www.eia.gov/dnav/pet/pet_pri_gnd_dcus_nus_w.htm,"Gross crack proxies subtract Brent/42 from a US Gulf Coast product spot price. They exclude refinery yields, fuel use, losses, transport, compliance, financing, taxes and regional basis, so they are descriptive product-strength indicators, not realized refinery margins. Retail prices include taxes and lag wholesale markets."
2026-08-04,2.932,3.722,3.322,,,0.87319,1.66319,1.26319,august_publication_context,EIA daily spot and weekly retail observations transported by FRED; blank fields reflect frequency or reporting lags,https://www.eia.gov/dnav/pet/pet_pri_spt_s1_d.htm | https://www.eia.gov/dnav/pet/pet_pri_gnd_dcus_nus_w.htm,"Gross crack proxies subtract Brent/42 from a US Gulf Coast product spot price. They exclude refinery yields, fuel use, losses, transport, compliance, financing, taxes and regional basis, so they are descriptive product-strength indicators, not realized refinery margins. Retail prices include taxes and lag wholesale markets."
2026-08-05,2.902,3.744,3.361,,,0.838905,1.680905,1.297905,august_publication_context,EIA daily spot and weekly retail observations transported by FRED; blank fields reflect frequency or reporting lags,https://www.eia.gov/dnav/pet/pet_pri_spt_s1_d.htm | https://www.eia.gov/dnav/pet/pet_pri_gnd_dcus_nus_w.htm,"Gross crack proxies subtract Brent/42 from a US Gulf Coast product spot price. They exclude refinery yields, fuel use, losses, transport, compliance, financing, taxes and regional basis, so they are descriptive product-strength indicators, not realized refinery margins. Retail prices include taxes and lag wholesale markets."
2026-08-06,3.028,3.89,3.519,,,0.893476,1.755476,1.384476,august_publication_context,EIA daily spot and weekly retail observations transported by FRED; blank fields reflect frequency or reporting lags,https://www.eia.gov/dnav/pet/pet_pri_spt_s1_d.htm | https://www.eia.gov/dnav/pet/pet_pri_gnd_dcus_nus_w.htm,"Gross crack proxies subtract Brent/42 from a US Gulf Coast product spot price. They exclude refinery yields, fuel use, losses, transport, compliance, financing, taxes and regional basis, so they are descriptive product-strength indicators, not realized refinery margins. Retail prices include taxes and lag wholesale markets."
2026-08-07,3.013,3.845,3.445,,,0.92681,1.75881,1.35881,august_publication_context,EIA daily spot and weekly retail observations transported by FRED; blank fields reflect frequency or reporting lags,https://www.eia.gov/dnav/pet/pet_pri_spt_s1_d.htm | https://www.eia.gov/dnav/pet/pet_pri_gnd_dcus_nus_w.htm,"Gross crack proxies subtract Brent/42 from a US Gulf Coast product spot price. They exclude refinery yields, fuel use, losses, transport, compliance, financing, taxes and regional basis, so they are descriptive product-strength indicators, not realized refinery margins. Retail prices include taxes and lag wholesale markets."
2026-08-10,3.189,4.147,3.713,4.006,5.257,0.980905,1.938905,1.504905,august_publication_context,EIA daily spot and weekly retail observations transported by FRED; blank fields reflect frequency or reporting lags,https://www.eia.gov/dnav/pet/pet_pri_spt_s1_d.htm | https://www.eia.gov/dnav/pet/pet_pri_gnd_dcus_nus_w.htm,"Gross crack proxies subtract Brent/42 from a US Gulf Coast product spot price. They exclude refinery yields, fuel use, losses, transport, compliance, financing, taxes and regional basis, so they are descriptive product-strength indicators, not realized refinery margins. Retail prices include taxes and lag wholesale markets."
2026-08-11,3.214,4.248,3.814,,,0.993524,2.027524,1.593524,august_publication_context,EIA daily spot and weekly retail observations transported by FRED; blank fields reflect frequency or reporting lags,https://www.eia.gov/dnav/pet/pet_pri_spt_s1_d.htm | https://www.eia.gov/dnav/pet/pet_pri_gnd_dcus_nus_w.htm,"Gross crack proxies subtract Brent/42 from a US Gulf Coast product spot price. They exclude refinery yields, fuel use, losses, transport, compliance, financing, taxes and regional basis, so they are descriptive product-strength indicators, not realized refinery margins. Retail prices include taxes and lag wholesale markets."
2026-08-17,,,,4.049,5.454,,,,august_publication_context,EIA daily spot and weekly retail observations transported by FRED; blank fields reflect frequency or reporting lags,https://www.eia.gov/dnav/pet/pet_pri_spt_s1_d.htm | https://www.eia.gov/dnav/pet/pet_pri_gnd_dcus_nus_w.htm,"Gross crack proxies subtract Brent/42 from a US Gulf Coast product spot price. They exclude refinery yields, fuel use, losses, transport, compliance, financing, taxes and regional basis, so they are descriptive product-strength indicators, not realized refinery margins. Retail prices include taxes and lag wholesale markets."
