date,year,month,day,portid,portname,n_container,n_dry_bulk,n_general_cargo,n_roro,n_tanker,n_cargo,n_total,capacity_container,capacity_dry_bulk,capacity_general_cargo,capacity_roro,capacity_tanker,capacity_cargo,capacity
2019-01-01,2019,1,1,chokepoint6,Strait of Hormuz,6,9,1,3,33,19,52,129147,272678,0,2898,2390755,404724,2795480
2019-01-02,2019,1,2,chokepoint6,Strait of Hormuz,13,9,0,2,35,24,59,547743,419636,0,2013,1022523,969394,1991917
2019-01-03,2019,1,3,chokepoint6,Strait of Hormuz,10,9,3,0,49,22,71,428426,330114,3891,0,2841667,762432,3604099
2019-01-04,2019,1,4,chokepoint6,Strait of Hormuz,10,11,2,1,35,24,59,448045,279996,22708,8512,1207506,759264,1966770
2019-01-05,2019,1,5,chokepoint6,Strait of Hormuz,10,13,3,1,34,27,61,359502,659561,2521,0,1830227,1021585,2851813
2019-01-06,2019,1,6,chokepoint6,Strait of Hormuz,6,12,0,2,35,20,55,78135,352530,0,7826,2219169,438493,2657662
2019-01-07,2019,1,7,chokepoint6,Strait of Hormuz,8,7,4,1,50,20,70,290939,226869,14350,2281,1940965,534441,2475406
2019-01-08,2019,1,8,chokepoint6,Strait of Hormuz,7,10,6,1,31,24,55,305673,382677,50264,0,515105,738615,1253720
2019-01-09,2019,1,9,chokepoint6,Strait of Hormuz,5,6,4,1,21,16,37,182230,281960,9307,0,1805444,473499,2278943
2019-01-10,2019,1,10,chokepoint6,Strait of Hormuz,8,8,5,2,34,23,57,279030,189300,25189,12097,789993,505618,1295612
2019-01-11,2019,1,11,chokepoint6,Strait of Hormuz,8,8,3,1,40,20,60,315331,220227,4757,6926,1008345,547242,1555588
2019-01-12,2019,1,12,chokepoint6,Strait of Hormuz,7,9,4,0,35,20,55,181450,214084,28206,0,481324,423741,905066
2019-01-13,2019,1,13,chokepoint6,Strait of Hormuz,6,10,2,1,23,19,42,338527,350088,5407,0,1557452,694023,2251475
2019-01-14,2019,1,14,chokepoint6,Strait of Hormuz,4,4,3,4,34,15,49,233937,71235,15603,0,2088547,320776,2409324
2019-01-15,2019,1,15,chokepoint6,Strait of Hormuz,10,7,2,4,25,23,48,461651,113578,23098,13915,972941,612244,1585185
2019-01-16,2019,1,16,chokepoint6,Strait of Hormuz,6,17,5,1,27,29,56,257160,510438,17972,0,1922947,785571,2708518
2019-01-17,2019,1,17,chokepoint6,Strait of Hormuz,9,10,3,0,29,22,51,291415,455594,6993,0,1607029,754003,2361033
2019-01-18,2019,1,18,chokepoint6,Strait of Hormuz,8,5,1,0,32,14,46,329701,165136,4546,0,2116818,499384,2616203
2019-01-19,2019,1,19,chokepoint6,Strait of Hormuz,8,9,4,2,37,23,60,296004,149061,15137,0,1395862,460203,1856065
2019-01-20,2019,1,20,chokepoint6,Strait of Hormuz,11,9,4,2,40,26,66,379462,443271,35572,3476,1387500,861782,2249283
2019-01-21,2019,1,21,chokepoint6,Strait of Hormuz,4,9,6,2,36,21,57,224519,288606,59561,8883,312553,581569,894123
2019-01-22,2019,1,22,chokepoint6,Strait of Hormuz,8,8,1,3,39,20,59,267049,378121,3283,6352,2228951,654807,2883759
2019-01-23,2019,1,23,chokepoint6,Strait of Hormuz,5,6,0,0,31,11,42,265863,44838,0,0,1699263,310702,2009965
2019-01-24,2019,1,24,chokepoint6,Strait of Hormuz,5,5,0,0,32,10,42,111583,221396,0,0,1942712,332980,2275692
2019-01-25,2019,1,25,chokepoint6,Strait of Hormuz,8,8,3,0,27,19,46,270518,253029,31811,0,1444862,555359,2000221
2019-01-26,2019,1,26,chokepoint6,Strait of Hormuz,9,10,3,0,38,22,60,394179,337253,9592,0,1796329,741026,2537356
2019-01-27,2019,1,27,chokepoint6,Strait of Hormuz,10,9,2,0,40,21,61,327753,471112,32752,0,2352926,831618,3184544
2019-01-28,2019,1,28,chokepoint6,Strait of Hormuz,10,11,3,3,32,27,59,278162,369533,23678,9034,846159,680408,1526568
2019-01-29,2019,1,29,chokepoint6,Strait of Hormuz,7,3,3,0,32,13,45,354674,267738,11055,0,2288161,633467,2921629
2019-01-30,2019,1,30,chokepoint6,Strait of Hormuz,6,12,2,2,36,22,58,126467,329378,3908,4234,1117727,463988,1581716
2019-01-31,2019,1,31,chokepoint6,Strait of Hormuz,6,9,5,1,28,21,49,293004,368901,20187,2013,1522445,684108,2206553
2019-02-01,2019,2,1,chokepoint6,Strait of Hormuz,7,7,2,0,33,16,49,282202,158790,13991,0,1249494,454983,1704478
2019-02-02,2019,2,2,chokepoint6,Strait of Hormuz,10,3,3,1,32,17,49,357447,126345,15330,2013,2139350,501137,2640488
2019-02-03,2019,2,3,chokepoint6,Strait of Hormuz,4,8,4,2,39,18,57,161296,205446,46477,0,1686854,413220,2100075
2019-02-04,2019,2,4,chokepoint6,Strait of Hormuz,7,11,2,1,35,21,56,336169,321886,8381,0,1010318,666437,1676755
2019-02-05,2019,2,5,chokepoint6,Strait of Hormuz,9,16,1,3,29,29,58,384026,251039,0,7281,572524,642347,1214871
2019-02-06,2019,2,6,chokepoint6,Strait of Hormuz,7,11,2,0,29,20,49,249135,373934,17196,0,846722,640266,1486989
2019-02-07,2019,2,7,chokepoint6,Strait of Hormuz,7,12,1,5,35,25,60,203105,379087,4180,4219,1604455,590593,2195049
2019-02-08,2019,2,8,chokepoint6,Strait of Hormuz,9,9,2,1,33,21,54,302333,278857,3152,0,849125,584343,1433469
2019-02-09,2019,2,9,chokepoint6,Strait of Hormuz,6,7,3,0,40,16,56,217217,245527,29744,0,1597088,492489,2089577
2019-02-10,2019,2,10,chokepoint6,Strait of Hormuz,4,10,6,0,39,20,59,176780,440699,57873,0,1584091,675353,2259444
2019-02-11,2019,2,11,chokepoint6,Strait of Hormuz,7,6,1,2,26,16,42,393358,331067,0,0,1160991,724425,1885416
2019-02-12,2019,2,12,chokepoint6,Strait of Hormuz,10,9,2,2,30,23,53,326544,406913,7862,8901,418259,750222,1168482
2019-02-13,2019,2,13,chokepoint6,Strait of Hormuz,3,12,1,1,26,17,43,158819,428082,10900,0,909455,597801,1507256
2019-02-14,2019,2,14,chokepoint6,Strait of Hormuz,8,8,5,2,39,23,62,425231,263745,3257,341,971138,692575,1663714
2019-02-15,2019,2,15,chokepoint6,Strait of Hormuz,8,13,4,1,36,26,62,238164,305141,17129,0,1826351,560435,2386786
2019-02-16,2019,2,16,chokepoint6,Strait of Hormuz,10,12,2,0,40,24,64,479288,288881,6856,0,1490346,775026,2265373
2019-02-17,2019,2,17,chokepoint6,Strait of Hormuz,4,8,1,0,26,13,39,270852,314381,1719,0,938241,586953,1525194
2019-02-18,2019,2,18,chokepoint6,Strait of Hormuz,9,14,4,1,43,28,71,270632,286971,14049,3877,1368765,575530,1944296
2019-02-19,2019,2,19,chokepoint6,Strait of Hormuz,7,9,5,2,24,23,47,312357,345336,27644,6764,324484,692102,1016587
2019-02-20,2019,2,20,chokepoint6,Strait of Hormuz,8,10,5,0,37,23,60,197910,252221,16227,0,760090,466359,1226449
2019-02-21,2019,2,21,chokepoint6,Strait of Hormuz,6,16,1,3,42,26,68,192782,360272,2720,6324,711691,562100,1273792
2019-02-22,2019,2,22,chokepoint6,Strait of Hormuz,14,15,0,3,44,32,76,267815,521817,0,3736,1443209,793370,2236580
2019-02-23,2019,2,23,chokepoint6,Strait of Hormuz,11,9,6,1,45,27,72,506468,400037,4919,5803,2383118,917228,3300347
2019-02-24,2019,2,24,chokepoint6,Strait of Hormuz,11,12,2,3,41,28,69,526274,265272,35951,10575,1466085,838073,2304158
2019-02-25,2019,2,25,chokepoint6,Strait of Hormuz,9,8,2,0,27,19,46,367766,274243,5759,0,1144892,647769,1792662
2019-02-26,2019,2,26,chokepoint6,Strait of Hormuz,12,9,3,1,27,25,52,453473,370656,18801,3679,578299,846611,1424911
2019-02-27,2019,2,27,chokepoint6,Strait of Hormuz,1,13,0,1,25,15,40,78576,640786,0,0,508063,719363,1227426
2019-02-28,2019,2,28,chokepoint6,Strait of Hormuz,6,12,1,4,33,23,56,306150,225223,5265,6910,1417121,543549,1960670
2019-03-01,2019,3,1,chokepoint6,Strait of Hormuz,6,6,3,3,39,18,57,322290,186899,12210,0,2161005,521400,2682406
2019-03-02,2019,3,2,chokepoint6,Strait of Hormuz,12,12,2,1,33,27,60,319765,471151,8047,0,1013580,798964,1812544
2019-03-03,2019,3,3,chokepoint6,Strait of Hormuz,6,11,1,3,45,21,66,305706,381433,4406,3496,1059240,695043,1754283
2019-03-04,2019,3,4,chokepoint6,Strait of Hormuz,3,7,2,1,25,13,38,152259,172873,21039,2901,299513,349074,648587
2019-03-05,2019,3,5,chokepoint6,Strait of Hormuz,11,12,3,2,39,28,67,452875,421074,7334,0,1720874,881285,2602160
2019-03-06,2019,3,6,chokepoint6,Strait of Hormuz,10,11,6,1,52,28,80,377475,601666,13653,0,1360314,992794,2353109
2019-03-07,2019,3,7,chokepoint6,Strait of Hormuz,4,7,3,1,26,15,41,116283,168301,16790,0,1021012,301375,1322387
2019-03-08,2019,3,8,chokepoint6,Strait of Hormuz,4,15,3,1,42,23,65,167123,571517,8721,3732,1740780,751094,2491874
2019-03-09,2019,3,9,chokepoint6,Strait of Hormuz,14,9,2,1,48,26,74,795279,283269,18199,0,2352261,1096748,3449010
2019-03-10,2019,3,10,chokepoint6,Strait of Hormuz,6,5,1,2,32,14,46,420771,131557,1501,7573,698929,561403,1260333
2019-03-11,2019,3,11,chokepoint6,Strait of Hormuz,6,9,1,1,23,17,40,201018,166708,31146,4322,509330,403195,912526
2019-03-12,2019,3,12,chokepoint6,Strait of Hormuz,8,5,0,1,33,14,47,320647,168952,0,3182,2969275,492781,3462056
2019-03-13,2019,3,13,chokepoint6,Strait of Hormuz,10,15,2,1,39,28,67,230981,501198,11147,0,1964304,743327,2707631
2019-03-14,2019,3,14,chokepoint6,Strait of Hormuz,9,8,3,3,28,23,51,346203,176735,7098,3242,1014341,533279,1547621
2019-03-15,2019,3,15,chokepoint6,Strait of Hormuz,5,8,3,2,33,18,51,217460,294612,4018,0,2217509,516091,2733601
2019-03-16,2019,3,16,chokepoint6,Strait of Hormuz,9,10,1,1,28,21,49,356008,248420,19909,0,1322216,624338,1946554
2019-03-17,2019,3,17,chokepoint6,Strait of Hormuz,9,12,3,2,42,26,68,519621,422671,12120,7573,886031,961986,1848017
2019-03-18,2019,3,18,chokepoint6,Strait of Hormuz,5,2,0,1,28,8,36,126838,70432,0,2884,1190734,200154,1390889
2019-03-19,2019,3,19,chokepoint6,Strait of Hormuz,12,7,2,2,26,23,49,486753,164800,9988,0,1147559,661542,1809102
2019-03-20,2019,3,20,chokepoint6,Strait of Hormuz,6,10,3,2,40,21,61,180764,209356,550,4602,1126521,395274,1521795
2019-03-21,2019,3,21,chokepoint6,Strait of Hormuz,4,10,3,1,31,18,49,108701,195655,66027,3267,1491523,373651,1865175
2019-03-22,2019,3,22,chokepoint6,Strait of Hormuz,7,10,1,1,28,19,47,255925,413559,152,0,1368091,669637,2037729
2019-03-23,2019,3,23,chokepoint6,Strait of Hormuz,12,12,1,2,31,27,58,509366,381504,4118,0,2250838,894988,3145827
2019-03-24,2019,3,24,chokepoint6,Strait of Hormuz,8,9,5,1,31,23,54,240386,141644,19634,3332,641687,404998,1046686
2019-03-25,2019,3,25,chokepoint6,Strait of Hormuz,10,8,4,0,22,22,44,566170,365245,33811,0,350129,965227,1315357
2019-03-26,2019,3,26,chokepoint6,Strait of Hormuz,9,12,1,2,33,24,57,378306,371319,0,0,949423,749625,1699049
2019-03-27,2019,3,27,chokepoint6,Strait of Hormuz,9,6,4,4,38,23,61,376295,112006,17249,9022,761454,514574,1276028
2019-03-28,2019,3,28,chokepoint6,Strait of Hormuz,4,6,1,0,28,11,39,113457,195082,18274,0,1967686,326814,2294501
2019-03-29,2019,3,29,chokepoint6,Strait of Hormuz,12,18,6,2,36,38,74,600331,440271,14117,0,1795790,1054721,2850511
2019-03-30,2019,3,30,chokepoint6,Strait of Hormuz,11,10,2,0,47,23,70,429280,264507,22166,0,1832845,715953,2548798
2019-03-31,2019,3,31,chokepoint6,Strait of Hormuz,4,6,4,2,31,16,47,166312,228126,25146,0,1880417,419585,2300002
2019-04-01,2019,4,1,chokepoint6,Strait of Hormuz,13,12,1,1,42,27,69,596990,372518,17458,0,1071342,986967,2058310
2019-04-02,2019,4,2,chokepoint6,Strait of Hormuz,6,10,3,2,25,21,46,206273,203094,27050,4157,1162177,440576,1602753
2019-04-03,2019,4,3,chokepoint6,Strait of Hormuz,9,12,2,3,32,26,58,273931,258777,4000,2043,1699083,538753,2237837
2019-04-04,2019,4,4,chokepoint6,Strait of Hormuz,2,6,1,2,20,11,31,98951,212078,20862,8236,215110,340129,555239
2019-04-05,2019,4,5,chokepoint6,Strait of Hormuz,9,16,2,1,39,28,67,220592,547303,8578,0,1982435,776474,2758910
2019-04-06,2019,4,6,chokepoint6,Strait of Hormuz,10,11,1,2,46,24,70,455910,315235,4406,7746,1462514,783299,2245813
2019-04-07,2019,4,7,chokepoint6,Strait of Hormuz,9,8,2,1,41,20,61,372088,400295,12971,5159,1767947,790513,2558461
2019-04-08,2019,4,8,chokepoint6,Strait of Hormuz,13,10,5,1,40,29,69,461800,170753,57181,5449,968474,695183,1663658
2019-04-09,2019,4,9,chokepoint6,Strait of Hormuz,6,8,3,4,50,21,71,292343,151938,10263,4340,2272056,458886,2730943
2019-04-10,2019,4,10,chokepoint6,Strait of Hormuz,8,12,3,0,29,23,52,279306,500245,33111,0,1125214,812662,1937877
2019-04-11,2019,4,11,chokepoint6,Strait of Hormuz,8,7,3,0,41,18,59,329582,172551,35170,0,2288556,537304,2825861
2019-04-12,2019,4,12,chokepoint6,Strait of Hormuz,4,10,4,1,33,19,52,172073,380873,27634,3136,1045267,583718,1628986
2019-04-13,2019,4,13,chokepoint6,Strait of Hormuz,12,7,3,3,41,25,66,485210,123032,9775,8171,1172514,626190,1798705
2019-04-14,2019,4,14,chokepoint6,Strait of Hormuz,6,8,0,1,20,15,35,240313,160179,0,0,846145,400492,1246638
2019-04-15,2019,4,15,chokepoint6,Strait of Hormuz,7,21,4,3,40,35,75,237545,865732,19259,8171,1549587,1130709,2680297
2019-04-16,2019,4,16,chokepoint6,Strait of Hormuz,14,11,5,2,38,32,70,546934,424960,6765,9542,1716065,988203,2704268
2019-04-17,2019,4,17,chokepoint6,Strait of Hormuz,9,15,4,2,39,30,69,256042,698644,24390,7538,3170336,986616,4156952
2019-04-18,2019,4,18,chokepoint6,Strait of Hormuz,6,14,1,0,36,21,57,197433,412040,0,0,2206555,609473,2816028
2019-04-19,2019,4,19,chokepoint6,Strait of Hormuz,11,14,2,1,57,28,85,516566,347805,9368,0,2971950,873740,3845691
2019-04-20,2019,4,20,chokepoint6,Strait of Hormuz,12,15,3,2,48,32,80,430573,510122,9932,3179,2275844,953807,3229651
2019-04-21,2019,4,21,chokepoint6,Strait of Hormuz,12,16,4,3,41,35,76,405620,366627,16689,4429,1700031,793367,2493399
2019-04-22,2019,4,22,chokepoint6,Strait of Hormuz,19,19,0,2,45,40,85,796079,889283,0,0,3027693,1685362,4713055
2019-04-23,2019,4,23,chokepoint6,Strait of Hormuz,3,9,1,2,24,15,39,83230,329137,31697,8309,1633807,452375,2086183
2019-04-24,2019,4,24,chokepoint6,Strait of Hormuz,14,7,3,1,34,25,59,486494,265324,8843,0,1116454,760662,1877117
2019-04-25,2019,4,25,chokepoint6,Strait of Hormuz,10,12,2,2,44,26,70,275003,308400,7120,7998,1060580,598524,1659105
2019-04-26,2019,4,26,chokepoint6,Strait of Hormuz,11,12,2,1,37,26,63,417498,599180,12171,464,1431885,1029314,2461199
2019-04-27,2019,4,27,chokepoint6,Strait of Hormuz,12,13,6,2,57,33,90,446979,339664,71857,0,2607813,858501,3466314
2019-04-28,2019,4,28,chokepoint6,Strait of Hormuz,11,13,5,2,40,31,71,477531,379400,29978,2673,2862180,889583,3751764
2019-04-29,2019,4,29,chokepoint6,Strait of Hormuz,15,19,4,4,51,42,93,422281,735097,22215,11153,2316227,1190748,3506975
2019-04-30,2019,4,30,chokepoint6,Strait of Hormuz,6,11,2,2,33,21,54,246454,363498,8471,6930,1849085,625355,2474440
2019-05-01,2019,5,1,chokepoint6,Strait of Hormuz,5,12,3,0,30,20,50,201533,363240,23836,0,1159043,588610,1747653
2019-05-02,2019,5,2,chokepoint6,Strait of Hormuz,10,12,7,2,46,31,77,500040,250876,9436,3859,2372706,764212,3136919
2019-05-03,2019,5,3,chokepoint6,Strait of Hormuz,17,19,7,1,46,44,90,627477,463600,55129,0,2458929,1146207,3605137
2019-05-04,2019,5,4,chokepoint6,Strait of Hormuz,8,10,3,1,41,22,63,411854,493418,45392,0,3518777,950665,4469443
2019-05-05,2019,5,5,chokepoint6,Strait of Hormuz,11,11,2,0,28,24,52,435404,519894,4934,0,1561489,960233,2521722
2019-05-06,2019,5,6,chokepoint6,Strait of Hormuz,8,17,1,2,37,28,65,366124,559881,0,2277,2150731,928283,3079015
2019-05-07,2019,5,7,chokepoint6,Strait of Hormuz,9,8,4,3,48,24,72,348480,112725,17758,5299,1962989,484264,2447254
2019-05-08,2019,5,8,chokepoint6,Strait of Hormuz,15,19,2,1,50,37,87,317814,503828,6409,2761,2724319,830814,3555134
2019-05-09,2019,5,9,chokepoint6,Strait of Hormuz,13,10,3,1,29,27,56,338357,359735,14149,6223,1514470,718465,2232935
2019-05-10,2019,5,10,chokepoint6,Strait of Hormuz,10,9,0,0,39,19,58,528093,127745,0,0,1293036,655838,1948875
2019-05-11,2019,5,11,chokepoint6,Strait of Hormuz,11,12,0,1,37,24,61,486653,389294,0,3944,1469812,879891,2349704
2019-05-12,2019,5,12,chokepoint6,Strait of Hormuz,8,8,2,1,40,19,59,262788,352642,0,0,2450323,615431,3065754
2019-05-13,2019,5,13,chokepoint6,Strait of Hormuz,11,13,2,2,47,28,75,453462,231322,8443,3209,2383458,696437,3079895
2019-05-14,2019,5,14,chokepoint6,Strait of Hormuz,8,8,3,2,18,21,39,232997,298080,32491,13095,1150851,576665,1727517
2019-05-15,2019,5,15,chokepoint6,Strait of Hormuz,6,16,0,1,47,23,70,317139,469899,0,0,2828230,787039,3615269
2019-05-16,2019,5,16,chokepoint6,Strait of Hormuz,5,10,1,1,41,17,58,98389,282448,0,3209,2207725,384047,2591772
2019-05-17,2019,5,17,chokepoint6,Strait of Hormuz,14,20,4,3,46,41,87,435000,685092,10567,3362,2419184,1134022,3553207
2019-05-18,2019,5,18,chokepoint6,Strait of Hormuz,8,12,0,3,37,23,60,241259,311509,0,2711,1667149,555481,2222630
2019-05-19,2019,5,19,chokepoint6,Strait of Hormuz,9,6,4,2,42,21,63,315917,88578,47428,0,2645047,451924,3096972
2019-05-20,2019,5,20,chokepoint6,Strait of Hormuz,8,11,0,3,35,22,57,236106,153568,0,0,1651653,389674,2041327
2019-05-21,2019,5,21,chokepoint6,Strait of Hormuz,7,5,1,1,27,14,41,319712,190338,22260,0,2423124,532311,2955436
2019-05-22,2019,5,22,chokepoint6,Strait of Hormuz,9,9,4,2,35,24,59,291020,245129,41072,1602,1349228,578824,1928053
2019-05-23,2019,5,23,chokepoint6,Strait of Hormuz,7,9,5,1,43,22,65,213759,149939,31480,0,2121730,395179,2516910
2019-05-24,2019,5,24,chokepoint6,Strait of Hormuz,14,11,5,3,42,33,75,483949,415592,35858,0,1465014,935399,2400414
2019-05-25,2019,5,25,chokepoint6,Strait of Hormuz,16,16,0,1,47,33,80,617902,797259,0,0,2866391,1415162,4281554
2019-05-26,2019,5,26,chokepoint6,Strait of Hormuz,7,12,0,0,48,19,67,273653,577566,0,0,2053678,851219,2904898
2019-05-27,2019,5,27,chokepoint6,Strait of Hormuz,15,14,2,1,53,32,85,782317,524436,6243,0,3161050,1312997,4474047
2019-05-28,2019,5,28,chokepoint6,Strait of Hormuz,11,7,5,1,25,24,49,358242,95426,31748,0,1017574,485418,1502992
2019-05-29,2019,5,29,chokepoint6,Strait of Hormuz,12,22,4,1,49,39,88,502963,513776,16183,0,2039626,1032923,3072549
2019-05-30,2019,5,30,chokepoint6,Strait of Hormuz,13,16,2,1,56,32,88,389039,338724,28500,2483,2640169,758747,3398917
2019-05-31,2019,5,31,chokepoint6,Strait of Hormuz,14,16,3,0,48,33,81,490733,681704,31275,0,1649583,1203713,2853296
2019-06-01,2019,6,1,chokepoint6,Strait of Hormuz,4,7,0,2,26,13,39,195723,410252,0,0,1124176,605975,1730151
2019-06-02,2019,6,2,chokepoint6,Strait of Hormuz,11,12,4,1,50,28,78,513019,388785,8067,5962,2272259,915834,3188094
2019-06-03,2019,6,3,chokepoint6,Strait of Hormuz,14,9,3,2,54,28,82,554669,312406,28561,464,3820149,896101,4716251
2019-06-04,2019,6,4,chokepoint6,Strait of Hormuz,8,19,3,3,60,33,93,316339,531418,25373,292,2381885,873424,3255309
2019-06-05,2019,6,5,chokepoint6,Strait of Hormuz,4,10,1,0,27,15,42,109468,344358,4720,0,1167240,458547,1625787
2019-06-06,2019,6,6,chokepoint6,Strait of Hormuz,16,17,2,0,38,35,73,429104,425256,0,0,425477,854360,1279838
2019-06-07,2019,6,7,chokepoint6,Strait of Hormuz,14,14,5,0,44,33,77,631106,563111,10615,0,3407731,1204833,4612564
2019-06-08,2019,6,8,chokepoint6,Strait of Hormuz,8,13,3,3,39,27,66,302420,567458,4365,5676,2071350,879920,2951271
2019-06-09,2019,6,9,chokepoint6,Strait of Hormuz,8,12,4,3,40,27,67,430110,208263,7598,2912,1185369,648884,1834254
2019-06-10,2019,6,10,chokepoint6,Strait of Hormuz,11,22,1,3,45,37,82,336060,427865,3043,0,2260809,766969,3027778
2019-06-11,2019,6,11,chokepoint6,Strait of Hormuz,8,16,5,4,46,33,79,232242,420724,28786,5088,2655706,686843,3342549
2019-06-12,2019,6,12,chokepoint6,Strait of Hormuz,6,13,0,2,46,21,67,273494,233590,0,0,2357276,507084,2864361
2019-06-13,2019,6,13,chokepoint6,Strait of Hormuz,9,4,4,1,30,18,48,427038,31993,40957,0,1203614,499988,1703603
2019-06-14,2019,6,14,chokepoint6,Strait of Hormuz,7,14,0,1,31,22,53,286604,328128,0,3747,1203128,618481,1821609
2019-06-15,2019,6,15,chokepoint6,Strait of Hormuz,15,11,1,0,24,27,51,490279,398512,0,0,782716,888791,1671507
2019-06-16,2019,6,16,chokepoint6,Strait of Hormuz,16,8,4,0,68,28,96,434083,378262,20880,0,4180198,833226,5013424
2019-06-17,2019,6,17,chokepoint6,Strait of Hormuz,10,15,1,1,46,27,73,451268,867395,0,0,2189726,1318663,3508390
2019-06-18,2019,6,18,chokepoint6,Strait of Hormuz,11,18,2,1,42,32,74,341289,903111,2418,0,2967846,1246819,4214665
2019-06-19,2019,6,19,chokepoint6,Strait of Hormuz,7,9,0,3,39,19,58,244639,341711,0,4035,1037945,590386,1628332
2019-06-20,2019,6,20,chokepoint6,Strait of Hormuz,11,13,5,3,43,32,75,376269,326742,38362,6835,1486181,748209,2234391
2019-06-21,2019,6,21,chokepoint6,Strait of Hormuz,14,17,1,3,42,35,77,668431,458823,29329,11900,2648921,1168484,3817405
2019-06-22,2019,6,22,chokepoint6,Strait of Hormuz,14,14,6,2,50,36,86,547500,584808,78881,2577,1545248,1213767,2759015
2019-06-23,2019,6,23,chokepoint6,Strait of Hormuz,7,8,2,1,30,18,48,363910,283798,17368,0,1660099,665077,2325176
2019-06-24,2019,6,24,chokepoint6,Strait of Hormuz,11,15,3,4,69,33,102,474857,475901,3389,6990,2657916,961138,3619055
2019-06-25,2019,6,25,chokepoint6,Strait of Hormuz,15,10,3,0,62,28,90,511402,501303,10515,0,3645780,1023221,4669001
2019-06-26,2019,6,26,chokepoint6,Strait of Hormuz,10,12,5,2,49,29,78,358122,433669,45360,3070,3073393,840222,3913615
2019-06-27,2019,6,27,chokepoint6,Strait of Hormuz,15,14,5,1,51,35,86,588381,350457,16539,0,2053476,955378,3008855
2019-06-28,2019,6,28,chokepoint6,Strait of Hormuz,13,15,3,2,45,33,78,446984,595569,3121,0,2810390,1045674,3856065
2019-06-29,2019,6,29,chokepoint6,Strait of Hormuz,7,6,4,0,46,17,63,282187,135955,24345,0,1521986,442488,1964475
2019-06-30,2019,6,30,chokepoint6,Strait of Hormuz,21,20,3,2,53,46,99,749402,618119,8211,0,3022622,1375733,4398355
2019-07-01,2019,7,1,chokepoint6,Strait of Hormuz,15,14,2,3,56,34,90,511210,426972,4243,13175,2697110,955602,3652712
2019-07-02,2019,7,2,chokepoint6,Strait of Hormuz,14,9,11,2,36,36,72,479304,193648,11645,341,1462444,684939,2147383
2019-07-03,2019,7,3,chokepoint6,Strait of Hormuz,12,18,4,3,65,37,102,271229,623125,59088,464,2946298,953908,3900206
2019-07-04,2019,7,4,chokepoint6,Strait of Hormuz,20,24,3,1,47,48,95,758113,990415,2838,0,3519533,1751367,5270900
2019-07-05,2019,7,5,chokepoint6,Strait of Hormuz,10,12,4,4,45,30,75,269420,424793,21414,341,2634326,715969,3350295
2019-07-06,2019,7,6,chokepoint6,Strait of Hormuz,18,20,5,1,58,44,102,679974,370510,50131,0,1711922,1100616,2812539
2019-07-07,2019,7,7,chokepoint6,Strait of Hormuz,14,20,3,2,44,39,83,381913,683874,31668,5034,2002728,1102490,3105218
2019-07-08,2019,7,8,chokepoint6,Strait of Hormuz,12,13,6,2,46,33,79,383404,285870,22795,6154,1803162,698225,2501387
2019-07-09,2019,7,9,chokepoint6,Strait of Hormuz,6,12,4,2,40,24,64,164252,254593,18146,2973,1203158,439965,1643124
2019-07-10,2019,7,10,chokepoint6,Strait of Hormuz,7,14,0,3,30,24,54,131390,269456,0,0,1668314,400846,2069161
2019-07-11,2019,7,11,chokepoint6,Strait of Hormuz,12,17,3,4,50,36,86,384706,470965,32123,15914,2072698,903709,2976407
2019-07-12,2019,7,12,chokepoint6,Strait of Hormuz,17,12,9,1,56,39,95,582307,293413,31513,1692,3294508,908927,4203436
2019-07-13,2019,7,13,chokepoint6,Strait of Hormuz,11,8,2,2,36,23,59,469495,215402,10900,0,1755430,695798,2451228
2019-07-14,2019,7,14,chokepoint6,Strait of Hormuz,11,17,7,2,39,37,76,396028,559692,70468,6153,1746950,1032342,2779293
2019-07-15,2019,7,15,chokepoint6,Strait of Hormuz,15,16,6,2,45,39,84,446320,723147,17061,289,2102855,1186819,3289674
2019-07-16,2019,7,16,chokepoint6,Strait of Hormuz,8,14,5,3,47,30,77,300510,476609,53005,5226,2442434,835353,3277788
2019-07-17,2019,7,17,chokepoint6,Strait of Hormuz,14,10,2,3,46,29,75,384522,415821,8197,1952,2165205,810494,2975699
2019-07-18,2019,7,18,chokepoint6,Strait of Hormuz,10,13,4,2,40,29,69,379067,162798,43550,2013,1685186,587430,2272617
2019-07-19,2019,7,19,chokepoint6,Strait of Hormuz,12,8,5,0,43,25,68,409441,170719,12766,0,2065696,592927,2658624
2019-07-20,2019,7,20,chokepoint6,Strait of Hormuz,10,9,5,1,28,25,53,300804,213520,20447,4635,1949181,539407,2488588
2019-07-21,2019,7,21,chokepoint6,Strait of Hormuz,11,14,4,4,54,33,87,418336,436235,8425,6429,2176215,869426,3045641
2019-07-22,2019,7,22,chokepoint6,Strait of Hormuz,20,11,0,6,46,37,83,509503,305997,0,2614,2583562,818116,3401678
2019-07-23,2019,7,23,chokepoint6,Strait of Hormuz,5,15,3,0,45,23,68,181440,873243,0,0,2649431,1054684,3704115
2019-07-24,2019,7,24,chokepoint6,Strait of Hormuz,10,5,3,2,46,20,66,360768,282240,30617,0,2485801,673626,3159427
2019-07-25,2019,7,25,chokepoint6,Strait of Hormuz,8,11,4,2,36,25,61,179906,401724,24968,3185,1129923,609784,1739708
2019-07-26,2019,7,26,chokepoint6,Strait of Hormuz,14,10,4,1,44,29,73,574744,291266,11319,4812,2807478,882143,3689621
2019-07-27,2019,7,27,chokepoint6,Strait of Hormuz,10,8,2,1,36,21,57,359782,222679,9460,2302,1280229,594223,1874453
2019-07-28,2019,7,28,chokepoint6,Strait of Hormuz,14,9,3,1,46,27,73,546147,219848,8730,0,1926540,774726,2701266
2019-07-29,2019,7,29,chokepoint6,Strait of Hormuz,12,20,3,1,45,36,81,432721,804961,44609,0,2320599,1282292,3602892
2019-07-30,2019,7,30,chokepoint6,Strait of Hormuz,5,15,3,0,32,23,55,159879,574574,7473,0,1314959,741928,2056887
2019-07-31,2019,7,31,chokepoint6,Strait of Hormuz,14,14,0,4,42,32,74,503266,390622,0,10398,2949083,904287,3853370
2019-08-01,2019,8,1,chokepoint6,Strait of Hormuz,12,12,2,3,54,29,83,462976,360757,15599,289,1934992,839623,2774615
2019-08-02,2019,8,2,chokepoint6,Strait of Hormuz,15,14,4,3,47,36,83,650174,375694,8222,6513,2109404,1040604,3150008
2019-08-03,2019,8,3,chokepoint6,Strait of Hormuz,12,10,3,3,34,28,62,551190,496558,8415,3362,1845673,1059527,2905201
2019-08-04,2019,8,4,chokepoint6,Strait of Hormuz,7,7,4,1,35,19,54,271522,125074,34806,0,1633488,431403,2064892
2019-08-05,2019,8,5,chokepoint6,Strait of Hormuz,10,11,1,1,42,23,65,322855,320351,15967,1679,1714567,660853,2375421
2019-08-06,2019,8,6,chokepoint6,Strait of Hormuz,16,16,0,2,52,34,86,415578,445482,0,289,2540766,861351,3402117
2019-08-07,2019,8,7,chokepoint6,Strait of Hormuz,14,19,5,2,51,40,91,364733,752105,28987,3320,2352915,1149146,3502062
2019-08-08,2019,8,8,chokepoint6,Strait of Hormuz,9,10,7,5,52,31,83,243603,293375,53600,12184,2696775,602763,3299538
2019-08-09,2019,8,9,chokepoint6,Strait of Hormuz,11,9,3,1,27,24,51,499931,202060,16021,0,1488425,718013,2206439
2019-08-10,2019,8,10,chokepoint6,Strait of Hormuz,8,20,1,1,58,30,88,385626,519411,4720,0,2865393,909757,3775150
2019-08-11,2019,8,11,chokepoint6,Strait of Hormuz,16,15,5,1,39,37,76,662681,335537,13084,0,2251066,1011303,3262370
2019-08-12,2019,8,12,chokepoint6,Strait of Hormuz,15,14,3,1,42,33,75,427447,677668,6808,0,2037012,1111924,3148936
2019-08-13,2019,8,13,chokepoint6,Strait of Hormuz,11,11,1,1,48,24,72,391508,224563,741,0,2360768,616813,2977582
2019-08-14,2019,8,14,chokepoint6,Strait of Hormuz,11,11,0,1,29,23,52,386461,384523,0,0,977813,770984,1748798
2019-08-15,2019,8,15,chokepoint6,Strait of Hormuz,12,17,3,2,39,34,73,440797,540695,36862,3743,2562268,1022100,3584369
2019-08-16,2019,8,16,chokepoint6,Strait of Hormuz,11,8,2,1,45,22,67,537828,303549,42774,5270,2253126,889422,3142548
2019-08-17,2019,8,17,chokepoint6,Strait of Hormuz,14,11,4,1,49,30,79,517151,274284,45870,0,2646207,837306,3483514
2019-08-18,2019,8,18,chokepoint6,Strait of Hormuz,9,7,5,1,45,22,67,331981,336900,20910,3788,2253464,693581,2947045
2019-08-19,2019,8,19,chokepoint6,Strait of Hormuz,10,12,1,2,35,25,60,455753,341125,7191,0,1721592,804070,2525663
2019-08-20,2019,8,20,chokepoint6,Strait of Hormuz,11,9,1,3,35,24,59,419547,371250,6814,12088,2271474,809701,3081175
2019-08-21,2019,8,21,chokepoint6,Strait of Hormuz,8,18,2,2,57,30,87,305885,545037,17199,6618,2135314,874740,3010054
2019-08-22,2019,8,22,chokepoint6,Strait of Hormuz,10,11,3,0,40,24,64,405203,207628,6039,0,1898292,618871,2517164
2019-08-23,2019,8,23,chokepoint6,Strait of Hormuz,11,15,5,3,41,34,75,332228,732796,42459,2013,2136123,1109498,3245621
2019-08-24,2019,8,24,chokepoint6,Strait of Hormuz,20,14,2,1,46,37,83,810867,367125,7368,3467,2698760,1188828,3887589
2019-08-25,2019,8,25,chokepoint6,Strait of Hormuz,17,11,2,5,43,35,78,477018,401441,7086,11165,2932211,896711,3828923
2019-08-26,2019,8,26,chokepoint6,Strait of Hormuz,11,13,3,2,53,29,82,412925,507362,3593,2081,1857617,925963,2783581
2019-08-27,2019,8,27,chokepoint6,Strait of Hormuz,14,15,3,1,43,33,76,389167,457129,2324,0,2425568,848621,3274189
2019-08-28,2019,8,28,chokepoint6,Strait of Hormuz,8,12,0,1,43,21,64,282557,473611,0,0,2634039,756169,3390208
2019-08-29,2019,8,29,chokepoint6,Strait of Hormuz,14,12,10,0,51,36,87,571154,295619,58212,0,2852108,924985,3777093
2019-08-30,2019,8,30,chokepoint6,Strait of Hormuz,10,14,5,1,51,30,81,477948,367954,23402,287,2060171,869592,2929764
2019-08-31,2019,8,31,chokepoint6,Strait of Hormuz,11,8,1,2,42,22,64,440548,320092,4018,7540,2120342,772200,2892543
2019-09-01,2019,9,1,chokepoint6,Strait of Hormuz,17,14,3,1,41,35,76,425812,411118,10088,0,1858579,847019,2705598
2019-09-02,2019,9,2,chokepoint6,Strait of Hormuz,9,13,1,1,37,24,61,342447,446138,4018,2983,2309573,795588,3105161
2019-09-03,2019,9,3,chokepoint6,Strait of Hormuz,16,12,1,2,32,31,63,420467,446842,6807,0,2669959,874118,3544077
2019-09-04,2019,9,4,chokepoint6,Strait of Hormuz,14,21,1,1,44,37,81,424061,480786,3841,0,3080643,908688,3989332
2019-09-05,2019,9,5,chokepoint6,Strait of Hormuz,11,16,3,2,47,32,79,316773,601661,14002,6223,2550205,938659,3488864
2019-09-06,2019,9,6,chokepoint6,Strait of Hormuz,9,17,5,1,52,32,84,402079,601158,24436,0,2818898,1027674,3846572
2019-09-07,2019,9,7,chokepoint6,Strait of Hormuz,12,11,7,2,46,32,78,585641,277485,70120,10442,1947167,943690,2890857
2019-09-08,2019,9,8,chokepoint6,Strait of Hormuz,16,13,2,5,36,36,72,468717,360247,7887,2880,1876328,839733,2716062
2019-09-09,2019,9,9,chokepoint6,Strait of Hormuz,10,8,2,1,52,21,73,434373,180822,25195,0,2535365,640391,3175756
2019-09-10,2019,9,10,chokepoint6,Strait of Hormuz,10,16,6,3,40,35,75,255838,536811,28422,7573,2863745,828645,3692391
2019-09-11,2019,9,11,chokepoint6,Strait of Hormuz,14,10,4,1,43,29,72,515984,503807,63684,4706,1248453,1088183,2336636
2019-09-12,2019,9,12,chokepoint6,Strait of Hormuz,10,8,1,1,32,20,52,365113,169306,6224,6048,1832925,546692,2379617
2019-09-13,2019,9,13,chokepoint6,Strait of Hormuz,10,6,2,1,35,19,54,367849,270038,2173,2677,1735284,642738,2378022
2019-09-14,2019,9,14,chokepoint6,Strait of Hormuz,16,17,6,4,53,43,96,623919,311547,29029,0,3252541,964495,4217037
2019-09-15,2019,9,15,chokepoint6,Strait of Hormuz,12,15,1,1,38,29,67,483092,441709,4311,4207,1764877,933321,2698198
2019-09-16,2019,9,16,chokepoint6,Strait of Hormuz,20,14,2,6,47,42,89,689621,526675,12784,11089,2034286,1240171,3274458
2019-09-17,2019,9,17,chokepoint6,Strait of Hormuz,10,14,4,1,44,29,73,344465,586445,11110,2212,1325944,944234,2270179
2019-09-18,2019,9,18,chokepoint6,Strait of Hormuz,5,5,1,1,28,12,40,265256,59327,3283,2177,1288690,330045,1618735
2019-09-19,2019,9,19,chokepoint6,Strait of Hormuz,8,9,3,2,33,22,55,170289,206690,39309,2797,2013805,419085,2432890
2019-09-20,2019,9,20,chokepoint6,Strait of Hormuz,10,19,4,1,46,34,80,383354,634275,24462,5981,1513001,1048074,2561075
2019-09-21,2019,9,21,chokepoint6,Strait of Hormuz,10,9,3,2,32,24,56,381279,189724,16149,2174,2597679,589328,3187007
2019-09-22,2019,9,22,chokepoint6,Strait of Hormuz,11,14,1,2,41,28,69,213914,235626,14686,2302,1805822,466530,2272352
2019-09-23,2019,9,23,chokepoint6,Strait of Hormuz,11,9,3,2,31,25,56,312538,152234,13620,7916,1191157,486309,1677466
2019-09-24,2019,9,24,chokepoint6,Strait of Hormuz,11,9,2,3,36,25,61,530113,223299,8937,8462,1280412,770812,2051224
2019-09-25,2019,9,25,chokepoint6,Strait of Hormuz,12,10,1,1,33,24,57,296468,446396,0,2013,1621049,744878,2365927
2019-09-26,2019,9,26,chokepoint6,Strait of Hormuz,7,10,3,2,27,22,49,199285,142484,9915,0,1487118,351685,1838804
2019-09-27,2019,9,27,chokepoint6,Strait of Hormuz,5,14,3,0,34,22,56,264421,560867,34754,0,1899623,860042,2759666
2019-09-28,2019,9,28,chokepoint6,Strait of Hormuz,13,22,1,1,47,37,84,431706,414332,18704,7905,2101482,872648,2974131
2019-09-29,2019,9,29,chokepoint6,Strait of Hormuz,21,13,4,0,57,38,95,531443,833188,52894,0,2171485,1417526,3589011
2019-09-30,2019,9,30,chokepoint6,Strait of Hormuz,9,12,1,2,47,24,71,241027,520586,8514,287,1976483,770415,2746898
2019-10-01,2019,10,1,chokepoint6,Strait of Hormuz,11,11,0,1,42,23,65,396695,165645,0,0,1441665,562341,2004006
2019-10-02,2019,10,2,chokepoint6,Strait of Hormuz,11,14,3,1,40,29,69,449263,383935,5656,0,3050531,838855,3889386
2019-10-03,2019,10,3,chokepoint6,Strait of Hormuz,5,5,1,3,26,14,40,203704,172882,4018,5700,1441933,386306,1828240
2019-10-04,2019,10,4,chokepoint6,Strait of Hormuz,0,3,3,0,27,6,33,0,117820,25121,0,2045343,142942,2188285
2019-10-05,2019,10,5,chokepoint6,Strait of Hormuz,13,11,4,3,44,31,75,504157,268155,15301,5700,2387086,793314,3180401
2019-10-06,2019,10,6,chokepoint6,Strait of Hormuz,13,11,2,0,33,26,59,414781,566240,3045,0,1568176,984068,2552245
2019-10-07,2019,10,7,chokepoint6,Strait of Hormuz,6,5,3,1,33,15,48,156739,233563,36361,0,1110096,426664,1536761
2019-10-08,2019,10,8,chokepoint6,Strait of Hormuz,8,11,2,4,35,25,60,202073,249769,9111,9237,1934676,470191,2404867
2019-10-09,2019,10,9,chokepoint6,Strait of Hormuz,8,10,3,5,42,26,68,271187,92171,12586,16047,2620992,391993,3012985
2019-10-10,2019,10,10,chokepoint6,Strait of Hormuz,10,11,1,1,45,23,68,330217,230235,1151,0,2347589,561603,2909193
2019-10-11,2019,10,11,chokepoint6,Strait of Hormuz,7,5,1,1,41,14,55,198772,134706,1737,0,2448675,335216,2783891
2019-10-12,2019,10,12,chokepoint6,Strait of Hormuz,17,15,3,1,31,36,67,451223,366927,12308,0,1800615,830459,2631075
2019-10-13,2019,10,13,chokepoint6,Strait of Hormuz,13,7,2,2,42,24,66,481349,211071,8762,2448,2160944,703632,2864577
2019-10-14,2019,10,14,chokepoint6,Strait of Hormuz,16,11,4,3,45,34,79,471370,694929,44744,2829,2125594,1213874,3339469
2019-10-15,2019,10,15,chokepoint6,Strait of Hormuz,10,12,3,3,47,28,75,354192,184918,16822,6704,2065725,562637,2628363
2019-10-16,2019,10,16,chokepoint6,Strait of Hormuz,12,16,2,2,57,32,89,381678,378086,26258,390,3257073,786413,4043487
2019-10-17,2019,10,17,chokepoint6,Strait of Hormuz,12,12,6,2,62,32,94,408871,255211,45014,9098,2780829,718195,3499025
2019-10-18,2019,10,18,chokepoint6,Strait of Hormuz,8,13,3,4,36,28,64,326955,471777,36434,11078,2865887,846244,3712131
2019-10-19,2019,10,19,chokepoint6,Strait of Hormuz,4,8,2,0,23,14,37,92872,215010,2025,0,1266350,309909,1576260
2019-10-20,2019,10,20,chokepoint6,Strait of Hormuz,20,19,0,1,48,40,88,569263,778330,0,3608,1961459,1351203,3312662
2019-10-21,2019,10,21,chokepoint6,Strait of Hormuz,9,8,2,2,34,21,55,499909,248551,10900,0,1969772,759361,2729133
2019-10-22,2019,10,22,chokepoint6,Strait of Hormuz,11,15,1,1,37,28,65,382443,405930,3588,0,1171899,791962,1963862
2019-10-23,2019,10,23,chokepoint6,Strait of Hormuz,13,7,8,2,44,30,74,528992,83334,43118,5194,2521811,660640,3182452
2019-10-24,2019,10,24,chokepoint6,Strait of Hormuz,3,10,2,2,33,17,50,62553,92787,10593,10557,2017600,176492,2194093
2019-10-25,2019,10,25,chokepoint6,Strait of Hormuz,13,10,2,2,42,27,69,423985,239242,20913,2013,1887413,686156,2573570
2019-10-26,2019,10,26,chokepoint6,Strait of Hormuz,11,9,2,1,42,23,65,338132,251340,7135,0,2198546,596607,2795153
2019-10-27,2019,10,27,chokepoint6,Strait of Hormuz,11,15,1,4,35,31,66,497090,676792,2522,2013,2085261,1178419,3263681
2019-10-28,2019,10,28,chokepoint6,Strait of Hormuz,5,9,3,1,22,18,40,141672,44654,23765,2364,1603412,212457,1815869
2019-10-29,2019,10,29,chokepoint6,Strait of Hormuz,8,10,4,0,42,22,64,331151,379017,21515,0,2374294,731684,3105979
2019-10-30,2019,10,30,chokepoint6,Strait of Hormuz,9,17,1,2,59,29,88,449234,488620,0,2921,1994362,940776,2935139
2019-10-31,2019,10,31,chokepoint6,Strait of Hormuz,10,9,2,1,38,22,60,382097,261086,23422,0,1538861,666605,2205467
2019-11-01,2019,11,1,chokepoint6,Strait of Hormuz,10,10,4,1,43,25,68,340644,332696,14513,0,2356759,687854,3044613
2019-11-02,2019,11,2,chokepoint6,Strait of Hormuz,8,5,2,3,31,18,49,425980,75296,11377,2354,313656,515008,828665
2019-11-03,2019,11,3,chokepoint6,Strait of Hormuz,8,6,0,1,24,15,39,196661,120116,0,2191,1506169,318969,1825138
2019-11-04,2019,11,4,chokepoint6,Strait of Hormuz,10,10,3,1,40,24,64,313630,575663,32141,0,2525665,921435,3447101
2019-11-05,2019,11,5,chokepoint6,Strait of Hormuz,9,11,4,0,25,24,49,355908,621992,12397,0,2200883,990298,3191182
2019-11-06,2019,11,6,chokepoint6,Strait of Hormuz,9,10,0,0,38,19,57,268864,427259,0,0,2052174,696124,2748299
2019-11-07,2019,11,7,chokepoint6,Strait of Hormuz,8,5,4,4,27,21,48,446173,40994,21947,7885,924750,517001,1441752
2019-11-08,2019,11,8,chokepoint6,Strait of Hormuz,6,8,2,1,39,17,56,295903,234159,4401,0,2162359,534464,2696823
2019-11-09,2019,11,9,chokepoint6,Strait of Hormuz,11,7,5,2,36,25,61,389516,146268,21758,4452,2063653,561996,2625650
2019-11-10,2019,11,10,chokepoint6,Strait of Hormuz,9,7,0,1,31,17,48,477735,301015,0,0,1757844,778751,2536595
2019-11-11,2019,11,11,chokepoint6,Strait of Hormuz,3,3,2,1,32,9,41,135174,171854,15498,5617,782605,328144,1110749
2019-11-12,2019,11,12,chokepoint6,Strait of Hormuz,6,8,0,0,35,14,49,118507,606002,0,0,784577,724509,1509086
2019-11-13,2019,11,13,chokepoint6,Strait of Hormuz,10,6,5,1,29,22,51,397921,202391,12728,5038,875366,618080,1493446
2019-11-14,2019,11,14,chokepoint6,Strait of Hormuz,7,4,3,2,21,16,37,456894,118646,7154,0,409224,582695,991920
2019-11-15,2019,11,15,chokepoint6,Strait of Hormuz,7,6,2,1,22,16,38,336498,319654,8671,0,1081749,664823,1746572
2019-11-16,2019,11,16,chokepoint6,Strait of Hormuz,5,10,4,2,31,21,52,122481,383321,28563,4186,1294517,538552,1833069
2019-11-17,2019,11,17,chokepoint6,Strait of Hormuz,5,5,0,2,17,12,29,88272,208165,0,2916,350304,299354,649658
2019-11-18,2019,11,18,chokepoint6,Strait of Hormuz,6,12,2,2,20,22,42,201986,603514,4451,5598,723492,815551,1539044
2019-11-19,2019,11,19,chokepoint6,Strait of Hormuz,10,8,1,1,27,20,47,356536,136092,2681,5395,948883,500706,1449590
2019-11-20,2019,11,20,chokepoint6,Strait of Hormuz,3,6,2,1,25,12,37,194258,199045,37498,5395,747463,436198,1183661
2019-11-21,2019,11,21,chokepoint6,Strait of Hormuz,4,7,1,1,24,13,37,65028,279911,10553,7003,351676,362497,714173
2019-11-22,2019,11,22,chokepoint6,Strait of Hormuz,10,6,1,1,27,18,45,431904,282740,12626,0,612472,727272,1339744
2019-11-23,2019,11,23,chokepoint6,Strait of Hormuz,6,3,3,2,27,14,41,307969,0,12849,5188,1433403,326007,1759410
2019-11-24,2019,11,24,chokepoint6,Strait of Hormuz,6,3,0,0,26,9,35,264462,183214,0,0,518745,447676,966421
2019-11-25,2019,11,25,chokepoint6,Strait of Hormuz,3,7,2,4,31,16,47,57801,232854,14734,40013,754161,345403,1099565
2019-11-26,2019,11,26,chokepoint6,Strait of Hormuz,2,12,1,2,36,17,53,127774,245247,17438,3944,759712,394404,1154117
2019-11-27,2019,11,27,chokepoint6,Strait of Hormuz,10,12,2,1,34,25,59,462595,376605,4618,2013,955628,845833,1801461
2019-11-28,2019,11,28,chokepoint6,Strait of Hormuz,4,8,3,1,41,16,57,115159,327735,17066,3954,1528589,463916,1992505
2019-11-29,2019,11,29,chokepoint6,Strait of Hormuz,2,10,5,0,36,17,53,158954,231401,47020,0,850128,437375,1287504
2019-11-30,2019,11,30,chokepoint6,Strait of Hormuz,5,6,2,0,30,13,43,189162,110392,23852,0,1345867,323407,1669275
2019-12-01,2019,12,1,chokepoint6,Strait of Hormuz,10,7,3,0,18,20,38,395107,187726,12337,0,621525,595171,1216696
2019-12-02,2019,12,2,chokepoint6,Strait of Hormuz,4,10,1,3,37,18,55,197657,176480,0,7421,1700278,381559,2081837
2019-12-03,2019,12,3,chokepoint6,Strait of Hormuz,11,5,1,2,37,19,56,261487,49751,11000,0,1440368,322240,1762608
2019-12-04,2019,12,4,chokepoint6,Strait of Hormuz,7,9,1,0,26,17,43,255771,224867,664,0,1433030,481303,1914333
2019-12-05,2019,12,5,chokepoint6,Strait of Hormuz,7,4,2,1,31,14,45,230849,62656,5872,0,314950,299377,614328
2019-12-06,2019,12,6,chokepoint6,Strait of Hormuz,4,9,3,1,20,17,37,263067,367466,10556,0,482185,641090,1123276
2019-12-07,2019,12,7,chokepoint6,Strait of Hormuz,5,8,0,1,30,14,44,212688,270506,0,2183,804813,485377,1290191
2019-12-08,2019,12,8,chokepoint6,Strait of Hormuz,7,8,1,2,38,18,56,314611,355527,12626,4912,1422352,687677,2110030
2019-12-09,2019,12,9,chokepoint6,Strait of Hormuz,8,5,1,0,23,14,37,301996,224921,2066,0,270854,528984,799839
2019-12-10,2019,12,10,chokepoint6,Strait of Hormuz,6,11,2,0,27,19,46,327768,473431,11813,0,1725989,813013,2539002
2019-12-11,2019,12,11,chokepoint6,Strait of Hormuz,4,7,3,1,19,15,34,64769,155466,8290,0,1074712,228526,1303238
2019-12-12,2019,12,12,chokepoint6,Strait of Hormuz,7,5,4,1,35,17,52,237138,135840,21376,0,1573082,394356,1967439
2019-12-13,2019,12,13,chokepoint6,Strait of Hormuz,6,7,2,1,39,16,55,352293,351509,5431,3944,1914887,713178,2628065
2019-12-14,2019,12,14,chokepoint6,Strait of Hormuz,6,13,1,1,42,21,63,176857,301797,0,0,1992062,478655,2470717
2019-12-15,2019,12,15,chokepoint6,Strait of Hormuz,11,9,6,3,41,29,70,446322,337532,9132,13060,1992952,806047,2799000
2019-12-16,2019,12,16,chokepoint6,Strait of Hormuz,6,10,1,1,22,18,40,153062,154524,0,5812,1189365,313400,1502765
2019-12-17,2019,12,17,chokepoint6,Strait of Hormuz,7,7,1,2,35,17,52,226445,238261,0,6223,1257493,470929,1728422
2019-12-18,2019,12,18,chokepoint6,Strait of Hormuz,8,11,4,2,36,25,61,332058,323853,20830,0,960329,676741,1637071
2019-12-19,2019,12,19,chokepoint6,Strait of Hormuz,10,6,2,1,37,19,56,250409,314087,18422,0,1025971,582919,1608891
2019-12-20,2019,12,20,chokepoint6,Strait of Hormuz,5,5,4,1,44,15,59,243227,277501,4232,0,694702,524962,1219665
2019-12-21,2019,12,21,chokepoint6,Strait of Hormuz,10,12,3,3,27,28,55,219617,585239,3841,4452,997972,813150,1811123
2019-12-22,2019,12,22,chokepoint6,Strait of Hormuz,5,4,0,0,22,9,31,169825,103475,0,0,840006,273301,1113307
2019-12-23,2019,12,23,chokepoint6,Strait of Hormuz,10,9,2,3,36,24,60,306137,412927,664,5064,714849,724793,1439643
2019-12-24,2019,12,24,chokepoint6,Strait of Hormuz,5,12,3,1,27,21,48,122056,388720,31213,0,677195,541991,1219186
2019-12-25,2019,12,25,chokepoint6,Strait of Hormuz,6,13,8,2,32,29,61,143296,379064,51136,0,580907,573497,1154404
2019-12-26,2019,12,26,chokepoint6,Strait of Hormuz,7,11,1,0,37,19,56,314923,264383,12681,0,1413174,591989,2005163
2019-12-27,2019,12,27,chokepoint6,Strait of Hormuz,6,7,1,1,26,15,41,240913,312323,3414,2094,182135,558745,740881
2019-12-28,2019,12,28,chokepoint6,Strait of Hormuz,3,5,1,1,15,10,25,21491,120509,3227,2013,766770,147242,914013
2019-12-29,2019,12,29,chokepoint6,Strait of Hormuz,7,14,1,1,29,23,52,205659,452576,9696,0,1448796,667932,2116729
2019-12-30,2019,12,30,chokepoint6,Strait of Hormuz,7,8,5,4,41,24,65,216938,313849,40103,11781,1486662,582672,2069335
2019-12-31,2019,12,31,chokepoint6,Strait of Hormuz,6,9,3,1,41,19,60,332194,122356,5980,5440,2470549,465972,2936522
2020-01-01,2020,1,1,chokepoint6,Strait of Hormuz,9,9,2,1,53,21,74,273252,76602,6753,8553,1988711,365162,2353873
2020-01-02,2020,1,2,chokepoint6,Strait of Hormuz,15,9,3,0,40,27,67,523703,183766,25229,0,2424528,732699,3157227
2020-01-03,2020,1,3,chokepoint6,Strait of Hormuz,8,16,0,3,40,27,67,303789,535772,0,4945,1344298,844506,2188805
2020-01-04,2020,1,4,chokepoint6,Strait of Hormuz,7,8,3,1,39,19,58,246068,232667,29122,3322,1932775,511180,2443955
2020-01-05,2020,1,5,chokepoint6,Strait of Hormuz,13,12,4,1,43,30,73,518715,370118,19790,0,2289206,908624,3197831
2020-01-06,2020,1,6,chokepoint6,Strait of Hormuz,10,11,2,3,30,26,56,339675,392969,3556,0,1187729,736202,1923932
2020-01-07,2020,1,7,chokepoint6,Strait of Hormuz,5,5,4,2,46,16,62,298934,136338,16461,2805,646317,454538,1100856
2020-01-08,2020,1,8,chokepoint6,Strait of Hormuz,11,4,4,1,21,20,41,371634,103409,34504,0,71444,509548,580992
2020-01-09,2020,1,9,chokepoint6,Strait of Hormuz,10,16,2,0,28,28,56,438218,639135,33335,0,660055,1110689,1770744
2020-01-10,2020,1,10,chokepoint6,Strait of Hormuz,5,6,6,2,38,19,57,212327,52986,33982,0,789236,299296,1088533
2020-01-11,2020,1,11,chokepoint6,Strait of Hormuz,10,14,2,1,43,27,70,398598,363156,9388,3436,1314894,774579,2089474
2020-01-12,2020,1,12,chokepoint6,Strait of Hormuz,8,8,4,2,31,22,53,331220,111907,18138,3154,518774,464420,983194
2020-01-13,2020,1,13,chokepoint6,Strait of Hormuz,8,18,3,3,24,32,56,157491,660269,21652,8586,430881,847999,1278881
2020-01-14,2020,1,14,chokepoint6,Strait of Hormuz,12,10,6,1,30,29,59,671426,241701,37711,2784,541344,953622,1494967
2020-01-15,2020,1,15,chokepoint6,Strait of Hormuz,6,13,1,1,35,21,56,282905,249471,2564,0,581605,534941,1116547
2020-01-16,2020,1,16,chokepoint6,Strait of Hormuz,6,5,0,0,16,11,27,201238,184779,0,0,155887,386018,541905
2020-01-17,2020,1,17,chokepoint6,Strait of Hormuz,12,11,4,2,40,29,69,313939,283942,12987,3788,1175153,614659,1789812
2020-01-18,2020,1,18,chokepoint6,Strait of Hormuz,9,9,4,1,33,23,56,470586,270591,28206,0,1028924,769384,1798309
2020-01-19,2020,1,19,chokepoint6,Strait of Hormuz,8,14,4,2,35,28,63,278596,316424,15107,3083,1311930,613212,1925142
2020-01-20,2020,1,20,chokepoint6,Strait of Hormuz,9,9,2,1,36,21,57,306562,154978,6445,0,1550966,467987,2018953
2020-01-21,2020,1,21,chokepoint6,Strait of Hormuz,11,18,3,1,27,33,60,373799,685244,25724,2766,946433,1087535,2033968
2020-01-22,2020,1,22,chokepoint6,Strait of Hormuz,10,11,2,2,34,25,59,505749,287083,0,0,941668,792832,1734501
2020-01-23,2020,1,23,chokepoint6,Strait of Hormuz,12,11,1,0,32,24,56,274940,317285,1566,0,976627,593792,1570420
2020-01-24,2020,1,24,chokepoint6,Strait of Hormuz,10,8,5,1,42,24,66,329180,282982,28190,0,1074055,640353,1714409
2020-01-25,2020,1,25,chokepoint6,Strait of Hormuz,14,14,3,2,36,33,69,611377,484100,17538,0,1651130,1113016,2764147
2020-01-26,2020,1,26,chokepoint6,Strait of Hormuz,11,8,5,2,45,26,71,452277,294340,27913,12651,1863795,787182,2650978
2020-01-27,2020,1,27,chokepoint6,Strait of Hormuz,9,5,2,1,34,17,51,229718,229658,9100,0,684174,468478,1152652
2020-01-28,2020,1,28,chokepoint6,Strait of Hormuz,7,11,2,0,30,20,50,354507,541459,17092,0,855530,913058,1768588
2020-01-29,2020,1,29,chokepoint6,Strait of Hormuz,7,11,5,1,28,24,52,301267,145043,37863,2013,1092246,486188,1578435
2020-01-30,2020,1,30,chokepoint6,Strait of Hormuz,11,9,5,0,38,25,63,300637,304253,19616,0,1904944,624506,2529451
2020-01-31,2020,1,31,chokepoint6,Strait of Hormuz,10,8,1,3,43,22,65,386237,240830,8214,0,1869234,635282,2504516
2020-02-01,2020,2,1,chokepoint6,Strait of Hormuz,10,10,3,1,39,24,63,457468,428392,6596,2013,1417157,894471,2311628
2020-02-02,2020,2,2,chokepoint6,Strait of Hormuz,6,10,0,0,36,16,52,218296,242618,0,0,1182266,460915,1643182
2020-02-03,2020,2,3,chokepoint6,Strait of Hormuz,8,9,0,3,43,20,63,153459,257096,0,3627,2454589,414183,2868773
2020-02-04,2020,2,4,chokepoint6,Strait of Hormuz,14,5,2,2,32,23,55,485725,92478,13617,0,621473,591820,1213294
2020-02-05,2020,2,5,chokepoint6,Strait of Hormuz,7,19,2,0,36,28,64,228059,737710,7839,0,775585,973609,1749194
2020-02-06,2020,2,6,chokepoint6,Strait of Hormuz,11,12,3,0,38,26,64,346983,309661,6478,0,2547562,663123,3210686
2020-02-07,2020,2,7,chokepoint6,Strait of Hormuz,8,19,0,1,42,28,70,363945,372968,0,2062,2345476,738976,3084453
2020-02-08,2020,2,8,chokepoint6,Strait of Hormuz,10,7,1,0,39,18,57,372199,299203,20537,0,2336751,691940,3028692
2020-02-09,2020,2,9,chokepoint6,Strait of Hormuz,5,6,4,1,21,16,37,265582,156967,15869,0,936882,438420,1375303
2020-02-10,2020,2,10,chokepoint6,Strait of Hormuz,5,10,1,2,25,18,43,222387,270671,1633,3523,719716,498216,1217933
2020-02-11,2020,2,11,chokepoint6,Strait of Hormuz,4,12,6,1,38,23,61,129139,335349,25238,0,1329071,489727,1818798
2020-02-12,2020,2,12,chokepoint6,Strait of Hormuz,11,7,2,1,32,21,53,522524,181821,12095,0,456426,716441,1172868
2020-02-13,2020,2,13,chokepoint6,Strait of Hormuz,7,14,0,0,17,21,38,177410,322176,0,0,247856,499586,747443
2020-02-14,2020,2,14,chokepoint6,Strait of Hormuz,4,11,4,2,24,21,45,167642,373450,37796,7320,463522,586210,1049732
2020-02-15,2020,2,15,chokepoint6,Strait of Hormuz,12,4,3,0,35,19,54,522798,298202,39343,0,1607406,860344,2467751
2020-02-16,2020,2,16,chokepoint6,Strait of Hormuz,9,9,10,1,29,29,58,377218,152451,13595,0,1140080,543265,1683346
2020-02-17,2020,2,17,chokepoint6,Strait of Hormuz,11,18,2,4,50,35,85,482325,559178,1038,4636,2767646,1047178,3814824
2020-02-18,2020,2,18,chokepoint6,Strait of Hormuz,9,11,6,1,30,27,57,405633,385316,40147,3706,1121194,834803,1955997
2020-02-19,2020,2,19,chokepoint6,Strait of Hormuz,9,6,1,2,23,18,41,220555,230347,0,0,1386416,450902,1837319
2020-02-20,2020,2,20,chokepoint6,Strait of Hormuz,6,20,5,0,53,31,84,227702,440982,6298,0,2601752,674984,3276736
2020-02-21,2020,2,21,chokepoint6,Strait of Hormuz,12,12,3,2,31,29,60,484628,211540,20280,0,1075108,716449,1791558
2020-02-22,2020,2,22,chokepoint6,Strait of Hormuz,8,9,4,2,30,23,53,233905,156662,8502,0,2733823,399070,3132894
2020-02-23,2020,2,23,chokepoint6,Strait of Hormuz,7,8,3,0,46,18,64,371733,372948,8557,0,1466615,753238,2219854
2020-02-24,2020,2,24,chokepoint6,Strait of Hormuz,5,11,5,5,35,26,61,204755,447794,104152,13424,2092123,770127,2862250
2020-02-25,2020,2,25,chokepoint6,Strait of Hormuz,18,12,7,1,32,38,70,674813,142064,69313,0,1680221,886191,2566413
2020-02-26,2020,2,26,chokepoint6,Strait of Hormuz,6,6,4,1,43,17,60,289836,109926,30172,0,1373965,429934,1803900
2020-02-27,2020,2,27,chokepoint6,Strait of Hormuz,5,4,2,1,18,12,30,193376,0,8707,0,514230,202083,716314
2020-02-28,2020,2,28,chokepoint6,Strait of Hormuz,10,11,1,0,40,22,62,267440,471490,6807,0,882775,745738,1628513
2020-02-29,2020,2,29,chokepoint6,Strait of Hormuz,11,13,5,1,43,30,73,353310,276776,17789,0,2550798,647876,3198675
2020-03-01,2020,3,1,chokepoint6,Strait of Hormuz,9,5,2,2,33,18,51,343222,80962,0,0,1674727,424184,2098912
2020-03-02,2020,3,2,chokepoint6,Strait of Hormuz,7,17,3,2,47,29,76,316276,458323,8666,0,3336031,783266,4119297
2020-03-03,2020,3,3,chokepoint6,Strait of Hormuz,4,10,3,1,27,18,45,77264,116261,26634,0,1093144,220161,1313305
2020-03-04,2020,3,4,chokepoint6,Strait of Hormuz,4,5,2,2,21,13,34,177549,215370,13148,6852,1048197,412919,1461117
2020-03-05,2020,3,5,chokepoint6,Strait of Hormuz,6,14,0,2,27,22,49,201070,557237,0,4009,954942,762317,1717260
2020-03-06,2020,3,6,chokepoint6,Strait of Hormuz,6,9,2,2,35,19,54,350957,307633,9239,2013,994516,669843,1664360
2020-03-07,2020,3,7,chokepoint6,Strait of Hormuz,9,8,3,0,38,20,58,330119,57091,14385,0,2570398,401596,2971995
2020-03-08,2020,3,8,chokepoint6,Strait of Hormuz,8,13,3,2,50,26,76,346102,418973,8747,3152,1609368,776976,2386344
2020-03-09,2020,3,9,chokepoint6,Strait of Hormuz,7,6,0,0,18,13,31,330971,269158,0,0,572745,600129,1172875
2020-03-10,2020,3,10,chokepoint6,Strait of Hormuz,3,7,2,0,36,12,48,122273,233395,8557,0,1906396,364226,2270623
2020-03-11,2020,3,11,chokepoint6,Strait of Hormuz,9,10,4,2,32,25,57,259683,228712,22230,5498,1183818,516125,1699944
2020-03-12,2020,3,12,chokepoint6,Strait of Hormuz,9,8,3,0,39,20,59,360233,248844,21756,0,2966855,630835,3597691
2020-03-13,2020,3,13,chokepoint6,Strait of Hormuz,5,10,3,2,25,20,45,263285,395102,4284,6154,646744,668826,1315571
2020-03-14,2020,3,14,chokepoint6,Strait of Hormuz,9,6,1,2,31,18,49,420176,174174,0,7065,1394738,601415,1996154
2020-03-15,2020,3,15,chokepoint6,Strait of Hormuz,8,6,0,4,27,18,45,278661,149547,0,2801,1102372,431010,1533382
2020-03-16,2020,3,16,chokepoint6,Strait of Hormuz,4,5,1,2,16,12,28,249844,272149,0,3826,651868,525820,1177689
2020-03-17,2020,3,17,chokepoint6,Strait of Hormuz,8,5,3,1,39,17,56,234646,180874,0,0,2296208,415520,2711729
2020-03-18,2020,3,18,chokepoint6,Strait of Hormuz,12,6,3,1,38,22,60,388738,177326,1682,2859,1190879,570606,1761486
2020-03-19,2020,3,19,chokepoint6,Strait of Hormuz,11,9,2,1,31,23,54,411076,258470,3841,0,1934466,673388,2607855
2020-03-20,2020,3,20,chokepoint6,Strait of Hormuz,7,9,2,1,38,19,57,153608,335975,10112,6924,2077056,506620,2583677
2020-03-21,2020,3,21,chokepoint6,Strait of Hormuz,7,6,2,1,41,16,57,453972,214110,20782,0,2034501,688865,2723367
2020-03-22,2020,3,22,chokepoint6,Strait of Hormuz,13,5,3,1,34,22,56,369444,193067,8864,5981,1117800,577359,1695159
2020-03-23,2020,3,23,chokepoint6,Strait of Hormuz,7,8,2,3,32,20,52,209498,187336,23022,0,967365,419857,1387222
2020-03-24,2020,3,24,chokepoint6,Strait of Hormuz,9,8,2,2,27,21,48,445858,480119,14061,5226,831255,945265,1776521
2020-03-25,2020,3,25,chokepoint6,Strait of Hormuz,6,9,2,0,17,17,34,156021,251210,4237,0,265734,411469,677203
2020-03-26,2020,3,26,chokepoint6,Strait of Hormuz,8,13,3,1,44,25,69,251852,525024,11419,0,2566135,788296,3354431
2020-03-27,2020,3,27,chokepoint6,Strait of Hormuz,5,9,2,0,24,16,40,153045,275658,4183,0,1202369,432887,1635257
2020-03-28,2020,3,28,chokepoint6,Strait of Hormuz,12,12,3,2,41,29,70,432520,418627,12300,3150,1826673,866598,2693272
2020-03-29,2020,3,29,chokepoint6,Strait of Hormuz,2,4,1,0,12,7,19,90428,58242,14813,0,821591,163484,985075
2020-03-30,2020,3,30,chokepoint6,Strait of Hormuz,5,2,2,2,30,11,41,145814,0,7046,6085,1002946,158946,1161893
2020-03-31,2020,3,31,chokepoint6,Strait of Hormuz,5,12,3,3,38,23,61,197156,555161,13969,0,1528259,766287,2294547
2020-04-01,2020,4,1,chokepoint6,Strait of Hormuz,8,10,3,1,31,22,53,326860,355386,0,0,2490083,682246,3172330
2020-04-02,2020,4,2,chokepoint6,Strait of Hormuz,13,11,5,0,49,29,78,359930,441574,42103,0,2763003,843608,3606612
2020-04-03,2020,4,3,chokepoint6,Strait of Hormuz,13,11,3,2,46,29,75,348817,353425,22909,0,2928895,725152,3654048
2020-04-04,2020,4,4,chokepoint6,Strait of Hormuz,8,10,1,4,38,23,61,246081,344699,31668,8468,1920097,630917,2551015
2020-04-05,2020,4,5,chokepoint6,Strait of Hormuz,9,13,5,0,56,27,83,124216,210347,37442,0,3865969,372006,4237976
2020-04-06,2020,4,6,chokepoint6,Strait of Hormuz,13,12,2,3,51,30,81,627394,525706,2673,2013,2617130,1157788,3774919
2020-04-07,2020,4,7,chokepoint6,Strait of Hormuz,12,17,4,2,41,35,76,436165,537775,14104,4419,1014140,992464,2006604
2020-04-08,2020,4,8,chokepoint6,Strait of Hormuz,18,11,7,1,46,37,83,473505,420960,31978,0,2522187,926443,3448630
2020-04-09,2020,4,9,chokepoint6,Strait of Hormuz,11,12,2,2,39,27,66,297175,419897,10150,2013,3426504,729238,4155742
2020-04-10,2020,4,10,chokepoint6,Strait of Hormuz,7,8,5,1,38,21,59,151393,370593,8333,0,1128914,530321,1659236
2020-04-11,2020,4,11,chokepoint6,Strait of Hormuz,9,11,2,2,32,24,56,453338,632803,11587,0,2110764,1097729,3208493
2020-04-12,2020,4,12,chokepoint6,Strait of Hormuz,4,9,0,0,36,13,49,218569,365636,0,0,2195871,584205,2780077
2020-04-13,2020,4,13,chokepoint6,Strait of Hormuz,11,8,0,1,43,20,63,301952,173303,0,0,2430689,475255,2905945
2020-04-14,2020,4,14,chokepoint6,Strait of Hormuz,1,9,1,1,21,12,33,18605,260407,0,0,2136690,279013,2415703
2020-04-15,2020,4,15,chokepoint6,Strait of Hormuz,9,11,3,2,31,25,56,435452,394736,22827,4346,1076004,857363,1933367
2020-04-16,2020,4,16,chokepoint6,Strait of Hormuz,7,9,2,0,49,18,67,290594,206495,4714,0,1807543,501804,2309347
2020-04-17,2020,4,17,chokepoint6,Strait of Hormuz,9,8,3,3,41,23,64,219717,570158,13351,0,2495754,803226,3298981
2020-04-18,2020,4,18,chokepoint6,Strait of Hormuz,16,7,0,1,39,24,63,557991,239549,0,0,1850565,797540,2648106
2020-04-19,2020,4,19,chokepoint6,Strait of Hormuz,10,14,1,1,43,26,69,375571,486397,35314,0,2732440,897282,3629723
2020-04-20,2020,4,20,chokepoint6,Strait of Hormuz,6,7,2,1,35,16,51,171758,274773,0,0,2265531,446531,2712063
2020-04-21,2020,4,21,chokepoint6,Strait of Hormuz,5,10,4,2,54,21,75,213046,337775,16157,1672,3301736,568651,3870387
2020-04-22,2020,4,22,chokepoint6,Strait of Hormuz,10,9,7,2,30,28,58,446355,356303,24072,0,238218,826731,1064950
2020-04-23,2020,4,23,chokepoint6,Strait of Hormuz,10,8,3,3,45,24,69,277860,453643,9106,10317,1757547,750928,2508476
2020-04-24,2020,4,24,chokepoint6,Strait of Hormuz,11,11,1,3,51,26,77,333175,386155,6173,18086,3041014,743590,3784604
2020-04-25,2020,4,25,chokepoint6,Strait of Hormuz,6,9,7,1,50,23,73,447747,271714,31764,3629,2178554,754856,2933410
2020-04-26,2020,4,26,chokepoint6,Strait of Hormuz,8,14,4,0,45,26,71,291001,380362,30418,0,2467393,701783,3169176
2020-04-27,2020,4,27,chokepoint6,Strait of Hormuz,8,7,5,1,45,21,66,299274,48359,9499,4538,1725397,361671,2087069
2020-04-28,2020,4,28,chokepoint6,Strait of Hormuz,6,11,7,2,34,26,60,319627,404908,48335,8049,1131050,780921,1911972
2020-04-29,2020,4,29,chokepoint6,Strait of Hormuz,14,7,3,0,35,24,59,362160,159411,20923,0,2153604,542495,2696100
2020-04-30,2020,4,30,chokepoint6,Strait of Hormuz,8,10,5,1,24,24,48,313272,256289,31401,0,1435231,600963,2036194
2020-05-01,2020,5,1,chokepoint6,Strait of Hormuz,2,8,2,6,28,18,46,39895,229984,7186,2734,2863444,279801,3143245
2020-05-02,2020,5,2,chokepoint6,Strait of Hormuz,7,10,1,0,37,18,55,265486,274886,0,0,2806389,540372,3346761
2020-05-03,2020,5,3,chokepoint6,Strait of Hormuz,13,10,1,0,33,24,57,524867,616382,14813,0,2092642,1156063,3248706
2020-05-04,2020,5,4,chokepoint6,Strait of Hormuz,16,9,7,1,59,33,92,412685,180984,34814,2577,3124356,631062,3755419
2020-05-05,2020,5,5,chokepoint6,Strait of Hormuz,12,11,1,1,39,25,64,491990,358726,324,0,2179256,851042,3030298
2020-05-06,2020,5,6,chokepoint6,Strait of Hormuz,11,12,2,0,48,25,73,464393,574856,0,0,3223439,1039250,4262689
2020-05-07,2020,5,7,chokepoint6,Strait of Hormuz,12,18,5,1,44,36,80,311528,492529,3750,1167,1293736,808975,2102712
2020-05-08,2020,5,8,chokepoint6,Strait of Hormuz,11,11,4,4,55,30,85,569276,365657,34233,2013,2874267,971181,3845449
2020-05-09,2020,5,9,chokepoint6,Strait of Hormuz,13,19,2,1,49,35,84,545283,577421,24569,0,2393375,1147274,3540650
2020-05-10,2020,5,10,chokepoint6,Strait of Hormuz,13,17,8,4,39,42,81,304753,541868,12597,2013,1737216,861233,2598450
2020-05-11,2020,5,11,chokepoint6,Strait of Hormuz,13,16,3,3,55,35,90,495060,410536,21678,11224,3604348,938499,4542848
2020-05-12,2020,5,12,chokepoint6,Strait of Hormuz,13,8,2,2,53,25,78,322444,312435,4480,0,2357620,639361,2996982
2020-05-13,2020,5,13,chokepoint6,Strait of Hormuz,10,12,3,4,50,29,79,387821,385904,10908,0,2341268,784634,3125903
2020-05-14,2020,5,14,chokepoint6,Strait of Hormuz,17,13,3,4,58,37,95,533278,618107,7059,7851,2570918,1166296,3737214
2020-05-15,2020,5,15,chokepoint6,Strait of Hormuz,9,15,4,1,45,29,74,337465,598440,53670,4986,2630845,994562,3625408
2020-05-16,2020,5,16,chokepoint6,Strait of Hormuz,12,13,5,1,57,31,88,541159,461455,31576,0,2698053,1034191,3732244
2020-05-17,2020,5,17,chokepoint6,Strait of Hormuz,11,16,7,1,47,35,82,395919,692496,33859,0,2423074,1122274,3545348
2020-05-18,2020,5,18,chokepoint6,Strait of Hormuz,11,2,2,0,34,15,49,371715,36763,4302,0,2135010,412782,2547792
2020-05-19,2020,5,19,chokepoint6,Strait of Hormuz,13,15,2,4,53,34,87,618256,377409,5574,8711,2709424,1009952,3719376
2020-05-20,2020,5,20,chokepoint6,Strait of Hormuz,17,15,6,4,44,42,86,510474,734219,30524,16870,2307759,1292089,3599848
2020-05-21,2020,5,21,chokepoint6,Strait of Hormuz,12,16,2,2,52,32,84,194500,404502,6401,0,4084718,605405,4690123
2020-05-22,2020,5,22,chokepoint6,Strait of Hormuz,10,5,1,2,30,18,48,485153,167660,0,4867,2105974,657681,2763656
2020-05-23,2020,5,23,chokepoint6,Strait of Hormuz,8,13,4,3,29,28,57,407043,434297,11552,9778,1312364,862672,2175036
2020-05-24,2020,5,24,chokepoint6,Strait of Hormuz,10,10,3,1,42,24,66,187739,332744,15190,0,2173854,535674,2709529
2020-05-25,2020,5,25,chokepoint6,Strait of Hormuz,11,14,6,1,40,32,72,256455,665871,19739,3353,1272705,945420,2218125
2020-05-26,2020,5,26,chokepoint6,Strait of Hormuz,10,11,3,2,37,26,63,449098,236608,9295,341,1627684,695343,2323028
2020-05-27,2020,5,27,chokepoint6,Strait of Hormuz,8,8,3,4,28,23,51,313501,153885,40389,5038,1664609,512814,2177424
2020-05-28,2020,5,28,chokepoint6,Strait of Hormuz,16,10,3,0,50,29,79,392087,139241,52705,0,2222845,584034,2806880
2020-05-29,2020,5,29,chokepoint6,Strait of Hormuz,9,14,1,2,52,26,78,392264,337476,0,760,3077328,730500,3807829
2020-05-30,2020,5,30,chokepoint6,Strait of Hormuz,13,16,4,2,37,35,72,381060,706216,16061,6223,1362429,1109561,2471991
2020-05-31,2020,5,31,chokepoint6,Strait of Hormuz,13,9,5,0,40,27,67,509419,246134,38793,0,1793982,794347,2588330
2020-06-01,2020,6,1,chokepoint6,Strait of Hormuz,12,14,3,2,45,31,76,400597,708483,26914,2889,2434904,1138884,3573789
2020-06-02,2020,6,2,chokepoint6,Strait of Hormuz,12,18,3,3,53,36,89,327894,757326,14563,341,2426621,1100125,3526747
2020-06-03,2020,6,3,chokepoint6,Strait of Hormuz,18,12,4,1,47,35,82,654637,188015,8735,0,2699736,851388,3551125
2020-06-04,2020,6,4,chokepoint6,Strait of Hormuz,8,12,3,2,47,25,72,306801,169127,5383,341,3112079,481653,3593732
2020-06-05,2020,6,5,chokepoint6,Strait of Hormuz,11,15,6,4,43,36,79,383921,417754,32940,6179,2427333,840795,3268129
2020-06-06,2020,6,6,chokepoint6,Strait of Hormuz,11,13,2,1,45,27,72,259805,311719,8316,2592,2679981,582434,3262415
2020-06-07,2020,6,7,chokepoint6,Strait of Hormuz,14,14,1,2,46,31,77,498691,400067,1376,4382,1868224,904518,2772743
2020-06-08,2020,6,8,chokepoint6,Strait of Hormuz,9,13,3,3,42,28,70,283550,522965,10907,5234,2004806,822657,2827463
2020-06-09,2020,6,9,chokepoint6,Strait of Hormuz,14,11,7,1,49,33,82,420852,271643,56608,2013,2323696,751118,3074814
2020-06-10,2020,6,10,chokepoint6,Strait of Hormuz,19,11,4,1,56,35,91,710723,410813,24964,0,3537632,1146501,4684134
2020-06-11,2020,6,11,chokepoint6,Strait of Hormuz,12,12,5,4,50,33,83,285574,342255,33355,5329,1960405,666515,2626920
2020-06-12,2020,6,12,chokepoint6,Strait of Hormuz,17,9,4,2,53,32,85,777442,142414,3676,0,3190379,923534,4113913
2020-06-13,2020,6,13,chokepoint6,Strait of Hormuz,13,15,1,1,50,30,80,297389,317592,6587,0,2436340,621569,3057909
2020-06-14,2020,6,14,chokepoint6,Strait of Hormuz,14,17,6,1,56,38,94,258777,672093,20611,341,2784261,951823,3736085
2020-06-15,2020,6,15,chokepoint6,Strait of Hormuz,14,15,2,2,45,33,78,425186,516938,6373,760,1961867,949258,2911126
2020-06-16,2020,6,16,chokepoint6,Strait of Hormuz,17,12,7,0,49,36,85,577293,233734,24126,0,2009158,835154,2844312
2020-06-17,2020,6,17,chokepoint6,Strait of Hormuz,22,13,5,0,53,40,93,630637,439676,38067,0,2238221,1108381,3346603
2020-06-18,2020,6,18,chokepoint6,Strait of Hormuz,9,12,3,1,48,25,73,249741,623302,35539,0,2681114,908583,3589698
2020-06-19,2020,6,19,chokepoint6,Strait of Hormuz,25,16,6,3,47,50,97,844775,428367,45544,0,2965987,1318688,4284676
2020-06-20,2020,6,20,chokepoint6,Strait of Hormuz,13,9,4,3,56,29,85,444415,486962,16215,7999,2137578,955593,3093172
2020-06-21,2020,6,21,chokepoint6,Strait of Hormuz,14,11,3,2,57,30,87,456288,337003,3108,2562,2761118,798963,3560082
2020-06-22,2020,6,22,chokepoint6,Strait of Hormuz,12,12,5,1,63,30,93,494373,659824,6738,3750,2701263,1164686,3865950
2020-06-23,2020,6,23,chokepoint6,Strait of Hormuz,9,12,3,3,54,27,81,401747,246398,7986,1537,2032641,657669,2690311
2020-06-24,2020,6,24,chokepoint6,Strait of Hormuz,16,14,5,2,46,37,83,663500,347776,39749,3788,2283656,1054815,3338471
2020-06-25,2020,6,25,chokepoint6,Strait of Hormuz,11,11,4,3,45,29,74,167819,456400,17080,341,2526001,641641,3167643
2020-06-26,2020,6,26,chokepoint6,Strait of Hormuz,7,11,1,2,51,21,72,156378,366394,7338,0,2248667,530111,2778778
2020-06-27,2020,6,27,chokepoint6,Strait of Hormuz,14,10,4,0,49,28,77,564155,242327,46226,0,1273372,852708,2126081
2020-06-28,2020,6,28,chokepoint6,Strait of Hormuz,14,11,3,2,40,30,70,607249,322422,15424,0,1496119,945097,2441216
2020-06-29,2020,6,29,chokepoint6,Strait of Hormuz,19,14,5,1,60,39,99,658224,522972,13156,0,1573780,1194353,2768133
2020-06-30,2020,6,30,chokepoint6,Strait of Hormuz,13,17,8,0,54,38,92,343190,671908,46579,0,1624856,1061678,2686534
2020-07-01,2020,7,1,chokepoint6,Strait of Hormuz,10,7,3,3,20,23,43,252021,305688,40078,7743,845630,605532,1451162
2020-07-02,2020,7,2,chokepoint6,Strait of Hormuz,12,10,5,2,39,29,68,508915,286860,7604,0,1721825,803380,2525206
2020-07-03,2020,7,3,chokepoint6,Strait of Hormuz,14,15,5,0,55,34,89,433424,642335,30742,0,2888327,1106502,3994829
2020-07-04,2020,7,4,chokepoint6,Strait of Hormuz,14,19,3,2,42,38,80,346569,521032,4642,11531,3167920,883775,4051696
2020-07-05,2020,7,5,chokepoint6,Strait of Hormuz,13,11,8,1,55,33,88,386904,198638,50241,0,2259157,635783,2894941
2020-07-06,2020,7,6,chokepoint6,Strait of Hormuz,13,12,3,1,42,29,71,527412,464880,16349,0,2093883,1008642,3102526
2020-07-07,2020,7,7,chokepoint6,Strait of Hormuz,13,12,8,1,68,34,102,456272,396552,82551,5310,3693333,940687,4634021
2020-07-08,2020,7,8,chokepoint6,Strait of Hormuz,15,8,4,1,41,28,69,556264,323086,31827,0,1581283,911178,2492461
2020-07-09,2020,7,9,chokepoint6,Strait of Hormuz,20,14,1,0,47,35,82,659492,375016,17217,0,1953259,1051726,3004985
2020-07-10,2020,7,10,chokepoint6,Strait of Hormuz,9,13,4,3,48,29,77,439308,652530,1656,0,2764457,1093496,3857953
2020-07-11,2020,7,11,chokepoint6,Strait of Hormuz,10,13,5,2,63,30,93,274832,354770,27768,8347,3918150,665719,4583870
2020-07-12,2020,7,12,chokepoint6,Strait of Hormuz,15,11,3,0,49,29,78,467803,174160,24082,0,2467151,666047,3133198
2020-07-13,2020,7,13,chokepoint6,Strait of Hormuz,15,16,4,3,47,38,85,463177,358137,10927,8769,2313395,841011,3154407
2020-07-14,2020,7,14,chokepoint6,Strait of Hormuz,11,16,3,2,52,32,84,435804,537528,8013,0,2846631,981346,3827977
2020-07-15,2020,7,15,chokepoint6,Strait of Hormuz,12,14,1,0,44,27,71,348549,553376,0,0,2714668,901926,3616595
2020-07-16,2020,7,16,chokepoint6,Strait of Hormuz,12,9,4,1,55,26,81,279721,415911,36021,0,2358881,731654,3090535
2020-07-17,2020,7,17,chokepoint6,Strait of Hormuz,3,11,2,1,40,17,57,123639,446441,39411,2996,1820675,612488,2433164
2020-07-18,2020,7,18,chokepoint6,Strait of Hormuz,13,18,3,1,54,35,89,500617,538968,6682,0,2325879,1046268,3372147
2020-07-19,2020,7,19,chokepoint6,Strait of Hormuz,10,14,2,0,42,26,68,182336,327702,20727,0,1567599,530766,2098366
2020-07-20,2020,7,20,chokepoint6,Strait of Hormuz,15,15,3,2,59,35,94,899397,406989,4478,0,2438701,1310865,3749566
2020-07-21,2020,7,21,chokepoint6,Strait of Hormuz,10,8,4,0,48,22,70,204529,192296,8622,0,2558424,405449,2963873
2020-07-22,2020,7,22,chokepoint6,Strait of Hormuz,10,11,5,3,43,29,72,365588,241095,22325,12486,1346806,641495,1988302
2020-07-23,2020,7,23,chokepoint6,Strait of Hormuz,14,7,0,1,45,22,67,443234,87336,0,0,2327674,530570,2858245
2020-07-24,2020,7,24,chokepoint6,Strait of Hormuz,7,18,4,2,60,31,91,320299,356612,21027,1260,2908969,699199,3608168
2020-07-25,2020,7,25,chokepoint6,Strait of Hormuz,15,11,4,1,57,31,88,420982,266672,26818,0,2809349,714472,3523822
2020-07-26,2020,7,26,chokepoint6,Strait of Hormuz,19,14,7,2,55,42,97,608703,429104,53283,6328,1983340,1097420,3080760
2020-07-27,2020,7,27,chokepoint6,Strait of Hormuz,9,12,3,3,44,27,71,278700,314372,13775,2920,1746365,609767,2356133
2020-07-28,2020,7,28,chokepoint6,Strait of Hormuz,7,10,4,2,54,23,77,284263,375640,14821,557,2743651,675282,3418933
2020-07-29,2020,7,29,chokepoint6,Strait of Hormuz,24,15,2,1,44,42,86,742398,608519,3902,0,2232111,1354820,3586932
2020-07-30,2020,7,30,chokepoint6,Strait of Hormuz,9,14,5,2,63,30,93,240028,731104,17462,4009,3138523,992606,4131129
2020-07-31,2020,7,31,chokepoint6,Strait of Hormuz,8,12,3,1,42,24,66,352351,279745,7825,844,1581269,640767,2222036
2020-08-01,2020,8,1,chokepoint6,Strait of Hormuz,9,13,6,1,50,29,79,249574,425456,19407,0,2024058,694438,2718496
2020-08-02,2020,8,2,chokepoint6,Strait of Hormuz,16,15,2,2,51,35,86,593441,583437,9026,2236,2243545,1188142,3431687
2020-08-03,2020,8,3,chokepoint6,Strait of Hormuz,11,16,4,0,58,31,89,537568,391148,1950,0,2926889,930667,3857556
2020-08-04,2020,8,4,chokepoint6,Strait of Hormuz,14,9,1,2,49,26,75,482090,382994,5618,1833,2073134,872536,2945671
2020-08-05,2020,8,5,chokepoint6,Strait of Hormuz,10,15,3,2,50,30,80,440705,415112,38046,3256,3515464,897120,4412584
2020-08-06,2020,8,6,chokepoint6,Strait of Hormuz,14,8,3,2,34,27,61,325449,280107,6724,0,976830,612281,1589111
2020-08-07,2020,8,7,chokepoint6,Strait of Hormuz,11,13,7,2,53,33,86,557194,466064,39450,3496,3876156,1066205,4942362
2020-08-08,2020,8,8,chokepoint6,Strait of Hormuz,6,12,3,0,57,21,78,283425,379595,34868,0,2639533,697888,3337421
2020-08-09,2020,8,9,chokepoint6,Strait of Hormuz,14,7,3,1,36,25,61,316251,71915,2384,0,1146771,390551,1537322
2020-08-10,2020,8,10,chokepoint6,Strait of Hormuz,11,11,4,2,45,28,73,471622,463219,6130,6223,1312711,947196,2259908
2020-08-11,2020,8,11,chokepoint6,Strait of Hormuz,10,11,2,1,52,24,76,381147,399485,4839,3944,2848697,789416,3638114
2020-08-12,2020,8,12,chokepoint6,Strait of Hormuz,10,13,2,0,59,25,84,267185,605458,0,0,2379138,872644,3251782
2020-08-13,2020,8,13,chokepoint6,Strait of Hormuz,16,12,5,3,47,36,83,652722,272017,41470,7962,2439258,974171,3413430
2020-08-14,2020,8,14,chokepoint6,Strait of Hormuz,11,22,5,0,55,38,93,334037,676752,14768,0,2742871,1025557,3768429
2020-08-15,2020,8,15,chokepoint6,Strait of Hormuz,10,19,5,0,57,34,91,283274,531209,56076,0,2020087,870560,2890647
2020-08-16,2020,8,16,chokepoint6,Strait of Hormuz,16,8,2,2,56,28,84,496261,139512,0,0,3675894,635774,4311668
2020-08-17,2020,8,17,chokepoint6,Strait of Hormuz,13,16,5,2,42,36,78,511019,542107,29405,2013,1431769,1084545,2516315
2020-08-18,2020,8,18,chokepoint6,Strait of Hormuz,17,10,6,2,59,35,94,730478,213822,11902,5436,3176628,961639,4138268
2020-08-19,2020,8,19,chokepoint6,Strait of Hormuz,13,16,3,2,50,34,84,542047,504756,26445,6481,2155953,1079730,3235683
2020-08-20,2020,8,20,chokepoint6,Strait of Hormuz,13,17,4,2,40,36,76,395867,524893,12389,4110,2375536,937260,3312796
2020-08-21,2020,8,21,chokepoint6,Strait of Hormuz,12,8,4,0,43,24,67,436504,273001,48568,0,1481148,758073,2239222
2020-08-22,2020,8,22,chokepoint6,Strait of Hormuz,9,14,3,0,44,26,70,161772,677934,39436,0,2764625,879142,3643767
2020-08-23,2020,8,23,chokepoint6,Strait of Hormuz,15,15,3,0,55,33,88,563670,298017,35262,0,2064371,896950,2961321
2020-08-24,2020,8,24,chokepoint6,Strait of Hormuz,9,11,1,0,43,21,64,397159,214673,3138,0,1290965,614971,1905937
2020-08-25,2020,8,25,chokepoint6,Strait of Hormuz,6,10,2,0,54,18,72,157263,358772,2952,0,2289426,518987,2808414
2020-08-26,2020,8,26,chokepoint6,Strait of Hormuz,8,12,3,0,41,23,64,479275,538847,14424,0,1986661,1032548,3019209
2020-08-27,2020,8,27,chokepoint6,Strait of Hormuz,10,14,6,4,41,34,75,382753,500014,31025,11427,1436519,925220,2361740
2020-08-28,2020,8,28,chokepoint6,Strait of Hormuz,16,17,3,0,36,36,72,748829,453053,0,0,2099860,1201883,3301743
2020-08-29,2020,8,29,chokepoint6,Strait of Hormuz,17,16,3,3,44,39,83,611015,674098,1128,7379,2046014,1293620,3339635
2020-08-30,2020,8,30,chokepoint6,Strait of Hormuz,12,17,5,3,47,37,84,451589,499900,30939,10194,1832276,992623,2824900
2020-08-31,2020,8,31,chokepoint6,Strait of Hormuz,15,14,4,1,43,34,77,429289,356342,38463,0,2644297,824096,3468393
2020-09-01,2020,9,1,chokepoint6,Strait of Hormuz,17,10,2,3,53,32,85,588493,554900,5849,4188,2638977,1153432,3792409
2020-09-02,2020,9,2,chokepoint6,Strait of Hormuz,15,20,3,0,43,38,81,505226,768294,12678,0,1992833,1286199,3279033
2020-09-03,2020,9,3,chokepoint6,Strait of Hormuz,12,17,8,3,46,40,86,519992,487163,58762,0,2125030,1065918,3190949
2020-09-04,2020,9,4,chokepoint6,Strait of Hormuz,10,9,3,1,56,23,79,226700,430705,13755,3203,3385867,674365,4060233
2020-09-05,2020,9,5,chokepoint6,Strait of Hormuz,12,13,2,3,52,30,82,485664,294748,2175,4912,1618398,787501,2405899
2020-09-06,2020,9,6,chokepoint6,Strait of Hormuz,17,11,2,1,35,31,66,455085,299273,34403,3277,1327312,792040,2119353
2020-09-07,2020,9,7,chokepoint6,Strait of Hormuz,19,23,1,0,58,43,101,788963,612774,12067,0,1945966,1413805,3359772
2020-09-08,2020,9,8,chokepoint6,Strait of Hormuz,13,15,2,2,51,32,83,333403,511011,2934,2215,1940393,849564,2789957
2020-09-09,2020,9,9,chokepoint6,Strait of Hormuz,13,23,5,3,50,44,94,529803,770121,10439,151,2861458,1310515,4171973
2020-09-10,2020,9,10,chokepoint6,Strait of Hormuz,18,17,5,3,42,43,85,582594,544037,8011,3496,2688601,1138139,3826740
2020-09-11,2020,9,11,chokepoint6,Strait of Hormuz,6,17,5,4,60,32,92,160488,924316,46922,8970,2173240,1140697,3313938
2020-09-12,2020,9,12,chokepoint6,Strait of Hormuz,17,16,7,2,55,42,97,505303,289156,32121,8709,3534206,835290,4369497
2020-09-13,2020,9,13,chokepoint6,Strait of Hormuz,9,15,2,2,62,28,90,344190,487549,15549,5133,2923009,852423,3775432
2020-09-14,2020,9,14,chokepoint6,Strait of Hormuz,13,13,1,0,40,27,67,338187,356995,7381,0,1220274,702564,1922839
2020-09-15,2020,9,15,chokepoint6,Strait of Hormuz,10,7,1,0,34,18,52,380080,266362,9133,0,2168287,655575,2823863
2020-09-16,2020,9,16,chokepoint6,Strait of Hormuz,14,16,7,1,49,38,87,483930,641184,6380,0,1885171,1131496,3016667
2020-09-17,2020,9,17,chokepoint6,Strait of Hormuz,19,14,4,1,55,38,93,454558,357783,16847,3106,3937886,832294,4770181
2020-09-18,2020,9,18,chokepoint6,Strait of Hormuz,18,11,4,1,49,34,83,406568,400552,11462,0,1963906,818582,2782489
2020-09-19,2020,9,19,chokepoint6,Strait of Hormuz,19,24,6,0,43,49,92,609044,476846,42675,0,1215195,1128565,2343761
2020-09-20,2020,9,20,chokepoint6,Strait of Hormuz,15,11,5,3,57,34,91,493379,148298,32915,1729,2693384,676323,3369708
2020-09-21,2020,9,21,chokepoint6,Strait of Hormuz,23,22,6,1,52,52,104,863332,917890,22285,0,2552761,1803507,4356269
2020-09-22,2020,9,22,chokepoint6,Strait of Hormuz,13,13,4,1,41,31,72,342810,325286,29990,0,1914302,698087,2612389
2020-09-23,2020,9,23,chokepoint6,Strait of Hormuz,10,14,3,2,45,29,74,326732,399343,455,0,2611093,726531,3337624
2020-09-24,2020,9,24,chokepoint6,Strait of Hormuz,16,14,3,3,56,36,92,728442,556260,47884,3326,2338522,1335914,3674436
2020-09-25,2020,9,25,chokepoint6,Strait of Hormuz,12,16,3,1,39,32,71,312445,543647,7849,2215,2173117,866157,3039275
2020-09-26,2020,9,26,chokepoint6,Strait of Hormuz,19,20,1,1,40,41,81,553704,885831,4043,0,1796742,1443579,3240322
2020-09-27,2020,9,27,chokepoint6,Strait of Hormuz,18,23,4,1,64,46,110,810387,857443,28187,4620,2666776,1700638,4367415
2020-09-28,2020,9,28,chokepoint6,Strait of Hormuz,21,18,9,1,38,49,87,517632,503622,25686,9416,1777048,1056358,2833406
2020-09-29,2020,9,29,chokepoint6,Strait of Hormuz,11,12,7,1,40,31,71,439521,323700,44339,0,1891190,807561,2698752
2020-09-30,2020,9,30,chokepoint6,Strait of Hormuz,19,15,5,0,52,39,91,551635,660296,16907,0,2032495,1228839,3261334
2020-10-01,2020,10,1,chokepoint6,Strait of Hormuz,13,9,2,2,36,26,62,505097,327384,6433,1524,1309354,840439,2149793
2020-10-02,2020,10,2,chokepoint6,Strait of Hormuz,13,17,2,4,54,36,90,401303,392141,5638,0,2590432,799083,3389516
2020-10-03,2020,10,3,chokepoint6,Strait of Hormuz,17,20,2,3,65,42,107,380415,827238,7881,0,4027033,1215535,5242568
2020-10-04,2020,10,4,chokepoint6,Strait of Hormuz,12,18,3,2,51,35,86,538730,266015,41019,9912,1203023,855677,2058701
2020-10-05,2020,10,5,chokepoint6,Strait of Hormuz,15,12,1,0,35,28,63,555029,573122,3697,0,2107401,1131849,3239251
2020-10-06,2020,10,6,chokepoint6,Strait of Hormuz,11,12,5,0,72,28,100,442910,336263,6127,0,2795373,785302,3580675
2020-10-07,2020,10,7,chokepoint6,Strait of Hormuz,15,16,5,2,60,38,98,593785,504419,7056,0,2456157,1105262,3561419
2020-10-08,2020,10,8,chokepoint6,Strait of Hormuz,22,15,5,3,59,45,104,664413,447812,27744,2763,2726675,1142732,3869408
2020-10-09,2020,10,9,chokepoint6,Strait of Hormuz,9,11,2,0,37,22,59,397503,203505,6097,0,2435557,607106,3042663
2020-10-10,2020,10,10,chokepoint6,Strait of Hormuz,11,22,6,0,47,39,86,415304,566384,13310,0,1676558,994999,2671557
2020-10-11,2020,10,11,chokepoint6,Strait of Hormuz,8,15,2,0,29,25,54,354400,376685,8380,0,1504374,739466,2243840
2020-10-12,2020,10,12,chokepoint6,Strait of Hormuz,15,15,1,2,43,33,76,560383,471428,0,7993,1452391,1039806,2492197
2020-10-13,2020,10,13,chokepoint6,Strait of Hormuz,15,10,0,0,37,25,62,605029,336662,0,0,1643005,941692,2584697
2020-10-14,2020,10,14,chokepoint6,Strait of Hormuz,9,11,0,0,38,20,58,565367,272034,0,0,1209036,837401,2046438
2020-10-15,2020,10,15,chokepoint6,Strait of Hormuz,9,14,2,2,68,27,95,208896,243901,14595,3496,3484670,470889,3955559
2020-10-16,2020,10,16,chokepoint6,Strait of Hormuz,12,15,0,1,44,28,72,429898,351760,0,5064,2625611,786722,3412333
2020-10-17,2020,10,17,chokepoint6,Strait of Hormuz,10,20,3,2,43,35,78,465973,518788,2117,0,2493052,986880,3479932
2020-10-18,2020,10,18,chokepoint6,Strait of Hormuz,8,9,3,6,57,26,83,197592,320962,9391,15999,2406624,543945,2950569
2020-10-19,2020,10,19,chokepoint6,Strait of Hormuz,11,8,5,1,41,25,66,551899,169838,30456,6088,2326438,758282,3084720
2020-10-20,2020,10,20,chokepoint6,Strait of Hormuz,10,12,9,0,39,31,70,287995,513698,17066,0,1223379,818760,2042139
2020-10-21,2020,10,21,chokepoint6,Strait of Hormuz,14,7,2,0,41,23,64,798912,490576,4123,0,2172817,1293612,3466430
2020-10-22,2020,10,22,chokepoint6,Strait of Hormuz,7,10,2,2,32,21,53,172310,335222,20689,4406,1132330,532629,1664960
2020-10-23,2020,10,23,chokepoint6,Strait of Hormuz,13,23,4,4,51,44,95,590902,910095,5919,4342,2288956,1511259,3800215
2020-10-24,2020,10,24,chokepoint6,Strait of Hormuz,10,13,2,1,41,26,67,225725,409651,20066,0,1080800,655444,1736244
2020-10-25,2020,10,25,chokepoint6,Strait of Hormuz,8,16,3,3,45,30,75,186947,690224,12129,3126,2296556,892428,3188985
2020-10-26,2020,10,26,chokepoint6,Strait of Hormuz,6,11,5,1,37,23,60,216326,325624,58229,6584,1565699,606765,2172465
2020-10-27,2020,10,27,chokepoint6,Strait of Hormuz,13,15,5,2,54,35,89,371609,375013,6236,4660,1550429,757519,2307948
2020-10-28,2020,10,28,chokepoint6,Strait of Hormuz,13,10,1,2,38,26,64,397014,165213,16653,12821,1365056,591703,1956759
2020-10-29,2020,10,29,chokepoint6,Strait of Hormuz,14,15,2,1,42,32,74,430214,423269,35937,1260,2259255,890681,3149937
2020-10-30,2020,10,30,chokepoint6,Strait of Hormuz,9,17,4,2,57,32,89,523059,510108,18062,6971,2361486,1058202,3419689
2020-10-31,2020,10,31,chokepoint6,Strait of Hormuz,16,18,5,1,43,40,83,609911,582898,31144,0,2633204,1223954,3857159
2020-11-01,2020,11,1,chokepoint6,Strait of Hormuz,13,10,5,1,39,29,68,328049,475884,29168,0,2817884,833102,3650986
2020-11-02,2020,11,2,chokepoint6,Strait of Hormuz,12,12,4,2,55,30,85,454660,385554,13386,0,2508706,853601,3362307
2020-11-03,2020,11,3,chokepoint6,Strait of Hormuz,12,11,3,3,52,29,81,523546,322357,5445,6905,3072625,858254,3930880
2020-11-04,2020,11,4,chokepoint6,Strait of Hormuz,13,19,2,0,47,34,81,467358,342138,6025,0,2680839,815522,3496362
2020-11-05,2020,11,5,chokepoint6,Strait of Hormuz,16,16,3,4,48,39,87,580781,583508,4363,2181,2102578,1170834,3273413
2020-11-06,2020,11,6,chokepoint6,Strait of Hormuz,8,11,0,2,25,21,46,151177,366433,0,10147,392852,527758,920610
2020-11-07,2020,11,7,chokepoint6,Strait of Hormuz,9,9,1,0,42,19,61,232243,123387,3846,0,2235242,359477,2594719
2020-11-08,2020,11,8,chokepoint6,Strait of Hormuz,6,6,1,0,28,13,41,257211,94968,2692,0,1633416,354873,1988289
2020-11-09,2020,11,9,chokepoint6,Strait of Hormuz,10,8,4,0,42,22,64,406040,185805,8004,0,2099695,599850,2699546
2020-11-10,2020,11,10,chokepoint6,Strait of Hormuz,11,13,3,2,59,29,88,296728,431426,1960,0,1997074,730115,2727189
2020-11-11,2020,11,11,chokepoint6,Strait of Hormuz,15,18,3,1,54,37,91,600869,313297,24397,0,2881938,938564,3820503
2020-11-12,2020,11,12,chokepoint6,Strait of Hormuz,8,10,2,2,48,22,70,483674,208264,6225,4452,960961,702616,1663577
2020-11-13,2020,11,13,chokepoint6,Strait of Hormuz,6,14,0,2,31,22,53,300481,683145,0,2877,1135696,986504,2122201
2020-11-14,2020,11,14,chokepoint6,Strait of Hormuz,11,12,2,0,34,25,59,396993,394665,23056,0,1371598,814716,2186315
2020-11-15,2020,11,15,chokepoint6,Strait of Hormuz,9,11,3,0,30,23,53,487034,221974,28014,0,455472,737023,1192495
2020-11-16,2020,11,16,chokepoint6,Strait of Hormuz,9,12,0,0,27,21,48,471652,148426,0,0,715837,620078,1335916
2020-11-17,2020,11,17,chokepoint6,Strait of Hormuz,9,11,1,1,42,22,64,210938,223852,0,0,1715650,434790,2150440
2020-11-18,2020,11,18,chokepoint6,Strait of Hormuz,4,6,2,3,28,15,43,398837,276530,31702,9389,797536,716459,1513995
2020-11-19,2020,11,19,chokepoint6,Strait of Hormuz,5,8,2,1,28,16,44,175410,379736,5250,0,421241,560398,981639
2020-11-20,2020,11,20,chokepoint6,Strait of Hormuz,6,13,2,1,30,22,52,366685,362597,0,6597,966685,735880,1702566
2020-11-21,2020,11,21,chokepoint6,Strait of Hormuz,5,6,0,0,27,11,38,150697,174107,0,0,1268219,324804,1593023
2020-11-22,2020,11,22,chokepoint6,Strait of Hormuz,6,13,2,0,12,21,33,260179,384530,7782,0,638138,652492,1290630
2020-11-23,2020,11,23,chokepoint6,Strait of Hormuz,2,4,1,4,17,11,28,26245,145216,1227,4826,302139,177516,479655
2020-11-24,2020,11,24,chokepoint6,Strait of Hormuz,10,9,4,0,21,23,44,511537,280692,21174,0,203985,813404,1017389
2020-11-25,2020,11,25,chokepoint6,Strait of Hormuz,9,8,1,1,41,19,60,435894,267072,2430,4110,855478,709508,1564986
2020-11-26,2020,11,26,chokepoint6,Strait of Hormuz,8,10,1,3,33,22,55,482137,393491,1206,0,754613,876835,1631449
2020-11-27,2020,11,27,chokepoint6,Strait of Hormuz,6,11,4,1,41,22,63,437811,378797,48858,0,1552465,865467,2417932
2020-11-28,2020,11,28,chokepoint6,Strait of Hormuz,6,9,3,1,43,19,62,340894,272540,2996,3819,689170,620250,1309420
2020-11-29,2020,11,29,chokepoint6,Strait of Hormuz,8,7,3,1,37,19,56,460706,58406,11751,8171,806326,539035,1345362
2020-11-30,2020,11,30,chokepoint6,Strait of Hormuz,6,10,2,1,37,19,56,317914,384487,25102,0,607731,727504,1335236
2020-12-01,2020,12,1,chokepoint6,Strait of Hormuz,10,7,4,1,33,22,55,383327,218505,24864,0,1193412,626698,1820110
2020-12-02,2020,12,2,chokepoint6,Strait of Hormuz,9,9,6,1,53,25,78,348986,350128,46946,5363,2181178,751425,2932604
2020-12-03,2020,12,3,chokepoint6,Strait of Hormuz,9,9,1,2,44,21,65,373265,290040,12599,0,2771160,675904,3447065
2020-12-04,2020,12,4,chokepoint6,Strait of Hormuz,7,8,3,4,53,22,75,305189,172029,8286,0,2418631,485505,2904136
2020-12-05,2020,12,5,chokepoint6,Strait of Hormuz,13,9,4,0,43,26,69,417647,414587,3448,0,2907127,835683,3742810
2020-12-06,2020,12,6,chokepoint6,Strait of Hormuz,10,8,4,0,26,22,48,479080,226461,16675,0,1753346,722217,2475564
2020-12-07,2020,12,7,chokepoint6,Strait of Hormuz,4,6,0,0,31,10,41,191736,149496,0,0,1072489,341232,1413722
2020-12-08,2020,12,8,chokepoint6,Strait of Hormuz,12,10,3,1,25,26,51,362426,124282,2485,0,369612,489194,858806
2020-12-09,2020,12,9,chokepoint6,Strait of Hormuz,7,11,0,0,30,18,48,325835,117874,0,0,1093109,443709,1536818
2020-12-10,2020,12,10,chokepoint6,Strait of Hormuz,10,13,0,2,30,25,55,450995,696042,0,0,930816,1147037,2077854
2020-12-11,2020,12,11,chokepoint6,Strait of Hormuz,8,11,2,1,37,22,59,428627,356350,0,0,1328077,784977,2113055
2020-12-12,2020,12,12,chokepoint6,Strait of Hormuz,3,5,1,2,22,11,33,153454,94057,3461,4988,567471,255962,823433
2020-12-13,2020,12,13,chokepoint6,Strait of Hormuz,5,8,1,2,26,16,42,103295,273512,2265,0,449959,379073,829033
2020-12-14,2020,12,14,chokepoint6,Strait of Hormuz,10,5,1,1,42,17,59,309829,105080,16159,2520,857137,433589,1290726
2020-12-15,2020,12,15,chokepoint6,Strait of Hormuz,10,10,1,2,29,23,52,283984,348157,19607,4784,1397123,656534,2053658
2020-12-16,2020,12,16,chokepoint6,Strait of Hormuz,9,9,2,0,16,20,36,352326,152354,4251,0,677381,508933,1186314
2020-12-17,2020,12,17,chokepoint6,Strait of Hormuz,4,2,1,2,12,9,21,230870,36897,2200,0,106975,269968,376944
2020-12-18,2020,12,18,chokepoint6,Strait of Hormuz,4,15,1,2,29,22,51,254177,365593,0,0,636630,619770,1256401
2020-12-19,2020,12,19,chokepoint6,Strait of Hormuz,7,13,3,1,30,24,54,194241,459308,6894,0,526268,660444,1186712
2020-12-20,2020,12,20,chokepoint6,Strait of Hormuz,6,7,0,1,28,14,42,134686,120945,0,8102,720519,263734,984253
2020-12-21,2020,12,21,chokepoint6,Strait of Hormuz,4,8,1,0,31,13,44,174748,33113,0,0,1123926,207862,1331789
2020-12-22,2020,12,22,chokepoint6,Strait of Hormuz,4,6,3,1,38,14,52,200129,111551,9249,0,1731722,320930,2052652
2020-12-23,2020,12,23,chokepoint6,Strait of Hormuz,12,6,0,2,32,20,52,562017,238383,0,12539,1106414,812939,1919353
2020-12-24,2020,12,24,chokepoint6,Strait of Hormuz,7,8,3,2,33,20,53,238187,142874,7799,0,845901,388860,1234762
2020-12-25,2020,12,25,chokepoint6,Strait of Hormuz,8,10,0,2,19,20,39,422039,217284,0,9660,578933,648984,1227917
2020-12-26,2020,12,26,chokepoint6,Strait of Hormuz,11,3,0,0,57,14,71,193245,109569,0,0,985136,302814,1287950
2020-12-27,2020,12,27,chokepoint6,Strait of Hormuz,5,5,1,0,29,11,40,161277,92242,6435,0,1186636,259956,1446592
2020-12-28,2020,12,28,chokepoint6,Strait of Hormuz,9,13,1,1,34,24,58,326527,257908,3846,6223,391817,594505,986322
2020-12-29,2020,12,29,chokepoint6,Strait of Hormuz,6,15,2,0,38,23,61,149393,366540,0,0,1281476,515934,1797410
2020-12-30,2020,12,30,chokepoint6,Strait of Hormuz,5,6,3,3,29,17,46,358366,72021,21110,4879,1097582,456378,1553960
2020-12-31,2020,12,31,chokepoint6,Strait of Hormuz,11,6,2,1,31,20,51,339859,163763,5808,0,1501885,509432,2011317
2021-01-01,2021,1,1,chokepoint6,Strait of Hormuz,8,14,1,0,42,23,65,383188,428453,3232,0,758317,814873,1573191
2021-01-02,2021,1,2,chokepoint6,Strait of Hormuz,10,4,3,1,36,18,54,336278,64931,6462,3902,996927,411574,1408502
2021-01-03,2021,1,3,chokepoint6,Strait of Hormuz,5,16,1,1,43,23,66,99054,415682,0,3809,1545637,518547,2064185
2021-01-04,2021,1,4,chokepoint6,Strait of Hormuz,10,5,2,1,33,18,51,262806,142563,24483,0,806470,429853,1236323
2021-01-05,2021,1,5,chokepoint6,Strait of Hormuz,14,9,1,0,46,24,70,273384,227094,0,0,2036510,500478,2536989
2021-01-06,2021,1,6,chokepoint6,Strait of Hormuz,9,12,4,2,42,27,69,337235,202720,26829,5576,1018448,572362,1590810
2021-01-07,2021,1,7,chokepoint6,Strait of Hormuz,12,8,1,0,38,21,59,450263,239066,5638,0,1919987,694968,2614956
2021-01-08,2021,1,8,chokepoint6,Strait of Hormuz,6,12,1,1,34,20,54,233389,283424,1996,0,1129927,518810,1648738
2021-01-09,2021,1,9,chokepoint6,Strait of Hormuz,6,14,1,2,40,23,63,280049,235870,1685,3253,935549,520858,1456407
2021-01-10,2021,1,10,chokepoint6,Strait of Hormuz,5,5,2,1,29,13,42,172821,157909,0,0,595034,330730,925764
2021-01-11,2021,1,11,chokepoint6,Strait of Hormuz,9,13,2,1,39,25,64,520071,260857,7099,0,825311,788028,1613340
2021-01-12,2021,1,12,chokepoint6,Strait of Hormuz,10,8,5,1,35,24,59,241422,209385,18872,6847,1142436,476528,1618964
2021-01-13,2021,1,13,chokepoint6,Strait of Hormuz,5,17,2,1,37,25,62,335104,288857,12691,7573,1532549,644227,2176777
2021-01-14,2021,1,14,chokepoint6,Strait of Hormuz,11,13,1,2,37,27,64,498853,370766,4018,2801,1340906,876440,2217346
2021-01-15,2021,1,15,chokepoint6,Strait of Hormuz,11,16,2,0,43,29,72,359785,667091,1700,0,1583492,1028577,2612069
2021-01-16,2021,1,16,chokepoint6,Strait of Hormuz,7,9,2,1,45,19,64,226486,350393,21482,0,2264517,598361,2862879
2021-01-17,2021,1,17,chokepoint6,Strait of Hormuz,6,16,2,2,46,26,72,360980,461197,15600,0,2052758,837778,2890536
2021-01-18,2021,1,18,chokepoint6,Strait of Hormuz,17,17,5,1,46,40,86,608759,493010,55698,3237,2334880,1160705,3495586
2021-01-19,2021,1,19,chokepoint6,Strait of Hormuz,9,28,8,3,52,48,100,235586,851452,33529,10791,2120141,1131359,3251500
2021-01-20,2021,1,20,chokepoint6,Strait of Hormuz,9,14,3,2,53,28,81,281539,215556,886,9338,2553224,507321,3060546
2021-01-21,2021,1,21,chokepoint6,Strait of Hormuz,11,10,5,1,42,27,69,157046,493977,33712,0,2749725,684736,3434461
2021-01-22,2021,1,22,chokepoint6,Strait of Hormuz,12,9,2,2,33,25,58,594531,688794,743,4465,1154838,1288535,2443373
2021-01-23,2021,1,23,chokepoint6,Strait of Hormuz,10,10,0,0,35,20,55,278595,156029,0,0,980782,434625,1415408
2021-01-24,2021,1,24,chokepoint6,Strait of Hormuz,7,9,0,1,26,17,43,222745,170650,0,0,511370,393395,904765
2021-01-25,2021,1,25,chokepoint6,Strait of Hormuz,5,9,1,0,41,15,56,291993,186232,702,0,2600956,478928,3079884
2021-01-26,2021,1,26,chokepoint6,Strait of Hormuz,6,7,0,4,44,17,61,93154,99784,0,10958,2623826,203897,2827724
2021-01-27,2021,1,27,chokepoint6,Strait of Hormuz,14,12,5,0,52,31,83,558506,330202,18160,0,2189447,906869,3096316
2021-01-28,2021,1,28,chokepoint6,Strait of Hormuz,10,9,2,1,51,22,73,154611,240942,20936,0,2469421,416490,2885912
2021-01-29,2021,1,29,chokepoint6,Strait of Hormuz,14,19,5,1,45,39,84,567755,649792,69976,0,2133982,1287524,3421507
2021-01-30,2021,1,30,chokepoint6,Strait of Hormuz,11,14,1,1,41,27,68,393452,374597,7192,0,1693139,775243,2468383
2021-01-31,2021,1,31,chokepoint6,Strait of Hormuz,5,10,4,4,37,23,60,268455,294659,33353,2592,2268087,599060,2867148
2021-02-01,2021,2,1,chokepoint6,Strait of Hormuz,10,7,5,1,38,23,61,369403,231293,11420,0,1662502,612118,2274620
2021-02-02,2021,2,2,chokepoint6,Strait of Hormuz,9,15,3,2,36,29,65,340741,466130,7770,6223,1320756,820865,2141622
2021-02-03,2021,2,3,chokepoint6,Strait of Hormuz,7,8,1,3,49,19,68,180513,325788,14442,11067,2921095,531813,3452908
2021-02-04,2021,2,4,chokepoint6,Strait of Hormuz,16,9,4,0,55,29,84,598839,408649,13116,0,2706965,1020605,3727571
2021-02-05,2021,2,5,chokepoint6,Strait of Hormuz,14,7,3,0,46,24,70,413614,217820,14029,0,2015514,645465,2660979
2021-02-06,2021,2,6,chokepoint6,Strait of Hormuz,6,7,4,2,45,19,64,348136,318364,4542,4893,2892064,675936,3568001
2021-02-07,2021,2,7,chokepoint6,Strait of Hormuz,8,13,1,1,39,23,62,386698,353633,1958,0,1576669,742289,2318959
2021-02-08,2021,2,8,chokepoint6,Strait of Hormuz,8,7,4,0,35,19,54,287009,258523,8626,0,1817072,554159,2371232
2021-02-09,2021,2,9,chokepoint6,Strait of Hormuz,8,6,3,2,50,19,69,269129,389200,5240,5325,2057499,668896,2726395
2021-02-10,2021,2,10,chokepoint6,Strait of Hormuz,10,16,2,2,37,30,67,380983,536185,12585,2277,1392070,932032,2324103
2021-02-11,2021,2,11,chokepoint6,Strait of Hormuz,16,13,4,5,39,38,77,508166,269163,16642,4299,1961727,798272,2759999
2021-02-12,2021,2,12,chokepoint6,Strait of Hormuz,9,12,6,2,64,29,93,304851,517299,21243,4631,3455165,848025,4303191
2021-02-13,2021,2,13,chokepoint6,Strait of Hormuz,13,10,3,0,46,26,72,599921,101790,40557,0,2310183,742268,3052452
2021-02-14,2021,2,14,chokepoint6,Strait of Hormuz,8,9,3,1,55,21,76,213812,278334,1173,3408,2887967,496729,3384696
2021-02-15,2021,2,15,chokepoint6,Strait of Hormuz,15,21,4,0,62,40,102,358388,700450,7198,0,2457892,1066037,3523929
2021-02-16,2021,2,16,chokepoint6,Strait of Hormuz,19,11,6,1,44,37,81,494432,519516,10830,5429,2393318,1030208,3423527
2021-02-17,2021,2,17,chokepoint6,Strait of Hormuz,12,14,4,2,44,32,76,453082,507695,18703,3294,1854388,982776,2837165
2021-02-18,2021,2,18,chokepoint6,Strait of Hormuz,11,12,1,3,42,27,69,437800,473567,0,3112,2071912,914480,2986392
2021-02-19,2021,2,19,chokepoint6,Strait of Hormuz,15,11,2,1,48,29,77,575733,459178,33986,0,2317292,1068899,3386192
2021-02-20,2021,2,20,chokepoint6,Strait of Hormuz,12,9,5,0,35,26,61,340906,269579,29477,0,1361059,639963,2001023
2021-02-21,2021,2,21,chokepoint6,Strait of Hormuz,6,9,2,0,29,17,46,235432,292635,1162,0,832483,529230,1361713
2021-02-22,2021,2,22,chokepoint6,Strait of Hormuz,13,11,1,2,33,27,60,525100,513219,5678,6214,1315157,1050213,2365370
2021-02-23,2021,2,23,chokepoint6,Strait of Hormuz,10,8,2,3,43,23,66,365264,320308,17614,11704,2860352,714892,3575244
2021-02-24,2021,2,24,chokepoint6,Strait of Hormuz,9,10,2,1,30,22,52,476817,259525,7400,9286,467784,753029,1220814
2021-02-25,2021,2,25,chokepoint6,Strait of Hormuz,12,11,2,1,49,26,75,286261,248800,2492,0,2270680,537553,2808233
2021-02-26,2021,2,26,chokepoint6,Strait of Hormuz,9,8,1,0,33,18,51,370856,207673,6765,0,1684595,585295,2269891
2021-02-27,2021,2,27,chokepoint6,Strait of Hormuz,9,11,0,4,40,24,64,232881,379226,0,6476,787010,618584,1405594
2021-02-28,2021,2,28,chokepoint6,Strait of Hormuz,8,7,1,1,19,17,36,331384,218292,8038,2277,276926,559993,836920
2021-03-01,2021,3,1,chokepoint6,Strait of Hormuz,15,12,1,2,41,30,71,551470,312995,7036,0,1809307,871502,2680809
2021-03-02,2021,3,2,chokepoint6,Strait of Hormuz,11,17,2,3,45,33,78,360975,477205,7423,6802,2112349,852406,2964756
2021-03-03,2021,3,3,chokepoint6,Strait of Hormuz,14,12,5,1,46,32,78,833468,375437,22560,0,2066534,1231465,3298000
2021-03-04,2021,3,4,chokepoint6,Strait of Hormuz,13,5,2,0,49,20,69,522196,233703,5727,0,2553893,761628,3315521
2021-03-05,2021,3,5,chokepoint6,Strait of Hormuz,12,17,1,1,42,31,73,462683,655381,0,1790,2004951,1119855,3124806
2021-03-06,2021,3,6,chokepoint6,Strait of Hormuz,14,9,5,0,35,28,63,519564,270496,35127,0,1615068,825189,2440257
2021-03-07,2021,3,7,chokepoint6,Strait of Hormuz,2,8,1,2,27,13,40,20708,129486,0,9664,953938,159859,1113797
2021-03-08,2021,3,8,chokepoint6,Strait of Hormuz,7,11,2,1,25,21,46,288700,365306,27452,0,513466,681459,1194926
2021-03-09,2021,3,9,chokepoint6,Strait of Hormuz,9,13,4,4,49,30,79,208145,437269,15589,13146,2398894,674151,3073045
2021-03-10,2021,3,10,chokepoint6,Strait of Hormuz,6,9,2,0,26,17,43,286888,221647,17467,0,858417,526003,1384421
2021-03-11,2021,3,11,chokepoint6,Strait of Hormuz,17,8,1,2,52,28,80,702970,266588,5968,7636,3852469,983163,4835633
2021-03-12,2021,3,12,chokepoint6,Strait of Hormuz,9,12,0,1,46,22,68,360238,468160,0,0,1390575,828399,2218975
2021-03-13,2021,3,13,chokepoint6,Strait of Hormuz,9,9,4,2,35,24,59,416220,182666,39946,10363,1509569,649197,2158767
2021-03-14,2021,3,14,chokepoint6,Strait of Hormuz,8,11,4,0,38,23,61,222388,456312,3409,0,1546336,682110,2228446
2021-03-15,2021,3,15,chokepoint6,Strait of Hormuz,11,17,2,1,49,31,80,483805,456716,24224,0,2420719,964746,3385466
2021-03-16,2021,3,16,chokepoint6,Strait of Hormuz,13,16,1,3,53,33,86,396118,535860,7610,4214,2776452,943805,3720257
2021-03-17,2021,3,17,chokepoint6,Strait of Hormuz,4,2,0,1,7,7,14,259784,45250,0,0,525561,305034,830596
2021-03-18,2021,3,18,chokepoint6,Strait of Hormuz,13,6,1,0,32,20,52,554324,214843,17270,0,1185455,786438,1971893
2021-03-19,2021,3,19,chokepoint6,Strait of Hormuz,12,14,4,3,53,33,86,364565,616451,66130,7440,2201709,1054588,3256297
2021-03-20,2021,3,20,chokepoint6,Strait of Hormuz,9,14,2,5,39,30,69,258645,376123,9266,6595,2254040,650632,2904672
2021-03-21,2021,3,21,chokepoint6,Strait of Hormuz,4,7,3,0,23,14,37,171657,117063,8940,0,1604416,297661,1902077
2021-03-22,2021,3,22,chokepoint6,Strait of Hormuz,9,8,1,0,44,18,62,351826,230447,2284,0,1481268,584558,2065826
2021-03-23,2021,3,23,chokepoint6,Strait of Hormuz,12,12,1,5,29,30,59,331914,507262,12240,7101,1329059,858518,2187578
2021-03-24,2021,3,24,chokepoint6,Strait of Hormuz,16,14,2,0,55,32,87,488656,359530,6792,0,3165455,854979,4020434
2021-03-25,2021,3,25,chokepoint6,Strait of Hormuz,7,8,0,2,32,17,49,288864,261705,0,0,1546231,550570,2096801
2021-03-26,2021,3,26,chokepoint6,Strait of Hormuz,11,10,2,1,34,24,58,448683,185819,6491,4380,1176847,645375,1822222
2021-03-27,2021,3,27,chokepoint6,Strait of Hormuz,13,11,3,5,53,32,85,315881,345681,11659,4156,2093205,677378,2770584
2021-03-28,2021,3,28,chokepoint6,Strait of Hormuz,12,13,1,0,42,26,68,452658,443003,3363,0,1661075,899024,2560100
2021-03-29,2021,3,29,chokepoint6,Strait of Hormuz,13,10,5,3,48,31,79,423747,326310,15401,6765,1471125,772225,2243350
2021-03-30,2021,3,30,chokepoint6,Strait of Hormuz,17,11,3,3,55,34,89,575820,494791,1598,9022,2291525,1081233,3372759
2021-03-31,2021,3,31,chokepoint6,Strait of Hormuz,16,19,3,2,51,40,91,507018,552024,2598,5041,2021023,1066682,3087705
2021-04-01,2021,4,1,chokepoint6,Strait of Hormuz,21,23,5,0,60,49,109,592872,1081498,38248,0,2489377,1712619,4201996
2021-04-02,2021,4,2,chokepoint6,Strait of Hormuz,12,16,2,1,49,31,80,248257,571476,3857,0,2502396,823591,3325988
2021-04-03,2021,4,3,chokepoint6,Strait of Hormuz,13,13,6,3,65,35,100,328626,561931,83446,4602,4453617,978607,5432225
2021-04-04,2021,4,4,chokepoint6,Strait of Hormuz,12,10,2,2,61,26,87,333768,255938,11377,0,3408932,601084,4010016
2021-04-05,2021,4,5,chokepoint6,Strait of Hormuz,8,11,4,0,50,23,73,148522,249616,6880,0,2007289,405020,2412309
2021-04-06,2021,4,6,chokepoint6,Strait of Hormuz,14,17,0,2,26,33,59,594185,559101,0,3575,1183906,1156862,2340769
2021-04-07,2021,4,7,chokepoint6,Strait of Hormuz,14,14,0,4,67,32,99,378977,385726,0,4804,2816534,769507,3586042
2021-04-08,2021,4,8,chokepoint6,Strait of Hormuz,11,16,4,1,43,32,75,272507,727448,45968,0,2042374,1045925,3088300
2021-04-09,2021,4,9,chokepoint6,Strait of Hormuz,21,17,3,3,68,44,112,984923,596674,3948,6132,2465141,1591678,4056820
2021-04-10,2021,4,10,chokepoint6,Strait of Hormuz,5,13,3,1,48,22,70,209811,627512,19896,2060,1756263,859280,2615543
2021-04-11,2021,4,11,chokepoint6,Strait of Hormuz,13,15,4,1,47,33,80,358632,465331,23769,0,2117058,847733,2964792
2021-04-12,2021,4,12,chokepoint6,Strait of Hormuz,10,13,4,3,41,30,71,322248,340919,8919,10996,2836800,683083,3519883
2021-04-13,2021,4,13,chokepoint6,Strait of Hormuz,2,9,2,2,41,15,56,55239,295428,9896,6038,2165137,366602,2531740
2021-04-14,2021,4,14,chokepoint6,Strait of Hormuz,8,7,5,0,37,20,57,266111,203341,67815,0,1443194,537267,1980462
2021-04-15,2021,4,15,chokepoint6,Strait of Hormuz,16,10,3,3,33,32,65,591509,295792,45831,2177,1927827,935310,2863137
2021-04-16,2021,4,16,chokepoint6,Strait of Hormuz,16,14,3,2,58,35,93,625112,758540,7437,10550,2517647,1401641,3919289
2021-04-17,2021,4,17,chokepoint6,Strait of Hormuz,19,13,1,0,60,33,93,675355,462064,0,0,3224553,1137419,4361973
2021-04-18,2021,4,18,chokepoint6,Strait of Hormuz,9,19,3,1,50,32,82,204011,593988,13264,0,2911981,811265,3723246
2021-04-19,2021,4,19,chokepoint6,Strait of Hormuz,17,16,2,0,47,35,82,630947,648950,2190,0,2826169,1282089,4108258
2021-04-20,2021,4,20,chokepoint6,Strait of Hormuz,13,15,5,1,40,34,74,409138,729469,26872,0,2230840,1165480,3396321
2021-04-21,2021,4,21,chokepoint6,Strait of Hormuz,18,13,3,11,52,45,97,464545,420538,7696,14610,2406474,907391,3313865
2021-04-22,2021,4,22,chokepoint6,Strait of Hormuz,22,16,4,3,59,45,104,883416,464918,3606,6154,2878984,1358096,4237080
2021-04-23,2021,4,23,chokepoint6,Strait of Hormuz,14,18,2,0,56,34,90,335768,616817,6037,0,2155422,958623,3114045
2021-04-24,2021,4,24,chokepoint6,Strait of Hormuz,16,22,5,2,59,45,104,314584,703030,56434,3959,2872051,1078009,3950061
2021-04-25,2021,4,25,chokepoint6,Strait of Hormuz,12,14,2,1,46,29,75,416452,428945,6669,0,1959323,852067,2811390
2021-04-26,2021,4,26,chokepoint6,Strait of Hormuz,9,8,2,3,40,22,62,397782,350745,699,0,2443967,749227,3193194
2021-04-27,2021,4,27,chokepoint6,Strait of Hormuz,14,16,6,1,42,37,79,381165,437553,104677,0,2097330,923396,3020726
2021-04-28,2021,4,28,chokepoint6,Strait of Hormuz,12,12,1,3,47,28,75,413648,484008,6491,15368,2527825,919516,3447342
2021-04-29,2021,4,29,chokepoint6,Strait of Hormuz,10,12,5,3,41,30,71,334844,210056,70705,12351,996553,627958,1624511
2021-04-30,2021,4,30,chokepoint6,Strait of Hormuz,10,11,4,0,29,25,54,369042,270834,13127,0,1394630,653005,2047635
2021-05-01,2021,5,1,chokepoint6,Strait of Hormuz,12,14,5,3,33,34,67,358332,492252,10883,8166,1554729,869635,2424364
2021-05-02,2021,5,2,chokepoint6,Strait of Hormuz,15,10,2,1,53,28,81,339926,290267,9604,0,2017922,639799,2657721
2021-05-03,2021,5,3,chokepoint6,Strait of Hormuz,7,12,2,0,64,21,85,259909,528557,8381,0,2853367,796848,3650215
2021-05-04,2021,5,4,chokepoint6,Strait of Hormuz,9,10,4,6,44,29,73,222728,194522,75171,6959,1414667,499382,1914049
2021-05-05,2021,5,5,chokepoint6,Strait of Hormuz,8,10,0,2,37,20,57,446783,221012,0,7573,2105146,675369,2780515
2021-05-06,2021,5,6,chokepoint6,Strait of Hormuz,10,14,4,0,55,28,83,308869,478927,17281,0,4242514,805078,5047593
2021-05-07,2021,5,7,chokepoint6,Strait of Hormuz,19,12,3,3,56,37,93,738573,396223,13348,0,2435667,1148145,3583812
2021-05-08,2021,5,8,chokepoint6,Strait of Hormuz,13,21,3,3,63,40,103,303139,1304771,17850,2106,2567874,1627867,4195742
2021-05-09,2021,5,9,chokepoint6,Strait of Hormuz,8,9,2,1,49,20,69,407304,459596,9692,0,2351311,876592,3227904
2021-05-10,2021,5,10,chokepoint6,Strait of Hormuz,13,15,2,3,38,33,71,447247,343285,29410,7884,2083470,827827,2911298
2021-05-11,2021,5,11,chokepoint6,Strait of Hormuz,12,22,3,3,60,40,100,302454,633235,8477,3128,3353633,947295,4300929
2021-05-12,2021,5,12,chokepoint6,Strait of Hormuz,18,22,4,2,52,46,98,740244,924537,24214,7515,3031424,1696512,4727936
2021-05-13,2021,5,13,chokepoint6,Strait of Hormuz,13,13,5,4,69,35,104,255577,424776,29037,6989,3203837,716380,3920218
2021-05-14,2021,5,14,chokepoint6,Strait of Hormuz,17,10,4,1,56,32,88,560949,79262,20627,0,2827271,660838,3488110
2021-05-15,2021,5,15,chokepoint6,Strait of Hormuz,7,6,0,0,49,13,62,229158,363605,0,0,2738005,592764,3330769
2021-05-16,2021,5,16,chokepoint6,Strait of Hormuz,8,13,5,0,24,26,50,481350,573085,25009,0,1241585,1079445,2321031
2021-05-17,2021,5,17,chokepoint6,Strait of Hormuz,12,20,2,4,46,38,84,303124,599657,4726,11258,1877568,918766,2796334
2021-05-18,2021,5,18,chokepoint6,Strait of Hormuz,14,11,4,2,51,31,82,309768,387583,1137,2577,3475533,701067,4176600
2021-05-19,2021,5,19,chokepoint6,Strait of Hormuz,12,15,3,4,51,34,85,383359,497540,7337,12673,2303558,900911,3204469
2021-05-20,2021,5,20,chokepoint6,Strait of Hormuz,11,16,4,2,48,33,81,540597,448478,14700,3367,2349478,1007143,3356622
2021-05-21,2021,5,21,chokepoint6,Strait of Hormuz,15,20,3,1,47,39,86,405942,1027971,4636,0,3051958,1438550,4490509
2021-05-22,2021,5,22,chokepoint6,Strait of Hormuz,12,18,2,1,55,33,88,310952,1135282,12225,0,2793287,1458459,4251747
2021-05-23,2021,5,23,chokepoint6,Strait of Hormuz,10,11,4,1,58,26,84,270847,277390,41153,5189,2250044,594580,2844624
2021-05-24,2021,5,24,chokepoint6,Strait of Hormuz,12,11,4,4,54,31,85,243721,567255,10602,7159,2147805,828739,2976544
2021-05-25,2021,5,25,chokepoint6,Strait of Hormuz,10,9,4,4,47,27,74,378183,236098,19169,2523,3063871,635974,3699846
2021-05-26,2021,5,26,chokepoint6,Strait of Hormuz,12,9,4,1,38,26,64,360791,311829,24859,1910,1296452,699391,1995844
2021-05-27,2021,5,27,chokepoint6,Strait of Hormuz,20,10,3,1,52,34,86,712024,350857,59227,5475,2646773,1127585,3774359
2021-05-28,2021,5,28,chokepoint6,Strait of Hormuz,16,18,3,1,43,38,81,646252,601081,4582,0,1499640,1251915,2751556
2021-05-29,2021,5,29,chokepoint6,Strait of Hormuz,11,18,2,3,48,34,82,473682,885048,8502,3526,1928234,1370760,3298995
2021-05-30,2021,5,30,chokepoint6,Strait of Hormuz,12,12,1,1,44,26,70,572804,398586,0,5436,1949257,976826,2926084
2021-05-31,2021,5,31,chokepoint6,Strait of Hormuz,15,15,5,0,56,35,91,546845,709368,24421,0,2763244,1280635,4043879
2021-06-01,2021,6,1,chokepoint6,Strait of Hormuz,19,25,2,1,55,47,102,554482,859076,7786,0,2863438,1421344,4284783
2021-06-02,2021,6,2,chokepoint6,Strait of Hormuz,14,10,3,2,60,29,89,444968,490323,6495,0,2406501,941787,3348288
2021-06-03,2021,6,3,chokepoint6,Strait of Hormuz,15,10,3,3,65,31,96,347335,463433,11503,10895,3083959,833167,3917127
2021-06-04,2021,6,4,chokepoint6,Strait of Hormuz,13,12,0,3,42,28,70,317329,209586,0,2511,2265310,529427,2794737
2021-06-05,2021,6,5,chokepoint6,Strait of Hormuz,20,17,2,2,57,41,98,639904,612593,2306,0,3698999,1254805,4953804
2021-06-06,2021,6,6,chokepoint6,Strait of Hormuz,17,22,1,2,46,42,88,730205,976082,7799,0,1997408,1714086,3711494
2021-06-07,2021,6,7,chokepoint6,Strait of Hormuz,11,10,1,1,60,23,83,256808,423062,1554,0,2669625,681425,3351050
2021-06-08,2021,6,8,chokepoint6,Strait of Hormuz,8,12,1,2,51,23,74,257263,400699,1391,6032,2786037,665387,3451425
2021-06-09,2021,6,9,chokepoint6,Strait of Hormuz,16,20,5,0,51,41,92,641067,747114,31241,0,2930976,1419422,4350399
2021-06-10,2021,6,10,chokepoint6,Strait of Hormuz,18,24,3,3,44,48,92,544726,753145,15173,2374,1747649,1315419,3063069
2021-06-11,2021,6,11,chokepoint6,Strait of Hormuz,13,17,4,1,60,35,95,505081,348768,13070,0,2967411,866920,3834331
2021-06-12,2021,6,12,chokepoint6,Strait of Hormuz,21,17,4,3,46,45,91,773547,625383,24678,0,2105518,1423609,3529128
2021-06-13,2021,6,13,chokepoint6,Strait of Hormuz,8,12,3,3,45,26,71,387714,485325,27157,0,1431607,900197,2331805
2021-06-14,2021,6,14,chokepoint6,Strait of Hormuz,12,13,3,2,39,30,69,519377,527207,16842,4311,3030141,1067738,4097880
2021-06-15,2021,6,15,chokepoint6,Strait of Hormuz,16,18,5,1,49,40,89,429771,747803,14089,0,2358723,1191664,3550388
2021-06-16,2021,6,16,chokepoint6,Strait of Hormuz,16,18,5,2,60,41,101,485242,481128,3537,3229,2486275,973138,3459414
2021-06-17,2021,6,17,chokepoint6,Strait of Hormuz,15,14,3,1,58,33,91,373418,650786,17384,3813,2837639,1045402,3883042
2021-06-18,2021,6,18,chokepoint6,Strait of Hormuz,14,10,1,2,68,27,95,562729,286699,7171,521,3471598,857122,4328720
2021-06-19,2021,6,19,chokepoint6,Strait of Hormuz,18,14,1,1,51,34,85,509061,585387,925,0,2724144,1095373,3819518
2021-06-20,2021,6,20,chokepoint6,Strait of Hormuz,13,15,7,2,52,37,89,487860,1013984,40490,6223,2658482,1548558,4207040
2021-06-21,2021,6,21,chokepoint6,Strait of Hormuz,12,16,1,0,60,29,89,307717,507710,0,0,2956069,815428,3771497
2021-06-22,2021,6,22,chokepoint6,Strait of Hormuz,16,12,3,1,62,32,94,467477,345316,21952,4452,2845713,839198,3684912
2021-06-23,2021,6,23,chokepoint6,Strait of Hormuz,17,15,2,4,56,38,94,607689,335048,11085,6303,3489995,960125,4450121
2021-06-24,2021,6,24,chokepoint6,Strait of Hormuz,17,13,2,2,49,34,83,374956,466023,11375,0,2070315,852355,2922671
2021-06-25,2021,6,25,chokepoint6,Strait of Hormuz,13,19,2,4,68,38,106,484504,585551,2062,6376,2938032,1078495,4016528
2021-06-26,2021,6,26,chokepoint6,Strait of Hormuz,12,17,5,3,50,37,87,348245,740432,17454,2617,2207656,1108749,3316406
2021-06-27,2021,6,27,chokepoint6,Strait of Hormuz,15,12,2,0,45,29,74,443885,319401,1318,0,3195596,764605,3960201
2021-06-28,2021,6,28,chokepoint6,Strait of Hormuz,12,12,1,1,52,26,78,453980,588194,314,5471,2958882,1047960,4006843
2021-06-29,2021,6,29,chokepoint6,Strait of Hormuz,16,15,1,1,52,33,85,497301,421015,4947,0,1906189,923263,2829453
2021-06-30,2021,6,30,chokepoint6,Strait of Hormuz,10,14,4,1,54,29,83,337471,419543,20381,5949,2282312,783346,3065659
2021-07-01,2021,7,1,chokepoint6,Strait of Hormuz,16,15,5,3,56,39,95,476411,754763,22013,4493,1878191,1257681,3135873
2021-07-02,2021,7,2,chokepoint6,Strait of Hormuz,22,8,2,0,60,32,92,657304,76121,3297,0,2623401,736724,3360125
2021-07-03,2021,7,3,chokepoint6,Strait of Hormuz,16,15,4,1,51,36,87,804326,349899,44805,0,3803649,1199031,5002680
2021-07-04,2021,7,4,chokepoint6,Strait of Hormuz,9,16,3,4,49,32,81,207609,589328,23683,0,2242501,820620,3063122
2021-07-05,2021,7,5,chokepoint6,Strait of Hormuz,15,16,2,2,50,35,85,239833,893634,24155,1643,2574957,1159266,3734223
2021-07-06,2021,7,6,chokepoint6,Strait of Hormuz,12,14,4,1,47,31,78,471790,376486,24038,5440,1354947,877755,2232703
2021-07-07,2021,7,7,chokepoint6,Strait of Hormuz,10,13,1,4,45,28,73,334915,419998,0,6416,3074580,761330,3835911
2021-07-08,2021,7,8,chokepoint6,Strait of Hormuz,17,16,2,1,48,36,84,335564,668750,18770,16573,2260210,1039659,3299869
2021-07-09,2021,7,9,chokepoint6,Strait of Hormuz,19,13,4,5,54,41,95,742561,578820,3361,0,2422290,1324742,3747033
2021-07-10,2021,7,10,chokepoint6,Strait of Hormuz,12,9,5,1,55,27,82,412604,495237,38002,0,2307435,945843,3253278
2021-07-11,2021,7,11,chokepoint6,Strait of Hormuz,9,9,2,1,55,21,76,183641,220255,21456,0,2717637,425353,3142990
2021-07-12,2021,7,12,chokepoint6,Strait of Hormuz,13,10,3,3,58,29,87,383128,221101,4433,10148,2071570,618812,2690382
2021-07-13,2021,7,13,chokepoint6,Strait of Hormuz,11,18,2,0,43,31,74,459305,743729,3331,0,2759452,1206366,3965818
2021-07-14,2021,7,14,chokepoint6,Strait of Hormuz,12,13,1,2,53,28,81,386312,525602,16596,8992,2360138,937504,3297643
2021-07-15,2021,7,15,chokepoint6,Strait of Hormuz,13,12,2,0,36,27,63,439512,305483,1810,0,1838077,746806,2584883
2021-07-16,2021,7,16,chokepoint6,Strait of Hormuz,13,11,3,3,49,30,79,424457,273604,24810,7152,2787869,730024,3517894
2021-07-17,2021,7,17,chokepoint6,Strait of Hormuz,11,13,0,1,53,25,78,256515,282954,0,0,2067291,539470,2606761
2021-07-18,2021,7,18,chokepoint6,Strait of Hormuz,8,9,1,2,51,20,71,175346,242335,0,0,2020902,417682,2438584
2021-07-19,2021,7,19,chokepoint6,Strait of Hormuz,15,9,5,1,56,30,86,564116,321928,29815,6845,3239270,922707,4161977
2021-07-20,2021,7,20,chokepoint6,Strait of Hormuz,14,14,1,1,58,30,88,555403,442822,8917,0,2147134,1007143,3154277
2021-07-21,2021,7,21,chokepoint6,Strait of Hormuz,7,8,6,0,44,21,65,199461,363237,18258,0,1329275,580957,1910233
2021-07-22,2021,7,22,chokepoint6,Strait of Hormuz,13,15,0,3,53,31,84,284839,294712,0,8976,2374883,588528,2963412
2021-07-23,2021,7,23,chokepoint6,Strait of Hormuz,17,14,1,1,65,33,98,550921,322911,3834,3496,4133137,881163,5014300
2021-07-24,2021,7,24,chokepoint6,Strait of Hormuz,13,15,4,2,38,34,72,499268,420237,27525,4660,1749786,951691,2701478
2021-07-25,2021,7,25,chokepoint6,Strait of Hormuz,8,12,3,3,53,26,79,540041,446006,27958,4091,2253319,1018098,3271417
2021-07-26,2021,7,26,chokepoint6,Strait of Hormuz,14,17,2,1,57,34,91,484677,601395,7816,0,3346304,1093889,4440194
2021-07-27,2021,7,27,chokepoint6,Strait of Hormuz,12,14,1,3,44,30,74,209862,559001,0,10674,2065230,779538,2844768
2021-07-28,2021,7,28,chokepoint6,Strait of Hormuz,14,12,1,1,68,28,96,457056,289715,999,0,3522210,747771,4269981
2021-07-29,2021,7,29,chokepoint6,Strait of Hormuz,16,7,4,2,47,29,76,683964,286032,22692,0,2650820,992689,3643509
2021-07-30,2021,7,30,chokepoint6,Strait of Hormuz,15,16,2,0,50,33,83,444351,943046,34008,0,1394975,1421406,2816382
2021-07-31,2021,7,31,chokepoint6,Strait of Hormuz,11,10,0,3,58,24,82,374133,306722,0,4175,3069071,685031,3754102
2021-08-01,2021,8,1,chokepoint6,Strait of Hormuz,13,18,4,1,49,36,85,434396,677705,43939,0,1730456,1156042,2886499
2021-08-02,2021,8,2,chokepoint6,Strait of Hormuz,11,12,3,1,55,27,82,402665,219984,21568,2596,2665146,646814,3311960
2021-08-03,2021,8,3,chokepoint6,Strait of Hormuz,24,13,3,1,52,41,93,697789,533216,37139,4175,3191420,1272321,4463741
2021-08-04,2021,8,4,chokepoint6,Strait of Hormuz,7,18,4,2,61,31,92,340868,463391,61713,4342,2530884,870315,3401200
2021-08-05,2021,8,5,chokepoint6,Strait of Hormuz,10,21,2,3,55,36,91,202714,803337,14498,3579,2552702,1024129,3576832
2021-08-06,2021,8,6,chokepoint6,Strait of Hormuz,16,19,3,4,59,42,101,463731,565471,999,9810,3006278,1040014,4046292
2021-08-07,2021,8,7,chokepoint6,Strait of Hormuz,10,24,2,2,53,38,91,332252,1210873,16759,0,1277717,1559885,2837603
2021-08-08,2021,8,8,chokepoint6,Strait of Hormuz,13,7,2,1,45,23,68,368744,218033,10159,0,2642224,596937,3239162
2021-08-09,2021,8,9,chokepoint6,Strait of Hormuz,9,19,5,1,46,34,80,277711,436939,28880,0,2044026,743531,2787557
2021-08-10,2021,8,10,chokepoint6,Strait of Hormuz,14,14,2,0,51,30,81,320595,345497,9709,0,3183008,675801,3858810
2021-08-11,2021,8,11,chokepoint6,Strait of Hormuz,12,14,2,2,37,30,67,378156,503946,366,8849,1390788,891319,2282107
2021-08-12,2021,8,12,chokepoint6,Strait of Hormuz,15,12,4,4,47,35,82,620893,649155,23057,16458,2746786,1309565,4056351
2021-08-13,2021,8,13,chokepoint6,Strait of Hormuz,11,14,5,5,37,35,72,415369,755664,63808,16966,2756451,1251809,4008261
2021-08-14,2021,8,14,chokepoint6,Strait of Hormuz,17,14,5,2,53,38,91,376639,499730,20489,5113,2867969,901971,3769941
2021-08-15,2021,8,15,chokepoint6,Strait of Hormuz,7,16,4,1,52,28,80,199526,741960,3021,0,2893769,944508,3838278
2021-08-16,2021,8,16,chokepoint6,Strait of Hormuz,12,15,4,0,40,31,71,305911,791456,4968,0,1658427,1102336,2760764
2021-08-17,2021,8,17,chokepoint6,Strait of Hormuz,11,7,1,1,42,20,62,329017,222823,0,0,2087415,551840,2639256
2021-08-18,2021,8,18,chokepoint6,Strait of Hormuz,9,5,6,3,38,23,61,414513,127388,44479,14676,1976198,601057,2577256
2021-08-19,2021,8,19,chokepoint6,Strait of Hormuz,14,15,3,1,42,33,75,352423,416056,24113,2530,2307645,795123,3102768
2021-08-20,2021,8,20,chokepoint6,Strait of Hormuz,7,11,1,4,49,23,72,265389,431994,0,13908,2663068,711293,3374361
2021-08-21,2021,8,21,chokepoint6,Strait of Hormuz,17,16,3,1,62,37,99,591083,747089,12973,0,4058581,1351146,5409727
2021-08-22,2021,8,22,chokepoint6,Strait of Hormuz,12,14,2,2,41,30,71,391381,578020,5111,0,2504894,974512,3479406
2021-08-23,2021,8,23,chokepoint6,Strait of Hormuz,8,12,2,3,44,25,69,269875,522591,6996,0,1944890,799462,2744353
2021-08-24,2021,8,24,chokepoint6,Strait of Hormuz,14,12,4,1,39,31,70,325685,571396,20947,5211,2284379,923241,3207620
2021-08-25,2021,8,25,chokepoint6,Strait of Hormuz,7,11,2,3,41,23,64,176979,282987,13980,4346,2269804,478293,2748097
2021-08-26,2021,8,26,chokepoint6,Strait of Hormuz,14,14,3,1,61,32,93,333480,258426,35555,3496,2641917,630958,3272876
2021-08-27,2021,8,27,chokepoint6,Strait of Hormuz,11,19,2,2,57,34,91,391433,552469,5532,0,2268679,949434,3218114
2021-08-28,2021,8,28,chokepoint6,Strait of Hormuz,12,19,3,1,53,35,88,277017,640691,17017,0,2036677,934727,2971404
2021-08-29,2021,8,29,chokepoint6,Strait of Hormuz,15,17,2,2,46,36,82,573713,718117,2859,6223,2490646,1300913,3791559
2021-08-30,2021,8,30,chokepoint6,Strait of Hormuz,14,10,6,0,50,30,80,350461,285245,6465,0,2653990,642173,3296163
2021-08-31,2021,8,31,chokepoint6,Strait of Hormuz,10,15,4,2,61,31,92,332551,458107,27080,0,2353788,817739,3171528
2021-09-01,2021,9,1,chokepoint6,Strait of Hormuz,17,10,2,3,46,32,78,646303,284085,9424,4961,1975412,944774,2920187
2021-09-02,2021,9,2,chokepoint6,Strait of Hormuz,6,14,1,2,43,23,66,279929,432810,999,4751,2285731,718491,3004222
2021-09-03,2021,9,3,chokepoint6,Strait of Hormuz,16,17,3,1,50,37,87,533322,602982,11244,2497,3308101,1150047,4458148
2021-09-04,2021,9,4,chokepoint6,Strait of Hormuz,10,15,2,0,50,27,77,320352,413692,22504,0,2760683,756549,3517233
2021-09-05,2021,9,5,chokepoint6,Strait of Hormuz,8,9,2,1,38,20,58,297825,346775,19791,2520,1947159,666912,2614072
2021-09-06,2021,9,6,chokepoint6,Strait of Hormuz,14,18,3,0,44,35,79,388043,752732,6688,0,2558370,1147464,3705834
2021-09-07,2021,9,7,chokepoint6,Strait of Hormuz,9,13,1,2,43,25,68,296744,424016,999,2389,1838482,724150,2562632
2021-09-08,2021,9,8,chokepoint6,Strait of Hormuz,15,13,2,1,53,31,84,377635,557825,4162,0,2298722,939624,3238346
2021-09-09,2021,9,9,chokepoint6,Strait of Hormuz,15,15,4,1,58,35,93,578396,583607,31739,1251,2693979,1194995,3888974
2021-09-10,2021,9,10,chokepoint6,Strait of Hormuz,11,15,0,3,48,29,77,408887,571628,0,0,2157251,980516,3137767
2021-09-11,2021,9,11,chokepoint6,Strait of Hormuz,11,17,2,1,42,31,73,262964,471999,17402,4953,2039938,757320,2797258
2021-09-12,2021,9,12,chokepoint6,Strait of Hormuz,16,11,1,1,46,29,75,575857,291355,33,2611,1605431,869858,2475289
2021-09-13,2021,9,13,chokepoint6,Strait of Hormuz,12,11,1,1,52,25,77,409166,375694,4532,0,2982585,789393,3771978
2021-09-14,2021,9,14,chokepoint6,Strait of Hormuz,19,17,2,1,56,39,95,539735,698678,24843,4665,2225294,1267923,3493217
2021-09-15,2021,9,15,chokepoint6,Strait of Hormuz,15,17,2,4,56,38,94,603593,413291,19568,3691,2896228,1040144,3936373
2021-09-16,2021,9,16,chokepoint6,Strait of Hormuz,15,15,0,3,48,33,81,599619,602442,0,8387,3164146,1210450,4374596
2021-09-17,2021,9,17,chokepoint6,Strait of Hormuz,14,22,1,2,52,39,91,525347,777201,0,0,2423248,1302548,3725797
2021-09-18,2021,9,18,chokepoint6,Strait of Hormuz,10,14,6,2,49,32,81,218374,238846,31326,4061,2563740,492609,3056349
2021-09-19,2021,9,19,chokepoint6,Strait of Hormuz,9,10,4,0,52,23,75,436333,561112,32179,0,2744624,1029625,3774249
2021-09-20,2021,9,20,chokepoint6,Strait of Hormuz,9,13,1,1,58,24,82,170202,455456,25555,3890,2547622,655104,3202726
2021-09-21,2021,9,21,chokepoint6,Strait of Hormuz,16,10,5,0,45,31,76,493597,161343,47585,0,2003521,702525,2706047
2021-09-22,2021,9,22,chokepoint6,Strait of Hormuz,18,18,4,1,47,41,88,540128,972679,16438,0,2547811,1529246,4077058
2021-09-23,2021,9,23,chokepoint6,Strait of Hormuz,10,14,1,2,52,27,79,305258,545492,0,0,3029766,850750,3880517
2021-09-24,2021,9,24,chokepoint6,Strait of Hormuz,15,16,4,4,59,39,98,533115,636586,20210,10776,3067845,1200689,4268535
2021-09-25,2021,9,25,chokepoint6,Strait of Hormuz,15,10,3,1,39,29,68,415517,374763,23572,5503,1727172,819357,2546530
2021-09-26,2021,9,26,chokepoint6,Strait of Hormuz,14,9,1,1,57,25,82,647776,314648,2471,0,2245190,964896,3210086
2021-09-27,2021,9,27,chokepoint6,Strait of Hormuz,13,13,1,1,43,28,71,334993,800162,2090,0,2631270,1137246,3768516
2021-09-28,2021,9,28,chokepoint6,Strait of Hormuz,15,14,2,1,49,32,81,341026,514845,18952,3547,2037078,878372,2915451
2021-09-29,2021,9,29,chokepoint6,Strait of Hormuz,16,19,7,4,58,46,104,719406,641612,85874,9318,2354460,1456212,3810673
2021-09-30,2021,9,30,chokepoint6,Strait of Hormuz,18,19,3,2,57,42,99,364984,586412,46582,3878,2538310,1001858,3540169
2021-10-01,2021,10,1,chokepoint6,Strait of Hormuz,7,14,0,2,31,23,54,220485,600745,0,0,1395907,821231,2217138
2021-10-02,2021,10,2,chokepoint6,Strait of Hormuz,7,10,1,3,43,21,64,180160,285775,5735,11070,739946,482741,1222688
2021-10-03,2021,10,3,chokepoint6,Strait of Hormuz,7,3,0,0,43,10,53,304886,181949,0,0,2389205,486835,2876041
2021-10-04,2021,10,4,chokepoint6,Strait of Hormuz,14,14,2,3,46,33,79,471396,583350,21154,6223,3117513,1082124,4199638
2021-10-05,2021,10,5,chokepoint6,Strait of Hormuz,19,15,2,2,51,38,89,719898,444619,0,0,3327564,1164518,4492082
2021-10-06,2021,10,6,chokepoint6,Strait of Hormuz,12,13,10,4,58,39,97,293365,528013,80338,4110,2369897,905828,3275725
2021-10-07,2021,10,7,chokepoint6,Strait of Hormuz,15,15,3,1,49,34,83,613223,524439,2729,0,2706090,1140392,3846482
2021-10-08,2021,10,8,chokepoint6,Strait of Hormuz,17,17,3,1,76,38,114,522113,439426,32406,0,3600673,993945,4594619
2021-10-09,2021,10,9,chokepoint6,Strait of Hormuz,17,15,3,2,64,37,101,546557,345654,30418,7573,3403837,930203,4334041
2021-10-10,2021,10,10,chokepoint6,Strait of Hormuz,18,19,2,1,52,40,92,396905,422277,3530,4199,2482762,826913,3309676
2021-10-11,2021,10,11,chokepoint6,Strait of Hormuz,4,6,1,0,20,11,31,66706,278081,7086,0,1439480,351874,1791354
2021-10-12,2021,10,12,chokepoint6,Strait of Hormuz,3,11,0,2,33,16,49,125462,221299,0,1268,1589697,348030,1937727
2021-10-13,2021,10,13,chokepoint6,Strait of Hormuz,18,16,6,1,43,41,84,373717,421075,38098,0,2052860,832890,2885750
2021-10-14,2021,10,14,chokepoint6,Strait of Hormuz,9,16,2,4,62,31,93,225475,559153,6813,0,2828305,791442,3619747
2021-10-15,2021,10,15,chokepoint6,Strait of Hormuz,14,16,3,0,70,33,103,478982,376532,838,0,3117390,856353,3973744
2021-10-16,2021,10,16,chokepoint6,Strait of Hormuz,11,11,1,1,42,24,66,386272,344556,6683,0,1485898,737512,2223411
2021-10-17,2021,10,17,chokepoint6,Strait of Hormuz,8,20,3,0,41,31,72,226125,545452,27819,0,3346968,799397,4146365
2021-10-18,2021,10,18,chokepoint6,Strait of Hormuz,11,14,0,0,63,25,88,409911,336119,0,0,3357944,746030,4103974
2021-10-19,2021,10,19,chokepoint6,Strait of Hormuz,13,14,1,2,42,30,72,291192,440820,17660,2469,1568097,752141,2320239
2021-10-20,2021,10,20,chokepoint6,Strait of Hormuz,18,17,4,1,51,40,91,545514,288032,18577,0,3103699,852124,3955823
2021-10-21,2021,10,21,chokepoint6,Strait of Hormuz,12,15,3,0,51,30,81,441681,591406,22406,0,1928925,1055494,2984419
2021-10-22,2021,10,22,chokepoint6,Strait of Hormuz,7,9,2,2,45,20,65,142316,344488,1890,4493,2202915,493189,2696104
2021-10-23,2021,10,23,chokepoint6,Strait of Hormuz,14,20,4,2,42,40,82,446538,570367,32016,5852,1352732,1054774,2407507
2021-10-24,2021,10,24,chokepoint6,Strait of Hormuz,9,19,2,3,52,33,85,156941,606174,15634,10207,2389266,788957,3178223
2021-10-25,2021,10,25,chokepoint6,Strait of Hormuz,6,9,1,3,45,19,64,254487,435035,9820,9249,2639374,708593,3347967
2021-10-26,2021,10,26,chokepoint6,Strait of Hormuz,7,12,3,1,26,23,49,412969,308857,32023,2404,1563774,756254,2320029
2021-10-27,2021,10,27,chokepoint6,Strait of Hormuz,4,11,2,0,41,17,58,127915,275593,25958,0,1666137,429468,2095605
2021-10-28,2021,10,28,chokepoint6,Strait of Hormuz,8,13,3,1,36,25,61,209402,255163,32288,7872,2296911,504727,2801639
2021-10-29,2021,10,29,chokepoint6,Strait of Hormuz,11,12,2,3,25,28,53,487299,193115,15922,0,2272189,696338,2968527
2021-10-30,2021,10,30,chokepoint6,Strait of Hormuz,6,8,0,2,40,16,56,171756,272427,0,0,2076430,444184,2520615
2021-10-31,2021,10,31,chokepoint6,Strait of Hormuz,12,12,1,2,52,27,79,377162,763757,0,0,2246504,1140920,3387424
2021-11-01,2021,11,1,chokepoint6,Strait of Hormuz,8,18,4,3,69,33,102,218237,513878,16352,5698,2542885,754167,3297052
2021-11-02,2021,11,2,chokepoint6,Strait of Hormuz,16,20,2,0,44,38,82,651879,908299,3956,0,2174156,1564134,3738291
2021-11-03,2021,11,3,chokepoint6,Strait of Hormuz,13,17,2,2,41,34,75,281537,658486,20936,1833,2289061,962794,3251855
2021-11-04,2021,11,4,chokepoint6,Strait of Hormuz,10,7,1,1,47,19,66,274660,207801,0,0,2086399,482461,2568861
2021-11-05,2021,11,5,chokepoint6,Strait of Hormuz,10,12,1,2,54,25,79,345894,394092,449,9500,2348757,749938,3098696
2021-11-06,2021,11,6,chokepoint6,Strait of Hormuz,10,7,2,2,34,21,55,314371,300633,25247,2983,1142157,643235,1785393
2021-11-07,2021,11,7,chokepoint6,Strait of Hormuz,6,8,1,1,18,16,34,240577,273107,12626,0,1295525,526311,1821836
2021-11-08,2021,11,8,chokepoint6,Strait of Hormuz,3,13,2,1,21,19,40,32717,406528,11571,0,684966,450817,1135784
2021-11-09,2021,11,9,chokepoint6,Strait of Hormuz,16,10,4,2,42,32,74,484781,355750,26879,2856,2174982,870267,3045250
2021-11-10,2021,11,10,chokepoint6,Strait of Hormuz,14,18,3,1,47,36,83,534838,710997,27257,0,2065283,1273093,3338377
2021-11-11,2021,11,11,chokepoint6,Strait of Hormuz,10,20,5,1,61,36,97,400722,784630,55914,0,3667099,1241267,4908367
2021-11-12,2021,11,12,chokepoint6,Strait of Hormuz,12,13,3,2,40,30,70,529130,470907,15753,0,2611193,1015791,3626984
2021-11-13,2021,11,13,chokepoint6,Strait of Hormuz,13,22,1,1,50,37,87,575683,564375,2200,0,2417494,1142259,3559753
2021-11-14,2021,11,14,chokepoint6,Strait of Hormuz,11,15,0,2,53,28,81,172335,301182,0,3267,3034571,476784,3511356
2021-11-15,2021,11,15,chokepoint6,Strait of Hormuz,12,16,4,2,51,34,85,400223,602406,9645,3213,2076729,1015489,3092219
2021-11-16,2021,11,16,chokepoint6,Strait of Hormuz,12,15,1,2,62,30,92,240447,263576,0,6437,4017453,510462,4527916
2021-11-17,2021,11,17,chokepoint6,Strait of Hormuz,12,6,2,1,62,21,83,521065,140115,2179,0,2623941,663360,3287301
2021-11-18,2021,11,18,chokepoint6,Strait of Hormuz,17,21,2,1,33,41,74,609576,797903,10888,3818,930099,1422187,2352287
2021-11-19,2021,11,19,chokepoint6,Strait of Hormuz,8,16,2,5,52,31,83,237904,617656,3862,11557,2842185,870981,3713166
2021-11-20,2021,11,20,chokepoint6,Strait of Hormuz,8,15,2,2,59,27,86,190593,556353,9264,7849,3093121,764061,3857183
2021-11-21,2021,11,21,chokepoint6,Strait of Hormuz,12,19,2,1,57,34,91,327074,754597,7365,2780,1716403,1091817,2808221
2021-11-22,2021,11,22,chokepoint6,Strait of Hormuz,11,18,3,1,49,33,82,309649,503426,23311,0,3704607,836388,4540995
2021-11-23,2021,11,23,chokepoint6,Strait of Hormuz,11,15,4,3,57,33,90,379291,359797,40118,14663,2833474,793871,3627345
2021-11-24,2021,11,24,chokepoint6,Strait of Hormuz,17,13,4,2,49,36,85,447714,802869,29435,0,2235607,1280018,3515625
2021-11-25,2021,11,25,chokepoint6,Strait of Hormuz,9,11,4,1,35,25,60,217785,591943,22406,0,1790899,832135,2623034
2021-11-26,2021,11,26,chokepoint6,Strait of Hormuz,11,15,2,0,40,28,68,324800,349433,14436,0,2206991,688671,2895663
2021-11-27,2021,11,27,chokepoint6,Strait of Hormuz,15,18,6,5,52,44,96,751875,533895,47004,2889,2894177,1335665,4229843
2021-11-28,2021,11,28,chokepoint6,Strait of Hormuz,2,4,0,0,19,6,25,16431,96522,0,0,868064,112954,981018
2021-11-29,2021,11,29,chokepoint6,Strait of Hormuz,7,21,5,3,50,36,86,219008,722851,24735,5327,2570814,971923,3542738
2021-11-30,2021,11,30,chokepoint6,Strait of Hormuz,10,18,2,1,39,31,70,530788,590796,3293,1571,1990814,1126450,3117264
2021-12-01,2021,12,1,chokepoint6,Strait of Hormuz,8,14,3,5,57,30,87,265575,586650,12330,7573,3010003,872130,3882134
2021-12-02,2021,12,2,chokepoint6,Strait of Hormuz,12,13,1,2,42,28,70,401287,427521,1186,2889,2356215,832884,3189099
2021-12-03,2021,12,3,chokepoint6,Strait of Hormuz,12,14,2,1,66,29,95,396318,513334,6691,0,3821872,916344,4738216
2021-12-04,2021,12,4,chokepoint6,Strait of Hormuz,11,10,5,1,45,27,72,200035,374514,5881,4661,2017014,585093,2602107
2021-12-05,2021,12,5,chokepoint6,Strait of Hormuz,9,15,7,0,49,31,80,400524,569354,68480,0,3477313,1038359,4515673
2021-12-06,2021,12,6,chokepoint6,Strait of Hormuz,8,9,1,1,42,19,61,271743,353674,7007,0,2007603,632425,2640029
2021-12-07,2021,12,7,chokepoint6,Strait of Hormuz,3,12,1,1,53,17,70,130076,403716,0,0,2224592,533793,2758385
2021-12-08,2021,12,8,chokepoint6,Strait of Hormuz,6,12,0,1,32,19,51,123562,431540,0,3406,1932357,558510,2490867
2021-12-09,2021,12,9,chokepoint6,Strait of Hormuz,13,12,2,2,55,29,84,504463,405016,40919,3294,2401162,953694,3354856
2021-12-10,2021,12,10,chokepoint6,Strait of Hormuz,12,17,2,2,54,33,87,387519,733994,4648,5858,3511157,1132021,4643178
2021-12-11,2021,12,11,chokepoint6,Strait of Hormuz,10,6,0,1,38,17,55,266433,224834,0,0,1745309,491267,2236577
2021-12-12,2021,12,12,chokepoint6,Strait of Hormuz,10,5,2,0,41,17,58,653615,132997,329,0,2356437,786942,3143380
2021-12-13,2021,12,13,chokepoint6,Strait of Hormuz,4,12,3,2,42,21,63,116301,379026,16438,8800,3665464,520566,4186031
2021-12-14,2021,12,14,chokepoint6,Strait of Hormuz,11,9,4,3,47,27,74,319499,436679,28899,3496,2226477,788575,3015052
2021-12-15,2021,12,15,chokepoint6,Strait of Hormuz,11,12,5,3,56,31,87,327316,613592,24716,10662,2760748,976287,3737035
2021-12-16,2021,12,16,chokepoint6,Strait of Hormuz,8,13,1,0,34,22,56,313682,454508,1072,0,1673578,769264,2442842
2021-12-17,2021,12,17,chokepoint6,Strait of Hormuz,7,14,7,4,38,32,70,250177,530412,36565,0,1826548,817154,2643703
2021-12-18,2021,12,18,chokepoint6,Strait of Hormuz,14,20,4,2,58,40,98,329501,263475,42260,8702,2994636,643940,3638577
2021-12-19,2021,12,19,chokepoint6,Strait of Hormuz,9,13,7,2,59,31,90,356248,722456,85454,0,2671855,1164159,3836014
2021-12-20,2021,12,20,chokepoint6,Strait of Hormuz,13,12,3,1,48,29,77,254352,746936,14565,4610,1991382,1020464,3011847
2021-12-21,2021,12,21,chokepoint6,Strait of Hormuz,8,10,0,3,40,21,61,379690,247672,0,4388,1062020,631751,1693771
2021-12-22,2021,12,22,chokepoint6,Strait of Hormuz,8,17,2,1,41,28,69,389129,641038,17566,2306,3253692,1050040,4303732
2021-12-23,2021,12,23,chokepoint6,Strait of Hormuz,7,10,4,3,39,24,63,310777,438011,10473,6134,889220,765396,1654617
2021-12-24,2021,12,24,chokepoint6,Strait of Hormuz,11,13,2,2,48,28,76,336402,440094,7857,0,2854151,784354,3638506
2021-12-25,2021,12,25,chokepoint6,Strait of Hormuz,19,21,1,1,60,42,102,541129,561783,8273,4393,3417295,1115579,4532875
2021-12-26,2021,12,26,chokepoint6,Strait of Hormuz,14,20,2,1,48,37,85,532026,1088603,6437,0,2453843,1627067,4080910
2021-12-27,2021,12,27,chokepoint6,Strait of Hormuz,6,10,3,0,42,19,61,247622,415186,4443,0,1648782,667252,2316035
2021-12-28,2021,12,28,chokepoint6,Strait of Hormuz,6,14,4,0,43,24,67,119113,541575,17229,0,2644429,677918,3322347
2021-12-29,2021,12,29,chokepoint6,Strait of Hormuz,10,10,2,1,37,23,60,506751,207694,3591,0,2486769,718037,3204807
2021-12-30,2021,12,30,chokepoint6,Strait of Hormuz,10,8,2,2,43,22,65,299474,290353,20422,3826,2880154,614077,3494231
2021-12-31,2021,12,31,chokepoint6,Strait of Hormuz,10,13,3,2,55,28,83,492823,241277,19341,4446,1741951,757888,2499840
2022-01-01,2022,1,1,chokepoint6,Strait of Hormuz,8,9,3,1,39,21,60,173146,564537,20913,0,2792960,758597,3551557
2022-01-02,2022,1,2,chokepoint6,Strait of Hormuz,9,11,1,3,50,24,74,333896,350079,366,3513,2154226,687856,2842083
2022-01-03,2022,1,3,chokepoint6,Strait of Hormuz,12,4,2,1,52,19,71,479202,154825,3877,3058,3817549,640964,4458514
2022-01-04,2022,1,4,chokepoint6,Strait of Hormuz,6,14,4,2,47,26,73,135844,561803,20453,8640,2019310,726741,2746051
2022-01-05,2022,1,5,chokepoint6,Strait of Hormuz,8,13,5,4,44,30,74,308611,340102,31668,3352,2896340,683735,3580075
2022-01-06,2022,1,6,chokepoint6,Strait of Hormuz,13,10,2,2,43,27,70,481372,380036,8353,3520,1162995,873283,2036278
2022-01-07,2022,1,7,chokepoint6,Strait of Hormuz,12,6,3,1,43,22,65,572553,178997,20546,1555,2818187,773653,3591840
2022-01-08,2022,1,8,chokepoint6,Strait of Hormuz,9,17,1,0,46,27,73,300413,702340,15662,0,2806786,1018416,3825202
2022-01-09,2022,1,9,chokepoint6,Strait of Hormuz,6,13,0,1,62,20,82,120707,669160,0,0,3119552,789867,3909420
2022-01-10,2022,1,10,chokepoint6,Strait of Hormuz,10,15,3,3,58,31,89,171492,375284,42989,3352,3394777,593118,3987896
2022-01-11,2022,1,11,chokepoint6,Strait of Hormuz,13,6,2,3,47,24,71,416890,309224,16761,5844,2882543,748720,3631264
2022-01-12,2022,1,12,chokepoint6,Strait of Hormuz,16,18,4,2,47,40,87,532608,722320,51780,8587,2196878,1315297,3512175
2022-01-13,2022,1,13,chokepoint6,Strait of Hormuz,8,9,1,1,56,19,75,264632,468536,7320,0,2511275,740488,3251763
2022-01-14,2022,1,14,chokepoint6,Strait of Hormuz,9,18,4,2,55,33,88,210304,649355,35789,7570,2777756,903019,3680775
2022-01-15,2022,1,15,chokepoint6,Strait of Hormuz,12,8,2,2,45,24,69,359049,271405,11863,4169,2892083,646487,3538571
2022-01-16,2022,1,16,chokepoint6,Strait of Hormuz,12,15,4,2,52,33,85,523142,573503,24465,0,1950887,1121111,3071999
2022-01-17,2022,1,17,chokepoint6,Strait of Hormuz,6,15,5,0,49,26,75,149394,610882,59122,0,3410981,819399,4230381
2022-01-18,2022,1,18,chokepoint6,Strait of Hormuz,15,11,2,2,55,30,85,336593,500984,2888,5821,2485772,846287,3332059
2022-01-19,2022,1,19,chokepoint6,Strait of Hormuz,16,18,2,2,44,38,82,506864,862140,5206,3240,1845604,1377452,3223056
2022-01-20,2022,1,20,chokepoint6,Strait of Hormuz,13,10,1,3,56,27,83,525034,279733,1081,6257,4371885,812106,5183992
2022-01-21,2022,1,21,chokepoint6,Strait of Hormuz,10,10,0,1,49,21,70,279642,243633,0,4751,2015734,528027,2543762
2022-01-22,2022,1,22,chokepoint6,Strait of Hormuz,11,13,2,2,37,28,65,680858,646986,5238,7942,2010085,1341025,3351111
2022-01-23,2022,1,23,chokepoint6,Strait of Hormuz,13,15,2,2,39,32,71,271896,397511,3591,2403,1704688,675403,2380091
2022-01-24,2022,1,24,chokepoint6,Strait of Hormuz,6,20,0,3,50,29,79,371820,589428,0,4613,2549753,965861,3515615
2022-01-25,2022,1,25,chokepoint6,Strait of Hormuz,9,14,2,4,60,29,89,290078,543494,6185,4920,3912134,844679,4756814
2022-01-26,2022,1,26,chokepoint6,Strait of Hormuz,16,15,3,1,57,35,92,707653,598515,10745,0,2444047,1316914,3760962
2022-01-27,2022,1,27,chokepoint6,Strait of Hormuz,16,11,4,2,66,33,99,616798,360526,16174,0,3154085,993499,4147584
2022-01-28,2022,1,28,chokepoint6,Strait of Hormuz,7,6,7,3,38,23,61,167128,246602,4457,22771,2360933,440961,2801895
2022-01-29,2022,1,29,chokepoint6,Strait of Hormuz,13,9,2,1,57,25,82,444402,350469,20205,0,2280433,815077,3095511
2022-01-30,2022,1,30,chokepoint6,Strait of Hormuz,16,18,1,1,53,36,89,730425,456876,6376,3243,2347889,1196920,3544810
2022-01-31,2022,1,31,chokepoint6,Strait of Hormuz,10,22,2,1,52,35,87,323402,1070568,3817,0,2381643,1397788,3779431
2022-02-01,2022,2,1,chokepoint6,Strait of Hormuz,19,16,6,2,50,43,93,489562,581019,16409,0,2347361,1086992,3434353
2022-02-02,2022,2,2,chokepoint6,Strait of Hormuz,10,17,2,3,56,32,88,173649,585442,2536,2354,3235562,763983,3999545
2022-02-03,2022,2,3,chokepoint6,Strait of Hormuz,12,18,7,1,66,38,104,452004,947798,32607,3406,3133138,1435816,4568955
2022-02-04,2022,2,4,chokepoint6,Strait of Hormuz,19,11,3,2,62,35,97,616789,252109,23491,0,3064807,892389,3957196
2022-02-05,2022,2,5,chokepoint6,Strait of Hormuz,13,14,7,4,64,38,102,381237,438695,20190,1915,3317494,842039,4159533
2022-02-06,2022,2,6,chokepoint6,Strait of Hormuz,11,16,2,2,53,31,84,548775,539691,20148,0,2930168,1108614,4038782
2022-02-07,2022,2,7,chokepoint6,Strait of Hormuz,8,13,0,1,48,22,70,124008,240602,0,7861,1800448,372472,2172920
2022-02-08,2022,2,8,chokepoint6,Strait of Hormuz,17,20,3,4,54,44,98,498951,724162,348,17536,2004839,1240999,3245838
2022-02-09,2022,2,9,chokepoint6,Strait of Hormuz,15,18,5,0,62,38,100,647170,378374,16476,0,4138534,1042021,5180555
2022-02-10,2022,2,10,chokepoint6,Strait of Hormuz,16,15,2,5,53,38,91,446595,694029,14972,0,2721007,1155597,3876604
2022-02-11,2022,2,11,chokepoint6,Strait of Hormuz,14,20,2,5,66,41,107,401539,594224,15185,9185,4329925,1020134,5350060
2022-02-12,2022,2,12,chokepoint6,Strait of Hormuz,16,20,2,3,65,41,106,494390,886276,8429,1111,3328419,1390208,4718628
2022-02-13,2022,2,13,chokepoint6,Strait of Hormuz,16,14,4,2,47,36,83,847774,586597,47790,4290,2036856,1486454,3523310
2022-02-14,2022,2,14,chokepoint6,Strait of Hormuz,10,13,2,0,53,25,78,261919,608119,18897,0,2792032,888937,3680969
2022-02-15,2022,2,15,chokepoint6,Strait of Hormuz,9,14,5,3,59,31,90,144099,436972,52556,0,3090961,633628,3724589
2022-02-16,2022,2,16,chokepoint6,Strait of Hormuz,20,20,7,1,53,48,101,766192,450991,21190,3275,2552118,1241650,3793768
2022-02-17,2022,2,17,chokepoint6,Strait of Hormuz,14,18,5,1,59,38,97,412745,510959,19043,5034,3194031,947781,4141813
2022-02-18,2022,2,18,chokepoint6,Strait of Hormuz,16,19,2,0,56,37,93,386106,624458,32868,0,3016880,1043434,4060314
2022-02-19,2022,2,19,chokepoint6,Strait of Hormuz,20,22,7,5,54,54,108,807928,692358,29323,1111,2688981,1530722,4219703
2022-02-20,2022,2,20,chokepoint6,Strait of Hormuz,11,14,1,4,68,30,98,327266,812990,6615,8719,3020172,1155592,4175764
2022-02-21,2022,2,21,chokepoint6,Strait of Hormuz,11,11,1,2,65,25,90,230458,440576,21111,8919,3833614,701066,4534681
2022-02-22,2022,2,22,chokepoint6,Strait of Hormuz,7,6,0,2,42,15,57,214969,312992,0,0,1916386,527961,2444348
2022-02-23,2022,2,23,chokepoint6,Strait of Hormuz,20,12,4,2,63,38,101,520611,501985,7180,0,2190238,1029777,3220015
2022-02-24,2022,2,24,chokepoint6,Strait of Hormuz,16,17,5,2,50,40,90,648279,491635,27438,0,2228851,1167353,3396205
2022-02-25,2022,2,25,chokepoint6,Strait of Hormuz,12,20,6,5,71,43,114,344775,605435,39063,9028,3998315,998302,4996618
2022-02-26,2022,2,26,chokepoint6,Strait of Hormuz,12,19,3,1,62,35,97,365184,725583,3846,5340,3419909,1099954,4519864
2022-02-27,2022,2,27,chokepoint6,Strait of Hormuz,16,11,5,1,59,33,92,428529,550448,9646,0,2926747,988624,3915372
2022-02-28,2022,2,28,chokepoint6,Strait of Hormuz,11,12,4,2,41,29,70,295382,425532,33061,3823,1092434,757800,1850235
2022-03-01,2022,3,1,chokepoint6,Strait of Hormuz,13,14,3,3,44,33,77,441705,529614,10500,5147,1860683,986967,2847650
2022-03-02,2022,3,2,chokepoint6,Strait of Hormuz,12,12,3,1,56,28,84,236908,414464,5168,2695,2441547,659236,3100784
2022-03-03,2022,3,3,chokepoint6,Strait of Hormuz,18,15,2,2,68,37,105,427937,262096,6523,3597,5120938,700155,5821093
2022-03-04,2022,3,4,chokepoint6,Strait of Hormuz,12,18,4,1,54,35,89,436366,720931,46410,0,1962512,1203709,3166222
2022-03-05,2022,3,5,chokepoint6,Strait of Hormuz,9,12,2,3,56,26,82,301941,658002,13555,4169,3771276,977667,4748943
2022-03-06,2022,3,6,chokepoint6,Strait of Hormuz,13,19,2,4,61,38,99,301372,835381,16242,0,2826339,1152997,3979337
2022-03-07,2022,3,7,chokepoint6,Strait of Hormuz,12,14,5,1,51,32,83,471070,599493,36585,0,2384077,1107148,3491226
2022-03-08,2022,3,8,chokepoint6,Strait of Hormuz,10,10,2,3,41,25,66,490271,442439,1785,2493,2321450,936989,3258440
2022-03-09,2022,3,9,chokepoint6,Strait of Hormuz,14,11,1,4,49,30,79,391602,314741,20936,6542,3207908,733823,3941731
2022-03-10,2022,3,10,chokepoint6,Strait of Hormuz,10,16,3,3,43,32,75,339535,598678,5940,6732,1570841,950887,2521729
2022-03-11,2022,3,11,chokepoint6,Strait of Hormuz,11,16,2,1,41,30,71,301672,662308,6721,0,2461892,970702,3432594
2022-03-12,2022,3,12,chokepoint6,Strait of Hormuz,21,19,6,3,52,49,101,468538,608952,5681,0,3154091,1083172,4237263
2022-03-13,2022,3,13,chokepoint6,Strait of Hormuz,12,19,3,4,74,38,112,458622,659753,12876,9490,3907554,1140743,5048297
2022-03-14,2022,3,14,chokepoint6,Strait of Hormuz,15,19,7,3,64,44,108,389364,786473,45942,4799,2640731,1226579,3867311
2022-03-15,2022,3,15,chokepoint6,Strait of Hormuz,17,18,4,2,52,41,93,448515,480998,29262,0,2569070,958777,3527847
2022-03-16,2022,3,16,chokepoint6,Strait of Hormuz,8,19,6,2,70,35,105,237776,798674,15421,2519,3746923,1054391,4801315
2022-03-17,2022,3,17,chokepoint6,Strait of Hormuz,14,17,4,2,45,37,82,442560,725553,24271,4071,2136689,1196457,3333146
2022-03-18,2022,3,18,chokepoint6,Strait of Hormuz,4,9,0,1,39,14,53,117854,221893,0,0,1839557,339747,2179304
2022-03-19,2022,3,19,chokepoint6,Strait of Hormuz,16,13,3,2,49,34,83,584915,499289,13654,2520,2646137,1100381,3746518
2022-03-20,2022,3,20,chokepoint6,Strait of Hormuz,10,12,6,1,54,29,83,218773,315558,21997,0,2176373,556329,2732702
2022-03-21,2022,3,21,chokepoint6,Strait of Hormuz,10,24,5,2,62,41,103,349436,1140248,56894,9542,2679636,1556123,4235759
2022-03-22,2022,3,22,chokepoint6,Strait of Hormuz,14,17,6,1,60,38,98,404321,542008,11884,3829,3586125,962045,4548170
2022-03-23,2022,3,23,chokepoint6,Strait of Hormuz,14,15,3,4,76,36,112,461069,474912,9104,3321,3753455,948408,4701864
2022-03-24,2022,3,24,chokepoint6,Strait of Hormuz,9,11,2,1,32,23,55,419674,281806,17196,0,1634224,718677,2352902
2022-03-25,2022,3,25,chokepoint6,Strait of Hormuz,15,23,5,0,56,43,99,742017,1167272,18304,0,3031282,1927594,4958877
2022-03-26,2022,3,26,chokepoint6,Strait of Hormuz,16,13,5,2,67,36,103,457118,451065,9150,5324,4177081,922658,5099740
2022-03-27,2022,3,27,chokepoint6,Strait of Hormuz,14,8,9,2,59,33,92,324792,144354,37292,0,2014523,506439,2520963
2022-03-28,2022,3,28,chokepoint6,Strait of Hormuz,6,17,1,1,46,25,71,178858,428902,3843,0,2427290,611605,3038896
2022-03-29,2022,3,29,chokepoint6,Strait of Hormuz,11,13,3,0,44,27,71,328801,577218,10145,0,1872685,916165,2788850
2022-03-30,2022,3,30,chokepoint6,Strait of Hormuz,14,16,2,3,36,35,71,268135,632418,9198,11422,1590908,921175,2512083
2022-03-31,2022,3,31,chokepoint6,Strait of Hormuz,15,20,2,2,66,39,105,375274,706972,16991,0,4544680,1099238,5643918
2022-04-01,2022,4,1,chokepoint6,Strait of Hormuz,17,14,3,3,74,37,111,787031,764492,17216,18898,3535991,1587638,5123630
2022-04-02,2022,4,2,chokepoint6,Strait of Hormuz,12,11,3,2,37,28,65,299839,413539,9488,0,1736264,722867,2459131
2022-04-03,2022,4,3,chokepoint6,Strait of Hormuz,17,12,2,1,69,32,101,565359,445090,5029,0,3422579,1015479,4438058
2022-04-04,2022,4,4,chokepoint6,Strait of Hormuz,7,17,7,4,68,35,103,249446,409632,48159,8523,4870628,715760,5586388
2022-04-05,2022,4,5,chokepoint6,Strait of Hormuz,18,24,2,2,57,46,103,553025,740882,2594,8425,1738993,1304928,3043921
2022-04-06,2022,4,6,chokepoint6,Strait of Hormuz,16,21,3,0,71,40,111,509666,735871,14161,0,3424476,1259698,4684175
2022-04-07,2022,4,7,chokepoint6,Strait of Hormuz,12,14,5,2,67,33,100,380099,397562,47672,0,3222741,825334,4048075
2022-04-08,2022,4,8,chokepoint6,Strait of Hormuz,16,14,3,1,56,34,90,446521,258799,17006,0,2820187,722327,3542514
2022-04-09,2022,4,9,chokepoint6,Strait of Hormuz,17,17,6,1,58,41,99,628883,566724,43975,2262,4216381,1241845,5458227
2022-04-10,2022,4,10,chokepoint6,Strait of Hormuz,14,20,4,1,42,39,81,514455,791157,16892,0,2848159,1322504,4170663
2022-04-11,2022,4,11,chokepoint6,Strait of Hormuz,14,12,1,1,57,28,85,354818,468453,5124,1939,2508343,830335,3338678
2022-04-12,2022,4,12,chokepoint6,Strait of Hormuz,10,21,3,0,66,34,100,159800,688424,17222,0,2847490,865447,3712937
2022-04-13,2022,4,13,chokepoint6,Strait of Hormuz,18,21,4,4,54,47,101,549496,732874,25914,12690,2968139,1320976,4289115
2022-04-14,2022,4,14,chokepoint6,Strait of Hormuz,15,17,8,3,65,43,108,524226,641080,80838,2219,3155548,1248365,4403914
2022-04-15,2022,4,15,chokepoint6,Strait of Hormuz,15,7,2,0,72,24,96,349198,308174,2091,0,2420608,659464,3080072
2022-04-16,2022,4,16,chokepoint6,Strait of Hormuz,16,8,5,5,57,34,91,729198,303793,12970,2522,2383068,1048484,3431552
2022-04-17,2022,4,17,chokepoint6,Strait of Hormuz,11,13,5,2,67,31,98,356944,597282,22473,0,4736329,976700,5713030
2022-04-18,2022,4,18,chokepoint6,Strait of Hormuz,11,18,3,4,57,36,93,446508,468291,18250,6737,2520414,939787,3460201
2022-04-19,2022,4,19,chokepoint6,Strait of Hormuz,17,14,1,2,63,34,97,445075,474863,5297,1786,3610334,927023,4537357
2022-04-20,2022,4,20,chokepoint6,Strait of Hormuz,14,11,6,2,67,33,100,531360,447136,20416,7319,3577762,1006233,4583996
2022-04-21,2022,4,21,chokepoint6,Strait of Hormuz,19,22,4,1,47,46,93,417644,519476,22381,0,2287135,959502,3246637
2022-04-22,2022,4,22,chokepoint6,Strait of Hormuz,13,20,2,1,66,36,102,445679,399306,0,0,3240763,844985,4085749
2022-04-23,2022,4,23,chokepoint6,Strait of Hormuz,18,16,3,4,73,41,114,608920,462653,10454,0,3627524,1082027,4709552
2022-04-24,2022,4,24,chokepoint6,Strait of Hormuz,16,21,3,1,49,41,90,317454,644825,24821,10499,2493985,997602,3491588
2022-04-25,2022,4,25,chokepoint6,Strait of Hormuz,17,13,5,1,59,36,95,570331,398976,7796,3799,2996226,980903,3977129
2022-04-26,2022,4,26,chokepoint6,Strait of Hormuz,20,12,3,3,74,38,112,492392,470890,12746,4406,3062229,980436,4042665
2022-04-27,2022,4,27,chokepoint6,Strait of Hormuz,18,13,3,2,68,36,104,642132,443151,12827,4518,3131469,1102629,4234098
2022-04-28,2022,4,28,chokepoint6,Strait of Hormuz,24,16,4,1,54,45,99,664499,430094,53487,0,3230740,1148080,4378820
2022-04-29,2022,4,29,chokepoint6,Strait of Hormuz,16,14,3,2,62,35,97,427926,477246,16524,10124,2908018,931823,3839841
2022-04-30,2022,4,30,chokepoint6,Strait of Hormuz,11,14,2,2,54,29,83,426231,652843,3333,8172,2405878,1090580,3496458
2022-05-01,2022,5,1,chokepoint6,Strait of Hormuz,10,16,4,2,60,32,92,320691,749753,26330,0,1917539,1096776,3014316
2022-05-02,2022,5,2,chokepoint6,Strait of Hormuz,16,17,2,2,53,37,90,422573,617064,3817,0,2567943,1043454,3611398
2022-05-03,2022,5,3,chokepoint6,Strait of Hormuz,16,10,4,0,65,30,95,434584,498229,25162,0,3958966,957976,4916942
2022-05-04,2022,5,4,chokepoint6,Strait of Hormuz,13,10,2,5,54,30,84,451406,276858,8859,3191,1998280,740315,2738595
2022-05-05,2022,5,5,chokepoint6,Strait of Hormuz,10,17,6,3,69,36,105,362499,500985,41591,4307,2765187,909383,3674570
2022-05-06,2022,5,6,chokepoint6,Strait of Hormuz,24,25,4,2,59,55,114,897747,773812,19446,0,3172169,1691006,4863175
2022-05-07,2022,5,7,chokepoint6,Strait of Hormuz,26,12,4,2,65,44,109,606100,252415,5691,3938,2819907,868145,3688053
2022-05-08,2022,5,8,chokepoint6,Strait of Hormuz,18,21,3,3,56,45,101,464850,1008689,19967,5434,3661890,1498941,5160831
2022-05-09,2022,5,9,chokepoint6,Strait of Hormuz,13,14,1,2,61,30,91,313899,390689,0,0,2662827,704589,3367417
2022-05-10,2022,5,10,chokepoint6,Strait of Hormuz,13,20,5,1,45,39,84,251012,602020,10945,0,2342889,863978,3206867
2022-05-11,2022,5,11,chokepoint6,Strait of Hormuz,6,6,0,3,26,15,41,177448,172898,0,9417,1609476,359765,1969241
2022-05-12,2022,5,12,chokepoint6,Strait of Hormuz,10,7,1,0,34,18,52,189103,187209,2909,0,1659017,379222,2038240
2022-05-13,2022,5,13,chokepoint6,Strait of Hormuz,12,9,2,0,25,23,48,470039,328645,3625,0,1513945,802310,2316256
2022-05-14,2022,5,14,chokepoint6,Strait of Hormuz,12,14,4,5,58,35,93,309828,576879,13350,20723,2139737,920781,3060518
2022-05-15,2022,5,15,chokepoint6,Strait of Hormuz,8,11,1,4,45,24,69,262961,339056,0,0,2215638,602017,2817656
2022-05-16,2022,5,16,chokepoint6,Strait of Hormuz,14,11,3,0,45,28,73,338307,370845,13844,0,1610490,722998,2333489
2022-05-17,2022,5,17,chokepoint6,Strait of Hormuz,20,17,3,2,55,42,97,549091,608850,4250,7816,3596024,1170009,4766033
2022-05-18,2022,5,18,chokepoint6,Strait of Hormuz,11,13,5,5,62,34,96,388597,451270,22822,9238,2130367,871930,3002297
2022-05-19,2022,5,19,chokepoint6,Strait of Hormuz,15,24,5,1,60,45,105,429339,794421,19236,0,2978587,1242997,4221584
2022-05-20,2022,5,20,chokepoint6,Strait of Hormuz,13,7,8,5,43,33,76,444783,190594,38586,0,1810163,673964,2484128
2022-05-21,2022,5,21,chokepoint6,Strait of Hormuz,16,22,6,1,57,45,102,615624,689703,24996,4909,3104788,1335234,4440023
2022-05-22,2022,5,22,chokepoint6,Strait of Hormuz,8,5,2,1,49,16,65,128460,218520,4246,5310,3096132,356537,3452669
2022-05-23,2022,5,23,chokepoint6,Strait of Hormuz,9,14,3,0,61,26,87,268216,404388,28026,0,2886446,700631,3587078
2022-05-24,2022,5,24,chokepoint6,Strait of Hormuz,13,13,1,0,43,27,70,507498,307952,756,0,3006585,816207,3822792
2022-05-25,2022,5,25,chokepoint6,Strait of Hormuz,20,13,2,3,51,38,89,595390,618392,1415,0,2651372,1215199,3866571
2022-05-26,2022,5,26,chokepoint6,Strait of Hormuz,7,16,5,1,58,29,87,139341,766289,23039,0,1576842,928669,2505512
2022-05-27,2022,5,27,chokepoint6,Strait of Hormuz,15,16,2,4,70,37,107,534710,505804,1128,5000,4028117,1046643,5074760
2022-05-28,2022,5,28,chokepoint6,Strait of Hormuz,16,16,0,0,66,32,98,672772,697760,0,0,2643847,1370533,4014380
2022-05-29,2022,5,29,chokepoint6,Strait of Hormuz,14,19,3,5,62,41,103,378750,530147,1415,13335,3193880,923648,4117529
2022-05-30,2022,5,30,chokepoint6,Strait of Hormuz,18,11,5,1,64,35,99,615235,504704,15213,0,2555903,1135153,3691057
2022-05-31,2022,5,31,chokepoint6,Strait of Hormuz,15,12,3,1,63,31,94,388736,470204,34358,3226,2454506,896526,3351032
2022-06-01,2022,6,1,chokepoint6,Strait of Hormuz,20,15,3,3,61,41,102,520569,487779,27066,6670,2315085,1042086,3357172
2022-06-02,2022,6,2,chokepoint6,Strait of Hormuz,18,20,2,5,71,45,116,515500,520322,18931,5602,3678818,1060357,4739175
2022-06-03,2022,6,3,chokepoint6,Strait of Hormuz,12,19,4,4,62,39,101,359356,748992,3554,2731,4160358,1114635,5274993
2022-06-04,2022,6,4,chokepoint6,Strait of Hormuz,18,15,3,3,47,39,86,563218,603561,34099,272,1626351,1201151,2827503
2022-06-05,2022,6,5,chokepoint6,Strait of Hormuz,17,15,3,0,61,35,96,436960,451939,15639,0,3412500,904539,4317039
2022-06-06,2022,6,6,chokepoint6,Strait of Hormuz,12,11,1,5,67,29,96,306897,563329,2432,4660,2167050,877320,3044370
2022-06-07,2022,6,7,chokepoint6,Strait of Hormuz,20,13,3,1,53,37,90,380439,355356,16815,4025,3144377,756636,3901014
2022-06-08,2022,6,8,chokepoint6,Strait of Hormuz,10,10,1,1,33,22,55,385765,497930,7894,2864,1222573,894454,2117027
2022-06-09,2022,6,9,chokepoint6,Strait of Hormuz,12,7,2,1,55,22,77,303415,232032,8444,0,1630813,543893,2174706
2022-06-10,2022,6,10,chokepoint6,Strait of Hormuz,12,10,1,1,44,24,68,455940,157930,0,0,2504808,613871,3118680
2022-06-11,2022,6,11,chokepoint6,Strait of Hormuz,14,14,3,1,52,32,84,354215,248391,8071,0,3401109,610678,4011787
2022-06-12,2022,6,12,chokepoint6,Strait of Hormuz,13,10,2,2,60,27,87,347586,503106,27513,7021,2142259,885228,3027488
2022-06-13,2022,6,13,chokepoint6,Strait of Hormuz,12,8,0,2,40,22,62,303331,391413,0,3750,2106555,698495,2805050
2022-06-14,2022,6,14,chokepoint6,Strait of Hormuz,15,20,5,0,64,40,104,440977,663943,62901,0,4958550,1167822,6126372
2022-06-15,2022,6,15,chokepoint6,Strait of Hormuz,10,8,1,0,34,19,53,282063,301053,0,0,1485380,583116,2068497
2022-06-16,2022,6,16,chokepoint6,Strait of Hormuz,17,16,2,3,60,38,98,668704,623600,14730,0,3118133,1307035,4425168
2022-06-17,2022,6,17,chokepoint6,Strait of Hormuz,17,6,5,1,48,29,77,399702,157874,18380,0,2066605,575958,2642563
2022-06-18,2022,6,18,chokepoint6,Strait of Hormuz,12,13,4,2,50,31,81,388908,254519,37012,6012,2890542,686452,3576994
2022-06-19,2022,6,19,chokepoint6,Strait of Hormuz,9,22,1,1,68,33,101,392886,425883,16174,0,2697006,834945,3531951
2022-06-20,2022,6,20,chokepoint6,Strait of Hormuz,19,14,1,3,56,37,93,534907,700214,1415,10686,2882250,1247224,4129474
2022-06-21,2022,6,21,chokepoint6,Strait of Hormuz,18,13,2,4,48,37,85,421195,298632,5456,6615,1511933,731899,2243832
2022-06-22,2022,6,22,chokepoint6,Strait of Hormuz,15,11,2,2,47,30,77,537686,411740,2427,16127,3104600,967983,4072583
2022-06-23,2022,6,23,chokepoint6,Strait of Hormuz,16,19,3,4,47,42,89,382968,720013,3284,0,2038388,1106267,3144655
2022-06-24,2022,6,24,chokepoint6,Strait of Hormuz,9,16,4,0,40,29,69,232478,366244,14821,0,3059558,613544,3673102
2022-06-25,2022,6,25,chokepoint6,Strait of Hormuz,15,18,3,2,50,38,88,647788,533250,1499,6039,2632387,1188577,3820965
2022-06-26,2022,6,26,chokepoint6,Strait of Hormuz,14,10,6,1,63,31,94,406215,280760,17385,0,3771129,704361,4475490
2022-06-27,2022,6,27,chokepoint6,Strait of Hormuz,13,20,3,1,72,37,109,281401,473149,2496,0,3021130,757047,3778177
2022-06-28,2022,6,28,chokepoint6,Strait of Hormuz,17,16,1,2,53,36,89,252035,520057,1415,5552,2273120,779060,3052181
2022-06-29,2022,6,29,chokepoint6,Strait of Hormuz,17,20,3,2,57,42,99,670576,841683,15049,0,2175875,1527309,3703184
2022-06-30,2022,6,30,chokepoint6,Strait of Hormuz,18,19,1,3,72,41,113,390035,871157,3366,5536,3226950,1270096,4497046
2022-07-01,2022,7,1,chokepoint6,Strait of Hormuz,15,15,4,3,51,37,88,414868,394908,6403,3847,2261545,820027,3081572
2022-07-02,2022,7,2,chokepoint6,Strait of Hormuz,14,11,5,3,43,33,76,477948,306896,31033,4590,3133038,820469,3953508
2022-07-03,2022,7,3,chokepoint6,Strait of Hormuz,6,17,3,3,59,29,88,189178,555323,3833,4586,4103430,752921,4856351
2022-07-04,2022,7,4,chokepoint6,Strait of Hormuz,14,22,1,2,71,39,110,337879,418496,21111,7827,3592687,785315,4378003
2022-07-05,2022,7,5,chokepoint6,Strait of Hormuz,15,8,2,0,57,25,82,330145,179562,710,0,3274990,510418,3785409
2022-07-06,2022,7,6,chokepoint6,Strait of Hormuz,18,11,7,2,57,38,95,360251,339687,46136,872,2313671,746948,3060619
2022-07-07,2022,7,7,chokepoint6,Strait of Hormuz,9,15,1,3,50,28,78,150132,579622,30056,7019,3080036,766830,3846867
2022-07-08,2022,7,8,chokepoint6,Strait of Hormuz,10,4,2,0,35,16,51,403002,86197,3038,0,2245255,492237,2737493
2022-07-09,2022,7,9,chokepoint6,Strait of Hormuz,17,18,2,4,54,41,95,543400,447556,189,8368,2950172,999515,3949688
2022-07-10,2022,7,10,chokepoint6,Strait of Hormuz,10,11,1,1,38,23,61,190803,409719,10604,3413,1755275,614541,2369817
2022-07-11,2022,7,11,chokepoint6,Strait of Hormuz,8,13,3,3,56,27,83,174638,546666,8103,10415,2966754,739823,3706577
2022-07-12,2022,7,12,chokepoint6,Strait of Hormuz,17,9,4,0,46,30,76,539216,610158,13325,0,2279545,1162700,3442245
2022-07-13,2022,7,13,chokepoint6,Strait of Hormuz,15,18,4,2,48,39,87,446660,943211,29974,7826,2131613,1427673,3559286
2022-07-14,2022,7,14,chokepoint6,Strait of Hormuz,17,13,4,4,78,38,116,478810,393563,38941,0,3533686,911315,4445001
2022-07-15,2022,7,15,chokepoint6,Strait of Hormuz,15,12,2,1,76,30,106,528009,521210,7912,2052,4607232,1059184,5666417
2022-07-16,2022,7,16,chokepoint6,Strait of Hormuz,19,12,2,6,55,39,94,378681,415808,8948,10846,3083197,814286,3897483
2022-07-17,2022,7,17,chokepoint6,Strait of Hormuz,12,15,5,0,61,32,93,260373,750648,103021,0,2955510,1114044,4069554
2022-07-18,2022,7,18,chokepoint6,Strait of Hormuz,11,7,1,1,42,20,62,415219,465669,776,4518,2654168,886183,3540352
2022-07-19,2022,7,19,chokepoint6,Strait of Hormuz,14,9,1,1,47,25,72,535015,274137,0,5384,2552005,814536,3366542
2022-07-20,2022,7,20,chokepoint6,Strait of Hormuz,15,16,2,2,51,35,86,257415,419972,776,0,3239943,678164,3918108
2022-07-21,2022,7,21,chokepoint6,Strait of Hormuz,9,12,3,0,44,24,68,384927,562066,23689,0,1009636,970683,1980320
2022-07-22,2022,7,22,chokepoint6,Strait of Hormuz,12,8,2,0,56,22,78,366137,297401,4895,0,2961657,668434,3630092
2022-07-23,2022,7,23,chokepoint6,Strait of Hormuz,12,12,1,3,57,28,85,468482,382712,0,11083,2980929,862278,3843207
2022-07-24,2022,7,24,chokepoint6,Strait of Hormuz,8,7,1,2,26,18,44,231146,102009,799,0,1026757,333955,1360712
2022-07-25,2022,7,25,chokepoint6,Strait of Hormuz,11,7,3,0,42,21,63,382471,217010,27600,0,2262479,627082,2889561
2022-07-26,2022,7,26,chokepoint6,Strait of Hormuz,15,17,8,0,63,40,103,488992,463329,33213,0,2504428,985534,3489963
2022-07-27,2022,7,27,chokepoint6,Strait of Hormuz,10,12,1,3,62,26,88,369886,596412,0,7519,2963686,973818,3937505
2022-07-28,2022,7,28,chokepoint6,Strait of Hormuz,15,14,2,3,49,34,83,509014,342535,11476,3045,2475915,866072,3341987
2022-07-29,2022,7,29,chokepoint6,Strait of Hormuz,15,15,4,0,46,34,80,636259,497051,10496,0,2563885,1143807,3707693
2022-07-30,2022,7,30,chokepoint6,Strait of Hormuz,10,22,4,1,64,37,101,213790,863583,9924,0,2559153,1087299,3646452
2022-07-31,2022,7,31,chokepoint6,Strait of Hormuz,18,15,4,2,60,39,99,511612,263687,20030,0,3675096,795330,4470427
2022-08-01,2022,8,1,chokepoint6,Strait of Hormuz,16,12,6,1,55,35,90,437414,420668,38353,3643,3466531,900080,4366612
2022-08-02,2022,8,2,chokepoint6,Strait of Hormuz,20,21,4,2,50,47,97,547165,972211,3717,0,2153204,1523094,3676298
2022-08-03,2022,8,3,chokepoint6,Strait of Hormuz,16,27,6,5,61,54,115,644948,1068833,35398,21591,2338951,1770771,4109723
2022-08-04,2022,8,4,chokepoint6,Strait of Hormuz,17,23,4,0,58,44,102,339032,614273,6908,0,3127695,960214,4087909
2022-08-05,2022,8,5,chokepoint6,Strait of Hormuz,16,16,0,7,66,39,105,591768,617197,0,0,3198889,1208966,4407856
2022-08-06,2022,8,6,chokepoint6,Strait of Hormuz,12,10,1,1,53,24,77,357937,471296,1287,5666,3348527,836188,4184716
2022-08-07,2022,8,7,chokepoint6,Strait of Hormuz,21,12,2,2,65,37,102,669875,328822,4726,4144,1959682,1007569,2967252
2022-08-08,2022,8,8,chokepoint6,Strait of Hormuz,15,20,3,3,53,41,94,336501,777501,18148,3848,3392709,1136000,4528710
2022-08-09,2022,8,9,chokepoint6,Strait of Hormuz,11,11,2,0,34,24,58,496675,456417,6176,0,1171565,959269,2130834
2022-08-10,2022,8,10,chokepoint6,Strait of Hormuz,17,17,2,2,71,38,109,359273,490834,10165,12224,3865102,872497,4737600
2022-08-11,2022,8,11,chokepoint6,Strait of Hormuz,14,9,2,3,50,28,78,405786,361843,32229,0,2360983,799859,3160843
2022-08-12,2022,8,12,chokepoint6,Strait of Hormuz,10,19,4,1,65,34,99,308957,839222,10888,0,2840081,1159068,3999150
2022-08-13,2022,8,13,chokepoint6,Strait of Hormuz,18,17,2,2,59,39,98,626986,673187,11756,0,2427151,1311930,3739081
2022-08-14,2022,8,14,chokepoint6,Strait of Hormuz,11,18,2,0,54,31,85,288733,737512,7509,0,3439456,1033754,4473211
2022-08-15,2022,8,15,chokepoint6,Strait of Hormuz,12,19,2,2,62,35,97,356368,1110659,12673,3597,2384601,1483298,3867899
2022-08-16,2022,8,16,chokepoint6,Strait of Hormuz,17,16,3,5,62,41,103,489354,408097,13689,10438,3083127,921579,4004707
2022-08-17,2022,8,17,chokepoint6,Strait of Hormuz,12,9,2,3,40,26,66,369881,251164,4728,2993,3040988,628768,3669757
2022-08-18,2022,8,18,chokepoint6,Strait of Hormuz,15,9,7,2,56,33,89,317601,304522,35139,0,2816693,657263,3473956
2022-08-19,2022,8,19,chokepoint6,Strait of Hormuz,27,15,6,3,72,51,123,893665,502205,47229,0,2542736,1443100,3985836
2022-08-20,2022,8,20,chokepoint6,Strait of Hormuz,17,13,1,1,65,32,97,466133,459845,5646,0,2864757,931625,3796382
2022-08-21,2022,8,21,chokepoint6,Strait of Hormuz,12,15,4,2,53,33,86,242583,593558,13140,9845,3116575,859127,3975702
2022-08-22,2022,8,22,chokepoint6,Strait of Hormuz,15,15,6,1,53,37,90,491902,375612,61510,0,3171139,929025,4100164
2022-08-23,2022,8,23,chokepoint6,Strait of Hormuz,19,16,2,2,65,39,104,417816,429682,12020,0,2441331,859519,3300851
2022-08-24,2022,8,24,chokepoint6,Strait of Hormuz,9,14,5,2,43,30,73,249005,570988,20320,0,2900378,840314,3740692
2022-08-25,2022,8,25,chokepoint6,Strait of Hormuz,12,12,6,1,45,31,76,266931,601133,23632,0,1901581,891697,2793279
2022-08-26,2022,8,26,chokepoint6,Strait of Hormuz,20,24,3,0,60,47,107,673767,809771,4470,0,3657810,1488010,5145821
2022-08-27,2022,8,27,chokepoint6,Strait of Hormuz,16,23,4,1,43,44,87,300173,980748,44457,0,2496993,1325379,3822373
2022-08-28,2022,8,28,chokepoint6,Strait of Hormuz,14,14,3,3,53,34,87,341151,441804,2556,0,2529953,785511,3315465
2022-08-29,2022,8,29,chokepoint6,Strait of Hormuz,13,14,1,2,36,30,66,270395,539093,189,4994,2007362,814673,2822035
2022-08-30,2022,8,30,chokepoint6,Strait of Hormuz,11,18,4,0,45,33,78,253922,857827,23209,0,1712252,1134959,2847212
2022-08-31,2022,8,31,chokepoint6,Strait of Hormuz,14,17,4,2,63,37,100,460323,526642,24307,2346,5053925,1013620,6067546
2022-09-01,2022,9,1,chokepoint6,Strait of Hormuz,17,23,5,3,68,48,116,374360,741885,15069,12656,3261814,1143972,4405787
2022-09-02,2022,9,2,chokepoint6,Strait of Hormuz,18,11,3,3,65,35,100,474011,493857,4200,8016,3327977,980086,4308063
2022-09-03,2022,9,3,chokepoint6,Strait of Hormuz,11,22,8,2,64,43,107,218690,707853,9939,6209,3930097,942693,4872790
2022-09-04,2022,9,4,chokepoint6,Strait of Hormuz,19,16,4,1,62,40,102,544037,904009,21483,0,4230721,1469530,5700252
2022-09-05,2022,9,5,chokepoint6,Strait of Hormuz,11,11,4,3,63,29,92,382425,403941,11625,0,4302572,797992,5100565
2022-09-06,2022,9,6,chokepoint6,Strait of Hormuz,16,21,2,3,51,42,93,505911,826921,2006,13073,1525854,1347913,2873768
2022-09-07,2022,9,7,chokepoint6,Strait of Hormuz,16,15,4,0,45,35,80,520112,599297,42153,0,2431216,1161562,3592779
2022-09-08,2022,9,8,chokepoint6,Strait of Hormuz,10,14,6,2,48,32,80,252241,718494,15845,7212,3678096,993795,4671892
2022-09-09,2022,9,9,chokepoint6,Strait of Hormuz,12,11,3,1,31,27,58,303819,298850,35941,0,1375303,638610,2013913
2022-09-10,2022,9,10,chokepoint6,Strait of Hormuz,6,9,0,1,37,16,53,340830,279129,0,0,2173164,619959,2793124
2022-09-11,2022,9,11,chokepoint6,Strait of Hormuz,10,12,2,1,69,25,94,238142,333985,17069,0,3497274,589197,4086471
2022-09-12,2022,9,12,chokepoint6,Strait of Hormuz,14,12,1,3,44,30,74,601518,452049,0,10907,2078473,1064475,3142949
2022-09-13,2022,9,13,chokepoint6,Strait of Hormuz,18,14,3,1,60,36,96,405310,382457,44583,5170,2962287,837522,3799809
2022-09-14,2022,9,14,chokepoint6,Strait of Hormuz,20,23,12,2,55,57,112,649892,644515,63713,4653,3102888,1362775,4465664
2022-09-15,2022,9,15,chokepoint6,Strait of Hormuz,14,14,4,2,46,34,80,398779,362762,8390,5992,2501464,775925,3277389
2022-09-16,2022,9,16,chokepoint6,Strait of Hormuz,18,13,5,1,69,37,106,500480,389954,48186,0,2222365,938622,3160987
2022-09-17,2022,9,17,chokepoint6,Strait of Hormuz,15,9,1,3,57,28,85,335854,70541,7939,8189,2370902,422525,2793428
2022-09-18,2022,9,18,chokepoint6,Strait of Hormuz,13,25,1,0,46,39,85,341153,817362,0,0,2767317,1158515,3925832
2022-09-19,2022,9,19,chokepoint6,Strait of Hormuz,10,10,2,1,34,23,57,297027,286362,1565,0,1520022,584955,2104977
2022-09-20,2022,9,20,chokepoint6,Strait of Hormuz,17,15,6,3,60,41,101,428011,583901,18850,11649,3187709,1042412,4230122
2022-09-21,2022,9,21,chokepoint6,Strait of Hormuz,9,10,4,1,33,24,57,313785,402541,16376,2306,1661220,735009,2396230
2022-09-22,2022,9,22,chokepoint6,Strait of Hormuz,18,9,2,1,60,30,90,416223,328767,40751,0,2594417,785742,3380160
2022-09-23,2022,9,23,chokepoint6,Strait of Hormuz,13,8,0,0,51,21,72,501544,440255,0,0,1723353,941799,2665152
2022-09-24,2022,9,24,chokepoint6,Strait of Hormuz,6,17,6,4,30,33,63,124189,566883,38236,8751,1094347,738060,1832408
2022-09-25,2022,9,25,chokepoint6,Strait of Hormuz,17,12,5,1,72,35,107,567593,428796,32396,0,3911321,1028786,4940107
2022-09-26,2022,9,26,chokepoint6,Strait of Hormuz,18,27,3,0,51,48,99,526712,948135,4357,0,1540557,1479205,3019762
2022-09-27,2022,9,27,chokepoint6,Strait of Hormuz,16,12,3,0,48,31,79,494948,461837,25779,0,2049142,982565,3031707
2022-09-28,2022,9,28,chokepoint6,Strait of Hormuz,9,10,1,3,43,23,66,458376,475461,12428,5044,2029264,951311,2980576
2022-09-29,2022,9,29,chokepoint6,Strait of Hormuz,5,21,3,0,61,29,90,81370,541273,1572,0,2707847,624216,3332064
2022-09-30,2022,9,30,chokepoint6,Strait of Hormuz,13,10,2,0,42,25,67,424445,233067,14296,0,2051985,671809,2723794
2022-10-01,2022,10,1,chokepoint6,Strait of Hormuz,13,15,2,3,61,33,94,323058,515429,4162,7416,3620718,850066,4470785
2022-10-02,2022,10,2,chokepoint6,Strait of Hormuz,12,19,4,2,54,37,91,354412,745903,9855,2293,2173620,1112464,3286085
2022-10-03,2022,10,3,chokepoint6,Strait of Hormuz,11,14,0,2,55,27,82,343080,254646,0,4289,4019379,602017,4621396
2022-10-04,2022,10,4,chokepoint6,Strait of Hormuz,13,14,3,2,56,32,88,291593,356019,18294,3591,4039750,669499,4709250
2022-10-05,2022,10,5,chokepoint6,Strait of Hormuz,14,21,3,4,66,42,108,629814,816072,13379,3748,3352375,1463015,4815391
2022-10-06,2022,10,6,chokepoint6,Strait of Hormuz,14,15,4,2,50,35,85,462089,603308,9412,0,1949122,1074809,3023931
2022-10-07,2022,10,7,chokepoint6,Strait of Hormuz,12,14,1,1,46,28,74,302235,865269,22242,3733,2108128,1193480,3301609
2022-10-08,2022,10,8,chokepoint6,Strait of Hormuz,15,16,4,3,60,38,98,349817,546149,35878,6736,2478850,938581,3417431
2022-10-09,2022,10,9,chokepoint6,Strait of Hormuz,19,15,3,0,59,37,96,637865,532591,6547,0,2501148,1177004,3678152
2022-10-10,2022,10,10,chokepoint6,Strait of Hormuz,21,18,2,2,51,43,94,602258,917224,11434,0,2333721,1530917,3864639
2022-10-11,2022,10,11,chokepoint6,Strait of Hormuz,15,16,5,2,56,38,94,293086,621210,19488,4087,1949614,937872,2887486
2022-10-12,2022,10,12,chokepoint6,Strait of Hormuz,14,11,2,4,50,31,81,524433,359205,14827,3648,2740740,902114,3642855
2022-10-13,2022,10,13,chokepoint6,Strait of Hormuz,8,11,3,1,55,23,78,97220,239924,9377,0,2800788,346523,3147311
2022-10-14,2022,10,14,chokepoint6,Strait of Hormuz,18,20,5,3,57,46,103,506510,534869,40968,3120,2269104,1085469,3354573
2022-10-15,2022,10,15,chokepoint6,Strait of Hormuz,17,16,5,2,65,40,105,534381,704360,44571,2106,3381621,1285419,4667040
2022-10-16,2022,10,16,chokepoint6,Strait of Hormuz,17,14,2,1,61,34,95,477278,576163,0,0,3671928,1053441,4725370
2022-10-17,2022,10,17,chokepoint6,Strait of Hormuz,15,15,5,3,61,38,99,334046,612354,28581,3213,3960853,978195,4939049
2022-10-18,2022,10,18,chokepoint6,Strait of Hormuz,10,14,1,2,35,27,62,310477,328003,17006,0,1950112,655486,2605599
2022-10-19,2022,10,19,chokepoint6,Strait of Hormuz,16,15,7,2,61,40,101,574256,782128,84598,5707,2761930,1446691,4208621
2022-10-20,2022,10,20,chokepoint6,Strait of Hormuz,9,10,2,2,37,23,60,146982,393204,6028,11863,1581329,558079,2139408
2022-10-21,2022,10,21,chokepoint6,Strait of Hormuz,18,13,7,4,65,42,107,454572,509103,35570,11531,2696272,1010778,3707050
2022-10-22,2022,10,22,chokepoint6,Strait of Hormuz,16,17,4,0,60,37,97,315472,521265,74467,0,2954589,911204,3865794
2022-10-23,2022,10,23,chokepoint6,Strait of Hormuz,18,20,7,2,69,47,116,639552,496067,36392,0,1805379,1172012,2977392
2022-10-24,2022,10,24,chokepoint6,Strait of Hormuz,10,9,2,2,56,23,79,139976,365069,13792,0,2881058,518838,3399897
2022-10-25,2022,10,25,chokepoint6,Strait of Hormuz,16,16,1,3,46,36,82,493164,309659,1467,4505,2489390,808796,3298187
2022-10-26,2022,10,26,chokepoint6,Strait of Hormuz,7,12,4,3,49,26,75,270297,260975,7580,9928,2019801,548781,2568582
2022-10-27,2022,10,27,chokepoint6,Strait of Hormuz,20,15,5,2,69,42,111,371228,635668,31357,7484,3174477,1045740,4220217
2022-10-28,2022,10,28,chokepoint6,Strait of Hormuz,14,23,1,8,77,46,123,444047,676537,3814,4870,3651303,1129270,4780573
2022-10-29,2022,10,29,chokepoint6,Strait of Hormuz,8,17,1,1,58,27,85,211896,466300,0,0,2892501,678196,3570698
2022-10-30,2022,10,30,chokepoint6,Strait of Hormuz,17,16,4,1,36,38,74,459164,690341,18586,5860,2525128,1173953,3699082
2022-10-31,2022,10,31,chokepoint6,Strait of Hormuz,10,11,4,1,46,26,72,127869,363392,24856,3086,2324696,519205,2843901
2022-11-01,2022,11,1,chokepoint6,Strait of Hormuz,21,17,1,2,54,41,95,493137,459390,3190,0,3623551,955718,4579270
2022-11-02,2022,11,2,chokepoint6,Strait of Hormuz,14,10,3,1,59,28,87,499899,364722,3875,2592,3735233,871089,4606322
2022-11-03,2022,11,3,chokepoint6,Strait of Hormuz,15,12,4,6,45,37,82,364250,465231,33633,11600,2580061,874716,3454778
2022-11-04,2022,11,4,chokepoint6,Strait of Hormuz,10,15,1,2,43,28,71,483128,512073,16287,0,2941586,1011489,3953076
2022-11-05,2022,11,5,chokepoint6,Strait of Hormuz,12,6,2,3,39,23,62,255421,273113,432,3120,2411091,532088,2943179
2022-11-06,2022,11,6,chokepoint6,Strait of Hormuz,12,16,3,1,44,32,76,202028,409097,17284,0,2863904,628410,3492314
2022-11-07,2022,11,7,chokepoint6,Strait of Hormuz,11,21,3,0,52,35,87,298300,655818,7216,0,2595177,961334,3556512
2022-11-08,2022,11,8,chokepoint6,Strait of Hormuz,8,18,1,2,44,29,73,205529,686365,2513,3393,1671346,897802,2569148
2022-11-09,2022,11,9,chokepoint6,Strait of Hormuz,10,5,0,1,27,16,43,309973,254709,0,5808,1906716,570491,2477207
2022-11-10,2022,11,10,chokepoint6,Strait of Hormuz,7,10,4,2,36,23,59,368925,401352,36325,3820,2569097,810423,3379520
2022-11-11,2022,11,11,chokepoint6,Strait of Hormuz,10,18,3,2,56,33,89,283304,493982,8681,6436,2987005,792404,3779409
2022-11-12,2022,11,12,chokepoint6,Strait of Hormuz,12,22,8,1,46,43,89,289726,640471,36027,2959,2142064,969183,3111248
2022-11-13,2022,11,13,chokepoint6,Strait of Hormuz,8,8,4,0,35,20,55,324984,413206,45113,0,2622270,783303,3405574
2022-11-14,2022,11,14,chokepoint6,Strait of Hormuz,11,8,2,2,34,23,57,446299,473071,11409,0,1186104,930780,2116885
2022-11-15,2022,11,15,chokepoint6,Strait of Hormuz,10,7,3,3,47,23,70,150758,174378,12686,0,2515694,337823,2853518
2022-11-16,2022,11,16,chokepoint6,Strait of Hormuz,14,10,4,4,36,32,68,446732,567822,15538,12321,2473229,1042414,3515644
2022-11-17,2022,11,17,chokepoint6,Strait of Hormuz,21,9,2,1,65,33,98,414125,326266,3033,0,3998417,743426,4741844
2022-11-18,2022,11,18,chokepoint6,Strait of Hormuz,17,15,4,5,59,41,100,618640,432783,12427,13893,2605425,1077745,3683170
2022-11-19,2022,11,19,chokepoint6,Strait of Hormuz,2,7,1,1,16,11,27,93602,178170,5280,0,685621,277054,962675
2022-11-20,2022,11,20,chokepoint6,Strait of Hormuz,12,13,2,2,59,29,88,379686,564496,25829,8148,2270513,978162,3248675
2022-11-21,2022,11,21,chokepoint6,Strait of Hormuz,13,9,1,2,37,25,62,469886,206863,3843,6730,1880843,687324,2568168
2022-11-22,2022,11,22,chokepoint6,Strait of Hormuz,11,6,1,1,36,19,55,356144,477186,645,0,1157813,833976,1991789
2022-11-23,2022,11,23,chokepoint6,Strait of Hormuz,11,16,2,3,32,32,64,334154,552821,16066,4241,1920956,907284,2828240
2022-11-24,2022,11,24,chokepoint6,Strait of Hormuz,10,5,6,3,40,24,64,224349,104892,32217,4178,2839910,365638,3205549
2022-11-25,2022,11,25,chokepoint6,Strait of Hormuz,10,6,4,0,37,20,57,396071,352404,5567,0,1139437,754042,1893480
2022-11-26,2022,11,26,chokepoint6,Strait of Hormuz,4,4,3,1,27,12,39,118990,131628,10307,0,1212367,260926,1473293
2022-11-27,2022,11,27,chokepoint6,Strait of Hormuz,13,14,6,1,56,34,90,265665,705158,25373,0,2641411,996197,3637609
2022-11-28,2022,11,28,chokepoint6,Strait of Hormuz,14,18,3,4,57,39,96,362982,530303,20596,10203,1770692,924085,2694778
2022-11-29,2022,11,29,chokepoint6,Strait of Hormuz,20,14,4,4,56,42,98,533640,289736,12434,6369,2453160,842181,3295341
2022-11-30,2022,11,30,chokepoint6,Strait of Hormuz,8,13,2,0,53,23,76,208331,226966,21306,0,3056393,456605,3512998
2022-12-01,2022,12,1,chokepoint6,Strait of Hormuz,11,10,2,3,37,26,63,280060,297870,0,3443,1731781,581374,2313156
2022-12-02,2022,12,2,chokepoint6,Strait of Hormuz,10,12,3,3,45,28,73,356727,219122,10519,10451,2349489,596820,2946309
2022-12-03,2022,12,3,chokepoint6,Strait of Hormuz,9,10,2,3,39,24,63,403354,428088,8842,4518,2165541,844804,3010345
2022-12-04,2022,12,4,chokepoint6,Strait of Hormuz,9,12,4,1,50,26,76,142814,591715,5169,0,3020762,739699,3760461
2022-12-05,2022,12,5,chokepoint6,Strait of Hormuz,17,8,3,1,48,29,77,336419,200908,10886,1679,2375601,549893,2925495
2022-12-06,2022,12,6,chokepoint6,Strait of Hormuz,14,15,2,1,32,32,64,392952,764735,11284,3080,982634,1172054,2154688
2022-12-07,2022,12,7,chokepoint6,Strait of Hormuz,7,19,3,3,49,32,81,286813,626003,72056,8870,3510004,993745,4503749
2022-12-08,2022,12,8,chokepoint6,Strait of Hormuz,8,7,4,2,36,21,57,217008,227469,27928,0,1887275,472406,2359682
2022-12-09,2022,12,9,chokepoint6,Strait of Hormuz,8,12,4,2,32,26,58,265019,512190,18521,3052,1709488,798783,2508272
2022-12-10,2022,12,10,chokepoint6,Strait of Hormuz,16,15,1,0,42,32,74,334456,516704,0,0,2250433,851160,3101594
2022-12-11,2022,12,11,chokepoint6,Strait of Hormuz,11,15,6,2,40,34,74,279461,601229,22612,5888,1826703,909192,2735895
2022-12-12,2022,12,12,chokepoint6,Strait of Hormuz,13,15,4,4,49,36,85,498934,355905,4008,15091,3221438,873939,4095378
2022-12-13,2022,12,13,chokepoint6,Strait of Hormuz,11,14,0,1,50,26,76,230040,488896,0,3336,1512575,722273,2234848
2022-12-14,2022,12,14,chokepoint6,Strait of Hormuz,11,14,1,3,40,29,69,183602,399390,0,8179,3408085,591172,3999257
2022-12-15,2022,12,15,chokepoint6,Strait of Hormuz,14,8,6,3,53,31,84,283198,0,34261,4713,3017803,322174,3339978
2022-12-16,2022,12,16,chokepoint6,Strait of Hormuz,14,12,1,1,41,28,69,593297,380857,16751,847,2372259,991754,3364013
2022-12-17,2022,12,17,chokepoint6,Strait of Hormuz,11,16,5,1,55,33,88,277337,688317,17955,0,2906387,983610,3889998
2022-12-18,2022,12,18,chokepoint6,Strait of Hormuz,11,22,2,2,56,37,93,175447,1098462,24770,6294,2324320,1304975,3629296
2022-12-19,2022,12,19,chokepoint6,Strait of Hormuz,13,17,1,0,35,31,66,488094,725892,3093,0,1638193,1217080,2855274
2022-12-20,2022,12,20,chokepoint6,Strait of Hormuz,9,10,4,1,36,24,60,390307,296310,29023,5707,2180122,721348,2901471
2022-12-21,2022,12,21,chokepoint6,Strait of Hormuz,11,11,3,2,46,27,73,224558,385710,41851,0,2500624,652120,3152744
2022-12-22,2022,12,22,chokepoint6,Strait of Hormuz,8,11,5,3,63,27,90,264098,329300,9659,5546,2449582,608605,3058187
2022-12-23,2022,12,23,chokepoint6,Strait of Hormuz,14,6,4,3,49,27,76,611721,143432,21034,15674,2293719,791863,3085582
2022-12-24,2022,12,24,chokepoint6,Strait of Hormuz,8,10,4,0,34,22,56,283653,437153,8733,0,1121824,729541,1851366
2022-12-25,2022,12,25,chokepoint6,Strait of Hormuz,9,9,4,1,34,23,57,411865,302996,13789,2528,2244532,731179,2975712
2022-12-26,2022,12,26,chokepoint6,Strait of Hormuz,8,10,1,1,36,20,56,219596,171355,8915,0,2005633,399867,2405501
2022-12-27,2022,12,27,chokepoint6,Strait of Hormuz,11,10,3,2,29,26,55,250711,445900,6046,2283,605160,704942,1310103
2022-12-28,2022,12,28,chokepoint6,Strait of Hormuz,17,7,2,0,53,26,79,552986,313354,9957,0,2692653,876298,3568951
2022-12-29,2022,12,29,chokepoint6,Strait of Hormuz,11,10,5,1,36,27,63,337054,302491,52584,4912,1809004,697043,2506047
2022-12-30,2022,12,30,chokepoint6,Strait of Hormuz,5,4,0,1,32,10,42,240740,136439,0,4309,1203188,381489,1584678
2022-12-31,2022,12,31,chokepoint6,Strait of Hormuz,6,14,2,1,31,23,54,254418,292324,30457,0,1947513,577199,2524713
2023-01-01,2023,1,1,chokepoint6,Strait of Hormuz,12,14,2,7,39,35,74,413260,636305,31512,7210,2748188,1088288,3836476
2023-01-02,2023,1,2,chokepoint6,Strait of Hormuz,13,16,3,2,52,34,86,258970,675748,8487,4493,2447189,947700,3394889
2023-01-03,2023,1,3,chokepoint6,Strait of Hormuz,19,12,3,1,51,35,86,509521,320461,4964,8901,2760422,843849,3604271
2023-01-04,2023,1,4,chokepoint6,Strait of Hormuz,15,11,2,1,51,29,80,532006,217009,19585,2981,4001385,771582,4772967
2023-01-05,2023,1,5,chokepoint6,Strait of Hormuz,19,12,2,3,41,36,77,527789,745960,1599,5707,1528222,1281057,2809279
2023-01-06,2023,1,6,chokepoint6,Strait of Hormuz,7,7,2,2,35,18,53,243038,382919,20879,6492,1935599,653330,2588930
2023-01-07,2023,1,7,chokepoint6,Strait of Hormuz,14,11,2,2,58,29,87,433567,231969,17196,0,2877337,682732,3560070
2023-01-08,2023,1,8,chokepoint6,Strait of Hormuz,11,16,4,2,43,33,76,367230,459982,10299,0,2480918,837512,3318430
2023-01-09,2023,1,9,chokepoint6,Strait of Hormuz,12,10,3,1,47,26,73,295610,487148,13296,3901,1681841,799957,2481799
2023-01-10,2023,1,10,chokepoint6,Strait of Hormuz,11,15,6,1,44,33,77,333378,553194,38128,2627,1588923,927329,2516253
2023-01-11,2023,1,11,chokepoint6,Strait of Hormuz,14,9,5,2,31,30,61,311481,318512,11734,12194,1688075,653922,2341997
2023-01-12,2023,1,12,chokepoint6,Strait of Hormuz,13,13,2,0,38,28,66,376913,187193,5021,0,1835785,569128,2404914
2023-01-13,2023,1,13,chokepoint6,Strait of Hormuz,8,13,1,0,33,22,55,220728,287570,4352,0,2119947,512650,2632598
2023-01-14,2023,1,14,chokepoint6,Strait of Hormuz,12,12,4,3,49,31,80,324110,364571,9052,5293,4030262,703027,4733290
2023-01-15,2023,1,15,chokepoint6,Strait of Hormuz,12,12,5,0,25,29,54,437899,510517,30426,0,1324579,978842,2303421
2023-01-16,2023,1,16,chokepoint6,Strait of Hormuz,10,11,2,1,41,24,65,170606,339838,16903,0,2834564,527348,3361912
2023-01-17,2023,1,17,chokepoint6,Strait of Hormuz,16,6,3,2,44,27,71,489282,98386,11390,2984,2699024,602044,3301068
2023-01-18,2023,1,18,chokepoint6,Strait of Hormuz,13,17,0,1,50,31,81,221910,619427,0,3339,2676557,844677,3521235
2023-01-19,2023,1,19,chokepoint6,Strait of Hormuz,12,15,3,5,40,35,75,494815,364293,18450,4289,1609742,881848,2491591
2023-01-20,2023,1,20,chokepoint6,Strait of Hormuz,10,12,2,0,45,24,69,357348,557116,1526,0,2004156,915990,2920147
2023-01-21,2023,1,21,chokepoint6,Strait of Hormuz,7,16,2,3,51,28,79,109535,586932,35244,0,2517756,731712,3249469
2023-01-22,2023,1,22,chokepoint6,Strait of Hormuz,13,12,3,2,54,30,84,322043,546954,29930,5052,3309586,903981,4213567
2023-01-23,2023,1,23,chokepoint6,Strait of Hormuz,12,10,2,3,47,27,74,279173,501274,8355,10343,2619409,799147,3418556
2023-01-24,2023,1,24,chokepoint6,Strait of Hormuz,18,8,6,4,45,36,81,668734,275682,16459,4914,2250382,965790,3216173
2023-01-25,2023,1,25,chokepoint6,Strait of Hormuz,18,15,2,1,58,36,94,370547,648701,30471,3070,4119432,1052791,5172223
2023-01-26,2023,1,26,chokepoint6,Strait of Hormuz,15,11,1,1,51,28,79,463553,458879,1217,3706,2418100,927357,3345458
2023-01-27,2023,1,27,chokepoint6,Strait of Hormuz,14,11,3,1,49,29,78,510591,207976,9762,0,1725033,728329,2453363
2023-01-28,2023,1,28,chokepoint6,Strait of Hormuz,15,13,2,0,54,30,84,375731,356017,3426,0,2352473,735175,3087648
2023-01-29,2023,1,29,chokepoint6,Strait of Hormuz,10,11,2,2,48,25,73,348681,571763,1534,5485,2369726,927464,3297190
2023-01-30,2023,1,30,chokepoint6,Strait of Hormuz,9,13,2,3,44,27,71,251437,418166,16442,0,2030859,686046,2716906
2023-01-31,2023,1,31,chokepoint6,Strait of Hormuz,18,13,2,0,50,33,83,621612,354593,4088,0,2315180,980294,3295474
2023-02-01,2023,2,1,chokepoint6,Strait of Hormuz,12,6,4,0,53,22,75,273366,356394,4839,0,2455712,634601,3090314
2023-02-02,2023,2,2,chokepoint6,Strait of Hormuz,10,5,1,5,43,21,64,285587,105217,1217,6827,2404618,398850,2803468
2023-02-03,2023,2,3,chokepoint6,Strait of Hormuz,5,25,5,1,55,36,91,202566,659139,39156,0,2674702,900862,3575565
2023-02-04,2023,2,4,chokepoint6,Strait of Hormuz,11,13,1,0,55,25,80,386353,459204,1415,0,2949458,846973,3796432
2023-02-05,2023,2,5,chokepoint6,Strait of Hormuz,8,11,5,1,39,25,64,571529,430159,44898,0,2475180,1046587,3521767
2023-02-06,2023,2,6,chokepoint6,Strait of Hormuz,13,15,2,1,47,31,78,350075,457894,10090,8270,2640582,826331,3466913
2023-02-07,2023,2,7,chokepoint6,Strait of Hormuz,12,17,7,4,52,40,92,424974,511797,31931,8817,1916394,977521,2893915
2023-02-08,2023,2,8,chokepoint6,Strait of Hormuz,17,8,4,2,49,31,80,408009,485554,35680,0,2762781,929244,3692026
2023-02-09,2023,2,9,chokepoint6,Strait of Hormuz,17,14,3,2,44,36,80,529827,699314,15117,9397,2884548,1253656,4138205
2023-02-10,2023,2,10,chokepoint6,Strait of Hormuz,10,9,2,0,35,21,56,291754,368015,41241,0,1831528,701011,2532540
2023-02-11,2023,2,11,chokepoint6,Strait of Hormuz,6,8,2,1,29,17,46,135140,291708,3297,0,1236670,430147,1666818
2023-02-12,2023,2,12,chokepoint6,Strait of Hormuz,14,23,3,3,62,43,105,337164,539291,12383,12800,2377257,901639,3278896
2023-02-13,2023,2,13,chokepoint6,Strait of Hormuz,16,8,7,4,64,35,99,478966,164989,50948,5785,3185822,700689,3886512
2023-02-14,2023,2,14,chokepoint6,Strait of Hormuz,7,8,3,1,42,19,61,255008,264758,13039,6641,1443521,539447,1982969
2023-02-15,2023,2,15,chokepoint6,Strait of Hormuz,14,5,2,1,24,22,46,369416,86214,1106,1602,1035551,458340,1493892
2023-02-16,2023,2,16,chokepoint6,Strait of Hormuz,26,22,3,2,71,53,124,620407,725407,5154,0,3496850,1350969,4847819
2023-02-17,2023,2,17,chokepoint6,Strait of Hormuz,18,15,7,2,55,42,97,695321,369629,77682,0,2947001,1142633,4089635
2023-02-18,2023,2,18,chokepoint6,Strait of Hormuz,8,16,3,1,40,28,68,201786,337864,9277,0,2356472,548928,2905401
2023-02-19,2023,2,19,chokepoint6,Strait of Hormuz,13,12,3,1,40,29,69,322482,717015,14425,3358,1963693,1057282,3020976
2023-02-20,2023,2,20,chokepoint6,Strait of Hormuz,16,16,3,3,50,38,88,289375,560400,33645,0,1660972,883421,2544394
2023-02-21,2023,2,21,chokepoint6,Strait of Hormuz,17,11,7,4,38,39,77,482938,298485,59717,16117,1330551,857259,2187810
2023-02-22,2023,2,22,chokepoint6,Strait of Hormuz,14,16,5,4,70,39,109,438387,531646,38580,7608,3395079,1016222,4411302
2023-02-23,2023,2,23,chokepoint6,Strait of Hormuz,12,10,2,3,41,27,68,448352,401807,1396,10978,2506606,862535,3369141
2023-02-24,2023,2,24,chokepoint6,Strait of Hormuz,15,19,7,2,77,43,120,374858,932971,22419,11718,4536489,1341966,5878456
2023-02-25,2023,2,25,chokepoint6,Strait of Hormuz,16,19,6,2,49,43,92,406766,758532,13496,2774,2320098,1181569,3501668
2023-02-26,2023,2,26,chokepoint6,Strait of Hormuz,16,18,4,4,65,42,107,482564,839446,10338,12885,3280424,1345234,4625658
2023-02-27,2023,2,27,chokepoint6,Strait of Hormuz,12,10,1,2,57,25,82,269109,418028,2078,4938,2588254,694154,3282409
2023-02-28,2023,2,28,chokepoint6,Strait of Hormuz,20,10,4,5,46,39,85,646094,382261,17230,4946,3378321,1050532,4428854
2023-03-01,2023,3,1,chokepoint6,Strait of Hormuz,13,13,3,2,45,31,76,351601,508573,33459,4003,1720946,897637,2618584
2023-03-02,2023,3,2,chokepoint6,Strait of Hormuz,10,14,3,2,42,29,71,203981,527947,10405,0,2078829,742334,2821163
2023-03-03,2023,3,3,chokepoint6,Strait of Hormuz,16,9,3,2,46,30,76,420223,462995,13333,0,3359562,896551,4256114
2023-03-04,2023,3,4,chokepoint6,Strait of Hormuz,11,6,4,3,36,24,60,396128,238866,42645,4129,2235352,681770,2917122
2023-03-05,2023,3,5,chokepoint6,Strait of Hormuz,9,9,1,4,63,23,86,284163,346025,21933,0,4084677,652121,4736799
2023-03-06,2023,3,6,chokepoint6,Strait of Hormuz,20,25,2,5,56,52,108,718449,832994,22311,5543,1521640,1579298,3100939
2023-03-07,2023,3,7,chokepoint6,Strait of Hormuz,15,16,6,4,67,41,108,335967,564353,10840,6291,3345950,917453,4263403
2023-03-08,2023,3,8,chokepoint6,Strait of Hormuz,22,13,3,4,58,42,100,929941,422775,925,3825,2689598,1357467,4047066
2023-03-09,2023,3,9,chokepoint6,Strait of Hormuz,18,20,3,3,55,44,99,470490,500252,2303,7662,2332181,980709,3312890
2023-03-10,2023,3,10,chokepoint6,Strait of Hormuz,18,21,2,0,48,41,89,480829,639860,4957,0,1664945,1125647,2790593
2023-03-11,2023,3,11,chokepoint6,Strait of Hormuz,21,14,2,4,68,41,109,420056,399378,1217,13327,3526742,833980,4360722
2023-03-12,2023,3,12,chokepoint6,Strait of Hormuz,13,19,4,2,62,38,100,397352,367164,14636,2431,3197648,781584,3979233
2023-03-13,2023,3,13,chokepoint6,Strait of Hormuz,19,10,3,2,47,34,81,647131,291365,18232,2577,2260893,959307,3220201
2023-03-14,2023,3,14,chokepoint6,Strait of Hormuz,16,12,7,1,53,36,89,319826,468505,13464,2933,2372084,804730,3176814
2023-03-15,2023,3,15,chokepoint6,Strait of Hormuz,8,6,3,2,33,19,52,260237,222708,2204,5709,2262442,490860,2753303
2023-03-16,2023,3,16,chokepoint6,Strait of Hormuz,17,15,2,4,51,38,89,355938,662108,2798,11486,2638048,1032332,3670381
2023-03-17,2023,3,17,chokepoint6,Strait of Hormuz,15,16,3,0,43,34,77,600468,786062,5730,0,1407541,1392261,2799802
2023-03-18,2023,3,18,chokepoint6,Strait of Hormuz,12,13,3,3,53,31,84,302731,302181,12029,11522,2579106,628465,3207571
2023-03-19,2023,3,19,chokepoint6,Strait of Hormuz,16,15,4,1,59,36,95,421088,413335,22094,0,2973065,856519,3829584
2023-03-20,2023,3,20,chokepoint6,Strait of Hormuz,12,14,3,1,44,30,74,244545,462143,42540,7573,2831003,756803,3587806
2023-03-21,2023,3,21,chokepoint6,Strait of Hormuz,14,7,5,0,40,26,66,583392,256558,33858,0,1460983,873809,2334793
2023-03-22,2023,3,22,chokepoint6,Strait of Hormuz,9,9,6,5,33,29,62,341131,435662,25710,11644,1957068,814148,2771216
2023-03-23,2023,3,23,chokepoint6,Strait of Hormuz,12,8,2,1,37,23,60,243230,288290,26665,0,2091884,558186,2650071
2023-03-24,2023,3,24,chokepoint6,Strait of Hormuz,5,6,1,0,30,12,42,239519,354930,5720,0,2271504,600170,2871675
2023-03-25,2023,3,25,chokepoint6,Strait of Hormuz,10,11,4,1,36,26,62,257491,242116,45191,8728,976561,553527,1530089
2023-03-26,2023,3,26,chokepoint6,Strait of Hormuz,13,14,2,0,51,29,80,409323,893267,16698,0,2766816,1319289,4086105
2023-03-27,2023,3,27,chokepoint6,Strait of Hormuz,8,5,6,1,33,20,53,144953,117373,45134,4087,1438465,311548,1750014
2023-03-28,2023,3,28,chokepoint6,Strait of Hormuz,11,6,0,3,36,20,56,280545,153270,0,10645,2240622,444461,2685084
2023-03-29,2023,3,29,chokepoint6,Strait of Hormuz,11,14,2,4,36,31,67,424679,385752,5372,4364,1902366,820168,2722535
2023-03-30,2023,3,30,chokepoint6,Strait of Hormuz,17,15,4,1,54,37,91,321393,484472,31698,0,2747875,837563,3585438
2023-03-31,2023,3,31,chokepoint6,Strait of Hormuz,13,21,5,2,62,41,103,466020,889994,9608,0,3549102,1365622,4914725
2023-04-01,2023,4,1,chokepoint6,Strait of Hormuz,23,15,6,3,58,47,105,589157,723117,16930,0,2295116,1329205,3624321
2023-04-02,2023,4,2,chokepoint6,Strait of Hormuz,8,8,2,1,44,19,63,159612,357686,3881,0,2285307,521180,2806487
2023-04-03,2023,4,3,chokepoint6,Strait of Hormuz,15,5,3,1,35,24,59,555503,276276,18792,4318,2127859,854891,2982750
2023-04-04,2023,4,4,chokepoint6,Strait of Hormuz,11,8,6,5,35,30,65,284079,259236,15909,9391,1724040,568616,2292657
2023-04-05,2023,4,5,chokepoint6,Strait of Hormuz,15,11,2,0,43,28,71,464516,143649,21341,0,2409198,629507,3038706
2023-04-06,2023,4,6,chokepoint6,Strait of Hormuz,16,22,5,2,70,45,115,330679,543280,29047,0,3821765,903007,4724772
2023-04-07,2023,4,7,chokepoint6,Strait of Hormuz,18,11,6,2,49,37,86,529961,457736,13300,3358,2782762,1004357,3787119
2023-04-08,2023,4,8,chokepoint6,Strait of Hormuz,14,13,5,2,58,34,92,316764,381867,22988,2283,2929317,723904,3653222
2023-04-09,2023,4,9,chokepoint6,Strait of Hormuz,15,15,1,3,68,34,102,394693,562039,7622,7843,3024580,972200,3996780
2023-04-10,2023,4,10,chokepoint6,Strait of Hormuz,12,23,5,2,55,42,97,231682,828518,58761,0,2415503,1118962,3534466
2023-04-11,2023,4,11,chokepoint6,Strait of Hormuz,19,20,4,7,59,50,109,488590,725051,13644,16065,3733960,1243351,4977311
2023-04-12,2023,4,12,chokepoint6,Strait of Hormuz,11,8,5,3,57,27,84,326934,342564,33637,9479,2346069,712616,3058685
2023-04-13,2023,4,13,chokepoint6,Strait of Hormuz,19,14,4,0,65,37,102,344960,365290,39543,0,3716447,749795,4466242
2023-04-14,2023,4,14,chokepoint6,Strait of Hormuz,10,14,5,2,51,31,82,296838,594290,43191,4615,2515871,938934,3454806
2023-04-15,2023,4,15,chokepoint6,Strait of Hormuz,17,9,4,1,43,31,74,444818,591317,8656,0,1908054,1044792,2952846
2023-04-16,2023,4,16,chokepoint6,Strait of Hormuz,10,18,0,2,41,30,71,209593,580313,0,11350,2840778,801257,3642035
2023-04-17,2023,4,17,chokepoint6,Strait of Hormuz,14,11,1,3,48,29,77,454928,297956,19235,4434,2320403,776554,3096957
2023-04-18,2023,4,18,chokepoint6,Strait of Hormuz,15,11,6,4,46,36,82,430894,249741,29525,11471,2872856,721632,3594489
2023-04-19,2023,4,19,chokepoint6,Strait of Hormuz,10,13,6,4,57,33,90,282594,516395,9695,3414,2566346,812099,3378445
2023-04-20,2023,4,20,chokepoint6,Strait of Hormuz,19,24,3,1,80,47,127,315851,719641,5847,5038,3592200,1046379,4638579
2023-04-21,2023,4,21,chokepoint6,Strait of Hormuz,20,16,5,3,52,44,96,648177,376158,24526,3086,2740239,1051948,3792187
2023-04-22,2023,4,22,chokepoint6,Strait of Hormuz,27,16,4,1,73,48,121,745913,730929,15378,4895,3806009,1497116,5303125
2023-04-23,2023,4,23,chokepoint6,Strait of Hormuz,16,14,6,1,53,37,90,382936,479659,44075,0,2798769,906671,3705440
2023-04-24,2023,4,24,chokepoint6,Strait of Hormuz,17,9,2,2,53,30,83,314208,254229,2334,3164,2343592,573937,2917529
2023-04-25,2023,4,25,chokepoint6,Strait of Hormuz,13,13,3,3,54,32,86,307172,515329,13522,0,2670440,836023,3506464
2023-04-26,2023,4,26,chokepoint6,Strait of Hormuz,14,9,3,4,49,30,79,315188,270499,56114,1931,2135096,643733,2778829
2023-04-27,2023,4,27,chokepoint6,Strait of Hormuz,14,15,2,2,51,33,84,487365,420614,5545,0,2759433,913526,3672959
2023-04-28,2023,4,28,chokepoint6,Strait of Hormuz,20,8,4,2,46,34,80,541532,288661,6647,1586,1564958,838428,2403387
2023-04-29,2023,4,29,chokepoint6,Strait of Hormuz,14,14,3,1,62,32,94,430835,407771,19241,0,3728574,857848,4586422
2023-04-30,2023,4,30,chokepoint6,Strait of Hormuz,14,8,3,4,46,29,75,578862,359882,5578,5895,1821541,950220,2771761
2023-05-01,2023,5,1,chokepoint6,Strait of Hormuz,13,14,4,3,52,34,86,245606,411843,11617,0,3943975,669067,4613042
2023-05-02,2023,5,2,chokepoint6,Strait of Hormuz,20,14,4,1,47,39,86,649008,674784,21942,0,1882760,1345734,3228495
2023-05-03,2023,5,3,chokepoint6,Strait of Hormuz,11,12,3,2,46,28,74,424723,475981,16705,3706,3002866,921116,3923983
2023-05-04,2023,5,4,chokepoint6,Strait of Hormuz,11,11,2,3,40,27,67,296918,425539,3884,0,1166603,726342,1892946
2023-05-05,2023,5,5,chokepoint6,Strait of Hormuz,14,14,1,3,47,32,79,431191,469174,1415,2120,2577017,903902,3480919
2023-05-06,2023,5,6,chokepoint6,Strait of Hormuz,22,21,6,3,63,52,115,507513,877320,36201,5195,3611896,1426230,5038127
2023-05-07,2023,5,7,chokepoint6,Strait of Hormuz,20,12,9,3,55,44,99,636827,736500,101362,3493,2447056,1478184,3925241
2023-05-08,2023,5,8,chokepoint6,Strait of Hormuz,25,17,6,1,60,49,109,685397,449318,54278,0,3797974,1188995,4986969
2023-05-09,2023,5,9,chokepoint6,Strait of Hormuz,15,10,2,0,48,27,75,390365,482970,8069,0,1952700,881405,2834105
2023-05-10,2023,5,10,chokepoint6,Strait of Hormuz,18,18,4,4,56,44,100,738180,815699,25345,11384,2954955,1590610,4545565
2023-05-11,2023,5,11,chokepoint6,Strait of Hormuz,20,16,5,1,71,42,113,578344,887332,42768,0,3890952,1508445,5399397
2023-05-12,2023,5,12,chokepoint6,Strait of Hormuz,10,13,4,2,59,29,88,312211,370019,21416,0,2336175,703647,3039822
2023-05-13,2023,5,13,chokepoint6,Strait of Hormuz,19,14,2,4,58,39,97,277203,636585,5497,4278,2564001,923564,3487566
2023-05-14,2023,5,14,chokepoint6,Strait of Hormuz,19,19,3,1,62,42,104,578290,622796,6267,0,3605431,1207354,4812786
2023-05-15,2023,5,15,chokepoint6,Strait of Hormuz,11,11,4,3,48,29,77,223302,248832,34365,6298,2174791,512798,2687589
2023-05-16,2023,5,16,chokepoint6,Strait of Hormuz,10,13,1,3,28,27,55,272819,442506,569,7789,1228506,723685,1952192
2023-05-17,2023,5,17,chokepoint6,Strait of Hormuz,15,17,3,0,53,35,88,383621,612014,18746,0,3930619,1014382,4945002
2023-05-18,2023,5,18,chokepoint6,Strait of Hormuz,14,15,5,5,58,39,97,372752,330138,24659,14228,2805906,741779,3547686
2023-05-19,2023,5,19,chokepoint6,Strait of Hormuz,21,14,3,2,76,40,116,471192,412425,10515,0,3151356,894133,4045489
2023-05-20,2023,5,20,chokepoint6,Strait of Hormuz,19,13,4,2,75,38,113,380719,746467,44757,6492,3842275,1178436,5020712
2023-05-21,2023,5,21,chokepoint6,Strait of Hormuz,4,6,0,0,31,10,41,122669,224348,0,0,930681,347017,1277699
2023-05-22,2023,5,22,chokepoint6,Strait of Hormuz,16,11,3,5,57,35,92,245860,324061,15492,20679,2344953,606094,2951048
2023-05-23,2023,5,23,chokepoint6,Strait of Hormuz,20,11,9,2,53,42,95,530459,247818,32552,7054,1002554,817884,1820439
2023-05-24,2023,5,24,chokepoint6,Strait of Hormuz,16,8,1,3,56,28,84,499398,202038,4285,0,2142295,705722,2848018
2023-05-25,2023,5,25,chokepoint6,Strait of Hormuz,14,14,6,0,47,34,81,393233,473638,21256,0,2671119,888129,3559248
2023-05-26,2023,5,26,chokepoint6,Strait of Hormuz,17,21,4,2,59,44,103,514090,677528,29864,0,1757987,1221483,2979470
2023-05-27,2023,5,27,chokepoint6,Strait of Hormuz,16,12,2,3,48,33,81,360210,622504,1509,5708,2206941,989933,3196875
2023-05-28,2023,5,28,chokepoint6,Strait of Hormuz,16,12,5,0,40,33,73,427822,382819,28214,0,1941381,838857,2780239
2023-05-29,2023,5,29,chokepoint6,Strait of Hormuz,12,17,4,1,59,34,93,419938,619705,60945,0,3080315,1100590,4180905
2023-05-30,2023,5,30,chokepoint6,Strait of Hormuz,16,7,2,1,52,26,78,270306,210193,3843,2409,2610977,486752,3097730
2023-05-31,2023,5,31,chokepoint6,Strait of Hormuz,23,12,3,5,60,43,103,894109,321814,5481,18802,2910429,1240208,4150637
2023-06-01,2023,6,1,chokepoint6,Strait of Hormuz,16,4,5,1,57,26,83,287594,125317,5496,0,2085232,418408,2503641
2023-06-02,2023,6,2,chokepoint6,Strait of Hormuz,13,24,5,0,44,42,86,364855,809679,37701,0,2215474,1212236,3427710
2023-06-03,2023,6,3,chokepoint6,Strait of Hormuz,6,5,3,0,18,14,32,113699,158746,6679,0,1525001,279125,1804127
2023-06-04,2023,6,4,chokepoint6,Strait of Hormuz,11,16,3,0,59,30,89,347607,627538,4954,0,3945078,980100,4925178
2023-06-05,2023,6,5,chokepoint6,Strait of Hormuz,18,22,6,0,69,46,115,437688,1071108,24217,0,4126490,1533013,5659504
2023-06-06,2023,6,6,chokepoint6,Strait of Hormuz,20,21,3,3,44,47,91,425602,651849,13087,3951,1896731,1094491,2991223
2023-06-07,2023,6,7,chokepoint6,Strait of Hormuz,10,11,1,2,55,24,79,411284,326094,79,3238,2755701,740697,3496399
2023-06-08,2023,6,8,chokepoint6,Strait of Hormuz,17,16,4,2,47,39,86,319510,469482,22571,3931,2559305,815496,3374801
2023-06-09,2023,6,9,chokepoint6,Strait of Hormuz,15,18,5,3,61,41,102,460768,571233,24256,11439,2921213,1067698,3988911
2023-06-10,2023,6,10,chokepoint6,Strait of Hormuz,20,16,3,0,57,39,96,539460,500397,20570,0,3406319,1060428,4466748
2023-06-11,2023,6,11,chokepoint6,Strait of Hormuz,12,19,4,1,63,36,99,320092,1033731,20889,5247,2685732,1379961,4065694
2023-06-12,2023,6,12,chokepoint6,Strait of Hormuz,6,11,3,1,24,21,45,50766,287268,23141,2364,2219859,363542,2583401
2023-06-13,2023,6,13,chokepoint6,Strait of Hormuz,9,7,4,1,22,21,43,308696,241014,11062,2164,1303256,562939,1866195
2023-06-14,2023,6,14,chokepoint6,Strait of Hormuz,19,8,2,6,41,35,76,459600,296161,579,0,2331178,756341,3087519
2023-06-15,2023,6,15,chokepoint6,Strait of Hormuz,17,10,2,1,48,30,78,608453,291701,522,0,4011677,900676,4912354
2023-06-16,2023,6,16,chokepoint6,Strait of Hormuz,10,9,1,1,53,21,74,391411,191901,12897,0,3308531,596209,3904740
2023-06-17,2023,6,17,chokepoint6,Strait of Hormuz,14,17,3,0,57,34,91,453316,611737,2900,0,2461700,1067953,3529654
2023-06-18,2023,6,18,chokepoint6,Strait of Hormuz,15,18,3,0,54,36,90,531527,814814,6279,0,3181731,1352620,4534352
2023-06-19,2023,6,19,chokepoint6,Strait of Hormuz,8,14,6,3,52,31,83,166950,386616,18693,9569,2107547,581829,2689377
2023-06-20,2023,6,20,chokepoint6,Strait of Hormuz,14,14,7,2,39,37,76,418030,611292,14650,6110,1765052,1050084,2815136
2023-06-21,2023,6,21,chokepoint6,Strait of Hormuz,16,14,5,4,59,39,98,395601,455365,41047,10512,1813963,902526,2716489
2023-06-22,2023,6,22,chokepoint6,Strait of Hormuz,21,14,5,2,56,42,98,573266,696145,1411,7577,4043483,1278401,5321885
2023-06-23,2023,6,23,chokepoint6,Strait of Hormuz,17,9,5,2,44,33,77,429157,303973,32485,8146,2366135,773761,3139897
2023-06-24,2023,6,24,chokepoint6,Strait of Hormuz,16,18,4,0,76,38,114,348617,562800,33586,0,3989870,945005,4934876
2023-06-25,2023,6,25,chokepoint6,Strait of Hormuz,20,11,5,3,45,39,84,672982,433187,27659,7247,2813275,1141076,3954352
2023-06-26,2023,6,26,chokepoint6,Strait of Hormuz,14,8,3,1,52,26,78,388451,319637,15539,6216,2499830,729845,3229676
2023-06-27,2023,6,27,chokepoint6,Strait of Hormuz,19,12,1,5,45,37,82,586738,543351,0,5448,2067081,1135538,3202619
2023-06-28,2023,6,28,chokepoint6,Strait of Hormuz,15,15,0,5,62,35,97,339345,649172,0,0,2606646,988518,3595164
2023-06-29,2023,6,29,chokepoint6,Strait of Hormuz,16,13,8,1,64,38,102,452739,211420,62719,847,3528259,727725,4255985
2023-06-30,2023,6,30,chokepoint6,Strait of Hormuz,17,12,1,2,45,32,77,520813,433912,10276,2513,1336632,967516,2304149
2023-07-01,2023,7,1,chokepoint6,Strait of Hormuz,12,13,7,1,58,33,91,378099,516571,39774,0,2072342,934445,3006788
2023-07-02,2023,7,2,chokepoint6,Strait of Hormuz,13,13,5,0,58,31,89,490316,377754,4874,0,3366768,872945,4239714
2023-07-03,2023,7,3,chokepoint6,Strait of Hormuz,12,10,3,4,48,29,77,331191,404672,8986,18284,3585114,763135,4348250
2023-07-04,2023,7,4,chokepoint6,Strait of Hormuz,15,9,4,1,38,29,67,604104,360704,8566,0,1819740,973375,2793115
2023-07-05,2023,7,5,chokepoint6,Strait of Hormuz,16,16,6,3,78,41,119,579974,808858,39019,8638,4231787,1436491,5668278
2023-07-06,2023,7,6,chokepoint6,Strait of Hormuz,14,11,0,3,44,28,72,296059,102227,0,0,2189080,398287,2587367
2023-07-07,2023,7,7,chokepoint6,Strait of Hormuz,11,15,6,3,66,35,101,486859,390712,35001,6670,2919795,919244,3839039
2023-07-08,2023,7,8,chokepoint6,Strait of Hormuz,8,9,7,0,37,24,61,231842,252137,64058,0,1965943,548038,2513981
2023-07-09,2023,7,9,chokepoint6,Strait of Hormuz,12,6,2,0,48,20,68,483288,122919,25994,0,1997862,632201,2630064
2023-07-10,2023,7,10,chokepoint6,Strait of Hormuz,22,13,4,0,61,39,100,713054,621280,42287,0,3382011,1376622,4758634
2023-07-11,2023,7,11,chokepoint6,Strait of Hormuz,9,18,5,1,62,33,95,205686,796325,27767,0,3299897,1029779,4329677
2023-07-12,2023,7,12,chokepoint6,Strait of Hormuz,8,11,4,2,30,25,55,193126,119859,6216,3621,1556771,322822,1879594
2023-07-13,2023,7,13,chokepoint6,Strait of Hormuz,22,16,3,3,64,44,108,632221,698096,16661,0,3673023,1346979,5020002
2023-07-14,2023,7,14,chokepoint6,Strait of Hormuz,17,19,5,1,67,42,109,526492,718026,19229,0,2264490,1263748,3528239
2023-07-15,2023,7,15,chokepoint6,Strait of Hormuz,15,15,3,2,63,35,98,275499,243495,4896,0,3074416,523891,3598307
2023-07-16,2023,7,16,chokepoint6,Strait of Hormuz,8,9,5,1,50,23,73,207454,414180,10910,7213,2246368,639759,2886127
2023-07-17,2023,7,17,chokepoint6,Strait of Hormuz,19,13,6,2,58,40,98,424456,485830,57229,0,3317411,967516,4284927
2023-07-18,2023,7,18,chokepoint6,Strait of Hormuz,13,13,2,1,54,29,83,360628,593616,29540,2746,2210845,986531,3197376
2023-07-19,2023,7,19,chokepoint6,Strait of Hormuz,7,9,1,3,30,20,50,191045,354535,31702,6410,1551371,583694,2135065
2023-07-20,2023,7,20,chokepoint6,Strait of Hormuz,20,16,3,2,74,41,115,388509,472234,19452,2571,4073676,882768,4956444
2023-07-21,2023,7,21,chokepoint6,Strait of Hormuz,16,13,8,1,60,38,98,562549,499265,35240,4382,1848376,1101437,2949813
2023-07-22,2023,7,22,chokepoint6,Strait of Hormuz,9,13,2,1,44,25,69,181075,226303,18704,3521,1876296,429604,2305901
2023-07-23,2023,7,23,chokepoint6,Strait of Hormuz,20,8,4,3,50,35,85,595773,230735,50895,4358,2536515,881763,3418278
2023-07-24,2023,7,24,chokepoint6,Strait of Hormuz,11,15,1,0,61,27,88,300608,750114,0,0,3203299,1050723,4254023
2023-07-25,2023,7,25,chokepoint6,Strait of Hormuz,11,8,2,3,39,24,63,400138,371871,5102,2696,1826394,779809,2606203
2023-07-26,2023,7,26,chokepoint6,Strait of Hormuz,10,14,4,1,35,29,64,395154,424418,28026,6492,1459955,854091,2314047
2023-07-27,2023,7,27,chokepoint6,Strait of Hormuz,13,10,3,4,39,30,69,328328,442664,25866,4827,2380274,801687,3181961
2023-07-28,2023,7,28,chokepoint6,Strait of Hormuz,10,10,3,1,43,24,67,295774,285700,8488,0,2242730,589962,2832693
2023-07-29,2023,7,29,chokepoint6,Strait of Hormuz,8,13,1,2,26,24,50,195817,402890,0,0,1086570,598707,1685278
2023-07-30,2023,7,30,chokepoint6,Strait of Hormuz,13,16,4,3,54,36,90,346243,522560,16523,0,1948593,885327,2833921
2023-07-31,2023,7,31,chokepoint6,Strait of Hormuz,17,21,2,0,76,40,116,533036,762125,15540,0,3840000,1310702,5150703
2023-08-01,2023,8,1,chokepoint6,Strait of Hormuz,12,8,2,0,49,22,71,250980,370745,4125,0,2143684,625851,2769535
2023-08-02,2023,8,2,chokepoint6,Strait of Hormuz,10,13,3,3,52,29,81,232881,539483,4808,4230,1567682,781403,2349086
2023-08-03,2023,8,3,chokepoint6,Strait of Hormuz,25,18,4,2,56,49,105,969842,417579,49534,4949,3257195,1441906,4699102
2023-08-04,2023,8,4,chokepoint6,Strait of Hormuz,17,14,1,3,63,35,98,378719,469938,0,6962,2433320,855620,3288940
2023-08-05,2023,8,5,chokepoint6,Strait of Hormuz,17,10,3,2,43,32,75,398520,387121,7779,0,2350642,793420,3144063
2023-08-06,2023,8,6,chokepoint6,Strait of Hormuz,15,16,4,1,57,36,93,350298,724254,14050,4309,3146756,1092913,4239669
2023-08-07,2023,8,7,chokepoint6,Strait of Hormuz,10,19,1,0,45,30,75,199912,668924,1696,0,2077459,870533,2947993
2023-08-08,2023,8,8,chokepoint6,Strait of Hormuz,16,11,8,3,55,38,93,506064,240391,37846,0,2742057,784302,3526360
2023-08-09,2023,8,9,chokepoint6,Strait of Hormuz,9,17,4,1,38,31,69,293468,552485,10573,0,1749580,856527,2606107
2023-08-10,2023,8,10,chokepoint6,Strait of Hormuz,21,13,6,1,62,41,103,707387,551637,34915,3661,2647579,1297601,3945180
2023-08-11,2023,8,11,chokepoint6,Strait of Hormuz,23,14,7,0,66,44,110,603999,511460,71491,0,2590232,1186950,3777182
2023-08-12,2023,8,12,chokepoint6,Strait of Hormuz,15,18,3,3,74,39,113,403344,711167,39865,6486,3734057,1160864,4894922
2023-08-13,2023,8,13,chokepoint6,Strait of Hormuz,16,22,7,3,65,48,113,406820,728618,18524,3705,3093383,1157668,4251052
2023-08-14,2023,8,14,chokepoint6,Strait of Hormuz,25,11,2,3,61,41,102,696621,398583,8389,7375,2361750,1110969,3472720
2023-08-15,2023,8,15,chokepoint6,Strait of Hormuz,13,10,2,2,32,27,59,336064,178668,10299,6870,1739549,531903,2271452
2023-08-16,2023,8,16,chokepoint6,Strait of Hormuz,16,20,9,4,61,49,110,491014,507124,46655,4018,2338417,1048812,3387230
2023-08-17,2023,8,17,chokepoint6,Strait of Hormuz,15,9,0,0,52,24,76,348473,233017,0,0,2478710,581491,3060201
2023-08-18,2023,8,18,chokepoint6,Strait of Hormuz,16,17,8,3,57,44,101,718813,400258,67236,7210,2708982,1193517,3902500
2023-08-19,2023,8,19,chokepoint6,Strait of Hormuz,14,17,7,4,64,42,106,248905,968613,20430,4936,3181506,1242886,4424393
2023-08-20,2023,8,20,chokepoint6,Strait of Hormuz,23,15,3,2,61,43,104,579074,803097,11067,4482,3604527,1397721,5002249
2023-08-21,2023,8,21,chokepoint6,Strait of Hormuz,17,5,2,3,47,27,74,302939,143053,3843,5114,2250041,454950,2704991
2023-08-22,2023,8,22,chokepoint6,Strait of Hormuz,15,12,3,3,59,33,92,548783,657272,4560,3257,2525962,1213874,3739836
2023-08-23,2023,8,23,chokepoint6,Strait of Hormuz,15,14,2,5,48,36,84,496828,648755,24181,21486,2721323,1191250,3912574
2023-08-24,2023,8,24,chokepoint6,Strait of Hormuz,9,4,0,0,25,13,38,180424,429600,0,0,2118221,610024,2728245
2023-08-25,2023,8,25,chokepoint6,Strait of Hormuz,24,19,6,1,48,50,98,763198,581456,26346,0,1556946,1371000,2927947
2023-08-26,2023,8,26,chokepoint6,Strait of Hormuz,12,9,4,2,54,27,81,272279,408752,5095,2438,2564569,688564,3253134
2023-08-27,2023,8,27,chokepoint6,Strait of Hormuz,17,18,7,1,46,43,89,531285,513844,16097,2680,1507810,1063907,2571718
2023-08-28,2023,8,28,chokepoint6,Strait of Hormuz,19,17,2,2,60,40,100,435243,485513,1958,0,3367156,922715,4289871
2023-08-29,2023,8,29,chokepoint6,Strait of Hormuz,23,9,2,1,71,35,106,757696,447424,4519,0,2418458,1209641,3628099
2023-08-30,2023,8,30,chokepoint6,Strait of Hormuz,16,15,7,1,42,39,81,434883,509216,37488,5617,2075034,987206,3062241
2023-08-31,2023,8,31,chokepoint6,Strait of Hormuz,12,13,5,1,40,31,71,287889,395739,10157,0,1676887,693785,2370673
2023-09-01,2023,9,1,chokepoint6,Strait of Hormuz,10,11,1,2,28,24,52,410225,415695,1514,0,1231557,827434,2058992
2023-09-02,2023,9,2,chokepoint6,Strait of Hormuz,8,14,2,1,24,25,49,165892,396565,0,0,1851674,562458,2414132
2023-09-03,2023,9,3,chokepoint6,Strait of Hormuz,9,16,4,2,59,31,90,226183,863994,20917,0,2417880,1111094,3528974
2023-09-04,2023,9,4,chokepoint6,Strait of Hormuz,4,10,4,0,49,18,67,80232,350170,11051,0,2193777,441455,2635232
2023-09-05,2023,9,5,chokepoint6,Strait of Hormuz,23,15,7,0,59,45,104,757847,386041,42477,0,3319471,1186365,4505837
2023-09-06,2023,9,6,chokepoint6,Strait of Hormuz,18,12,9,1,67,40,107,452667,485145,59049,0,3177813,996862,4174675
2023-09-07,2023,9,7,chokepoint6,Strait of Hormuz,16,16,5,8,62,45,107,452827,439105,23665,23455,3152075,939054,4091129
2023-09-08,2023,9,8,chokepoint6,Strait of Hormuz,18,13,4,0,66,35,101,641136,484669,6756,0,2984164,1132563,4116727
2023-09-09,2023,9,9,chokepoint6,Strait of Hormuz,13,10,2,3,43,28,71,297168,483671,7762,2049,1905283,790652,2695936
2023-09-10,2023,9,10,chokepoint6,Strait of Hormuz,12,10,1,1,45,24,69,257064,617579,14595,2120,1905318,891359,2796678
2023-09-11,2023,9,11,chokepoint6,Strait of Hormuz,25,22,4,1,45,52,97,657473,913022,43236,0,3088151,1613731,4701883
2023-09-12,2023,9,12,chokepoint6,Strait of Hormuz,10,13,3,1,35,27,62,359145,265293,2338,0,1714855,626777,2341632
2023-09-13,2023,9,13,chokepoint6,Strait of Hormuz,17,14,3,3,66,37,103,431682,449802,9910,7064,2664219,898460,3562679
2023-09-14,2023,9,14,chokepoint6,Strait of Hormuz,20,14,4,4,81,42,123,387725,371632,24674,0,4676122,784032,5460154
2023-09-15,2023,9,15,chokepoint6,Strait of Hormuz,15,15,2,1,46,33,79,433661,622954,5514,0,1280775,1062130,2342906
2023-09-16,2023,9,16,chokepoint6,Strait of Hormuz,17,14,2,4,47,37,84,409013,574464,1146,12026,2008349,996650,3004999
2023-09-17,2023,9,17,chokepoint6,Strait of Hormuz,10,12,5,2,40,29,69,233339,393854,34426,0,2221555,661621,2883176
2023-09-18,2023,9,18,chokepoint6,Strait of Hormuz,14,17,3,3,60,37,97,413888,861817,8088,5659,1843771,1289454,3133225
2023-09-19,2023,9,19,chokepoint6,Strait of Hormuz,17,19,1,2,67,39,106,541761,237056,4215,10236,3430783,793269,4224052
2023-09-20,2023,9,20,chokepoint6,Strait of Hormuz,22,12,5,1,57,40,97,653261,475988,44364,2427,3363423,1176042,4539465
2023-09-21,2023,9,21,chokepoint6,Strait of Hormuz,15,19,5,4,59,43,102,370884,894920,42647,11302,1913004,1319755,3232759
2023-09-22,2023,9,22,chokepoint6,Strait of Hormuz,6,7,0,2,33,15,48,189693,188840,0,4318,1467733,382851,1850585
2023-09-23,2023,9,23,chokepoint6,Strait of Hormuz,8,11,5,2,34,26,60,278584,400836,9368,3414,1501943,692203,2194146
2023-09-24,2023,9,24,chokepoint6,Strait of Hormuz,17,7,0,0,42,24,66,413804,190538,0,0,1434994,604342,2039337
2023-09-25,2023,9,25,chokepoint6,Strait of Hormuz,12,9,3,2,46,26,72,322612,253316,34521,4013,2827977,614464,3442442
2023-09-26,2023,9,26,chokepoint6,Strait of Hormuz,10,7,5,2,48,24,72,353195,187734,22887,2035,2156887,565852,2722739
2023-09-27,2023,9,27,chokepoint6,Strait of Hormuz,16,18,6,5,62,45,107,433890,375300,25368,7828,2889925,842386,3732312
2023-09-28,2023,9,28,chokepoint6,Strait of Hormuz,17,14,2,2,51,35,86,639559,324836,0,3104,2105446,967500,3072947
2023-09-29,2023,9,29,chokepoint6,Strait of Hormuz,18,15,8,3,67,44,111,511192,447225,42023,3431,2775835,1003872,3779708
2023-09-30,2023,9,30,chokepoint6,Strait of Hormuz,12,14,10,2,43,38,81,369256,574367,52139,11963,1934309,1007726,2942036
2023-10-01,2023,10,1,chokepoint6,Strait of Hormuz,14,19,4,2,63,39,102,445496,631551,5683,0,2754864,1082731,3837596
2023-10-02,2023,10,2,chokepoint6,Strait of Hormuz,12,10,0,3,38,25,63,293916,283282,0,0,2473863,577199,3051062
2023-10-03,2023,10,3,chokepoint6,Strait of Hormuz,12,10,4,1,45,27,72,384537,570789,13883,3812,2540309,973022,3513331
2023-10-04,2023,10,4,chokepoint6,Strait of Hormuz,10,7,2,2,35,21,56,469389,152426,6525,6035,1389070,634377,2023447
2023-10-05,2023,10,5,chokepoint6,Strait of Hormuz,21,12,7,3,66,43,109,494671,313934,38012,4880,2747803,851500,3599304
2023-10-06,2023,10,6,chokepoint6,Strait of Hormuz,12,12,7,3,73,34,107,377662,302714,62760,8161,3658016,751300,4409316
2023-10-07,2023,10,7,chokepoint6,Strait of Hormuz,18,17,7,1,42,43,85,533144,975157,33264,0,2057247,1541565,3598813
2023-10-08,2023,10,8,chokepoint6,Strait of Hormuz,13,10,4,5,73,32,105,220277,458969,4920,8188,3373814,692356,4066171
2023-10-09,2023,10,9,chokepoint6,Strait of Hormuz,17,20,3,1,63,41,104,461856,513497,16621,0,2828967,991975,3820943
2023-10-10,2023,10,10,chokepoint6,Strait of Hormuz,11,9,2,0,33,22,55,460044,521877,8013,0,2389704,989935,3379639
2023-10-11,2023,10,11,chokepoint6,Strait of Hormuz,14,14,5,4,53,37,90,188401,320845,19512,9722,2519862,538482,3058345
2023-10-12,2023,10,12,chokepoint6,Strait of Hormuz,9,16,2,0,34,27,61,330539,385376,7308,0,1371590,723224,2094815
2023-10-13,2023,10,13,chokepoint6,Strait of Hormuz,21,4,9,3,46,37,83,557862,76721,46237,5042,790381,685864,1476245
2023-10-14,2023,10,14,chokepoint6,Strait of Hormuz,23,10,9,3,55,45,100,917950,385575,15222,9884,3093042,1328633,4421676
2023-10-15,2023,10,15,chokepoint6,Strait of Hormuz,11,15,4,3,58,33,91,322753,407287,20407,10148,3005508,760596,3766104
2023-10-16,2023,10,16,chokepoint6,Strait of Hormuz,20,20,0,1,41,41,82,587244,585629,0,0,2419071,1172874,3591945
2023-10-17,2023,10,17,chokepoint6,Strait of Hormuz,12,12,2,2,46,28,74,404155,290273,5011,5042,1162278,704483,1866762
2023-10-18,2023,10,18,chokepoint6,Strait of Hormuz,3,9,1,1,34,14,48,177464,332773,6925,4318,2623980,521481,3145461
2023-10-19,2023,10,19,chokepoint6,Strait of Hormuz,19,16,5,2,49,42,91,560676,585229,32649,13538,3028015,1192094,4220110
2023-10-20,2023,10,20,chokepoint6,Strait of Hormuz,20,15,3,1,64,39,103,535598,549414,0,0,2746392,1085013,3831405
2023-10-21,2023,10,21,chokepoint6,Strait of Hormuz,10,16,6,2,47,34,81,418674,566425,32486,8284,2007536,1025870,3033406
2023-10-22,2023,10,22,chokepoint6,Strait of Hormuz,15,12,4,3,30,34,64,343164,259765,16795,12502,2010908,632228,2643136
2023-10-23,2023,10,23,chokepoint6,Strait of Hormuz,14,12,3,1,50,30,80,430157,532619,20851,6492,1620702,990121,2610823
2023-10-24,2023,10,24,chokepoint6,Strait of Hormuz,15,11,4,2,51,32,83,542836,428295,23072,2604,2240799,996809,3237608
2023-10-25,2023,10,25,chokepoint6,Strait of Hormuz,17,10,6,4,47,37,84,549071,412017,17655,8885,1967881,987629,2955511
2023-10-26,2023,10,26,chokepoint6,Strait of Hormuz,9,5,4,1,32,19,51,159645,232379,20119,0,766242,412144,1178386
2023-10-27,2023,10,27,chokepoint6,Strait of Hormuz,12,18,1,3,41,34,75,294324,813563,4402,0,1735667,1112290,2847957
2023-10-28,2023,10,28,chokepoint6,Strait of Hormuz,8,14,2,4,32,28,60,283744,431524,14930,4912,1277855,735111,2012967
2023-10-29,2023,10,29,chokepoint6,Strait of Hormuz,10,8,4,2,29,24,53,369261,382033,37122,4008,1787540,792425,2579965
2023-10-30,2023,10,30,chokepoint6,Strait of Hormuz,12,21,3,2,71,38,109,594244,888694,8235,0,3108422,1491174,4599597
2023-10-31,2023,10,31,chokepoint6,Strait of Hormuz,16,18,2,2,54,38,92,460590,679514,8528,6326,3084244,1154959,4239204
2023-11-01,2023,11,1,chokepoint6,Strait of Hormuz,13,10,5,2,60,30,90,298338,555613,13079,4189,2387930,871220,3259151
2023-11-02,2023,11,2,chokepoint6,Strait of Hormuz,13,9,1,2,44,25,69,351242,186531,1177,4912,1543361,543864,2087226
2023-11-03,2023,11,3,chokepoint6,Strait of Hormuz,11,10,4,1,52,26,78,273265,468666,13093,0,1913694,755025,2668720
2023-11-04,2023,11,4,chokepoint6,Strait of Hormuz,9,8,4,0,17,21,38,400932,477361,10454,0,1273522,888748,2162271
2023-11-05,2023,11,5,chokepoint6,Strait of Hormuz,7,14,4,1,40,26,66,207871,562075,28793,8665,1756049,807405,2563455
2023-11-06,2023,11,6,chokepoint6,Strait of Hormuz,6,4,2,0,25,12,37,243193,154331,1313,0,1744480,398838,2143318
2023-11-07,2023,11,7,chokepoint6,Strait of Hormuz,13,8,2,1,27,24,51,333636,297062,2833,0,967891,633532,1601423
2023-11-08,2023,11,8,chokepoint6,Strait of Hormuz,6,15,4,2,39,27,66,257797,499927,20271,2880,2224178,780876,3005055
2023-11-09,2023,11,9,chokepoint6,Strait of Hormuz,8,4,3,3,30,18,48,161253,29503,16841,3669,1636985,211267,1848252
2023-11-10,2023,11,10,chokepoint6,Strait of Hormuz,19,18,4,1,50,42,92,409840,523673,14338,0,2713702,947852,3661555
2023-11-11,2023,11,11,chokepoint6,Strait of Hormuz,11,14,5,3,66,33,99,336174,383303,72525,6709,3016682,798712,3815394
2023-11-12,2023,11,12,chokepoint6,Strait of Hormuz,14,18,7,3,67,42,109,305697,367850,15179,0,3053686,688728,3742415
2023-11-13,2023,11,13,chokepoint6,Strait of Hormuz,12,18,5,3,66,38,104,425237,579191,11351,1377,2113282,1017158,3130440
2023-11-14,2023,11,14,chokepoint6,Strait of Hormuz,13,11,3,3,56,30,86,416634,307902,6086,2513,3210859,733136,3943995
2023-11-15,2023,11,15,chokepoint6,Strait of Hormuz,9,12,2,0,41,23,64,328778,440732,15039,0,1241862,784550,2026413
2023-11-16,2023,11,16,chokepoint6,Strait of Hormuz,10,12,2,4,30,28,58,425325,412347,9188,1910,2250287,848771,3099058
2023-11-17,2023,11,17,chokepoint6,Strait of Hormuz,12,14,1,0,42,27,69,412099,456562,4725,0,2345772,873387,3219160
2023-11-18,2023,11,18,chokepoint6,Strait of Hormuz,9,11,7,0,52,27,79,164507,393781,34409,0,2199689,592698,2792387
2023-11-19,2023,11,19,chokepoint6,Strait of Hormuz,11,14,4,4,24,33,57,369460,499243,33625,9670,1093630,911999,2005630
2023-11-20,2023,11,20,chokepoint6,Strait of Hormuz,10,11,1,1,44,23,67,281654,513694,14964,0,1102085,810313,1912399
2023-11-21,2023,11,21,chokepoint6,Strait of Hormuz,10,10,3,3,42,26,68,493406,555820,15943,15062,2124712,1080233,3204946
2023-11-22,2023,11,22,chokepoint6,Strait of Hormuz,7,14,1,2,37,24,61,222647,521113,23084,0,1011297,766845,1778143
2023-11-23,2023,11,23,chokepoint6,Strait of Hormuz,9,7,1,1,20,18,38,210761,142875,0,0,756435,353636,1110072
2023-11-24,2023,11,24,chokepoint6,Strait of Hormuz,11,16,3,2,47,32,79,279447,654008,35447,6349,1492290,975253,2467543
2023-11-25,2023,11,25,chokepoint6,Strait of Hormuz,11,9,4,0,36,24,60,364876,406438,12002,0,1960633,783317,2743950
2023-11-26,2023,11,26,chokepoint6,Strait of Hormuz,7,5,1,0,41,13,54,272255,155964,1932,0,3124322,430153,3554475
2023-11-27,2023,11,27,chokepoint6,Strait of Hormuz,9,8,4,2,36,23,59,316892,263721,1958,0,2330865,582572,2913437
2023-11-28,2023,11,28,chokepoint6,Strait of Hormuz,12,11,2,1,39,26,65,354970,290219,5350,4409,1826233,654948,2481182
2023-11-29,2023,11,29,chokepoint6,Strait of Hormuz,13,12,3,3,37,31,68,373002,383037,20079,12243,2203502,788362,2991865
2023-11-30,2023,11,30,chokepoint6,Strait of Hormuz,6,10,1,1,41,18,59,199442,370069,0,0,2029393,569511,2598905
2023-12-01,2023,12,1,chokepoint6,Strait of Hormuz,9,6,2,3,31,20,51,288371,50589,3537,2231,1723047,344730,2067777
2023-12-02,2023,12,2,chokepoint6,Strait of Hormuz,8,6,1,2,25,17,42,226503,166093,0,11994,1773753,404591,2178345
2023-12-03,2023,12,3,chokepoint6,Strait of Hormuz,10,16,5,1,52,32,84,394802,648312,49228,0,3036334,1092343,4128678
2023-12-04,2023,12,4,chokepoint6,Strait of Hormuz,8,20,4,4,50,36,86,192232,786706,37743,5678,2657501,1022360,3679862
2023-12-05,2023,12,5,chokepoint6,Strait of Hormuz,14,9,5,4,53,32,85,364239,316082,14682,10660,2485838,705664,3191503
2023-12-06,2023,12,6,chokepoint6,Strait of Hormuz,19,2,3,2,54,26,80,507380,37923,6606,4318,2117551,556229,2673780
2023-12-07,2023,12,7,chokepoint6,Strait of Hormuz,14,17,2,3,47,36,83,373595,619282,20129,3160,2912445,1016167,3928612
2023-12-08,2023,12,8,chokepoint6,Strait of Hormuz,6,9,2,0,26,17,43,214255,288588,8956,0,692665,511800,1204465
2023-12-09,2023,12,9,chokepoint6,Strait of Hormuz,9,7,2,0,33,18,51,232019,141858,4533,0,2160244,378411,2538656
2023-12-10,2023,12,10,chokepoint6,Strait of Hormuz,9,12,3,3,45,27,72,284664,208840,7483,6292,1264158,507280,1771438
2023-12-11,2023,12,11,chokepoint6,Strait of Hormuz,14,7,2,0,38,23,61,519650,300410,8659,0,1637915,828720,2466636
2023-12-12,2023,12,12,chokepoint6,Strait of Hormuz,10,14,3,3,45,30,75,276370,789514,15829,4013,1776043,1085728,2861772
2023-12-13,2023,12,13,chokepoint6,Strait of Hormuz,8,12,4,1,28,25,53,199740,285119,4367,4949,764133,494176,1258309
2023-12-14,2023,12,14,chokepoint6,Strait of Hormuz,10,9,5,4,31,28,59,199740,377475,34471,7058,1965214,618746,2583960
2023-12-15,2023,12,15,chokepoint6,Strait of Hormuz,12,10,2,1,45,25,70,448106,304867,6258,0,2418811,759232,3178044
2023-12-16,2023,12,16,chokepoint6,Strait of Hormuz,8,6,1,0,16,15,31,162968,269946,3841,0,806787,436756,1243543
2023-12-17,2023,12,17,chokepoint6,Strait of Hormuz,7,8,4,3,32,22,54,179368,159360,35151,5373,1412198,379253,1791452
2023-12-18,2023,12,18,chokepoint6,Strait of Hormuz,12,6,3,2,33,23,56,477436,238378,18201,8171,1590582,742188,2332771
2023-12-19,2023,12,19,chokepoint6,Strait of Hormuz,7,12,2,3,33,24,57,162147,492698,3352,1215,587397,659414,1246812
2023-12-20,2023,12,20,chokepoint6,Strait of Hormuz,9,16,3,2,43,30,73,173360,537196,3766,6311,2179269,720635,2899905
2023-12-21,2023,12,21,chokepoint6,Strait of Hormuz,14,12,2,3,26,31,57,418884,478643,10486,1721,1178036,909735,2087772
2023-12-22,2023,12,22,chokepoint6,Strait of Hormuz,11,11,7,0,31,29,60,329215,361637,14602,0,1253646,705455,1959102
2023-12-23,2023,12,23,chokepoint6,Strait of Hormuz,8,9,2,3,55,22,77,153726,411666,8521,6492,1855039,580407,2435447
2023-12-24,2023,12,24,chokepoint6,Strait of Hormuz,11,11,5,1,39,28,67,411683,328889,22710,0,1826548,763283,2589832
2023-12-25,2023,12,25,chokepoint6,Strait of Hormuz,9,13,9,2,51,33,84,236664,593413,33023,3339,2643843,866441,3510284
2023-12-26,2023,12,26,chokepoint6,Strait of Hormuz,5,6,1,1,37,13,50,205553,138922,11380,4758,2434930,360614,2795545
2023-12-27,2023,12,27,chokepoint6,Strait of Hormuz,15,11,2,1,42,29,71,386875,562974,6185,0,1170022,956036,2126058
2023-12-28,2023,12,28,chokepoint6,Strait of Hormuz,18,12,4,2,59,36,95,446593,496873,45001,0,3076405,988468,4064874
2023-12-29,2023,12,29,chokepoint6,Strait of Hormuz,8,9,4,1,33,22,55,301591,203623,39997,0,1649184,545212,2194397
2023-12-30,2023,12,30,chokepoint6,Strait of Hormuz,8,10,3,1,29,22,51,318733,391700,23775,4660,1240632,738869,1979502
2023-12-31,2023,12,31,chokepoint6,Strait of Hormuz,13,10,0,0,45,23,68,240075,256764,0,0,2891584,496840,3388424
2024-01-01,2024,1,1,chokepoint6,Strait of Hormuz,5,11,2,3,39,21,60,131829,277498,2344,6096,2237537,417769,2655306
2024-01-02,2024,1,2,chokepoint6,Strait of Hormuz,9,11,2,3,47,25,72,259423,570922,10187,5707,2308302,846239,3154542
2024-01-03,2024,1,3,chokepoint6,Strait of Hormuz,17,13,3,3,38,36,74,340465,524819,25348,0,2902755,890632,3793387
2024-01-04,2024,1,4,chokepoint6,Strait of Hormuz,9,16,5,2,47,32,79,386599,570323,26085,9077,2229185,992086,3221271
2024-01-05,2024,1,5,chokepoint6,Strait of Hormuz,9,10,7,2,48,28,76,144993,318016,37247,1535,2499608,501791,3001399
2024-01-06,2024,1,6,chokepoint6,Strait of Hormuz,12,12,1,2,45,27,72,316272,368804,0,7307,2324709,692384,3017093
2024-01-07,2024,1,7,chokepoint6,Strait of Hormuz,11,11,2,1,41,25,66,280135,408257,1499,8328,2537313,698221,3235534
2024-01-08,2024,1,8,chokepoint6,Strait of Hormuz,7,12,3,3,43,25,68,133241,639434,29094,3820,1696204,805591,2501795
2024-01-09,2024,1,9,chokepoint6,Strait of Hormuz,4,8,1,1,34,14,48,58312,263015,15553,8328,1554657,345209,1899867
2024-01-10,2024,1,10,chokepoint6,Strait of Hormuz,12,10,2,2,34,26,60,351222,669325,4627,0,1049313,1025176,2074489
2024-01-11,2024,1,11,chokepoint6,Strait of Hormuz,6,8,6,2,52,22,74,42164,353324,8236,3777,3447433,407503,3854937
2024-01-12,2024,1,12,chokepoint6,Strait of Hormuz,8,11,4,3,49,26,75,180200,300609,27492,2247,2120832,510549,2631381
2024-01-13,2024,1,13,chokepoint6,Strait of Hormuz,11,9,5,0,44,25,69,493432,237941,28127,0,1946603,759501,2706104
2024-01-14,2024,1,14,chokepoint6,Strait of Hormuz,12,14,6,1,52,33,85,358765,504821,32877,0,2153034,896464,3049499
2024-01-15,2024,1,15,chokepoint6,Strait of Hormuz,11,17,3,1,68,32,100,317743,517158,8036,0,3925997,842938,4768936
2024-01-16,2024,1,16,chokepoint6,Strait of Hormuz,14,12,3,4,54,33,87,281836,621012,4788,6509,2759801,914146,3673948
2024-01-17,2024,1,17,chokepoint6,Strait of Hormuz,18,9,4,3,40,34,74,404057,393027,24702,8249,2691610,830037,3521648
2024-01-18,2024,1,18,chokepoint6,Strait of Hormuz,9,8,2,2,42,21,63,186307,177503,17225,11441,1344347,392478,1736825
2024-01-19,2024,1,19,chokepoint6,Strait of Hormuz,10,10,3,2,32,25,57,217838,429040,8907,3825,1473983,659611,2133595
2024-01-20,2024,1,20,chokepoint6,Strait of Hormuz,17,19,4,2,43,42,85,434566,839502,18258,4452,1529902,1296780,2826682
2024-01-21,2024,1,21,chokepoint6,Strait of Hormuz,11,10,1,2,44,24,68,590125,109399,0,2794,1597183,702319,2299502
2024-01-22,2024,1,22,chokepoint6,Strait of Hormuz,15,10,4,4,42,33,75,506534,458164,30339,17290,2309697,1012329,3322027
2024-01-23,2024,1,23,chokepoint6,Strait of Hormuz,19,20,5,4,43,48,91,579009,731650,5679,8823,1674978,1325162,3000140
2024-01-24,2024,1,24,chokepoint6,Strait of Hormuz,12,9,6,4,54,31,85,324725,262226,24960,4013,2620662,615927,3236589
2024-01-25,2024,1,25,chokepoint6,Strait of Hormuz,8,5,2,1,31,16,47,310544,257474,397,4184,1940385,572600,2512986
2024-01-26,2024,1,26,chokepoint6,Strait of Hormuz,13,8,8,2,51,31,82,343201,205058,55225,2553,1551296,606038,2157335
2024-01-27,2024,1,27,chokepoint6,Strait of Hormuz,9,14,2,2,40,27,67,298872,543895,22224,6429,2638859,871421,3510281
2024-01-28,2024,1,28,chokepoint6,Strait of Hormuz,16,14,10,4,40,44,84,267592,291644,34810,5691,2395012,599738,2994750
2024-01-29,2024,1,29,chokepoint6,Strait of Hormuz,10,13,3,2,34,28,62,361827,343942,20672,8854,2166534,735297,2901831
2024-01-30,2024,1,30,chokepoint6,Strait of Hormuz,8,9,4,1,34,22,56,157446,333893,20024,2324,2451394,513689,2965083
2024-01-31,2024,1,31,chokepoint6,Strait of Hormuz,10,10,0,3,48,23,71,373977,677744,0,17531,1812511,1069253,2881765
2024-02-01,2024,2,1,chokepoint6,Strait of Hormuz,15,11,4,3,49,33,82,274007,438624,5149,0,3033161,717781,3750942
2024-02-02,2024,2,2,chokepoint6,Strait of Hormuz,10,12,1,3,32,26,58,227127,461148,0,9849,3229953,698124,3928077
2024-02-03,2024,2,3,chokepoint6,Strait of Hormuz,14,13,3,1,33,31,64,376361,304801,10754,2106,1463719,694022,2157742
2024-02-04,2024,2,4,chokepoint6,Strait of Hormuz,14,12,3,0,32,29,61,486531,313790,17837,0,1463247,818159,2281407
2024-02-05,2024,2,5,chokepoint6,Strait of Hormuz,7,12,2,2,42,23,65,229399,189664,21163,3414,2399504,443640,2843145
2024-02-06,2024,2,6,chokepoint6,Strait of Hormuz,13,12,0,2,22,27,49,301894,306288,0,5617,1177277,613801,1791079
2024-02-07,2024,2,7,chokepoint6,Strait of Hormuz,15,14,4,1,45,34,79,348642,533995,8224,6492,1809302,897355,2706657
2024-02-08,2024,2,8,chokepoint6,Strait of Hormuz,11,11,3,2,51,27,78,228092,127257,11475,6755,2462308,373582,2835890
2024-02-09,2024,2,9,chokepoint6,Strait of Hormuz,17,11,2,2,35,32,67,522770,411170,19210,10875,1043391,964026,2007418
2024-02-10,2024,2,10,chokepoint6,Strait of Hormuz,13,17,2,1,44,33,77,454266,722533,15976,0,2357111,1192776,3549888
2024-02-11,2024,2,11,chokepoint6,Strait of Hormuz,11,14,3,2,48,30,78,335453,549404,43843,4189,2464580,932891,3397472
2024-02-12,2024,2,12,chokepoint6,Strait of Hormuz,12,10,4,0,48,26,74,313463,488831,39337,0,1918590,841631,2760221
2024-02-13,2024,2,13,chokepoint6,Strait of Hormuz,12,12,4,2,32,30,62,382085,485140,20519,7281,2099381,895027,2994408
2024-02-14,2024,2,14,chokepoint6,Strait of Hormuz,14,5,2,2,43,23,66,375810,337597,10103,0,2042412,723511,2765923
2024-02-15,2024,2,15,chokepoint6,Strait of Hormuz,16,15,4,3,55,38,93,573278,477804,30397,6272,1910793,1087754,2998547
2024-02-16,2024,2,16,chokepoint6,Strait of Hormuz,13,16,1,2,56,32,88,424970,606542,5009,4870,3094401,1041393,4135794
2024-02-17,2024,2,17,chokepoint6,Strait of Hormuz,7,7,4,0,30,18,48,211552,253276,35964,0,2138061,500794,2638855
2024-02-18,2024,2,18,chokepoint6,Strait of Hormuz,16,10,0,4,35,30,65,444763,257677,0,8140,1463955,710581,2174536
2024-02-19,2024,2,19,chokepoint6,Strait of Hormuz,13,6,5,2,39,26,65,391858,166027,60523,2936,2265698,621346,2887044
2024-02-20,2024,2,20,chokepoint6,Strait of Hormuz,6,11,3,1,28,21,49,136369,299098,26410,2687,1429217,464566,1893783
2024-02-21,2024,2,21,chokepoint6,Strait of Hormuz,10,15,2,1,42,28,70,319903,641647,7002,0,2232936,968553,3201489
2024-02-22,2024,2,22,chokepoint6,Strait of Hormuz,11,6,2,2,35,21,56,376447,126125,9485,4912,1939589,516970,2456560
2024-02-23,2024,2,23,chokepoint6,Strait of Hormuz,14,11,4,2,25,31,56,470493,389549,25409,2809,519901,888262,1408163
2024-02-24,2024,2,24,chokepoint6,Strait of Hormuz,11,11,2,1,54,25,79,379529,357889,5682,10117,3020490,753219,3773709
2024-02-25,2024,2,25,chokepoint6,Strait of Hormuz,10,8,1,2,31,21,52,165987,280825,31702,0,1390862,478514,1869376
2024-02-26,2024,2,26,chokepoint6,Strait of Hormuz,16,17,1,1,42,35,77,262948,544684,26062,0,2604242,833695,3437938
2024-02-27,2024,2,27,chokepoint6,Strait of Hormuz,4,11,4,2,41,21,62,165718,499458,30665,10327,1728595,706169,2434764
2024-02-28,2024,2,28,chokepoint6,Strait of Hormuz,15,14,3,2,41,34,75,370140,728836,7047,0,1176609,1106025,2282634
2024-02-29,2024,2,29,chokepoint6,Strait of Hormuz,17,11,3,0,36,31,67,523678,416076,3843,0,1279320,943599,2222920
2024-03-01,2024,3,1,chokepoint6,Strait of Hormuz,20,12,0,2,42,34,76,395909,500099,0,0,2667248,896009,3563258
2024-03-02,2024,3,2,chokepoint6,Strait of Hormuz,9,12,4,4,29,29,58,326412,625237,13230,5283,742773,970164,1712937
2024-03-03,2024,3,3,chokepoint6,Strait of Hormuz,13,15,6,5,52,39,91,392540,590649,16465,16547,2165151,1016202,3181353
2024-03-04,2024,3,4,chokepoint6,Strait of Hormuz,11,9,2,2,64,24,88,507884,590177,11518,0,3232756,1109580,4342337
2024-03-05,2024,3,5,chokepoint6,Strait of Hormuz,13,8,5,2,44,28,72,234815,408818,14384,8428,2262691,666447,2929138
2024-03-06,2024,3,6,chokepoint6,Strait of Hormuz,6,9,2,2,28,19,47,332073,340796,0,7222,1708787,680091,2388879
2024-03-07,2024,3,7,chokepoint6,Strait of Hormuz,11,14,4,1,38,30,68,245286,492802,6082,0,1637470,744171,2381642
2024-03-08,2024,3,8,chokepoint6,Strait of Hormuz,18,15,6,1,61,40,101,404314,639285,20430,0,2866200,1064030,3930231
2024-03-09,2024,3,9,chokepoint6,Strait of Hormuz,11,9,2,3,34,25,59,480823,176520,3459,3257,1104294,664060,1768355
2024-03-10,2024,3,10,chokepoint6,Strait of Hormuz,14,11,4,0,35,29,64,420647,464217,21467,0,2555138,906332,3461470
2024-03-11,2024,3,11,chokepoint6,Strait of Hormuz,14,21,3,2,60,40,100,300626,543788,20541,7845,2461118,872800,3333919
2024-03-12,2024,3,12,chokepoint6,Strait of Hormuz,17,14,6,5,68,42,110,476186,525329,48104,3354,3301612,1052974,4354586
2024-03-13,2024,3,13,chokepoint6,Strait of Hormuz,19,11,5,3,46,38,84,686018,357905,14448,7573,2536299,1065946,3602246
2024-03-14,2024,3,14,chokepoint6,Strait of Hormuz,8,9,2,1,37,20,57,149823,361438,2560,3806,2011142,517629,2528772
2024-03-15,2024,3,15,chokepoint6,Strait of Hormuz,13,20,5,4,62,42,104,271309,785374,21670,5636,3088515,1083991,4172506
2024-03-16,2024,3,16,chokepoint6,Strait of Hormuz,28,21,4,1,69,54,123,726073,896289,19968,6715,3625962,1649047,5275009
2024-03-17,2024,3,17,chokepoint6,Strait of Hormuz,13,14,5,2,65,34,99,353107,555894,9797,9668,3487795,928467,4416263
2024-03-18,2024,3,18,chokepoint6,Strait of Hormuz,20,19,5,2,59,46,105,658373,724910,22994,3321,2393652,1409600,3803253
2024-03-19,2024,3,19,chokepoint6,Strait of Hormuz,19,15,5,7,38,46,84,551164,482142,41814,23471,2141627,1098593,3240221
2024-03-20,2024,3,20,chokepoint6,Strait of Hormuz,18,17,4,4,60,43,103,631297,892987,20624,7888,4174837,1552797,5727635
2024-03-21,2024,3,21,chokepoint6,Strait of Hormuz,18,15,2,3,53,38,91,565730,311362,6706,7692,2473544,891491,3365036
2024-03-22,2024,3,22,chokepoint6,Strait of Hormuz,18,15,4,1,61,38,99,291074,645303,61120,0,3001079,997497,3998577
2024-03-23,2024,3,23,chokepoint6,Strait of Hormuz,12,25,6,3,49,46,95,393071,962494,48759,0,2109141,1404326,3513468
2024-03-24,2024,3,24,chokepoint6,Strait of Hormuz,17,14,4,1,56,36,92,512240,444560,9277,0,1694836,966078,2660915
2024-03-25,2024,3,25,chokepoint6,Strait of Hormuz,14,20,6,1,61,41,102,383667,753365,26147,0,3319580,1163181,4482761
2024-03-26,2024,3,26,chokepoint6,Strait of Hormuz,20,9,2,2,45,33,78,641775,275276,28820,6104,1618296,951977,2570273
2024-03-27,2024,3,27,chokepoint6,Strait of Hormuz,16,9,5,5,59,35,94,428651,214424,23082,16322,2413485,682480,3095966
2024-03-28,2024,3,28,chokepoint6,Strait of Hormuz,13,11,5,2,51,31,82,423281,342691,24528,7281,2422788,797783,3220572
2024-03-29,2024,3,29,chokepoint6,Strait of Hormuz,10,14,5,1,64,30,94,284594,442945,21276,6429,4024373,755246,4779619
2024-03-30,2024,3,30,chokepoint6,Strait of Hormuz,17,14,6,1,54,38,92,458997,780598,21784,3455,3867294,1264835,5132129
2024-03-31,2024,3,31,chokepoint6,Strait of Hormuz,13,17,4,3,68,37,105,339653,668190,1975,0,3403246,1009819,4413066
2024-04-01,2024,4,1,chokepoint6,Strait of Hormuz,17,11,4,3,59,35,94,504129,234312,9674,11330,2318689,759447,3078137
2024-04-02,2024,4,2,chokepoint6,Strait of Hormuz,12,20,2,6,44,40,84,434061,801734,17706,4318,2033759,1257820,3291580
2024-04-03,2024,4,3,chokepoint6,Strait of Hormuz,15,12,4,1,47,32,79,475235,539533,20669,0,2106082,1035438,3141521
2024-04-04,2024,4,4,chokepoint6,Strait of Hormuz,10,4,2,2,42,18,60,229794,101052,3717,0,1340855,334564,1675420
2024-04-05,2024,4,5,chokepoint6,Strait of Hormuz,9,13,7,3,36,32,68,220910,337375,46327,6426,2068295,611040,2679336
2024-04-06,2024,4,6,chokepoint6,Strait of Hormuz,18,30,2,2,70,52,122,279137,1146278,5125,7672,3883284,1438214,5321499
2024-04-07,2024,4,7,chokepoint6,Strait of Hormuz,16,11,2,1,43,30,73,402342,302889,1842,0,2376011,707074,3083085
2024-04-08,2024,4,8,chokepoint6,Strait of Hormuz,17,18,8,7,65,50,115,385174,605078,24193,11729,2257948,1026176,3284124
2024-04-09,2024,4,9,chokepoint6,Strait of Hormuz,17,14,8,2,66,41,107,300865,543020,33223,0,2796706,877109,3673816
2024-04-10,2024,4,10,chokepoint6,Strait of Hormuz,19,19,2,1,67,41,108,710257,725847,22446,1988,3504215,1460541,4964756
2024-04-11,2024,4,11,chokepoint6,Strait of Hormuz,12,13,5,4,61,34,95,347094,443006,24833,8459,2735143,823393,3558536
2024-04-12,2024,4,12,chokepoint6,Strait of Hormuz,23,9,4,2,37,38,75,555529,285700,57906,0,1295228,899136,2194365
2024-04-13,2024,4,13,chokepoint6,Strait of Hormuz,12,14,2,0,61,28,89,178827,629807,9314,0,2670879,817948,3488828
2024-04-14,2024,4,14,chokepoint6,Strait of Hormuz,13,17,3,2,62,35,97,346702,710716,3182,3398,3634521,1063999,4698521
2024-04-15,2024,4,15,chokepoint6,Strait of Hormuz,9,19,4,6,55,38,93,205390,797769,11688,13099,2755806,1027948,3783754
2024-04-16,2024,4,16,chokepoint6,Strait of Hormuz,14,9,2,5,48,30,78,306629,251348,1424,11499,3193904,570903,3764807
2024-04-17,2024,4,17,chokepoint6,Strait of Hormuz,10,11,4,1,42,26,68,240431,430543,28109,4621,1184755,703707,1888462
2024-04-18,2024,4,18,chokepoint6,Strait of Hormuz,8,15,0,4,48,27,75,158635,541392,0,26572,2051320,726600,2777921
2024-04-19,2024,4,19,chokepoint6,Strait of Hormuz,11,8,1,1,32,21,53,449418,342463,0,0,2201137,791881,2993019
2024-04-20,2024,4,20,chokepoint6,Strait of Hormuz,14,21,4,0,65,39,104,248783,898915,26108,0,3156322,1173807,4330130
2024-04-21,2024,4,21,chokepoint6,Strait of Hormuz,18,14,5,1,66,38,104,578305,380024,40457,3777,3458394,1002565,4460959
2024-04-22,2024,4,22,chokepoint6,Strait of Hormuz,7,13,5,3,49,28,77,160675,312901,5048,3699,1763483,482324,2245807
2024-04-23,2024,4,23,chokepoint6,Strait of Hormuz,17,21,5,1,64,44,108,456702,968719,14541,0,2426852,1439962,3866815
2024-04-24,2024,4,24,chokepoint6,Strait of Hormuz,19,10,3,2,45,34,79,747597,347347,3116,0,2554824,1098061,3652886
2024-04-25,2024,4,25,chokepoint6,Strait of Hormuz,13,10,3,3,36,29,65,283128,352094,10634,5042,2169304,650900,2820205
2024-04-26,2024,4,26,chokepoint6,Strait of Hormuz,23,18,0,3,49,44,93,694169,686294,0,7137,2338700,1387601,3726302
2024-04-27,2024,4,27,chokepoint6,Strait of Hormuz,17,14,1,1,69,33,102,454885,365403,20304,0,2548414,840592,3389007
2024-04-28,2024,4,28,chokepoint6,Strait of Hormuz,5,12,1,3,43,21,64,127752,463440,471,5133,2483435,596798,3080234
2024-04-29,2024,4,29,chokepoint6,Strait of Hormuz,14,18,2,3,44,37,81,305046,810503,0,11963,1491754,1127513,2619268
2024-04-30,2024,4,30,chokepoint6,Strait of Hormuz,22,21,4,4,72,51,123,594364,792785,26039,1695,2365738,1414884,3780623
2024-05-01,2024,5,1,chokepoint6,Strait of Hormuz,12,13,2,4,47,31,78,327774,496991,7694,19283,2807363,851743,3659107
2024-05-02,2024,5,2,chokepoint6,Strait of Hormuz,12,12,4,0,37,28,65,360598,339261,14729,0,1633914,714589,2348504
2024-05-03,2024,5,3,chokepoint6,Strait of Hormuz,18,12,1,2,44,33,77,460992,494866,6327,2181,2463153,964367,3427520
2024-05-04,2024,5,4,chokepoint6,Strait of Hormuz,11,10,5,3,55,29,84,261115,375944,33236,7212,2720295,677509,3397804
2024-05-05,2024,5,5,chokepoint6,Strait of Hormuz,20,14,3,2,70,39,109,469472,379423,25519,4318,3846099,878734,4724833
2024-05-06,2024,5,6,chokepoint6,Strait of Hormuz,24,11,7,1,59,43,102,691705,339373,34414,0,3294131,1065494,4359626
2024-05-07,2024,5,7,chokepoint6,Strait of Hormuz,16,14,4,3,69,37,106,504335,718996,39576,15227,3531027,1278135,4809163
2024-05-08,2024,5,8,chokepoint6,Strait of Hormuz,11,15,2,4,32,32,64,236684,335500,0,4125,1600801,576310,2177111
2024-05-09,2024,5,9,chokepoint6,Strait of Hormuz,14,16,8,1,63,39,102,438958,524765,39870,0,2978688,1003594,3982282
2024-05-10,2024,5,10,chokepoint6,Strait of Hormuz,14,20,3,6,49,43,92,436473,432144,12569,15349,3627434,896537,4523971
2024-05-11,2024,5,11,chokepoint6,Strait of Hormuz,13,11,8,3,52,35,87,151186,441303,28384,5568,2163723,626442,2790165
2024-05-12,2024,5,12,chokepoint6,Strait of Hormuz,19,19,4,1,53,43,96,449311,896023,35423,4912,1464233,1385671,2849904
2024-05-13,2024,5,13,chokepoint6,Strait of Hormuz,21,17,6,3,77,47,124,608708,410428,39997,9933,5507350,1069067,6576418
2024-05-14,2024,5,14,chokepoint6,Strait of Hormuz,14,13,3,0,55,30,85,394395,424730,9692,0,2598019,828818,3426837
2024-05-15,2024,5,15,chokepoint6,Strait of Hormuz,20,15,7,4,63,46,109,695397,317848,22312,9391,2339785,1044949,3384735
2024-05-16,2024,5,16,chokepoint6,Strait of Hormuz,18,16,3,5,63,42,105,534467,657495,9224,4773,2253933,1205962,3459895
2024-05-17,2024,5,17,chokepoint6,Strait of Hormuz,15,21,3,2,61,41,102,383421,969804,22611,6194,2626881,1382031,4008913
2024-05-18,2024,5,18,chokepoint6,Strait of Hormuz,12,10,3,2,29,27,56,272329,393859,18100,4505,1487059,688794,2175854
2024-05-19,2024,5,19,chokepoint6,Strait of Hormuz,15,18,1,2,63,36,99,423972,559157,12877,3655,3075316,999663,4074980
2024-05-20,2024,5,20,chokepoint6,Strait of Hormuz,15,7,2,3,32,27,59,464499,262122,7862,14218,2082301,748702,2831004
2024-05-21,2024,5,21,chokepoint6,Strait of Hormuz,13,14,4,2,69,33,102,491900,550805,17200,3847,3536713,1063753,4600466
2024-05-22,2024,5,22,chokepoint6,Strait of Hormuz,16,24,6,0,59,46,105,289393,1008945,11332,0,2002467,1309671,3312139
2024-05-23,2024,5,23,chokepoint6,Strait of Hormuz,20,13,3,2,67,38,105,472551,390931,9714,0,3488093,873197,4361290
2024-05-24,2024,5,24,chokepoint6,Strait of Hormuz,13,20,6,3,46,42,88,387977,752403,70584,2774,2421868,1213740,3635609
2024-05-25,2024,5,25,chokepoint6,Strait of Hormuz,13,10,5,1,43,29,72,331716,458026,32808,0,1421421,822551,2243973
2024-05-26,2024,5,26,chokepoint6,Strait of Hormuz,21,17,3,3,69,44,113,665390,619924,20831,6963,2057396,1313110,3370506
2024-05-27,2024,5,27,chokepoint6,Strait of Hormuz,17,15,5,2,63,39,102,538681,646631,23289,5571,3161042,1214173,4375215
2024-05-28,2024,5,28,chokepoint6,Strait of Hormuz,20,19,5,5,71,49,120,589619,593480,5010,15744,4066590,1203855,5270446
2024-05-29,2024,5,29,chokepoint6,Strait of Hormuz,17,20,8,5,58,50,108,509456,675758,64910,3782,2897457,1253909,4151366
2024-05-30,2024,5,30,chokepoint6,Strait of Hormuz,10,9,7,1,42,27,69,194248,338252,16028,0,1384677,548529,1933206
2024-05-31,2024,5,31,chokepoint6,Strait of Hormuz,11,16,7,5,51,39,90,277058,621511,12421,18253,2717395,929244,3646640
2024-06-01,2024,6,1,chokepoint6,Strait of Hormuz,16,10,1,1,36,28,64,421732,418485,0,0,1916052,840217,2756269
2024-06-02,2024,6,2,chokepoint6,Strait of Hormuz,14,16,4,1,77,35,112,278653,784127,21767,0,3524088,1084548,4608637
2024-06-03,2024,6,3,chokepoint6,Strait of Hormuz,17,17,4,3,64,41,105,439058,558790,12345,3932,3517393,1014126,4531519
2024-06-04,2024,6,4,chokepoint6,Strait of Hormuz,21,14,5,4,61,44,105,696974,426525,28528,18390,2636285,1170418,3806703
2024-06-05,2024,6,5,chokepoint6,Strait of Hormuz,18,7,2,3,38,30,68,611456,332035,3784,0,2024032,947276,2971308
2024-06-06,2024,6,6,chokepoint6,Strait of Hormuz,18,16,5,5,43,44,87,471119,362419,20319,13711,2285333,867569,3152903
2024-06-07,2024,6,7,chokepoint6,Strait of Hormuz,15,15,4,1,51,35,86,479293,548533,47556,1111,1701025,1076495,2777521
2024-06-08,2024,6,8,chokepoint6,Strait of Hormuz,13,10,2,1,48,26,74,279191,378299,5169,0,2559041,662659,3221700
2024-06-09,2024,6,9,chokepoint6,Strait of Hormuz,7,8,1,1,33,17,50,165222,276187,0,0,1868540,441409,2309949
2024-06-10,2024,6,10,chokepoint6,Strait of Hormuz,23,23,5,1,67,52,119,526889,935091,25431,0,2249839,1487412,3737251
2024-06-11,2024,6,11,chokepoint6,Strait of Hormuz,8,14,4,3,35,29,64,88861,164169,12893,8335,1678078,274261,1952339
2024-06-12,2024,6,12,chokepoint6,Strait of Hormuz,19,8,7,3,38,37,75,609100,348839,44248,0,1837254,1002189,2839443
2024-06-13,2024,6,13,chokepoint6,Strait of Hormuz,24,13,3,4,41,44,85,768105,532401,31522,0,2055390,1332028,3387419
2024-06-14,2024,6,14,chokepoint6,Strait of Hormuz,17,19,3,5,55,44,99,401483,664897,3427,2374,3217531,1072183,4289715
2024-06-15,2024,6,15,chokepoint6,Strait of Hormuz,14,22,7,4,66,47,113,381796,686469,39063,15621,2876943,1122950,3999894
2024-06-16,2024,6,16,chokepoint6,Strait of Hormuz,15,17,8,2,52,42,94,361142,643553,63934,8638,2878976,1077269,3956245
2024-06-17,2024,6,17,chokepoint6,Strait of Hormuz,17,8,2,3,66,30,96,762120,546193,1657,0,2704315,1309972,4014287
2024-06-18,2024,6,18,chokepoint6,Strait of Hormuz,17,11,5,1,35,34,69,350284,480560,11779,0,1415780,842623,2258404
2024-06-19,2024,6,19,chokepoint6,Strait of Hormuz,20,18,3,3,59,44,103,568440,694546,12711,10843,3533785,1286541,4820327
2024-06-20,2024,6,20,chokepoint6,Strait of Hormuz,9,18,1,3,44,31,75,184393,597765,20848,8338,1708034,811345,2519379
2024-06-21,2024,6,21,chokepoint6,Strait of Hormuz,14,9,3,6,52,32,84,484673,440988,38658,21624,2045005,985945,3030951
2024-06-22,2024,6,22,chokepoint6,Strait of Hormuz,17,21,5,3,56,46,102,490290,456523,6944,5486,2457743,959245,3416989
2024-06-23,2024,6,23,chokepoint6,Strait of Hormuz,20,14,2,2,56,38,94,457193,309552,3210,2784,2462698,772741,3235439
2024-06-24,2024,6,24,chokepoint6,Strait of Hormuz,18,27,3,3,66,51,117,494247,1157997,27377,8226,3052044,1687849,4739893
2024-06-25,2024,6,25,chokepoint6,Strait of Hormuz,13,9,2,3,48,27,75,394595,274171,20913,3390,2029990,693071,2723062
2024-06-26,2024,6,26,chokepoint6,Strait of Hormuz,14,21,2,3,55,40,95,251221,698532,6373,0,2212870,956126,3168996
2024-06-27,2024,6,27,chokepoint6,Strait of Hormuz,15,14,6,3,79,38,117,470446,620289,20447,7224,2852129,1118407,3970536
2024-06-28,2024,6,28,chokepoint6,Strait of Hormuz,18,9,8,4,57,39,96,520735,325992,36411,6638,3321805,889777,4211583
2024-06-29,2024,6,29,chokepoint6,Strait of Hormuz,12,14,0,0,41,26,67,374510,512131,0,0,1291188,886641,2177829
2024-06-30,2024,6,30,chokepoint6,Strait of Hormuz,13,8,6,1,50,28,78,394318,368761,14577,6817,2541516,784475,3325992
2024-07-01,2024,7,1,chokepoint6,Strait of Hormuz,18,11,1,2,32,32,64,427355,451645,5885,5047,1613715,889933,2503649
2024-07-02,2024,7,2,chokepoint6,Strait of Hormuz,9,8,1,2,34,20,54,188413,338453,6804,10203,1228196,543875,1772071
2024-07-03,2024,7,3,chokepoint6,Strait of Hormuz,19,18,3,4,62,44,106,575224,397138,15915,0,2902267,988278,3890546
2024-07-04,2024,7,4,chokepoint6,Strait of Hormuz,15,12,8,2,73,37,110,399547,531301,45781,6759,2357218,983389,3340608
2024-07-05,2024,7,5,chokepoint6,Strait of Hormuz,16,13,3,3,53,35,88,373036,680568,1371,11435,2413545,1066412,3479957
2024-07-06,2024,7,6,chokepoint6,Strait of Hormuz,20,17,6,5,60,48,108,578220,571110,31992,14837,3278915,1196161,4475076
2024-07-07,2024,7,7,chokepoint6,Strait of Hormuz,16,10,5,3,68,34,102,275903,322429,17138,5787,3623801,621259,4245061
2024-07-08,2024,7,8,chokepoint6,Strait of Hormuz,25,9,3,2,60,39,99,705988,349061,55310,0,2050220,1110359,3160580
2024-07-09,2024,7,9,chokepoint6,Strait of Hormuz,25,15,5,6,76,51,127,575283,506668,7272,7846,3864638,1097070,4961708
2024-07-10,2024,7,10,chokepoint6,Strait of Hormuz,17,9,4,5,60,35,95,386649,288292,9259,5482,2550532,689682,3240215
2024-07-11,2024,7,11,chokepoint6,Strait of Hormuz,25,23,8,4,70,60,130,781099,760304,34852,21252,3107431,1597508,4704940
2024-07-12,2024,7,12,chokepoint6,Strait of Hormuz,18,11,3,2,62,34,96,561563,785301,12513,2346,2756554,1361724,4118279
2024-07-13,2024,7,13,chokepoint6,Strait of Hormuz,20,19,8,1,57,48,105,557909,461692,37912,3257,2715252,1060770,3776023
2024-07-14,2024,7,14,chokepoint6,Strait of Hormuz,18,12,7,3,69,40,109,367383,399574,33825,12557,3411519,813340,4224860
2024-07-15,2024,7,15,chokepoint6,Strait of Hormuz,11,14,5,3,64,33,97,234044,479150,25112,4773,2488111,743081,3231193
2024-07-16,2024,7,16,chokepoint6,Strait of Hormuz,16,14,7,6,64,43,107,371448,466897,39346,14093,2175990,891785,3067775
2024-07-17,2024,7,17,chokepoint6,Strait of Hormuz,17,22,8,4,68,51,119,482012,736582,48953,6631,4483491,1274179,5757670
2024-07-18,2024,7,18,chokepoint6,Strait of Hormuz,8,7,6,1,33,22,55,164344,288525,55919,0,1751899,508788,2260688
2024-07-19,2024,7,19,chokepoint6,Strait of Hormuz,15,13,5,0,51,33,84,256429,558359,43897,0,3162276,858687,4020964
2024-07-20,2024,7,20,chokepoint6,Strait of Hormuz,18,15,2,2,58,37,95,403306,587531,3749,0,1559767,994587,2554355
2024-07-21,2024,7,21,chokepoint6,Strait of Hormuz,17,17,4,3,59,41,100,609000,643983,18051,0,3570772,1271035,4841808
2024-07-22,2024,7,22,chokepoint6,Strait of Hormuz,14,11,6,0,49,31,80,576644,403004,45142,0,2221199,1024791,3245991
2024-07-23,2024,7,23,chokepoint6,Strait of Hormuz,18,16,2,1,46,37,83,610709,570097,5010,0,2355601,1185817,3541418
2024-07-24,2024,7,24,chokepoint6,Strait of Hormuz,13,9,3,3,43,28,71,362261,452464,8396,8820,2373126,831943,3205069
2024-07-25,2024,7,25,chokepoint6,Strait of Hormuz,13,14,4,6,67,37,104,357825,216701,41085,15496,3657922,631109,4289031
2024-07-26,2024,7,26,chokepoint6,Strait of Hormuz,17,10,5,4,42,36,78,430693,317695,19184,10436,2086094,778009,2864104
2024-07-27,2024,7,27,chokepoint6,Strait of Hormuz,16,5,2,4,51,27,78,611081,159867,3334,15695,2503618,789980,3293598
2024-07-28,2024,7,28,chokepoint6,Strait of Hormuz,21,16,4,2,59,43,102,500662,599557,8701,0,2642613,1108920,3751534
2024-07-29,2024,7,29,chokepoint6,Strait of Hormuz,17,14,5,3,61,39,100,559687,580712,40781,8078,3209615,1189259,4398875
2024-07-30,2024,7,30,chokepoint6,Strait of Hormuz,18,20,3,3,50,44,94,526549,686837,11374,12503,2330792,1237265,3568057
2024-07-31,2024,7,31,chokepoint6,Strait of Hormuz,14,9,3,3,64,29,93,394636,365008,13952,5354,2704215,778951,3483167
2024-08-01,2024,8,1,chokepoint6,Strait of Hormuz,20,14,6,6,46,46,92,468385,342877,28799,11446,1782297,851509,2633807
2024-08-02,2024,8,2,chokepoint6,Strait of Hormuz,8,7,1,2,44,18,62,218130,310527,1799,5247,2193246,535704,2728950
2024-08-03,2024,8,3,chokepoint6,Strait of Hormuz,15,15,4,2,39,36,75,376299,488564,17045,0,1891697,881909,2773606
2024-08-04,2024,8,4,chokepoint6,Strait of Hormuz,20,12,4,6,57,42,99,520773,399588,2279,13847,1823616,936489,2760105
2024-08-05,2024,8,5,chokepoint6,Strait of Hormuz,17,17,4,2,48,40,88,585898,787399,31437,9928,2317004,1414663,3731668
2024-08-06,2024,8,6,chokepoint6,Strait of Hormuz,12,7,2,3,46,24,70,391082,168341,9280,3371,2171109,572075,2743184
2024-08-07,2024,8,7,chokepoint6,Strait of Hormuz,7,8,1,2,30,18,48,155630,190336,6942,13246,1599188,366155,1965344
2024-08-08,2024,8,8,chokepoint6,Strait of Hormuz,16,8,0,4,61,28,89,442509,624827,0,6092,2700370,1073429,3773799
2024-08-09,2024,8,9,chokepoint6,Strait of Hormuz,10,19,5,2,55,36,91,197048,745231,16215,4577,3024404,963073,3987478
2024-08-10,2024,8,10,chokepoint6,Strait of Hormuz,16,13,7,1,42,37,79,430247,711521,40348,3926,2293163,1186044,3479207
2024-08-11,2024,8,11,chokepoint6,Strait of Hormuz,21,19,2,2,51,44,95,467168,546165,44085,11494,2214531,1068913,3283445
2024-08-12,2024,8,12,chokepoint6,Strait of Hormuz,8,15,5,2,67,30,97,163425,599126,16701,0,2651168,779253,3430421
2024-08-13,2024,8,13,chokepoint6,Strait of Hormuz,11,6,7,2,34,26,60,397211,171908,59335,6010,1824802,634465,2459268
2024-08-14,2024,8,14,chokepoint6,Strait of Hormuz,14,9,5,1,33,29,62,436808,340802,21653,0,2070842,799264,2870106
2024-08-15,2024,8,15,chokepoint6,Strait of Hormuz,10,1,0,3,27,14,41,317727,59512,0,3818,1435696,381058,1816755
2024-08-16,2024,8,16,chokepoint6,Strait of Hormuz,15,11,6,1,35,33,68,601285,391824,45916,4091,1702156,1043117,2745273
2024-08-17,2024,8,17,chokepoint6,Strait of Hormuz,7,12,1,2,38,22,60,140247,293085,20936,0,2806202,454269,3260471
2024-08-18,2024,8,18,chokepoint6,Strait of Hormuz,12,4,0,1,35,17,52,350106,136567,0,4563,1934681,491237,2425919
2024-08-19,2024,8,19,chokepoint6,Strait of Hormuz,13,11,3,1,37,28,65,250463,392861,15242,0,1266453,658566,1925020
2024-08-20,2024,8,20,chokepoint6,Strait of Hormuz,16,9,1,0,33,26,59,327391,568011,0,0,2079408,895402,2974810
2024-08-21,2024,8,21,chokepoint6,Strait of Hormuz,10,12,5,1,37,28,65,307212,342812,5435,0,2289353,655460,2944813
2024-08-22,2024,8,22,chokepoint6,Strait of Hormuz,20,13,6,3,40,42,82,599568,523039,87476,0,956008,1210084,2166093
2024-08-23,2024,8,23,chokepoint6,Strait of Hormuz,24,14,4,5,45,47,92,661520,534835,18937,9761,2713620,1225054,3938675
2024-08-24,2024,8,24,chokepoint6,Strait of Hormuz,15,11,3,1,61,30,91,467965,389413,17969,0,2339726,875348,3215075
2024-08-25,2024,8,25,chokepoint6,Strait of Hormuz,14,18,5,4,54,41,95,311437,881346,21421,0,2662249,1214205,3876454
2024-08-26,2024,8,26,chokepoint6,Strait of Hormuz,17,21,8,5,64,51,115,577831,697763,40193,7274,3121183,1323063,4444247
2024-08-27,2024,8,27,chokepoint6,Strait of Hormuz,24,6,2,2,54,34,88,621289,115178,6529,6652,1753444,749650,2503095
2024-08-28,2024,8,28,chokepoint6,Strait of Hormuz,13,16,2,3,50,34,84,335304,697998,31319,0,2665125,1064622,3729748
2024-08-29,2024,8,29,chokepoint6,Strait of Hormuz,16,12,2,1,48,31,79,391924,263895,1620,0,1155338,657441,1812779
2024-08-30,2024,8,30,chokepoint6,Strait of Hormuz,12,17,2,2,46,33,79,257533,700374,1128,1801,1537127,960838,2497965
2024-08-31,2024,8,31,chokepoint6,Strait of Hormuz,13,10,4,1,51,28,79,149697,302972,18835,0,2247768,471505,2719274
2024-09-01,2024,9,1,chokepoint6,Strait of Hormuz,22,12,4,3,43,41,84,473658,450493,32332,11087,1364152,967570,2331722
2024-09-02,2024,9,2,chokepoint6,Strait of Hormuz,15,16,2,4,51,37,88,424725,536203,0,14115,2438684,975045,3413730
2024-09-03,2024,9,3,chokepoint6,Strait of Hormuz,17,10,4,4,52,35,87,477849,275511,28854,11403,2562859,793618,3356478
2024-09-04,2024,9,4,chokepoint6,Strait of Hormuz,15,15,2,2,61,34,95,386835,430956,2662,7814,2928266,828268,3756535
2024-09-05,2024,9,5,chokepoint6,Strait of Hormuz,18,13,1,1,51,33,84,467671,386568,0,4318,2803910,858558,3662469
2024-09-06,2024,9,6,chokepoint6,Strait of Hormuz,26,15,4,4,55,49,104,754712,757415,16188,8651,3177309,1536968,4714278
2024-09-07,2024,9,7,chokepoint6,Strait of Hormuz,7,8,3,2,45,20,65,183824,421031,4516,3558,860863,612931,1473795
2024-09-08,2024,9,8,chokepoint6,Strait of Hormuz,15,16,0,1,36,32,68,483918,1009004,0,0,1246355,1492923,2739278
2024-09-09,2024,9,9,chokepoint6,Strait of Hormuz,13,15,3,4,56,35,91,346177,540417,15447,2452,3162106,904494,4066601
2024-09-10,2024,9,10,chokepoint6,Strait of Hormuz,20,15,8,4,63,47,110,688297,693674,76790,6149,3064101,1464911,4529012
2024-09-11,2024,9,11,chokepoint6,Strait of Hormuz,16,15,7,4,56,42,98,233967,659296,30761,3317,2402009,927342,3329352
2024-09-12,2024,9,12,chokepoint6,Strait of Hormuz,19,21,4,1,59,45,104,485416,1057439,9544,0,2531908,1552401,4084309
2024-09-13,2024,9,13,chokepoint6,Strait of Hormuz,13,13,3,3,45,32,77,379246,549123,16225,7603,1189542,952198,2141740
2024-09-14,2024,9,14,chokepoint6,Strait of Hormuz,16,16,4,2,52,38,90,452527,401514,12929,2984,2434011,869956,3303967
2024-09-15,2024,9,15,chokepoint6,Strait of Hormuz,12,5,7,3,28,27,55,402311,169467,28319,10681,1297708,610779,1908487
2024-09-16,2024,9,16,chokepoint6,Strait of Hormuz,15,14,7,2,53,38,91,493126,429125,40567,7753,2779312,970573,3749886
2024-09-17,2024,9,17,chokepoint6,Strait of Hormuz,14,9,7,4,37,34,71,381286,459640,31110,6237,1717941,878275,2596217
2024-09-18,2024,9,18,chokepoint6,Strait of Hormuz,17,16,4,1,46,38,84,322981,763821,17168,2817,2943457,1106789,4050247
2024-09-19,2024,9,19,chokepoint6,Strait of Hormuz,14,11,4,3,55,32,87,479408,293893,44019,5251,3193526,822572,4016099
2024-09-20,2024,9,20,chokepoint6,Strait of Hormuz,17,11,3,3,54,34,88,423124,315646,31740,0,1488189,770512,2258702
2024-09-21,2024,9,21,chokepoint6,Strait of Hormuz,15,14,8,2,53,39,92,362674,581543,86492,4470,2239836,1035181,3275017
2024-09-22,2024,9,22,chokepoint6,Strait of Hormuz,13,14,7,2,39,36,75,223566,269192,12326,5042,1801620,510128,2311749
2024-09-23,2024,9,23,chokepoint6,Strait of Hormuz,11,5,3,3,40,22,62,278644,272160,14100,4262,2627399,569167,3196567
2024-09-24,2024,9,24,chokepoint6,Strait of Hormuz,15,10,4,6,54,35,89,585327,511519,13073,12380,2019202,1122300,3141503
2024-09-25,2024,9,25,chokepoint6,Strait of Hormuz,9,9,4,0,32,22,54,293334,426316,11343,0,2482472,730993,3213465
2024-09-26,2024,9,26,chokepoint6,Strait of Hormuz,11,9,3,3,38,26,64,287902,270483,8706,10329,1048728,577422,1626151
2024-09-27,2024,9,27,chokepoint6,Strait of Hormuz,22,16,7,5,39,50,89,644372,544233,63568,15265,1901683,1267440,3169123
2024-09-28,2024,9,28,chokepoint6,Strait of Hormuz,18,11,3,2,40,34,74,399675,395254,38142,0,1258362,833071,2091433
2024-09-29,2024,9,29,chokepoint6,Strait of Hormuz,15,19,3,0,41,37,78,357317,978740,14775,0,2546166,1350834,3897001
2024-09-30,2024,9,30,chokepoint6,Strait of Hormuz,9,4,1,0,32,14,46,276748,222748,2398,0,1903908,501895,2405803
2024-10-01,2024,10,1,chokepoint6,Strait of Hormuz,11,14,3,2,31,30,61,338376,472294,27893,8078,1219508,846643,2066151
2024-10-02,2024,10,2,chokepoint6,Strait of Hormuz,22,17,7,6,52,52,104,510641,644550,47839,15752,2416388,1218784,3635173
2024-10-03,2024,10,3,chokepoint6,Strait of Hormuz,14,12,5,5,47,36,83,371229,486883,11636,2627,1471970,872376,2344347
2024-10-04,2024,10,4,chokepoint6,Strait of Hormuz,18,12,4,1,52,35,87,550600,401308,39471,0,2887064,991381,3878445
2024-10-05,2024,10,5,chokepoint6,Strait of Hormuz,14,12,0,5,46,31,77,373538,496920,0,12821,2887029,883279,3770309
2024-10-06,2024,10,6,chokepoint6,Strait of Hormuz,10,6,4,1,27,21,48,191566,63649,1857,0,1544656,257073,1801729
2024-10-07,2024,10,7,chokepoint6,Strait of Hormuz,13,15,3,2,52,33,85,383587,583180,15707,7032,2665081,989508,3654590
2024-10-08,2024,10,8,chokepoint6,Strait of Hormuz,17,12,8,3,53,40,93,558431,497076,19799,6010,2623729,1081317,3705047
2024-10-09,2024,10,9,chokepoint6,Strait of Hormuz,16,12,5,3,28,36,64,291420,614011,8172,4505,888019,918110,1806129
2024-10-10,2024,10,10,chokepoint6,Strait of Hormuz,15,17,4,2,38,38,76,354173,673759,15756,4394,1954182,1048083,3002266
2024-10-11,2024,10,11,chokepoint6,Strait of Hormuz,12,10,4,1,40,27,67,233793,273625,25442,0,1601889,532861,2134751
2024-10-12,2024,10,12,chokepoint6,Strait of Hormuz,20,9,3,4,41,36,77,492158,140398,9270,6056,2190976,647884,2838861
2024-10-13,2024,10,13,chokepoint6,Strait of Hormuz,10,6,0,4,30,20,50,241453,480917,0,6248,1435379,728619,2163999
2024-10-14,2024,10,14,chokepoint6,Strait of Hormuz,16,11,4,1,45,32,77,484789,344409,12605,0,2497227,841803,3339030
2024-10-15,2024,10,15,chokepoint6,Strait of Hormuz,14,10,1,5,32,30,62,348084,488741,4495,15231,1161594,856553,2018148
2024-10-16,2024,10,16,chokepoint6,Strait of Hormuz,14,5,6,1,46,26,72,402784,134187,21563,2743,1554570,561279,2115850
2024-10-17,2024,10,17,chokepoint6,Strait of Hormuz,18,7,8,4,48,37,85,443940,163650,35234,11033,1801042,653858,2454901
2024-10-18,2024,10,18,chokepoint6,Strait of Hormuz,11,11,5,1,43,28,71,299603,191189,21830,6736,3194806,519360,3714166
2024-10-19,2024,10,19,chokepoint6,Strait of Hormuz,24,13,2,3,55,42,97,626214,325217,3227,4434,2277944,959093,3237038
2024-10-20,2024,10,20,chokepoint6,Strait of Hormuz,22,22,2,4,55,50,105,618263,1017988,7461,10238,2289650,1653951,3943602
2024-10-21,2024,10,21,chokepoint6,Strait of Hormuz,12,9,4,4,46,29,75,165834,439874,42718,2504,1296895,650932,1947827
2024-10-22,2024,10,22,chokepoint6,Strait of Hormuz,15,9,1,5,38,30,68,411190,476479,3391,13034,1743660,904096,2647756
2024-10-23,2024,10,23,chokepoint6,Strait of Hormuz,18,9,3,2,34,32,66,424385,568308,26995,0,2419883,1019689,3439572
2024-10-24,2024,10,24,chokepoint6,Strait of Hormuz,7,5,1,4,29,17,46,235911,276979,2093,11319,1309216,526302,1835518
2024-10-25,2024,10,25,chokepoint6,Strait of Hormuz,19,15,4,3,57,41,98,490966,510942,7648,1956,3263339,1011513,4274852
2024-10-26,2024,10,26,chokepoint6,Strait of Hormuz,25,5,6,6,40,42,82,451598,169955,42667,5568,1957650,669790,2627440
2024-10-27,2024,10,27,chokepoint6,Strait of Hormuz,21,13,2,4,47,40,87,583381,614751,29525,7265,1616458,1234924,2851382
2024-10-28,2024,10,28,chokepoint6,Strait of Hormuz,8,10,3,0,38,21,59,232798,459979,40051,0,1536959,732829,2269789
2024-10-29,2024,10,29,chokepoint6,Strait of Hormuz,11,10,5,6,38,32,70,283393,449813,15709,22949,1223132,771866,1994998
2024-10-30,2024,10,30,chokepoint6,Strait of Hormuz,14,12,2,4,38,32,70,401917,303611,19236,1469,742883,726234,1469117
2024-10-31,2024,10,31,chokepoint6,Strait of Hormuz,8,9,2,0,19,19,38,153649,283517,13786,0,798081,450953,1249034
2024-11-01,2024,11,1,chokepoint6,Strait of Hormuz,20,9,4,0,47,33,80,515765,350490,10137,0,1687448,876393,2563842
2024-11-02,2024,11,2,chokepoint6,Strait of Hormuz,12,9,5,2,42,28,70,170122,259531,17174,0,2169063,446828,2615891
2024-11-03,2024,11,3,chokepoint6,Strait of Hormuz,7,11,2,3,44,23,67,209819,522440,2363,5911,2183528,740534,2924062
2024-11-04,2024,11,4,chokepoint6,Strait of Hormuz,20,9,7,4,45,40,85,642029,360155,30349,13532,2355782,1046067,3401850
2024-11-05,2024,11,5,chokepoint6,Strait of Hormuz,12,7,3,6,33,28,61,219151,261396,14841,4381,1384120,499771,1883891
2024-11-06,2024,11,6,chokepoint6,Strait of Hormuz,20,15,2,1,52,38,90,453522,586235,7633,8078,3235603,1055470,4291074
2024-11-07,2024,11,7,chokepoint6,Strait of Hormuz,20,13,2,2,44,37,81,683783,364306,5092,2897,2180294,1056079,3236374
2024-11-08,2024,11,8,chokepoint6,Strait of Hormuz,12,8,2,1,29,23,52,418578,341174,853,0,1537930,760606,2298537
2024-11-09,2024,11,9,chokepoint6,Strait of Hormuz,15,8,1,2,39,26,65,378409,328714,770,9651,1565863,717545,2283408
2024-11-10,2024,11,10,chokepoint6,Strait of Hormuz,18,11,4,1,37,34,71,402206,393270,17061,0,1988077,812538,2800616
2024-11-11,2024,11,11,chokepoint6,Strait of Hormuz,16,8,2,7,50,33,83,309945,208100,6389,12927,3050759,537363,3588122
2024-11-12,2024,11,12,chokepoint6,Strait of Hormuz,13,16,4,2,43,35,78,374530,550948,15378,9855,2606223,950712,3556935
2024-11-13,2024,11,13,chokepoint6,Strait of Hormuz,13,8,3,2,32,26,58,283422,156530,30162,0,1418912,470115,1889027
2024-11-14,2024,11,14,chokepoint6,Strait of Hormuz,14,8,7,5,35,34,69,236646,430974,18832,0,1316521,686453,2002975
2024-11-15,2024,11,15,chokepoint6,Strait of Hormuz,9,12,2,0,36,23,59,388019,493709,12834,0,1240291,894563,2134854
2024-11-16,2024,11,16,chokepoint6,Strait of Hormuz,12,9,2,0,25,23,48,311373,324730,7218,0,1309518,643322,1952840
2024-11-17,2024,11,17,chokepoint6,Strait of Hormuz,20,13,0,2,32,35,67,331626,605245,0,0,1490807,936872,2427679
2024-11-18,2024,11,18,chokepoint6,Strait of Hormuz,14,12,3,4,48,33,81,211031,300402,18439,18841,2567880,548714,3116595
2024-11-19,2024,11,19,chokepoint6,Strait of Hormuz,10,6,8,2,27,26,53,158792,205513,68678,6680,1794618,439665,2234284
2024-11-20,2024,11,20,chokepoint6,Strait of Hormuz,10,11,3,3,31,27,58,343633,384390,15614,2060,1193705,745698,1939403
2024-11-21,2024,11,21,chokepoint6,Strait of Hormuz,10,13,1,0,24,24,48,188108,559187,8530,0,2242122,755826,2997948
2024-11-22,2024,11,22,chokepoint6,Strait of Hormuz,17,10,5,4,37,36,73,441587,297645,18479,10451,1773717,768163,2541881
2024-11-23,2024,11,23,chokepoint6,Strait of Hormuz,9,12,2,2,38,25,63,238202,394120,5525,2783,1537552,640632,2178184
2024-11-24,2024,11,24,chokepoint6,Strait of Hormuz,12,8,2,1,25,23,48,278660,471170,18572,3784,443737,772187,1215924
2024-11-25,2024,11,25,chokepoint6,Strait of Hormuz,8,10,3,7,35,28,63,107218,490430,10241,17222,2301109,625113,2926222
2024-11-26,2024,11,26,chokepoint6,Strait of Hormuz,9,9,5,2,22,25,47,350315,255101,50500,2504,1948107,658421,2606528
2024-11-27,2024,11,27,chokepoint6,Strait of Hormuz,7,7,2,2,28,18,46,213299,370418,28750,2940,1647715,615409,2263124
2024-11-28,2024,11,28,chokepoint6,Strait of Hormuz,9,10,2,2,30,23,53,160288,384984,26032,9744,846676,581050,1427726
2024-11-29,2024,11,29,chokepoint6,Strait of Hormuz,10,6,2,1,39,19,58,433639,334242,7338,0,1651464,775219,2426684
2024-11-30,2024,11,30,chokepoint6,Strait of Hormuz,18,11,4,0,25,33,58,629758,395947,19098,0,1572596,1044804,2617400
2024-12-01,2024,12,1,chokepoint6,Strait of Hormuz,8,10,3,1,32,22,54,202708,496666,10318,0,240812,709693,950506
2024-12-02,2024,12,2,chokepoint6,Strait of Hormuz,8,12,3,3,42,26,68,233090,214317,4704,3192,1728012,455304,2183317
2024-12-03,2024,12,3,chokepoint6,Strait of Hormuz,12,8,1,1,14,22,36,260472,362328,1572,5707,474306,630080,1104387
2024-12-04,2024,12,4,chokepoint6,Strait of Hormuz,15,8,1,1,35,25,60,419751,329226,1838,0,1152232,750816,1903048
2024-12-05,2024,12,5,chokepoint6,Strait of Hormuz,8,11,2,1,25,22,47,128027,312898,13961,5228,1314095,460115,1774210
2024-12-06,2024,12,6,chokepoint6,Strait of Hormuz,5,6,3,4,23,18,41,56322,183020,26578,3302,833908,269223,1103132
2024-12-07,2024,12,7,chokepoint6,Strait of Hormuz,8,7,3,1,27,19,46,178973,167105,32019,10184,1536176,388282,1924458
2024-12-08,2024,12,8,chokepoint6,Strait of Hormuz,8,7,0,0,20,15,35,136695,180648,0,0,665332,317343,982676
2024-12-09,2024,12,9,chokepoint6,Strait of Hormuz,12,9,5,1,26,27,53,352856,558438,24016,5951,1381770,941262,2323032
2024-12-10,2024,12,10,chokepoint6,Strait of Hormuz,8,5,5,4,29,22,51,182187,297493,43452,10094,1031485,533228,1564714
2024-12-11,2024,12,11,chokepoint6,Strait of Hormuz,11,8,6,2,26,27,53,239651,139648,16905,4886,1268207,401091,1669298
2024-12-12,2024,12,12,chokepoint6,Strait of Hormuz,13,16,4,2,42,35,77,213050,789149,20083,0,2040943,1022283,3063227
2024-12-13,2024,12,13,chokepoint6,Strait of Hormuz,9,10,2,1,26,22,48,156798,325967,24831,4511,1465062,512107,1977170
2024-12-14,2024,12,14,chokepoint6,Strait of Hormuz,10,6,3,0,27,19,46,261214,232928,11883,0,1158485,506026,1664512
2024-12-15,2024,12,15,chokepoint6,Strait of Hormuz,12,11,7,0,35,30,65,350447,430747,5287,0,2286624,786482,3073106
2024-12-16,2024,12,16,chokepoint6,Strait of Hormuz,7,9,1,3,43,20,63,170049,391852,0,13562,1563075,575463,2138539
2024-12-17,2024,12,17,chokepoint6,Strait of Hormuz,15,8,4,2,34,29,63,449111,161923,24156,2510,1145000,637702,1782702
2024-12-18,2024,12,18,chokepoint6,Strait of Hormuz,7,6,0,3,18,16,34,141848,208127,0,5667,1463928,355643,1819571
2024-12-19,2024,12,19,chokepoint6,Strait of Hormuz,13,5,0,4,32,22,54,284740,137390,0,8605,1099294,430736,1530030
2024-12-20,2024,12,20,chokepoint6,Strait of Hormuz,12,5,2,2,43,21,64,464211,188255,15147,0,1464037,667614,2131652
2024-12-21,2024,12,21,chokepoint6,Strait of Hormuz,13,8,0,0,33,21,54,223375,316383,0,0,1671734,539759,2211493
2024-12-22,2024,12,22,chokepoint6,Strait of Hormuz,12,11,2,2,33,27,60,312428,526358,33425,14718,2333837,886931,3220768
2024-12-23,2024,12,23,chokepoint6,Strait of Hormuz,9,5,5,2,29,21,50,290328,391999,17649,0,1189716,699977,1889694
2024-12-24,2024,12,24,chokepoint6,Strait of Hormuz,10,9,4,2,25,25,50,256844,367706,34625,4709,853330,663886,1517217
2024-12-25,2024,12,25,chokepoint6,Strait of Hormuz,12,14,4,6,27,36,63,210766,682333,18743,23059,1319113,934903,2254017
2024-12-26,2024,12,26,chokepoint6,Strait of Hormuz,8,9,1,4,32,22,54,213962,472310,20437,14577,1230380,721288,1951668
2024-12-27,2024,12,27,chokepoint6,Strait of Hormuz,13,6,1,2,30,22,52,182463,359281,2436,4074,1830463,548256,2378719
2024-12-28,2024,12,28,chokepoint6,Strait of Hormuz,17,12,3,1,37,33,70,365727,408824,8215,0,1478851,782767,2261619
2024-12-29,2024,12,29,chokepoint6,Strait of Hormuz,11,4,3,0,37,18,55,253077,201998,3413,0,1783238,458490,2241728
2024-12-30,2024,12,30,chokepoint6,Strait of Hormuz,12,7,2,4,23,25,48,311773,210780,3834,8798,842391,535186,1377578
2024-12-31,2024,12,31,chokepoint6,Strait of Hormuz,11,14,5,0,28,30,58,320237,616081,25838,0,1512124,962157,2474282
2025-01-01,2025,1,1,chokepoint6,Strait of Hormuz,18,11,2,2,41,33,74,324803,266306,8762,2135,2225748,602008,2827756
2025-01-02,2025,1,2,chokepoint6,Strait of Hormuz,10,6,2,4,22,22,44,327621,321842,7973,15040,1185272,672477,1857749
2025-01-03,2025,1,3,chokepoint6,Strait of Hormuz,15,7,5,3,37,30,67,405358,126938,26873,13983,2615342,573153,3188496
2025-01-04,2025,1,4,chokepoint6,Strait of Hormuz,18,14,3,1,40,36,76,666222,610153,19833,0,1557733,1296208,2853942
2025-01-05,2025,1,5,chokepoint6,Strait of Hormuz,9,5,4,0,38,18,56,168883,189592,35480,0,1457594,393956,1851550
2025-01-06,2025,1,6,chokepoint6,Strait of Hormuz,11,13,3,2,25,29,54,324382,537335,19474,5411,564363,886605,1450968
2025-01-07,2025,1,7,chokepoint6,Strait of Hormuz,10,12,3,4,34,29,63,357941,541988,20448,6640,1957933,927019,2884952
2025-01-08,2025,1,8,chokepoint6,Strait of Hormuz,19,12,2,2,30,35,65,364945,475298,13733,5158,1083148,859136,1942284
2025-01-09,2025,1,9,chokepoint6,Strait of Hormuz,13,10,3,1,37,27,64,441615,376604,12673,0,1832266,830893,2663159
2025-01-10,2025,1,10,chokepoint6,Strait of Hormuz,13,11,2,0,41,26,67,336477,248737,25078,0,2050750,610293,2661043
2025-01-11,2025,1,11,chokepoint6,Strait of Hormuz,16,11,2,1,49,30,79,321250,292258,9208,3315,2642729,626033,3268762
2025-01-12,2025,1,12,chokepoint6,Strait of Hormuz,16,12,4,6,53,38,91,402829,468630,9530,12287,2919789,893278,3813067
2025-01-13,2025,1,13,chokepoint6,Strait of Hormuz,10,11,3,2,37,26,63,262043,511167,32316,8958,1537924,814487,2352411
2025-01-14,2025,1,14,chokepoint6,Strait of Hormuz,13,11,8,6,33,38,71,350214,396755,27187,13084,1433408,787242,2220650
2025-01-15,2025,1,15,chokepoint6,Strait of Hormuz,10,15,4,4,33,33,66,259054,561586,14839,9670,1947788,845151,2792939
2025-01-16,2025,1,16,chokepoint6,Strait of Hormuz,20,5,4,2,42,31,73,565347,191421,22057,5201,1650742,784027,2434769
2025-01-17,2025,1,17,chokepoint6,Strait of Hormuz,15,10,1,4,46,30,76,334226,490943,7404,8847,2714135,841422,3555557
2025-01-18,2025,1,18,chokepoint6,Strait of Hormuz,15,9,4,4,43,32,75,302059,182212,9850,9779,2236196,503901,2740097
2025-01-19,2025,1,19,chokepoint6,Strait of Hormuz,15,11,3,4,32,33,65,505878,449511,15711,5263,1160028,976364,2136392
2025-01-20,2025,1,20,chokepoint6,Strait of Hormuz,15,8,2,2,45,27,72,380816,244815,8584,0,1665943,634216,2300160
2025-01-21,2025,1,21,chokepoint6,Strait of Hormuz,11,14,4,4,38,33,71,362322,429618,27919,12327,1465745,832187,2297933
2025-01-22,2025,1,22,chokepoint6,Strait of Hormuz,11,10,3,0,35,24,59,259656,223093,1445,0,2133054,484195,2617250
2025-01-23,2025,1,23,chokepoint6,Strait of Hormuz,10,9,2,0,41,21,62,205705,578097,7813,0,1886518,791616,2678134
2025-01-24,2025,1,24,chokepoint6,Strait of Hormuz,18,17,0,2,30,37,67,496273,677828,0,3452,1654768,1177554,2832322
2025-01-25,2025,1,25,chokepoint6,Strait of Hormuz,14,16,2,3,52,35,87,272534,452240,8154,2743,2177915,735672,2913588
2025-01-26,2025,1,26,chokepoint6,Strait of Hormuz,12,4,5,4,54,25,79,232786,141268,19238,12444,2569602,405737,2975340
2025-01-27,2025,1,27,chokepoint6,Strait of Hormuz,18,12,2,0,40,32,72,582727,431838,12809,0,1073686,1027375,2101062
2025-01-28,2025,1,28,chokepoint6,Strait of Hormuz,13,7,1,6,33,27,60,387808,335968,3218,4346,1458593,731341,2189935
2025-01-29,2025,1,29,chokepoint6,Strait of Hormuz,16,12,4,2,48,34,82,412894,488877,5561,5141,1551214,912474,2463689
2025-01-30,2025,1,30,chokepoint6,Strait of Hormuz,14,18,1,4,37,37,74,420206,355390,0,11357,2554673,786954,3341627
2025-01-31,2025,1,31,chokepoint6,Strait of Hormuz,21,4,5,2,46,32,78,519989,77177,10654,4316,1479761,612137,2091899
2025-02-01,2025,2,1,chokepoint6,Strait of Hormuz,12,14,3,0,30,29,59,278822,562663,21352,0,1439569,862838,2302407
2025-02-02,2025,2,2,chokepoint6,Strait of Hormuz,8,7,3,1,40,19,59,338539,282423,13750,3705,1194124,638418,1832543
2025-02-03,2025,2,3,chokepoint6,Strait of Hormuz,17,13,4,0,44,34,78,511346,710090,1636,0,2068522,1223074,3291596
2025-02-04,2025,2,4,chokepoint6,Strait of Hormuz,12,15,3,4,45,34,79,191450,562963,13862,1892,1475376,770169,2245546
2025-02-05,2025,2,5,chokepoint6,Strait of Hormuz,14,8,2,3,35,27,62,364096,372591,24716,4758,1112829,766162,1878992
2025-02-06,2025,2,6,chokepoint6,Strait of Hormuz,18,16,5,4,32,43,75,384398,640923,10886,12398,1493448,1048607,2542055
2025-02-07,2025,2,7,chokepoint6,Strait of Hormuz,13,7,5,2,29,27,56,333207,371184,19851,7897,1309308,732140,2041448
2025-02-08,2025,2,8,chokepoint6,Strait of Hormuz,12,11,4,0,32,27,59,275727,622607,29986,0,1230252,928321,2158574
2025-02-09,2025,2,9,chokepoint6,Strait of Hormuz,15,11,2,2,45,30,75,297120,207405,21119,0,1623694,525645,2149340
2025-02-10,2025,2,10,chokepoint6,Strait of Hormuz,5,9,4,3,45,21,66,232590,536511,16262,4511,2733106,789875,3522982
2025-02-11,2025,2,11,chokepoint6,Strait of Hormuz,19,12,6,6,49,43,92,361851,259558,12616,6458,1912801,640484,2553286
2025-02-12,2025,2,12,chokepoint6,Strait of Hormuz,17,15,4,5,59,41,100,471757,477614,11468,4078,3252718,964917,4217636
2025-02-13,2025,2,13,chokepoint6,Strait of Hormuz,29,25,5,5,63,64,127,807253,1015494,9435,1713,3211579,1833897,5045477
2025-02-14,2025,2,14,chokepoint6,Strait of Hormuz,11,10,5,2,47,28,75,296853,245147,18217,5194,2390359,565412,2955771
2025-02-15,2025,2,15,chokepoint6,Strait of Hormuz,16,13,0,3,38,32,70,368425,574260,0,8121,1548888,950807,2499695
2025-02-16,2025,2,16,chokepoint6,Strait of Hormuz,9,11,3,3,40,26,66,120263,430125,2536,5166,2411271,558092,2969364
2025-02-17,2025,2,17,chokepoint6,Strait of Hormuz,17,8,3,3,32,31,63,416049,324761,21779,4785,1837081,767375,2604457
2025-02-18,2025,2,18,chokepoint6,Strait of Hormuz,16,8,4,2,29,30,59,334768,149345,10996,0,1738380,495110,2233491
2025-02-19,2025,2,19,chokepoint6,Strait of Hormuz,22,6,5,0,43,33,76,468999,124212,18839,0,2200837,612051,2812889
2025-02-20,2025,2,20,chokepoint6,Strait of Hormuz,11,6,4,1,44,22,66,336891,382258,11500,0,1661163,730651,2391814
2025-02-21,2025,2,21,chokepoint6,Strait of Hormuz,19,13,2,4,39,38,77,498844,639920,0,3192,1989074,1141957,3131031
2025-02-22,2025,2,22,chokepoint6,Strait of Hormuz,19,13,6,0,48,38,86,456301,461111,40388,0,3146936,957800,4104737
2025-02-23,2025,2,23,chokepoint6,Strait of Hormuz,15,11,6,2,30,34,64,364503,410105,21390,11905,792067,807904,1599972
2025-02-24,2025,2,24,chokepoint6,Strait of Hormuz,12,7,0,3,38,22,60,249041,188856,0,2060,1777190,439958,2217149
2025-02-25,2025,2,25,chokepoint6,Strait of Hormuz,12,10,2,1,38,25,63,327659,635456,9015,6131,1593506,978263,2571769
2025-02-26,2025,2,26,chokepoint6,Strait of Hormuz,7,7,2,1,20,17,37,170786,115490,9060,5133,784662,300471,1085133
2025-02-27,2025,2,27,chokepoint6,Strait of Hormuz,13,11,5,3,38,32,70,208116,281062,7173,3820,623847,500172,1124019
2025-02-28,2025,2,28,chokepoint6,Strait of Hormuz,9,13,2,0,35,24,59,182641,1335812,20802,0,1082888,1539256,2622145
2025-03-01,2025,3,1,chokepoint6,Strait of Hormuz,9,12,5,3,36,29,65,175644,620720,33598,10090,1523394,840053,2363447
2025-03-02,2025,3,2,chokepoint6,Strait of Hormuz,10,12,2,1,34,25,59,199291,530570,3843,0,2047318,733704,2781023
2025-03-03,2025,3,3,chokepoint6,Strait of Hormuz,10,9,1,0,54,20,74,262871,320804,4418,0,3240590,588094,3828684
2025-03-04,2025,3,4,chokepoint6,Strait of Hormuz,16,11,4,4,39,35,74,458844,651019,33590,10766,1544028,1154221,2698249
2025-03-05,2025,3,5,chokepoint6,Strait of Hormuz,14,14,3,0,40,31,71,412917,453218,13833,0,1855781,879970,2735751
2025-03-06,2025,3,6,chokepoint6,Strait of Hormuz,20,9,1,7,68,37,105,315204,446823,1913,11406,3273775,775347,4049122
2025-03-07,2025,3,7,chokepoint6,Strait of Hormuz,12,7,6,1,56,26,82,307780,332799,13529,3818,1956564,657929,2614493
2025-03-08,2025,3,8,chokepoint6,Strait of Hormuz,12,10,3,2,53,27,80,238796,395763,5324,0,1960214,639884,2600099
2025-03-09,2025,3,9,chokepoint6,Strait of Hormuz,12,9,6,0,36,27,63,252306,207303,29383,0,1750104,488993,2239097
2025-03-10,2025,3,10,chokepoint6,Strait of Hormuz,21,5,5,3,46,34,80,603003,209529,25871,12746,3440936,851151,4292088
2025-03-11,2025,3,11,chokepoint6,Strait of Hormuz,14,9,3,3,29,29,58,470818,454041,5129,0,2163509,929988,3093498
2025-03-12,2025,3,12,chokepoint6,Strait of Hormuz,17,7,3,1,45,28,73,461409,435338,24262,5858,2264267,926870,3191137
2025-03-13,2025,3,13,chokepoint6,Strait of Hormuz,18,13,3,1,44,35,79,452333,233550,3631,6152,1904997,695667,2600664
2025-03-14,2025,3,14,chokepoint6,Strait of Hormuz,15,19,2,2,27,38,65,311643,863434,11217,0,1245921,1186294,2432216
2025-03-15,2025,3,15,chokepoint6,Strait of Hormuz,16,8,6,1,44,31,75,325868,318945,17255,0,1660592,662069,2322662
2025-03-16,2025,3,16,chokepoint6,Strait of Hormuz,20,9,12,4,62,45,107,539351,565669,70876,8274,2910303,1184173,4094476
2025-03-17,2025,3,17,chokepoint6,Strait of Hormuz,13,17,10,0,35,40,75,272216,743197,54001,0,1736797,1069416,2806213
2025-03-18,2025,3,18,chokepoint6,Strait of Hormuz,19,11,4,3,46,37,83,297184,286298,25475,5359,2893943,614318,3508262
2025-03-19,2025,3,19,chokepoint6,Strait of Hormuz,19,10,3,4,44,36,80,746882,389356,7805,14171,1457907,1158215,2616123
2025-03-20,2025,3,20,chokepoint6,Strait of Hormuz,13,14,2,0,57,29,86,275515,780437,7013,0,2891295,1062966,3954261
2025-03-21,2025,3,21,chokepoint6,Strait of Hormuz,16,9,7,4,55,36,91,305898,415093,49464,10696,1966341,781153,2747495
2025-03-22,2025,3,22,chokepoint6,Strait of Hormuz,12,6,3,0,40,21,61,236562,230954,11833,0,2571704,479351,3051055
2025-03-23,2025,3,23,chokepoint6,Strait of Hormuz,18,15,6,0,40,39,79,514580,649420,37130,0,1730454,1201131,2931585
2025-03-24,2025,3,24,chokepoint6,Strait of Hormuz,16,12,1,4,41,33,74,476732,669281,0,9587,1634613,1155601,2790214
2025-03-25,2025,3,25,chokepoint6,Strait of Hormuz,8,9,2,5,36,24,60,118012,436664,21283,14394,824950,590355,1415305
2025-03-26,2025,3,26,chokepoint6,Strait of Hormuz,16,13,2,1,23,32,55,511665,269382,2246,0,817854,783294,1601148
2025-03-27,2025,3,27,chokepoint6,Strait of Hormuz,17,11,1,1,34,30,64,603109,503282,0,0,2670274,1106391,3776666
2025-03-28,2025,3,28,chokepoint6,Strait of Hormuz,24,21,6,0,64,51,115,466692,964371,20986,0,2716538,1452051,4168589
2025-03-29,2025,3,29,chokepoint6,Strait of Hormuz,18,17,4,2,68,41,109,477985,602194,36879,5526,2944362,1122585,4066948
2025-03-30,2025,3,30,chokepoint6,Strait of Hormuz,13,13,3,3,66,32,98,310322,480679,16726,12514,2403544,820243,3223787
2025-03-31,2025,3,31,chokepoint6,Strait of Hormuz,11,12,5,6,45,34,79,296347,472376,29692,8113,2449520,806530,3256050
2025-04-01,2025,4,1,chokepoint6,Strait of Hormuz,30,14,2,8,61,54,115,773638,482359,28062,19173,2921673,1303234,4224908
2025-04-02,2025,4,2,chokepoint6,Strait of Hormuz,12,16,5,8,42,41,83,264502,339620,47656,15929,1516319,667709,2184028
2025-04-03,2025,4,3,chokepoint6,Strait of Hormuz,13,5,0,4,45,22,67,309038,229380,0,2993,1915405,541413,2456818
2025-04-04,2025,4,4,chokepoint6,Strait of Hormuz,14,20,6,4,59,44,103,389403,943395,20548,0,4063205,1353347,5416553
2025-04-05,2025,4,5,chokepoint6,Strait of Hormuz,19,16,4,3,41,42,83,370162,474662,21200,0,1555139,866025,2421164
2025-04-06,2025,4,6,chokepoint6,Strait of Hormuz,24,10,9,2,58,45,103,699357,654683,69963,9107,2685482,1433113,4118595
2025-04-07,2025,4,7,chokepoint6,Strait of Hormuz,20,11,6,4,54,41,95,449196,466993,31476,4718,2479881,952384,3432265
2025-04-08,2025,4,8,chokepoint6,Strait of Hormuz,15,13,2,7,68,37,105,356286,527932,5218,12002,3350720,901439,4252160
2025-04-09,2025,4,9,chokepoint6,Strait of Hormuz,20,21,7,4,59,52,111,566201,582028,19816,3302,2230641,1171349,3401990
2025-04-10,2025,4,10,chokepoint6,Strait of Hormuz,23,15,4,2,55,44,99,540363,445267,20769,3963,3193992,1010363,4204356
2025-04-11,2025,4,11,chokepoint6,Strait of Hormuz,23,17,6,4,59,50,109,597300,408777,31235,13526,2906187,1050839,3957026
2025-04-12,2025,4,12,chokepoint6,Strait of Hormuz,21,20,4,4,49,49,98,495563,585619,40556,0,3092998,1121739,4214738
2025-04-13,2025,4,13,chokepoint6,Strait of Hormuz,18,12,3,3,58,36,94,520880,328874,19842,8538,3043148,878134,3921283
2025-04-14,2025,4,14,chokepoint6,Strait of Hormuz,19,10,9,5,51,43,94,425642,393761,40869,7871,3083202,868144,3951347
2025-04-15,2025,4,15,chokepoint6,Strait of Hormuz,9,9,2,3,28,23,51,267325,407955,18224,9741,1136395,703246,1839642
2025-04-16,2025,4,16,chokepoint6,Strait of Hormuz,24,11,5,0,60,40,100,574065,662520,21061,0,3058780,1257648,4316428
2025-04-17,2025,4,17,chokepoint6,Strait of Hormuz,13,9,4,1,31,27,58,391756,742042,41202,5028,971818,1180030,2151848
2025-04-18,2025,4,18,chokepoint6,Strait of Hormuz,7,9,3,2,17,21,38,108459,355513,16998,0,436445,480972,917418
2025-04-19,2025,4,19,chokepoint6,Strait of Hormuz,16,10,0,3,31,29,60,478975,458355,0,13594,1669632,950925,2620558
2025-04-20,2025,4,20,chokepoint6,Strait of Hormuz,19,8,1,1,49,29,78,563430,413860,7583,0,2808057,984873,3792931
2025-04-21,2025,4,21,chokepoint6,Strait of Hormuz,22,14,5,4,61,45,106,414618,589331,9110,9521,2787722,1022582,3810304
2025-04-22,2025,4,22,chokepoint6,Strait of Hormuz,25,24,7,6,59,62,121,590396,914050,35701,16317,2459374,1556466,4015841
2025-04-23,2025,4,23,chokepoint6,Strait of Hormuz,16,9,5,4,56,34,90,400486,421194,72711,9820,2468155,904212,3372367
2025-04-24,2025,4,24,chokepoint6,Strait of Hormuz,22,16,7,5,55,50,105,496287,667330,23709,9363,1566774,1196690,2763464
2025-04-25,2025,4,25,chokepoint6,Strait of Hormuz,6,5,2,0,30,13,43,102112,176011,7377,0,1377665,285501,1663166
2025-04-26,2025,4,26,chokepoint6,Strait of Hormuz,20,14,3,6,67,43,110,578484,461400,6201,13300,3103280,1059386,4162666
2025-04-27,2025,4,27,chokepoint6,Strait of Hormuz,16,15,3,0,59,34,93,323263,610210,10955,0,2287353,944429,3231783
2025-04-28,2025,4,28,chokepoint6,Strait of Hormuz,15,14,2,2,41,33,74,290318,456923,6594,7573,1855543,761410,2616954
2025-04-29,2025,4,29,chokepoint6,Strait of Hormuz,14,13,1,2,42,30,72,392674,582390,0,2855,1683011,977920,2660931
2025-04-30,2025,4,30,chokepoint6,Strait of Hormuz,19,14,3,3,41,39,80,322698,626859,6389,16114,2232699,972062,3204762
2025-05-01,2025,5,1,chokepoint6,Strait of Hormuz,17,19,2,5,58,43,101,472427,801156,4484,7368,3396172,1285437,4681610
2025-05-02,2025,5,2,chokepoint6,Strait of Hormuz,19,9,3,3,62,34,96,502610,387101,18324,0,2234276,908036,3142313
2025-05-03,2025,5,3,chokepoint6,Strait of Hormuz,17,8,6,4,36,35,71,386542,276339,32311,11703,1889879,706897,2596777
2025-05-04,2025,5,4,chokepoint6,Strait of Hormuz,12,11,4,2,48,29,77,265062,430456,16090,0,2884464,711610,3596074
2025-05-05,2025,5,5,chokepoint6,Strait of Hormuz,23,14,5,1,66,43,109,580885,707080,14995,0,3074045,1302961,4377006
2025-05-06,2025,5,6,chokepoint6,Strait of Hormuz,25,20,3,2,53,50,103,484010,924105,14845,0,2133741,1422960,3556701
2025-05-07,2025,5,7,chokepoint6,Strait of Hormuz,18,7,4,4,30,33,63,460009,300145,3188,9122,1797624,772465,2570090
2025-05-08,2025,5,8,chokepoint6,Strait of Hormuz,6,3,1,1,19,11,30,179447,198990,18414,7573,422339,404426,826765
2025-05-09,2025,5,9,chokepoint6,Strait of Hormuz,18,14,3,3,57,38,95,345469,442571,14266,2135,1445163,804442,2249605
2025-05-10,2025,5,10,chokepoint6,Strait of Hormuz,13,9,6,2,41,30,71,383815,284784,9283,5654,1647544,683538,2331083
2025-05-11,2025,5,11,chokepoint6,Strait of Hormuz,17,9,6,1,57,33,90,312934,402621,20469,0,2203798,736024,2939823
2025-05-12,2025,5,12,chokepoint6,Strait of Hormuz,19,19,4,1,66,43,109,453255,836242,44447,0,3493837,1333945,4827783
2025-05-13,2025,5,13,chokepoint6,Strait of Hormuz,14,18,8,4,53,44,97,326923,582084,25651,16810,2240828,951469,3192298
2025-05-14,2025,5,14,chokepoint6,Strait of Hormuz,21,16,5,3,63,45,108,503257,471915,14990,8926,2808883,999090,3807973
2025-05-15,2025,5,15,chokepoint6,Strait of Hormuz,23,4,4,2,46,33,79,663654,125872,14484,6295,2043333,810307,2853640
2025-05-16,2025,5,16,chokepoint6,Strait of Hormuz,17,20,10,2,48,49,97,387311,794791,131900,3763,2560062,1317767,3877829
2025-05-17,2025,5,17,chokepoint6,Strait of Hormuz,28,12,3,5,55,48,103,785295,610530,6452,10099,2238507,1412378,3650885
2025-05-18,2025,5,18,chokepoint6,Strait of Hormuz,19,13,5,2,63,39,102,368298,562641,19145,4453,2888620,954538,3843159
2025-05-19,2025,5,19,chokepoint6,Strait of Hormuz,17,9,6,3,41,35,76,468895,206357,5682,1877,1396188,682812,2079001
2025-05-20,2025,5,20,chokepoint6,Strait of Hormuz,18,19,3,6,67,46,113,432321,543247,4585,11834,3318877,991989,4310867
2025-05-21,2025,5,21,chokepoint6,Strait of Hormuz,21,12,5,2,50,40,90,514256,393701,22080,9916,1413654,939954,2353609
2025-05-22,2025,5,22,chokepoint6,Strait of Hormuz,21,12,4,6,58,43,101,580726,381225,14839,2272,1756704,979063,2735768
2025-05-23,2025,5,23,chokepoint6,Strait of Hormuz,12,14,4,3,47,33,80,236969,436383,10173,2984,2620808,686510,3307318
2025-05-24,2025,5,24,chokepoint6,Strait of Hormuz,23,13,9,1,51,46,97,674130,564753,54441,7212,2280069,1300539,3580608
2025-05-25,2025,5,25,chokepoint6,Strait of Hormuz,19,16,2,1,45,38,83,364556,506840,25909,5653,2011224,902959,2914184
2025-05-26,2025,5,26,chokepoint6,Strait of Hormuz,27,24,6,3,49,60,109,662945,729972,23977,2166,3075452,1419061,4494514
2025-05-27,2025,5,27,chokepoint6,Strait of Hormuz,26,12,3,3,52,44,96,668025,619614,5228,10033,2487890,1302903,3790793
2025-05-28,2025,5,28,chokepoint6,Strait of Hormuz,18,12,6,2,44,38,82,378884,529487,14477,0,2607278,922849,3530128
2025-05-29,2025,5,29,chokepoint6,Strait of Hormuz,13,15,7,4,73,39,112,380224,776600,35850,2368,4045410,1195043,5240454
2025-05-30,2025,5,30,chokepoint6,Strait of Hormuz,15,16,7,4,65,42,107,363308,520725,47834,8647,1867395,940515,2807910
2025-05-31,2025,5,31,chokepoint6,Strait of Hormuz,21,15,3,4,51,43,94,398273,545916,5807,2768,2186634,952765,3139400
2025-06-01,2025,6,1,chokepoint6,Strait of Hormuz,29,12,7,3,47,51,98,752509,554272,25883,17363,2207649,1350028,3557678
2025-06-02,2025,6,2,chokepoint6,Strait of Hormuz,21,16,5,1,46,43,89,581503,359210,16444,3597,2343075,960756,3303831
2025-06-03,2025,6,3,chokepoint6,Strait of Hormuz,13,17,4,4,50,38,88,359655,910341,11899,10655,2214225,1292551,3506776
2025-06-04,2025,6,4,chokepoint6,Strait of Hormuz,24,6,5,6,67,41,108,673897,245190,19763,19500,3461280,958351,4419632
2025-06-05,2025,6,5,chokepoint6,Strait of Hormuz,16,15,3,2,49,36,85,476404,804641,10677,0,2634857,1291723,3926581
2025-06-06,2025,6,6,chokepoint6,Strait of Hormuz,13,11,0,3,43,27,70,302097,371734,0,4013,979768,677846,1657614
2025-06-07,2025,6,7,chokepoint6,Strait of Hormuz,9,15,5,3,45,32,77,329491,442942,36039,2639,2596020,811111,3407132
2025-06-08,2025,6,8,chokepoint6,Strait of Hormuz,17,20,8,1,60,46,106,434019,719586,44510,4318,3204347,1202435,4406782
2025-06-09,2025,6,9,chokepoint6,Strait of Hormuz,22,16,3,1,46,42,88,537861,568151,37063,2192,1969308,1145269,3114578
2025-06-10,2025,6,10,chokepoint6,Strait of Hormuz,24,15,3,3,44,45,89,533784,381788,51458,3982,2511484,971013,3482498
2025-06-11,2025,6,11,chokepoint6,Strait of Hormuz,15,14,3,3,40,35,75,246109,671135,5650,4942,1869958,927837,2797796
2025-06-12,2025,6,12,chokepoint6,Strait of Hormuz,15,10,5,2,56,32,88,492905,255528,36705,2353,2894421,787493,3681914
2025-06-13,2025,6,13,chokepoint6,Strait of Hormuz,7,11,6,3,42,27,69,211225,374025,23915,7873,2044593,617039,2661632
2025-06-14,2025,6,14,chokepoint6,Strait of Hormuz,18,18,3,2,47,41,88,448255,897556,7819,8924,1963930,1362556,3326486
2025-06-15,2025,6,15,chokepoint6,Strait of Hormuz,16,13,2,5,63,36,99,456752,491414,5511,0,3481253,953679,4434933
2025-06-16,2025,6,16,chokepoint6,Strait of Hormuz,11,6,1,3,21,21,42,362918,138706,5481,4683,1010220,511790,1522010
2025-06-17,2025,6,17,chokepoint6,Strait of Hormuz,16,12,2,1,42,31,73,382918,799136,1987,4538,2073897,1188581,3262478
2025-06-18,2025,6,18,chokepoint6,Strait of Hormuz,17,21,8,3,59,49,108,259355,651320,30094,7295,2104112,948065,3052177
2025-06-19,2025,6,19,chokepoint6,Strait of Hormuz,25,13,3,4,53,45,98,509540,383175,13770,8015,3425533,914501,4340034
2025-06-20,2025,6,20,chokepoint6,Strait of Hormuz,18,11,6,2,48,37,85,621574,431836,14922,7547,2078094,1075880,3153975
2025-06-21,2025,6,21,chokepoint6,Strait of Hormuz,18,7,3,5,44,33,77,438032,325366,9853,11415,1605138,784666,2389805
2025-06-22,2025,6,22,chokepoint6,Strait of Hormuz,15,8,3,2,39,28,67,363498,380799,2414,2504,2368174,749217,3117391
2025-06-23,2025,6,23,chokepoint6,Strait of Hormuz,19,16,6,3,39,44,83,542110,397421,22708,9451,1936442,971692,2908135
2025-06-24,2025,6,24,chokepoint6,Strait of Hormuz,15,10,3,1,37,29,66,343286,179469,14550,0,1199313,537305,1736619
2025-06-25,2025,6,25,chokepoint6,Strait of Hormuz,9,8,1,0,34,18,52,106090,325956,1851,0,1194069,433897,1627967
2025-06-26,2025,6,26,chokepoint6,Strait of Hormuz,19,4,3,2,39,28,67,526827,182444,15259,7236,2191979,731768,2923748
2025-06-27,2025,6,27,chokepoint6,Strait of Hormuz,19,11,6,3,46,39,85,591858,327943,81984,0,1469948,1001786,2471735
2025-06-28,2025,6,28,chokepoint6,Strait of Hormuz,14,10,6,2,37,32,69,241779,324534,16088,0,1583954,582402,2166357
2025-06-29,2025,6,29,chokepoint6,Strait of Hormuz,20,17,5,5,55,47,102,438348,590235,23956,11500,2473998,1064041,3538039
2025-06-30,2025,6,30,chokepoint6,Strait of Hormuz,17,12,11,3,49,43,92,309830,540387,54199,6376,2427179,910794,3337974
2025-07-01,2025,7,1,chokepoint6,Strait of Hormuz,20,13,5,2,43,40,83,516874,390204,15770,8039,1654851,930888,2585740
2025-07-02,2025,7,2,chokepoint6,Strait of Hormuz,12,11,4,1,44,28,72,218438,664267,26237,5664,1784626,914607,2699234
2025-07-03,2025,7,3,chokepoint6,Strait of Hormuz,10,11,2,5,34,28,62,254321,451273,3570,25180,1691008,734346,2425355
2025-07-04,2025,7,4,chokepoint6,Strait of Hormuz,18,13,6,1,56,38,94,462285,594339,26922,0,2799793,1083547,3883340
2025-07-05,2025,7,5,chokepoint6,Strait of Hormuz,11,7,5,1,45,24,69,217782,233097,43782,0,1387752,494662,1882414
2025-07-06,2025,7,6,chokepoint6,Strait of Hormuz,13,13,3,2,44,31,75,409678,551556,6242,7845,1374650,975322,2349972
2025-07-07,2025,7,7,chokepoint6,Strait of Hormuz,13,9,6,2,25,30,55,227117,260224,30674,0,1893661,518015,2411677
2025-07-08,2025,7,8,chokepoint6,Strait of Hormuz,15,10,7,2,42,34,76,311668,582797,16872,3784,1359103,915122,2274226
2025-07-09,2025,7,9,chokepoint6,Strait of Hormuz,12,11,1,6,60,30,90,155838,609134,7128,12849,3514007,784950,4298957
2025-07-10,2025,7,10,chokepoint6,Strait of Hormuz,18,12,3,1,48,34,82,471607,515369,37514,0,2702362,1024491,3726854
2025-07-11,2025,7,11,chokepoint6,Strait of Hormuz,9,8,2,2,39,21,60,152177,502341,6920,10105,2349945,671545,3021490
2025-07-12,2025,7,12,chokepoint6,Strait of Hormuz,23,18,0,3,60,44,104,430929,404386,0,1853,3908363,837169,4745533
2025-07-13,2025,7,13,chokepoint6,Strait of Hormuz,14,14,3,1,46,32,78,369921,377364,20486,3987,1437761,771760,2209521
2025-07-14,2025,7,14,chokepoint6,Strait of Hormuz,18,15,4,5,56,42,98,433816,602276,43408,11517,2197531,1091019,3288551
2025-07-15,2025,7,15,chokepoint6,Strait of Hormuz,31,15,5,4,53,55,108,779136,536200,15390,10485,3182087,1341213,4523300
2025-07-16,2025,7,16,chokepoint6,Strait of Hormuz,14,23,2,4,66,43,109,285694,1037738,2862,4115,3082708,1330410,4413119
2025-07-17,2025,7,17,chokepoint6,Strait of Hormuz,16,19,4,5,46,44,90,381327,692784,4795,15150,2158834,1094057,3252892
2025-07-18,2025,7,18,chokepoint6,Strait of Hormuz,19,15,4,1,42,39,81,412261,443678,39135,7346,2239938,902421,3142360
2025-07-19,2025,7,19,chokepoint6,Strait of Hormuz,17,11,4,2,52,34,86,553798,288173,20471,7210,2304512,869653,3174166
2025-07-20,2025,7,20,chokepoint6,Strait of Hormuz,25,15,4,2,63,46,109,539716,732845,64164,6702,2986319,1343429,4329749
2025-07-21,2025,7,21,chokepoint6,Strait of Hormuz,15,12,7,3,46,37,83,356879,490350,15926,4013,3056542,867170,3923713
2025-07-22,2025,7,22,chokepoint6,Strait of Hormuz,22,9,9,5,32,45,77,561090,544556,26246,19985,1531945,1151879,2683825
2025-07-23,2025,7,23,chokepoint6,Strait of Hormuz,12,17,6,5,59,40,99,160700,505871,46022,10116,2499493,722709,3222202
2025-07-24,2025,7,24,chokepoint6,Strait of Hormuz,16,19,3,3,46,41,87,363431,885204,12733,5697,2124879,1267066,3391946
2025-07-25,2025,7,25,chokepoint6,Strait of Hormuz,17,9,4,4,48,34,82,267963,442863,15013,9931,2478169,735771,3213941
2025-07-26,2025,7,26,chokepoint6,Strait of Hormuz,13,4,3,2,47,22,69,341470,240433,15499,4110,1983361,601513,2584875
2025-07-27,2025,7,27,chokepoint6,Strait of Hormuz,15,16,8,4,59,43,102,361654,494408,36617,12204,3299079,904884,4203963
2025-07-28,2025,7,28,chokepoint6,Strait of Hormuz,18,13,5,4,55,40,95,399966,356475,9100,7135,2051368,772678,2824046
2025-07-29,2025,7,29,chokepoint6,Strait of Hormuz,23,11,5,5,54,44,98,723318,292798,31169,8173,2517124,1055460,3572585
2025-07-30,2025,7,30,chokepoint6,Strait of Hormuz,15,8,4,5,45,32,77,485720,487283,19428,4403,3219241,996834,4216075
2025-07-31,2025,7,31,chokepoint6,Strait of Hormuz,22,17,6,2,54,47,101,498089,466030,17346,4340,2103165,985806,3088972
2025-08-01,2025,8,1,chokepoint6,Strait of Hormuz,10,4,0,1,38,15,53,367941,295475,0,2576,1207393,665992,1873386
2025-08-02,2025,8,2,chokepoint6,Strait of Hormuz,18,16,5,4,60,43,103,520536,513583,27334,3513,3713856,1064969,4778825
2025-08-03,2025,8,3,chokepoint6,Strait of Hormuz,15,15,3,2,42,35,77,361704,565150,40219,6071,2459241,973145,3432386
2025-08-04,2025,8,4,chokepoint6,Strait of Hormuz,7,9,0,3,21,19,40,173056,505288,0,12458,467457,690803,1158261
2025-08-05,2025,8,5,chokepoint6,Strait of Hormuz,18,9,3,6,40,36,76,467305,231337,7594,4257,2552593,710494,3263087
2025-08-06,2025,8,6,chokepoint6,Strait of Hormuz,10,17,5,5,33,37,70,200144,877189,33086,17163,1483852,1127583,2611435
2025-08-07,2025,8,7,chokepoint6,Strait of Hormuz,18,2,6,4,39,30,69,537376,82374,20150,6799,2293325,646701,2940026
2025-08-08,2025,8,8,chokepoint6,Strait of Hormuz,13,13,2,4,43,32,75,324966,323104,4137,0,1629400,652209,2281609
2025-08-09,2025,8,9,chokepoint6,Strait of Hormuz,12,6,3,2,38,23,61,323534,182753,15939,4010,2199966,526238,2726205
2025-08-10,2025,8,10,chokepoint6,Strait of Hormuz,9,7,2,2,24,20,44,251042,321661,3457,5342,1268625,581504,1850129
2025-08-11,2025,8,11,chokepoint6,Strait of Hormuz,15,9,6,2,41,32,73,430815,258544,17325,10445,2131421,717130,2848551
2025-08-12,2025,8,12,chokepoint6,Strait of Hormuz,28,20,9,2,66,59,125,821365,680978,64930,0,2677255,1567274,4244530
2025-08-13,2025,8,13,chokepoint6,Strait of Hormuz,13,12,2,2,38,29,67,350166,478400,4787,0,1476698,833354,2310053
2025-08-14,2025,8,14,chokepoint6,Strait of Hormuz,16,17,7,6,52,46,98,352953,651984,30858,12187,2742377,1047984,3790361
2025-08-15,2025,8,15,chokepoint6,Strait of Hormuz,12,5,4,2,38,23,61,340909,202199,29085,11707,1350979,583902,1934881
2025-08-16,2025,8,16,chokepoint6,Strait of Hormuz,10,13,3,1,36,27,63,264537,1146210,4720,0,1587563,1415469,3003032
2025-08-17,2025,8,17,chokepoint6,Strait of Hormuz,14,6,4,5,42,29,71,392415,406898,11927,13467,2615090,824709,3439799
2025-08-18,2025,8,18,chokepoint6,Strait of Hormuz,17,20,3,3,47,43,90,527325,699493,20539,0,2040042,1247357,3287400
2025-08-19,2025,8,19,chokepoint6,Strait of Hormuz,26,15,5,6,53,52,105,895695,566405,26000,11507,3953849,1499608,5453458
2025-08-20,2025,8,20,chokepoint6,Strait of Hormuz,14,7,2,2,44,25,69,240237,262696,6048,0,2467354,508981,2976335
2025-08-21,2025,8,21,chokepoint6,Strait of Hormuz,12,14,3,2,44,31,75,427013,651665,12821,10919,2406132,1102419,3508552
2025-08-22,2025,8,22,chokepoint6,Strait of Hormuz,18,10,6,6,73,40,113,473796,345103,13114,9873,3049896,841888,3891785
2025-08-23,2025,8,23,chokepoint6,Strait of Hormuz,19,9,5,2,52,35,87,546250,393915,35772,0,2162407,975939,3138347
2025-08-24,2025,8,24,chokepoint6,Strait of Hormuz,23,17,4,4,55,48,103,401494,761098,28954,5980,3069295,1197528,4266823
2025-08-25,2025,8,25,chokepoint6,Strait of Hormuz,14,6,7,3,32,30,62,385570,147294,34896,4466,1693390,572229,2265619
2025-08-26,2025,8,26,chokepoint6,Strait of Hormuz,12,8,6,2,32,28,60,320941,174437,37541,0,1396598,532920,1929519
2025-08-27,2025,8,27,chokepoint6,Strait of Hormuz,12,16,6,5,42,39,81,314894,459136,10808,4827,2579155,789667,3368823
2025-08-28,2025,8,28,chokepoint6,Strait of Hormuz,14,11,5,5,55,35,90,270761,314887,18495,19360,2240540,623504,2864044
2025-08-29,2025,8,29,chokepoint6,Strait of Hormuz,23,15,5,5,50,48,98,694490,562299,39247,8238,2275780,1304275,3580056
2025-08-30,2025,8,30,chokepoint6,Strait of Hormuz,11,10,7,3,52,31,83,273253,461300,24876,3471,3739526,762902,4502428
2025-08-31,2025,8,31,chokepoint6,Strait of Hormuz,16,14,6,5,52,41,93,303585,320797,34274,16454,2501688,675112,3176801
2025-09-01,2025,9,1,chokepoint6,Strait of Hormuz,23,7,4,2,57,36,93,747906,208350,7527,0,2617326,963783,3581110
2025-09-02,2025,9,2,chokepoint6,Strait of Hormuz,14,15,4,2,45,35,80,427944,585456,4394,3613,1688845,1021408,2710254
2025-09-03,2025,9,3,chokepoint6,Strait of Hormuz,15,19,6,7,39,47,86,241573,805499,23501,18897,2091423,1089472,3180896
2025-09-04,2025,9,4,chokepoint6,Strait of Hormuz,8,5,1,1,26,15,41,160376,177863,6565,1487,1061772,346293,1408066
2025-09-05,2025,9,5,chokepoint6,Strait of Hormuz,23,18,3,1,75,45,120,571459,647349,17563,3212,3599143,1239584,4838728
2025-09-06,2025,9,6,chokepoint6,Strait of Hormuz,14,9,5,1,43,29,72,311214,293589,15055,2724,2429345,622584,3051929
2025-09-07,2025,9,7,chokepoint6,Strait of Hormuz,18,16,8,3,54,45,99,475969,1221867,87725,7001,3010705,1792563,4803269
2025-09-08,2025,9,8,chokepoint6,Strait of Hormuz,19,14,3,4,58,40,98,422101,849802,13558,4551,2653045,1290013,3943058
2025-09-09,2025,9,9,chokepoint6,Strait of Hormuz,19,14,6,2,42,41,83,581808,802578,32728,10168,1668185,1427284,3095470
2025-09-10,2025,9,10,chokepoint6,Strait of Hormuz,16,11,9,5,44,41,85,312506,319606,27911,11242,2267581,671266,2938848
2025-09-11,2025,9,11,chokepoint6,Strait of Hormuz,15,9,9,3,33,36,69,428512,392866,33830,4177,1620037,859386,2479423
2025-09-12,2025,9,12,chokepoint6,Strait of Hormuz,7,7,4,1,40,19,59,318516,214481,27901,3385,1201950,564284,1766235
2025-09-13,2025,9,13,chokepoint6,Strait of Hormuz,17,7,1,2,31,27,58,564440,420264,0,599,1480424,985304,2465728
2025-09-14,2025,9,14,chokepoint6,Strait of Hormuz,6,7,2,2,24,17,41,156062,236069,11016,7828,1125531,410976,1536507
2025-09-15,2025,9,15,chokepoint6,Strait of Hormuz,12,11,6,3,29,32,61,208172,240679,37685,2880,763385,489417,1252803
2025-09-16,2025,9,16,chokepoint6,Strait of Hormuz,13,4,1,4,37,22,59,378536,167669,0,2790,1482032,548997,2031029
2025-09-17,2025,9,17,chokepoint6,Strait of Hormuz,25,14,3,8,55,50,105,497404,327551,1472,21319,2286099,847747,3133846
2025-09-18,2025,9,18,chokepoint6,Strait of Hormuz,12,14,2,5,43,33,76,281576,472940,18276,20819,2393158,793613,3186772
2025-09-19,2025,9,19,chokepoint6,Strait of Hormuz,14,5,4,3,26,26,52,391460,313407,10951,0,1804399,715818,2520218
2025-09-20,2025,9,20,chokepoint6,Strait of Hormuz,6,10,1,0,46,17,63,224249,337303,3212,0,1777491,564765,2342257
2025-09-21,2025,9,21,chokepoint6,Strait of Hormuz,9,11,1,1,51,22,73,188362,335084,0,4504,1632000,527952,2159952
2025-09-22,2025,9,22,chokepoint6,Strait of Hormuz,4,10,6,2,22,22,44,75440,215794,47748,6404,704503,345387,1049891
2025-09-23,2025,9,23,chokepoint6,Strait of Hormuz,19,9,3,4,52,35,87,607876,296559,35996,12106,2720643,952538,3673182
2025-09-24,2025,9,24,chokepoint6,Strait of Hormuz,14,13,5,6,52,38,90,349430,518735,12570,21392,2236283,902128,3138412
2025-09-25,2025,9,25,chokepoint6,Strait of Hormuz,21,9,5,1,26,36,62,525598,324299,15423,0,1745296,865320,2610617
2025-09-26,2025,9,26,chokepoint6,Strait of Hormuz,5,18,1,1,24,25,49,88261,630084,0,0,775395,718345,1493741
2025-09-27,2025,9,27,chokepoint6,Strait of Hormuz,9,11,6,0,42,26,68,257682,405737,28944,0,2190446,692364,2882810
2025-09-28,2025,9,28,chokepoint6,Strait of Hormuz,17,10,5,0,54,32,86,406387,392847,18931,0,3311216,818166,4129382
2025-09-29,2025,9,29,chokepoint6,Strait of Hormuz,12,11,4,7,43,34,77,347151,299455,14357,22582,1196112,683547,1879659
2025-09-30,2025,9,30,chokepoint6,Strait of Hormuz,21,9,9,4,56,43,99,647038,499830,38605,1670,2097595,1187145,3284740
2025-10-01,2025,10,1,chokepoint6,Strait of Hormuz,15,10,8,2,50,35,85,280015,318039,27790,5664,2880908,631510,3512419
2025-10-02,2025,10,2,chokepoint6,Strait of Hormuz,19,13,1,5,56,38,94,506375,388748,5604,11826,4213415,912555,5125971
2025-10-03,2025,10,3,chokepoint6,Strait of Hormuz,21,18,2,5,54,46,100,633291,587489,5118,7037,2981788,1232937,4214726
2025-10-04,2025,10,4,chokepoint6,Strait of Hormuz,26,12,4,3,71,45,116,543980,475860,8843,8520,1767642,1037205,2804847
2025-10-05,2025,10,5,chokepoint6,Strait of Hormuz,20,16,6,5,72,47,119,498268,516724,14472,6454,3521158,1035919,4557078
2025-10-06,2025,10,6,chokepoint6,Strait of Hormuz,16,15,2,2,29,35,64,524869,939678,15953,4554,1788244,1485055,3273300
2025-10-07,2025,10,7,chokepoint6,Strait of Hormuz,9,2,0,3,11,14,25,236971,71715,0,0,543901,308687,852588
2025-10-08,2025,10,8,chokepoint6,Strait of Hormuz,12,9,3,4,25,28,53,174479,306560,20441,6503,1037540,507984,1545525
2025-10-09,2025,10,9,chokepoint6,Strait of Hormuz,8,9,2,0,27,19,46,260454,259325,17039,0,1205631,536820,1742452
2025-10-10,2025,10,10,chokepoint6,Strait of Hormuz,13,11,7,2,26,33,59,503134,266685,33981,0,974903,803800,1778704
2025-10-11,2025,10,11,chokepoint6,Strait of Hormuz,9,4,3,2,24,18,42,226079,101589,68262,0,902965,395931,1298897
2025-10-12,2025,10,12,chokepoint6,Strait of Hormuz,10,12,8,2,23,32,55,373100,734712,30003,8992,890370,1146810,2037181
2025-10-13,2025,10,13,chokepoint6,Strait of Hormuz,10,12,7,4,37,33,70,278686,679740,36852,7169,1636984,1002449,2639433
2025-10-14,2025,10,14,chokepoint6,Strait of Hormuz,25,19,6,4,63,54,117,732324,928694,33583,6367,4567780,1700969,6268750
2025-10-15,2025,10,15,chokepoint6,Strait of Hormuz,8,5,1,0,29,14,43,191764,68018,8570,0,1361753,268352,1630106
2025-10-16,2025,10,16,chokepoint6,Strait of Hormuz,8,9,2,0,20,19,39,222622,580916,4110,0,717025,807648,1524674
2025-10-17,2025,10,17,chokepoint6,Strait of Hormuz,12,15,6,1,24,34,58,289032,767654,24386,0,1208079,1081072,2289152
2025-10-18,2025,10,18,chokepoint6,Strait of Hormuz,12,9,5,2,41,28,69,403960,622567,11023,12669,1747594,1050221,2797815
2025-10-19,2025,10,19,chokepoint6,Strait of Hormuz,14,11,0,2,34,27,61,505914,635778,0,0,1618382,1141693,2760076
2025-10-20,2025,10,20,chokepoint6,Strait of Hormuz,7,11,3,6,33,27,60,281441,650915,29917,30755,1736887,993029,2729916
2025-10-21,2025,10,21,chokepoint6,Strait of Hormuz,17,11,1,1,39,30,69,405148,322119,15687,4050,1493720,747006,2240727
2025-10-22,2025,10,22,chokepoint6,Strait of Hormuz,10,9,4,6,47,29,76,127243,181141,8246,4002,2771785,320633,3092419
2025-10-23,2025,10,23,chokepoint6,Strait of Hormuz,16,10,3,4,45,33,78,425420,316915,6900,11289,2278065,760525,3038591
2025-10-24,2025,10,24,chokepoint6,Strait of Hormuz,16,19,3,2,62,40,102,538010,1006266,15839,8549,2242037,1568665,3810703
2025-10-25,2025,10,25,chokepoint6,Strait of Hormuz,17,16,3,2,60,38,98,489449,754901,7414,0,3609411,1251766,4861177
2025-10-26,2025,10,26,chokepoint6,Strait of Hormuz,17,11,5,1,39,34,73,500230,343840,33076,0,2457845,877146,3334992
2025-10-27,2025,10,27,chokepoint6,Strait of Hormuz,15,6,4,6,43,31,74,362570,177647,11089,2465,2342586,553773,2896360
2025-10-28,2025,10,28,chokepoint6,Strait of Hormuz,27,18,2,2,50,49,99,731726,647340,11675,7997,1911293,1398740,3310033
2025-10-29,2025,10,29,chokepoint6,Strait of Hormuz,15,13,7,2,51,37,88,407094,396163,23349,6000,2384003,832608,3216611
2025-10-30,2025,10,30,chokepoint6,Strait of Hormuz,12,14,6,7,39,39,78,349903,657061,27545,10416,1727619,1044925,2772545
2025-10-31,2025,10,31,chokepoint6,Strait of Hormuz,16,16,3,1,42,36,78,462189,422157,42532,2135,3436232,929013,4365246
2025-11-01,2025,11,1,chokepoint6,Strait of Hormuz,12,10,2,1,47,25,72,355782,374389,12366,2342,1808993,744881,2553874
2025-11-02,2025,11,2,chokepoint6,Strait of Hormuz,14,6,2,3,35,25,60,371992,291180,7993,0,1878385,671166,2549551
2025-11-03,2025,11,3,chokepoint6,Strait of Hormuz,3,7,3,0,12,13,25,105989,260916,9034,0,380722,375940,756662
2025-11-04,2025,11,4,chokepoint6,Strait of Hormuz,8,6,2,2,33,18,51,212621,159060,17860,3706,717230,393248,1110479
2025-11-05,2025,11,5,chokepoint6,Strait of Hormuz,9,6,1,2,31,18,49,185686,166746,7717,0,2423561,360150,2783711
2025-11-06,2025,11,6,chokepoint6,Strait of Hormuz,11,12,5,1,37,29,66,220078,410867,30275,0,1999860,661221,2661082
2025-11-07,2025,11,7,chokepoint6,Strait of Hormuz,15,16,6,3,35,40,75,344707,537024,24412,6702,2020579,912846,2933426
2025-11-08,2025,11,8,chokepoint6,Strait of Hormuz,16,22,2,4,62,44,106,363831,493543,16823,7346,3344733,881545,4226279
2025-11-09,2025,11,9,chokepoint6,Strait of Hormuz,10,9,3,3,43,25,68,231164,365545,33181,0,2531874,629891,3161766
2025-11-10,2025,11,10,chokepoint6,Strait of Hormuz,9,12,1,2,41,24,65,262089,704109,10988,7534,2050581,984721,3035303
2025-11-11,2025,11,11,chokepoint6,Strait of Hormuz,17,9,4,2,52,32,84,272354,364716,15248,5780,2159571,658100,2817672
2025-11-12,2025,11,12,chokepoint6,Strait of Hormuz,11,9,3,2,29,25,54,247261,202790,16323,847,1429636,467221,1896857
2025-11-13,2025,11,13,chokepoint6,Strait of Hormuz,11,16,5,0,33,32,65,386079,651112,16676,0,1529571,1053868,2583440
2025-11-14,2025,11,14,chokepoint6,Strait of Hormuz,8,9,4,7,38,28,66,187035,318100,7796,4653,2950191,517586,3467778
2025-11-15,2025,11,15,chokepoint6,Strait of Hormuz,12,12,2,3,38,29,67,334171,595330,7556,8398,2322682,945456,3268139
2025-11-16,2025,11,16,chokepoint6,Strait of Hormuz,10,10,4,1,22,25,47,442669,359410,22787,0,962361,824867,1787229
2025-11-17,2025,11,17,chokepoint6,Strait of Hormuz,8,7,3,1,26,19,45,229667,304825,27008,0,1260059,561501,1821560
2025-11-18,2025,11,18,chokepoint6,Strait of Hormuz,6,3,3,3,28,15,43,188341,177299,16289,3086,1436542,385017,1821559
2025-11-19,2025,11,19,chokepoint6,Strait of Hormuz,9,12,1,4,38,26,64,158811,513386,10550,19046,1997768,701795,2699564
2025-11-20,2025,11,20,chokepoint6,Strait of Hormuz,12,6,2,3,42,23,65,346367,372826,724,9139,2064640,729058,2793698
2025-11-21,2025,11,21,chokepoint6,Strait of Hormuz,7,7,1,0,31,15,46,300387,205947,1208,0,1584138,507543,2091681
2025-11-22,2025,11,22,chokepoint6,Strait of Hormuz,8,9,2,2,29,21,50,146132,139001,12966,3491,959162,301591,1260753
2025-11-23,2025,11,23,chokepoint6,Strait of Hormuz,12,10,5,4,27,31,58,324152,236743,10987,6784,776010,578667,1354677
2025-11-24,2025,11,24,chokepoint6,Strait of Hormuz,11,7,2,3,22,23,45,308155,384182,0,6534,939319,698871,1638191
2025-11-25,2025,11,25,chokepoint6,Strait of Hormuz,11,12,3,3,35,29,64,249345,496136,1860,2177,1559728,749519,2309248
2025-11-26,2025,11,26,chokepoint6,Strait of Hormuz,5,5,5,3,30,18,48,124142,274847,30979,4634,1171516,434604,1606120
2025-11-27,2025,11,27,chokepoint6,Strait of Hormuz,7,9,3,0,29,19,48,200786,357328,10662,0,2042975,568776,2611752
2025-11-28,2025,11,28,chokepoint6,Strait of Hormuz,6,14,2,2,26,24,50,115794,493846,23884,7775,1185354,641300,1826655
2025-11-29,2025,11,29,chokepoint6,Strait of Hormuz,12,4,2,1,21,19,40,245671,111973,8176,0,770032,365822,1135854
2025-11-30,2025,11,30,chokepoint6,Strait of Hormuz,7,7,6,1,32,21,53,160532,216878,30511,0,2468868,407922,2876790
2025-12-01,2025,12,1,chokepoint6,Strait of Hormuz,6,14,9,0,35,29,64,101126,750966,63795,0,3025778,915888,3941666
2025-12-02,2025,12,2,chokepoint6,Strait of Hormuz,12,12,3,1,28,28,56,477300,206007,15066,0,1231411,698374,1929786
2025-12-03,2025,12,3,chokepoint6,Strait of Hormuz,11,8,1,4,25,24,49,411452,480060,1646,12457,1512845,905617,2418462
2025-12-04,2025,12,4,chokepoint6,Strait of Hormuz,8,4,1,0,30,13,43,384989,282870,12474,0,1715620,680334,2395955
2025-12-05,2025,12,5,chokepoint6,Strait of Hormuz,2,13,2,0,26,17,43,2927,357316,21527,0,1204017,381771,1585789
2025-12-06,2025,12,6,chokepoint6,Strait of Hormuz,11,13,1,3,38,28,66,304863,364876,16876,7071,1323388,693688,2017076
2025-12-07,2025,12,7,chokepoint6,Strait of Hormuz,7,6,2,1,28,16,44,141879,322039,6856,3699,1320197,474475,1794672
2025-12-08,2025,12,8,chokepoint6,Strait of Hormuz,10,14,2,5,25,31,56,301667,725991,14695,9120,1134668,1051475,2186144
2025-12-09,2025,12,9,chokepoint6,Strait of Hormuz,12,16,6,2,46,36,82,451072,512391,19148,2792,1806733,985404,2792137
2025-12-10,2025,12,10,chokepoint6,Strait of Hormuz,5,9,6,0,30,20,50,230411,557299,33034,0,1003135,820745,1823881
2025-12-11,2025,12,11,chokepoint6,Strait of Hormuz,7,7,4,2,30,20,50,216425,101192,9157,0,1964902,326775,2291678
2025-12-12,2025,12,12,chokepoint6,Strait of Hormuz,6,8,3,1,22,18,40,66323,252083,10996,0,1184935,329403,1514338
2025-12-13,2025,12,13,chokepoint6,Strait of Hormuz,9,4,4,2,26,19,45,314970,125178,58614,0,1256662,498762,1755425
2025-12-14,2025,12,14,chokepoint6,Strait of Hormuz,6,4,2,0,36,12,48,200634,96765,7691,0,2455638,305091,2760730
2025-12-15,2025,12,15,chokepoint6,Strait of Hormuz,13,9,3,3,18,28,46,317274,491966,13025,3402,1304890,825667,2130558
2025-12-16,2025,12,16,chokepoint6,Strait of Hormuz,10,9,2,1,31,22,53,396401,446821,9907,7573,1891843,860704,2752548
2025-12-17,2025,12,17,chokepoint6,Strait of Hormuz,2,4,2,1,26,9,35,25131,234002,0,0,860045,259133,1119178
2025-12-18,2025,12,18,chokepoint6,Strait of Hormuz,10,8,3,1,33,22,55,407418,254690,8477,6492,1963432,677080,2640513
2025-12-19,2025,12,19,chokepoint6,Strait of Hormuz,8,4,1,0,17,13,30,360090,152404,0,0,828897,512495,1341392
2025-12-20,2025,12,20,chokepoint6,Strait of Hormuz,10,12,4,2,19,28,47,305330,563823,18318,7645,1140189,895117,2035306
2025-12-21,2025,12,21,chokepoint6,Strait of Hormuz,13,11,0,1,28,25,53,412109,726474,0,0,719285,1138584,1857869
2025-12-22,2025,12,22,chokepoint6,Strait of Hormuz,4,8,5,1,26,18,44,137952,312092,29863,3150,858100,483059,1341160
2025-12-23,2025,12,23,chokepoint6,Strait of Hormuz,6,5,0,2,9,13,22,183763,223969,0,9878,972045,417611,1389657
2025-12-24,2025,12,24,chokepoint6,Strait of Hormuz,12,16,5,1,29,34,63,417777,737419,29917,3621,929216,1188735,2117952
2025-12-25,2025,12,25,chokepoint6,Strait of Hormuz,6,16,4,4,23,30,53,257223,763052,11467,9853,868039,1041596,1909636
2025-12-26,2025,12,26,chokepoint6,Strait of Hormuz,10,9,5,0,32,24,56,227796,364852,16473,0,2486445,609122,3095567
2025-12-27,2025,12,27,chokepoint6,Strait of Hormuz,9,9,5,2,39,25,64,352607,352742,22920,5411,1867382,733681,2601064
2025-12-28,2025,12,28,chokepoint6,Strait of Hormuz,2,12,5,1,18,20,38,68118,241338,20679,0,1270196,330135,1600332
2025-12-29,2025,12,29,chokepoint6,Strait of Hormuz,13,4,4,3,25,24,49,619894,157325,20206,20747,643850,818174,1462025
2025-12-30,2025,12,30,chokepoint6,Strait of Hormuz,10,10,7,3,34,30,64,259651,555861,24669,10383,1680707,850565,2531272
2025-12-31,2025,12,31,chokepoint6,Strait of Hormuz,10,7,2,4,44,23,67,154884,130081,5234,8678,1449369,298880,1748249
2026-01-01,2026,1,1,chokepoint6,Strait of Hormuz,20,7,4,4,29,35,64,661381,249490,36101,3992,1713442,950965,2664408
2026-01-02,2026,1,2,chokepoint6,Strait of Hormuz,7,16,3,1,20,27,47,203614,659538,38111,0,1102080,901264,2003345
2026-01-03,2026,1,3,chokepoint6,Strait of Hormuz,12,4,2,2,25,20,45,501505,524999,5384,0,935308,1031889,1967198
2026-01-04,2026,1,4,chokepoint6,Strait of Hormuz,8,11,1,3,23,23,46,311214,688032,0,17301,1107801,1016548,2124349
2026-01-05,2026,1,5,chokepoint6,Strait of Hormuz,12,12,6,1,30,31,61,393254,350011,16415,2960,1948403,762641,2711045
2026-01-06,2026,1,6,chokepoint6,Strait of Hormuz,14,5,7,3,30,29,59,303972,276037,52584,11637,375419,644232,1019652
2026-01-07,2026,1,7,chokepoint6,Strait of Hormuz,11,10,2,3,37,26,63,276999,296629,3792,7824,1536799,585245,2122045
2026-01-08,2026,1,8,chokepoint6,Strait of Hormuz,8,12,2,2,37,24,61,420463,484342,16617,1586,2085390,923010,3008400
2026-01-09,2026,1,9,chokepoint6,Strait of Hormuz,9,14,6,4,40,33,73,198676,511457,17773,8308,2991391,736216,3727608
2026-01-10,2026,1,10,chokepoint6,Strait of Hormuz,10,10,5,4,33,29,62,245832,316787,28306,1341,1184808,592268,1777076
2026-01-11,2026,1,11,chokepoint6,Strait of Hormuz,15,11,1,4,31,31,62,452582,299450,5724,4889,1935469,762647,2698117
2026-01-12,2026,1,12,chokepoint6,Strait of Hormuz,8,4,2,4,33,18,51,240315,108524,7682,8664,1659754,365186,2024940
2026-01-13,2026,1,13,chokepoint6,Strait of Hormuz,12,10,3,2,24,27,51,407945,269976,5948,3648,641841,687518,1329359
2026-01-14,2026,1,14,chokepoint6,Strait of Hormuz,4,14,6,2,34,26,60,74129,476341,12462,5375,1260279,568309,1828588
2026-01-15,2026,1,15,chokepoint6,Strait of Hormuz,14,9,3,1,35,27,62,573763,267984,20997,10135,1845107,872881,2717989
2026-01-16,2026,1,16,chokepoint6,Strait of Hormuz,6,9,2,5,28,22,50,220181,487330,14885,14604,1061684,737001,1798686
2026-01-17,2026,1,17,chokepoint6,Strait of Hormuz,5,8,2,0,23,15,38,203993,340101,0,0,901828,544094,1445923
2026-01-18,2026,1,18,chokepoint6,Strait of Hormuz,12,10,8,3,20,33,53,477129,356515,42349,6653,1302150,882647,2184798
2026-01-19,2026,1,19,chokepoint6,Strait of Hormuz,9,11,7,2,29,29,58,183607,1161992,58530,873,924715,1405004,2329720
2026-01-20,2026,1,20,chokepoint6,Strait of Hormuz,8,11,1,4,31,24,55,234247,574245,14341,8963,1253055,831797,2084853
2026-01-21,2026,1,21,chokepoint6,Strait of Hormuz,15,7,2,2,27,26,53,392404,351663,15246,6676,2051286,765990,2817276
2026-01-22,2026,1,22,chokepoint6,Strait of Hormuz,5,15,2,4,36,26,62,154276,674985,39096,4013,1411533,872372,2283905
2026-01-23,2026,1,23,chokepoint6,Strait of Hormuz,9,6,8,0,24,23,47,376621,167864,42109,0,1230089,586596,1816685
2026-01-24,2026,1,24,chokepoint6,Strait of Hormuz,9,10,2,2,21,23,44,213373,255914,22872,0,878943,492159,1371103
2026-01-25,2026,1,25,chokepoint6,Strait of Hormuz,9,7,2,3,41,21,62,159645,314328,16656,10976,2629818,501607,3131426
2026-01-26,2026,1,26,chokepoint6,Strait of Hormuz,6,7,6,3,19,22,41,135132,400954,12778,2105,1238981,550971,1789952
2026-01-27,2026,1,27,chokepoint6,Strait of Hormuz,19,5,4,2,28,30,58,449290,0,12913,7622,1253238,469825,1723064
2026-01-28,2026,1,28,chokepoint6,Strait of Hormuz,7,9,5,2,28,23,51,228176,247258,14529,8606,1214507,498571,1713078
2026-01-29,2026,1,29,chokepoint6,Strait of Hormuz,13,10,5,2,39,30,69,393917,290559,30912,8256,1590761,723645,2314406
2026-01-30,2026,1,30,chokepoint6,Strait of Hormuz,13,10,4,4,37,31,68,374149,438543,14065,0,1644140,826758,2470899
2026-01-31,2026,1,31,chokepoint6,Strait of Hormuz,9,13,7,1,40,30,70,234264,1089614,35369,0,1652157,1359248,3011406
2026-02-01,2026,2,1,chokepoint6,Strait of Hormuz,10,10,4,5,19,29,48,267297,312799,22513,8475,1035130,611086,1646216
2026-02-02,2026,2,2,chokepoint6,Strait of Hormuz,11,6,6,3,41,26,67,405544,299000,27442,2609,2714863,734596,3449459
2026-02-03,2026,2,3,chokepoint6,Strait of Hormuz,10,10,8,0,32,28,60,280305,457039,51230,0,1211012,788575,1999587
2026-02-04,2026,2,4,chokepoint6,Strait of Hormuz,9,6,6,1,19,22,41,221745,232941,27710,5042,983924,487440,1471364
2026-02-05,2026,2,5,chokepoint6,Strait of Hormuz,12,12,4,2,36,30,66,515523,243661,13721,7838,1814047,780744,2594792
2026-02-06,2026,2,6,chokepoint6,Strait of Hormuz,6,13,2,3,33,24,57,75092,541688,14408,12239,1050896,643428,1694325
2026-02-07,2026,2,7,chokepoint6,Strait of Hormuz,6,12,1,1,38,20,58,140362,274183,5471,4621,2323504,424638,2748142
2026-02-08,2026,2,8,chokepoint6,Strait of Hormuz,11,8,6,1,31,26,57,291193,209688,33334,4671,1061581,538887,1600469
2026-02-09,2026,2,9,chokepoint6,Strait of Hormuz,3,12,1,3,33,19,52,125699,630618,0,7593,999250,763911,1763162
2026-02-10,2026,2,10,chokepoint6,Strait of Hormuz,10,8,2,2,38,22,60,350944,454096,3941,1865,2479703,810848,3290551
2026-02-11,2026,2,11,chokepoint6,Strait of Hormuz,10,13,4,2,47,29,76,238116,318682,25487,1254,1441505,583541,2025046
2026-02-12,2026,2,12,chokepoint6,Strait of Hormuz,9,12,7,2,31,30,61,297990,379510,45278,3206,1615866,725985,2341852
2026-02-13,2026,2,13,chokepoint6,Strait of Hormuz,19,18,4,5,51,46,97,642716,657865,4843,0,2392334,1305425,3697759
2026-02-14,2026,2,14,chokepoint6,Strait of Hormuz,17,16,4,1,53,38,91,422994,608871,10248,3793,2559173,1045907,3605080
2026-02-15,2026,2,15,chokepoint6,Strait of Hormuz,9,17,4,2,40,32,72,445309,707030,14550,4388,1157354,1171279,2328634
2026-02-16,2026,2,16,chokepoint6,Strait of Hormuz,6,3,4,1,27,14,41,147998,84874,31566,4621,1381731,269061,1650792
2026-02-17,2026,2,17,chokepoint6,Strait of Hormuz,14,11,4,4,37,33,70,460295,522343,13122,2855,1902017,998617,2900635
2026-02-18,2026,2,18,chokepoint6,Strait of Hormuz,13,14,5,4,36,36,72,269795,647892,23948,3852,1799200,945487,2744688
2026-02-19,2026,2,19,chokepoint6,Strait of Hormuz,18,17,3,2,48,40,88,547126,837075,9035,2371,2755888,1395608,4151497
2026-02-20,2026,2,20,chokepoint6,Strait of Hormuz,17,11,5,2,53,35,88,409173,520451,35802,0,2903719,965427,3869147
2026-02-21,2026,2,21,chokepoint6,Strait of Hormuz,8,17,2,2,50,29,79,181766,409477,18090,5308,1816744,614642,2431386
2026-02-22,2026,2,22,chokepoint6,Strait of Hormuz,31,19,4,3,68,57,125,798917,850492,5544,8078,3572104,1663032,5235136
2026-02-23,2026,2,23,chokepoint6,Strait of Hormuz,7,12,5,6,58,30,88,169818,360349,20272,7511,1893516,557952,2451468
2026-02-24,2026,2,24,chokepoint6,Strait of Hormuz,8,9,1,4,20,22,42,341256,318965,3483,10224,1418323,673929,2092252
2026-02-25,2026,2,25,chokepoint6,Strait of Hormuz,30,16,6,3,57,55,112,767619,570581,39139,0,4168541,1377339,5545881
2026-02-26,2026,2,26,chokepoint6,Strait of Hormuz,15,12,12,3,44,42,86,380979,474150,59358,0,909158,914488,1823647
2026-02-27,2026,2,27,chokepoint6,Strait of Hormuz,5,12,5,1,30,23,53,210575,407086,7811,0,581713,625473,1207186
2026-02-28,2026,2,28,chokepoint6,Strait of Hormuz,5,10,2,1,33,18,51,101722,178450,16038,3493,2539454,299704,2839159
2026-03-01,2026,3,1,chokepoint6,Strait of Hormuz,3,7,3,0,5,13,18,64346,263770,13807,0,153007,341924,494931
2026-03-02,2026,3,2,chokepoint6,Strait of Hormuz,0,3,0,0,1,3,4,0,61822,0,0,0,61822,61822
2026-03-03,2026,3,3,chokepoint6,Strait of Hormuz,1,2,0,0,1,3,4,0,96964,0,0,6701,96964,103665
2026-03-04,2026,3,4,chokepoint6,Strait of Hormuz,0,0,0,0,0,0,0,0,0,0,0,0,0,0
2026-03-05,2026,3,5,chokepoint6,Strait of Hormuz,0,1,1,0,1,2,3,0,18130,5901,0,0,24031,24031
2026-03-06,2026,3,6,chokepoint6,Strait of Hormuz,0,0,0,0,0,0,0,0,0,0,0,0,0,0
2026-03-07,2026,3,7,chokepoint6,Strait of Hormuz,0,2,0,0,0,2,2,0,102414,0,0,0,102414,102414
2026-03-08,2026,3,8,chokepoint6,Strait of Hormuz,0,1,0,0,0,1,1,0,51168,0,0,0,51168,51168
2026-03-09,2026,3,9,chokepoint6,Strait of Hormuz,0,0,1,0,0,1,1,0,0,1599,0,0,1599,1599
2026-03-10,2026,3,10,chokepoint6,Strait of Hormuz,0,1,0,0,1,1,2,0,0,0,0,42122,0,42122
2026-03-11,2026,3,11,chokepoint6,Strait of Hormuz,0,1,0,0,0,1,1,0,43477,0,0,0,43477,43477
2026-03-12,2026,3,12,chokepoint6,Strait of Hormuz,1,0,0,0,0,1,1,0,0,0,0,0,0,0
2026-03-13,2026,3,13,chokepoint6,Strait of Hormuz,0,0,0,0,0,0,0,0,0,0,0,0,0,0
2026-03-14,2026,3,14,chokepoint6,Strait of Hormuz,0,0,0,0,0,0,0,0,0,0,0,0,0,0
2026-03-15,2026,3,15,chokepoint6,Strait of Hormuz,2,3,0,0,2,5,7,24093,0,0,0,339183,24093,363277
2026-03-16,2026,3,16,chokepoint6,Strait of Hormuz,0,2,0,0,0,2,2,0,0,0,0,0,0,0
2026-03-17,2026,3,17,chokepoint6,Strait of Hormuz,0,0,0,0,1,0,1,0,0,0,0,47804,0,47804
2026-03-18,2026,3,18,chokepoint6,Strait of Hormuz,0,0,0,0,0,0,0,0,0,0,0,0,0,0
2026-03-19,2026,3,19,chokepoint6,Strait of Hormuz,0,0,0,0,0,0,0,0,0,0,0,0,0,0
2026-03-20,2026,3,20,chokepoint6,Strait of Hormuz,0,1,0,0,2,1,3,0,74945,0,0,118692,74945,193637
2026-03-21,2026,3,21,chokepoint6,Strait of Hormuz,0,0,0,0,0,0,0,0,0,0,0,0,0,0
2026-03-22,2026,3,22,chokepoint6,Strait of Hormuz,0,2,0,0,0,2,2,0,31388,0,0,0,31388,31388
2026-03-23,2026,3,23,chokepoint6,Strait of Hormuz,0,2,0,0,2,2,4,0,88658,0,0,48834,88658,137492
2026-03-24,2026,3,24,chokepoint6,Strait of Hormuz,0,0,1,0,1,1,2,0,0,12988,0,0,12988,12988
2026-03-25,2026,3,25,chokepoint6,Strait of Hormuz,0,0,0,0,1,0,1,0,0,0,0,0,0,0
2026-03-26,2026,3,26,chokepoint6,Strait of Hormuz,0,4,0,0,0,4,4,0,73148,0,0,0,73148,73148
2026-03-27,2026,3,27,chokepoint6,Strait of Hormuz,0,2,0,0,0,2,2,0,68784,0,0,0,68784,68784
2026-03-28,2026,3,28,chokepoint6,Strait of Hormuz,0,5,0,0,0,5,5,0,97272,0,0,0,97272,97272
2026-03-29,2026,3,29,chokepoint6,Strait of Hormuz,0,2,1,0,2,3,5,0,117202,2281,0,5464,119484,124948
2026-03-30,2026,3,30,chokepoint6,Strait of Hormuz,2,0,1,0,3,3,6,107592,0,2169,0,0,109762,109762
2026-03-31,2026,3,31,chokepoint6,Strait of Hormuz,1,1,1,0,2,3,5,6722,0,6529,0,70842,13252,84095
2026-04-01,2026,4,1,chokepoint6,Strait of Hormuz,0,4,1,0,1,5,6,0,79292,2340,0,4062,81633,85696
2026-04-02,2026,4,2,chokepoint6,Strait of Hormuz,0,1,0,0,0,1,1,0,40276,0,0,0,40276,40276
2026-04-03,2026,4,3,chokepoint6,Strait of Hormuz,0,1,0,0,2,1,3,0,50383,0,0,97195,50383,147579
2026-04-04,2026,4,4,chokepoint6,Strait of Hormuz,1,6,0,0,3,7,10,25200,71283,0,0,38238,96483,134722
2026-04-05,2026,4,5,chokepoint6,Strait of Hormuz,0,0,0,0,4,0,4,0,0,0,0,264106,0,264106
2026-04-06,2026,4,6,chokepoint6,Strait of Hormuz,1,3,1,0,0,5,5,3504,103810,0,0,0,107315,107315
2026-04-07,2026,4,7,chokepoint6,Strait of Hormuz,0,1,0,0,2,1,3,0,43988,0,0,69890,43988,113878
2026-04-08,2026,4,8,chokepoint6,Strait of Hormuz,0,3,0,0,0,3,3,0,35363,0,0,0,35363,35363
2026-04-09,2026,4,9,chokepoint6,Strait of Hormuz,0,2,0,0,5,2,7,0,51274,0,0,164591,51274,215865
2026-04-10,2026,4,10,chokepoint6,Strait of Hormuz,0,3,0,0,0,3,3,0,0,0,0,0,0,0
2026-04-11,2026,4,11,chokepoint6,Strait of Hormuz,1,2,0,0,3,3,6,70087,44690,0,0,287665,114777,402443
2026-04-12,2026,4,12,chokepoint6,Strait of Hormuz,1,8,0,0,3,9,12,19937,154589,0,0,33937,174526,208464
2026-04-13,2026,4,13,chokepoint6,Strait of Hormuz,1,0,1,0,3,2,5,32074,0,0,0,34634,32074,66709
2026-04-14,2026,4,14,chokepoint6,Strait of Hormuz,1,1,0,0,2,2,4,52152,31086,0,0,30952,83239,114192
2026-04-15,2026,4,15,chokepoint6,Strait of Hormuz,1,2,0,0,4,3,7,22735,314972,0,0,6839,337708,344547
2026-04-16,2026,4,16,chokepoint6,Strait of Hormuz,1,1,0,0,1,2,3,3441,0,0,0,75745,3441,79186
2026-04-17,2026,4,17,chokepoint6,Strait of Hormuz,0,5,0,0,3,5,8,0,0,0,0,5366,0,5366
2026-04-18,2026,4,18,chokepoint6,Strait of Hormuz,4,4,0,0,12,8,20,127378,184207,0,0,516261,311586,827847
2026-04-19,2026,4,19,chokepoint6,Strait of Hormuz,0,0,1,0,1,1,2,0,0,4793,0,6839,4793,11633
2026-04-20,2026,4,20,chokepoint6,Strait of Hormuz,1,0,0,0,2,1,3,19702,0,0,0,36579,19702,56282
2026-04-21,2026,4,21,chokepoint6,Strait of Hormuz,0,0,0,0,2,0,2,0,0,0,0,75113,0,75113
2026-04-22,2026,4,22,chokepoint6,Strait of Hormuz,2,1,0,0,2,3,5,72964,47075,0,0,0,120039,120039
2026-04-23,2026,4,23,chokepoint6,Strait of Hormuz,0,1,0,0,0,1,1,0,33377,0,0,0,33377,33377
2026-04-24,2026,4,24,chokepoint6,Strait of Hormuz,0,1,2,0,2,3,5,0,38488,794,0,33283,39282,72566
2026-04-25,2026,4,25,chokepoint6,Strait of Hormuz,0,1,1,0,1,2,3,0,53679,107,0,42882,53786,96668
2026-04-26,2026,4,26,chokepoint6,Strait of Hormuz,0,0,1,0,1,1,2,0,0,11122,0,0,11122,11122
2026-04-27,2026,4,27,chokepoint6,Strait of Hormuz,0,0,0,0,0,0,0,0,0,0,0,0,0,0
2026-04-28,2026,4,28,chokepoint6,Strait of Hormuz,0,1,2,0,2,3,5,0,46585,13090,0,323392,59676,383069
2026-04-29,2026,4,29,chokepoint6,Strait of Hormuz,0,1,1,0,3,2,5,0,314972,591,0,11036,315564,326600
2026-04-30,2026,4,30,chokepoint6,Strait of Hormuz,1,1,0,0,4,2,6,0,0,0,0,64253,0,64253
2026-05-01,2026,5,1,chokepoint6,Strait of Hormuz,0,1,2,0,2,3,5,0,32632,692,0,36640,33325,69966
2026-05-02,2026,5,2,chokepoint6,Strait of Hormuz,0,2,0,0,4,2,6,0,0,0,0,93041,0,93041
2026-05-03,2026,5,3,chokepoint6,Strait of Hormuz,0,3,2,0,1,5,6,0,120547,7250,0,0,127798,127798
2026-05-04,2026,5,4,chokepoint6,Strait of Hormuz,1,1,0,0,0,2,2,12784,0,0,0,0,12784,12784
2026-05-05,2026,5,5,chokepoint6,Strait of Hormuz,0,0,0,0,0,0,0,0,0,0,0,0,0,0
2026-05-06,2026,5,6,chokepoint6,Strait of Hormuz,0,0,0,0,0,0,0,0,0,0,0,0,0,0
2026-05-07,2026,5,7,chokepoint6,Strait of Hormuz,0,0,0,0,0,0,0,0,0,0,0,0,0,0
2026-05-08,2026,5,8,chokepoint6,Strait of Hormuz,0,0,0,0,0,0,0,0,0,0,0,0,0,0
2026-05-09,2026,5,9,chokepoint6,Strait of Hormuz,0,0,0,0,1,0,1,0,0,0,0,98525,0,98525
2026-05-10,2026,5,10,chokepoint6,Strait of Hormuz,1,2,0,0,2,3,5,7273,130924,0,0,319376,138197,457574
2026-05-11,2026,5,11,chokepoint6,Strait of Hormuz,0,2,0,0,4,2,6,0,26381,0,0,88456,26381,114837
2026-05-12,2026,5,12,chokepoint6,Strait of Hormuz,0,0,1,1,1,2,3,0,0,344,0,0,344,344
2026-05-13,2026,5,13,chokepoint6,Strait of Hormuz,0,0,1,0,2,1,3,0,0,749,0,349804,749,350554
2026-05-14,2026,5,14,chokepoint6,Strait of Hormuz,1,1,1,0,3,3,6,16699,0,675,0,42976,17375,60351
2026-05-15,2026,5,15,chokepoint6,Strait of Hormuz,0,0,0,0,2,0,2,0,0,0,0,5341,0,5341
2026-05-16,2026,5,16,chokepoint6,Strait of Hormuz,0,4,1,0,1,5,6,0,141637,0,0,36579,141637,178216
2026-05-17,2026,5,17,chokepoint6,Strait of Hormuz,0,0,1,0,1,1,2,0,0,10961,0,0,10961,10961
2026-05-18,2026,5,18,chokepoint6,Strait of Hormuz,1,0,2,0,1,3,4,1990,0,692,0,13968,2683,16651
2026-05-19,2026,5,19,chokepoint6,Strait of Hormuz,1,0,0,0,3,1,4,38979,0,0,0,570517,38979,609497
2026-05-20,2026,5,20,chokepoint6,Strait of Hormuz,2,2,0,0,3,4,7,23766,104908,0,0,290295,128675,418971
2026-05-21,2026,5,21,chokepoint6,Strait of Hormuz,0,1,1,0,2,2,4,0,30674,721,0,42682,31395,74078
2026-05-22,2026,5,22,chokepoint6,Strait of Hormuz,0,2,0,0,0,2,2,0,0,0,0,0,0,0
2026-05-23,2026,5,23,chokepoint6,Strait of Hormuz,0,1,1,0,1,2,3,0,22944,324,0,284471,23269,307741
2026-05-24,2026,5,24,chokepoint6,Strait of Hormuz,0,3,0,0,2,3,5,0,80894,0,0,6839,80894,87734
2026-05-25,2026,5,25,chokepoint6,Strait of Hormuz,1,2,1,0,0,4,4,16699,69303,749,0,0,86752,86752
2026-05-26,2026,5,26,chokepoint6,Strait of Hormuz,0,1,0,0,2,1,3,0,0,0,0,0,0,0
2026-05-27,2026,5,27,chokepoint6,Strait of Hormuz,0,0,0,0,1,0,1,0,0,0,0,106096,0,106096
2026-05-28,2026,5,28,chokepoint6,Strait of Hormuz,0,1,1,0,0,2,2,0,64539,692,0,0,65232,65232
2026-05-29,2026,5,29,chokepoint6,Strait of Hormuz,0,0,0,1,0,1,1,0,0,0,6056,0,6056,6056
2026-05-30,2026,5,30,chokepoint6,Strait of Hormuz,0,2,1,0,0,3,3,0,52574,0,0,0,52574,52574
2026-05-31,2026,5,31,chokepoint6,Strait of Hormuz,0,1,1,0,0,2,2,0,44505,329,0,0,44835,44835
2026-06-01,2026,6,1,chokepoint6,Strait of Hormuz,0,1,0,0,1,1,2,0,52053,0,0,38238,52053,90292
2026-06-02,2026,6,2,chokepoint6,Strait of Hormuz,0,1,0,1,3,2,5,0,32472,0,6245,33268,38718,71987
2026-06-03,2026,6,3,chokepoint6,Strait of Hormuz,0,3,2,0,3,5,8,0,101939,1186,0,12593,103125,115719
2026-06-04,2026,6,4,chokepoint6,Strait of Hormuz,0,0,2,0,1,2,3,0,0,1047,0,0,1047,1047
2026-06-05,2026,6,5,chokepoint6,Strait of Hormuz,0,0,0,0,0,0,0,0,0,0,0,0,0,0
2026-06-06,2026,6,6,chokepoint6,Strait of Hormuz,0,2,0,0,0,2,2,0,93370,0,0,0,93370,93370
2026-06-07,2026,6,7,chokepoint6,Strait of Hormuz,0,0,0,0,0,0,0,0,0,0,0,0,0,0
2026-06-08,2026,6,8,chokepoint6,Strait of Hormuz,2,1,3,0,1,6,7,41108,0,13545,0,6794,54653,61448
2026-06-09,2026,6,9,chokepoint6,Strait of Hormuz,0,1,1,0,2,2,4,0,61289,859,0,48671,62149,110820
2026-06-10,2026,6,10,chokepoint6,Strait of Hormuz,0,0,3,0,0,3,3,0,0,13825,0,0,13825,13825
2026-06-11,2026,6,11,chokepoint6,Strait of Hormuz,0,0,0,0,2,0,2,0,0,0,0,11142,0,11142
2026-06-12,2026,6,12,chokepoint6,Strait of Hormuz,0,0,0,0,1,0,1,0,0,0,0,11375,0,11375
2026-06-13,2026,6,13,chokepoint6,Strait of Hormuz,0,0,0,0,0,0,0,0,0,0,0,0,0,0
2026-06-14,2026,6,14,chokepoint6,Strait of Hormuz,0,0,0,0,0,0,0,0,0,0,0,0,0,0
2026-06-15,2026,6,15,chokepoint6,Strait of Hormuz,0,2,3,0,1,5,6,0,85430,1089,0,0,86520,86520
2026-06-16,2026,6,16,chokepoint6,Strait of Hormuz,1,0,2,0,2,3,5,393,0,2864,0,35583,3257,38841
2026-06-17,2026,6,17,chokepoint6,Strait of Hormuz,2,4,2,0,0,8,8,54288,76746,4444,0,0,135479,135479
2026-06-18,2026,6,18,chokepoint6,Strait of Hormuz,1,7,1,0,10,9,19,0,351944,10961,0,459872,362905,822778
2026-06-19,2026,6,19,chokepoint6,Strait of Hormuz,2,1,3,0,3,6,9,48415,67620,12352,0,600658,128388,729047
2026-06-20,2026,6,20,chokepoint6,Strait of Hormuz,1,6,4,0,12,11,23,16260,259184,38403,0,543037,313848,856885
2026-06-21,2026,6,21,chokepoint6,Strait of Hormuz,1,2,2,0,1,5,6,0,89864,5969,0,65755,95834,161589
2026-06-22,2026,6,22,chokepoint6,Strait of Hormuz,0,2,0,0,8,2,10,0,74187,0,0,337125,74187,411312
2026-06-23,2026,6,23,chokepoint6,Strait of Hormuz,1,5,1,0,4,7,11,31769,171205,2188,0,835217,205162,1040380
2026-06-24,2026,6,24,chokepoint6,Strait of Hormuz,5,18,2,1,18,26,44,87402,583322,1510,0,1256969,672235,1929204
2026-06-25,2026,6,25,chokepoint6,Strait of Hormuz,7,12,3,0,21,22,43,57338,388502,11227,0,1383947,457068,1841015
2026-06-26,2026,6,26,chokepoint6,Strait of Hormuz,2,6,2,0,17,10,27,33710,266029,13035,0,655492,312775,968267
2026-06-27,2026,6,27,chokepoint6,Strait of Hormuz,3,6,6,0,9,15,24,73395,272380,56790,0,552718,402566,955285
2026-06-28,2026,6,28,chokepoint6,Strait of Hormuz,2,1,2,0,6,5,11,89930,58810,5927,0,86241,154668,240909
2026-06-29,2026,6,29,chokepoint6,Strait of Hormuz,4,6,2,0,12,12,24,52444,231303,27949,0,976186,311697,1287883
2026-06-30,2026,6,30,chokepoint6,Strait of Hormuz,0,7,2,0,5,9,14,0,330871,2188,0,232679,333059,565738
2026-07-01,2026,7,1,chokepoint6,Strait of Hormuz,2,4,4,0,17,10,27,35547,125083,12346,0,1409459,172976,1582436
2026-07-02,2026,7,2,chokepoint6,Strait of Hormuz,4,6,1,0,14,11,25,66451,267157,675,0,235228,334285,569513
2026-07-03,2026,7,3,chokepoint6,Strait of Hormuz,1,4,1,0,17,6,23,16078,165179,1114,0,1127426,182372,1309798
2026-07-04,2026,7,4,chokepoint6,Strait of Hormuz,3,4,2,0,6,9,15,70711,119464,1094,0,353844,191270,545114
2026-07-05,2026,7,5,chokepoint6,Strait of Hormuz,0,5,0,0,15,5,20,0,110578,0,0,782230,110578,892809
2026-07-06,2026,7,6,chokepoint6,Strait of Hormuz,3,2,2,2,14,9,23,47623,116593,692,0,2066636,164909,2231545
2026-07-07,2026,7,7,chokepoint6,Strait of Hormuz,1,7,2,4,10,14,24,22735,110287,13019,0,1210489,146042,1356531
2026-07-08,2026,7,8,chokepoint6,Strait of Hormuz,2,3,2,0,4,7,11,22949,54009,11711,0,273790,88670,362461
2026-07-09,2026,7,9,chokepoint6,Strait of Hormuz,2,2,1,0,2,5,7,6463,100711,2845,0,45539,110020,155560
2026-07-10,2026,7,10,chokepoint6,Strait of Hormuz,0,1,0,0,3,1,4,0,70472,0,0,48377,70472,118849
2026-07-11,2026,7,11,chokepoint6,Strait of Hormuz,0,3,0,0,3,3,6,0,109979,0,0,118896,109979,228875
2026-07-12,2026,7,12,chokepoint6,Strait of Hormuz,1,0,1,0,1,2,3,3819,0,569,0,58739,4389,63129
2026-07-13,2026,7,13,chokepoint6,Strait of Hormuz,1,1,3,0,2,5,7,21447,0,1316,0,42247,22764,65012
2026-07-14,2026,7,14,chokepoint6,Strait of Hormuz,1,1,0,0,3,2,5,42287,0,0,0,45089,42287,87376
2026-07-15,2026,7,15,chokepoint6,Strait of Hormuz,1,3,1,0,3,5,8,22137,191547,749,0,0,214434,214434
2026-07-16,2026,7,16,chokepoint6,Strait of Hormuz,2,1,0,0,1,3,4,28460,0,0,0,0,28460,28460
2026-07-17,2026,7,17,chokepoint6,Strait of Hormuz,0,0,0,0,1,0,1,0,0,0,0,1231,0,1231
2026-07-18,2026,7,18,chokepoint6,Strait of Hormuz,0,2,1,0,2,3,5,0,79232,16152,0,36937,95385,132322
2026-07-19,2026,7,19,chokepoint6,Strait of Hormuz,1,0,1,0,2,2,4,14080,0,749,0,39216,14830,54047
2026-07-20,2026,7,20,chokepoint6,Strait of Hormuz,1,1,0,0,1,2,3,157,0,0,0,0,157,157
2026-07-21,2026,7,21,chokepoint6,Strait of Hormuz,0,1,2,0,1,3,4,0,26381,2168,0,43064,28549,71614
2026-07-22,2026,7,22,chokepoint6,Strait of Hormuz,0,1,1,0,1,2,3,0,34321,1114,0,0,35435,35435
2026-07-23,2026,7,23,chokepoint6,Strait of Hormuz,0,0,0,0,0,0,0,0,0,0,0,0,0,0
2026-07-24,2026,7,24,chokepoint6,Strait of Hormuz,0,2,1,0,0,3,3,0,0,591,0,0,591,591
2026-07-25,2026,7,25,chokepoint6,Strait of Hormuz,0,0,1,0,0,1,1,0,0,324,0,0,324,324
2026-07-26,2026,7,26,chokepoint6,Strait of Hormuz,0,1,0,0,2,1,3,0,40897,0,0,81157,40897,122054
2026-07-27,2026,7,27,chokepoint6,Strait of Hormuz,0,3,1,0,0,4,4,0,166886,3427,0,0,170314,170314
2026-07-28,2026,7,28,chokepoint6,Strait of Hormuz,0,3,0,0,1,3,4,0,25204,0,0,38762,25204,63967
2026-07-29,2026,7,29,chokepoint6,Strait of Hormuz,0,4,0,0,2,4,6,0,64475,0,0,115119,64475,179594
2026-07-30,2026,7,30,chokepoint6,Strait of Hormuz,1,0,0,0,1,1,2,0,0,0,0,5325,0,5325
2026-07-31,2026,7,31,chokepoint6,Strait of Hormuz,1,2,2,0,1,5,6,42287,130403,15386,0,282046,188077,470124
2026-08-01,2026,8,1,chokepoint6,Strait of Hormuz,0,1,0,0,2,1,3,0,0,0,0,1067,0,1067
2026-08-02,2026,8,2,chokepoint6,Strait of Hormuz,1,1,0,0,0,2,2,42287,65066,0,0,0,107354,107354
2026-08-03,2026,8,3,chokepoint6,Strait of Hormuz,0,3,0,0,3,3,6,0,125383,0,0,6134,125383,131517
2026-08-04,2026,8,4,chokepoint6,Strait of Hormuz,0,2,0,0,4,2,6,0,150743,0,0,64214,150743,214958
2026-08-05,2026,8,5,chokepoint6,Strait of Hormuz,1,1,2,0,0,4,4,3504,0,1300,0,0,4805,4805
2026-08-06,2026,8,6,chokepoint6,Strait of Hormuz,0,1,1,0,0,2,2,0,24815,324,0,0,25140,25140
2026-08-07,2026,8,7,chokepoint6,Strait of Hormuz,0,2,0,0,2,2,4,0,90890,0,0,0,90890,90890
2026-08-08,2026,8,8,chokepoint6,Strait of Hormuz,3,3,1,0,1,7,8,10556,363842,3906,0,0,378306,378306
2026-08-09,2026,8,9,chokepoint6,Strait of Hormuz,0,1,0,0,0,1,1,0,0,0,0,0,0,0
2026-08-10,2026,8,10,chokepoint6,Strait of Hormuz,0,2,0,0,2,2,4,0,52556,0,0,11478,52556,64034
2026-08-11,2026,8,11,chokepoint6,Strait of Hormuz,0,3,3,0,2,6,8,0,84711,14097,0,1067,98808,99876
2026-08-12,2026,8,12,chokepoint6,Strait of Hormuz,0,0,1,0,0,1,1,0,0,1391,0,0,1391,1391
2026-08-13,2026,8,13,chokepoint6,Strait of Hormuz,0,3,0,0,1,3,4,0,61247,0,0,36112,61247,97359
2026-08-14,2026,8,14,chokepoint6,Strait of Hormuz,0,5,0,0,1,5,6,0,191299,0,0,0,191299,191299
2026-08-15,2026,8,15,chokepoint6,Strait of Hormuz,0,0,0,0,1,0,1,0,0,0,0,1067,0,1067
2026-08-16,2026,8,16,chokepoint6,Strait of Hormuz,0,0,0,0,1,0,1,0,0,0,0,0,0,0
