date,n_total,n_tanker,n_container,n_dry_bulk,n_general_cargo,n_roro,n_cargo,capacity_tanker_metric_tons,capacity_total_metric_tons,n_total_7d_avg,n_tanker_7d_avg,pct_baseline_total,pct_baseline_tanker,source,confidence,known_unknown_note
2019-01-01,52,33,6,9,1,3,19,2390755,2795480,52,33,69.1,72.2,IMF PortWatch Daily_Chokepoints_Data chokepoint6,high_for_chokepoint_calls_low_for_cargo_contents,"Known: daily transit calls by broad vessel class. Unknown: vessel identity, direction, AIS-dark movements, and actual cargo onboard."
2019-01-02,59,35,13,9,0,2,24,1022523,1991917,55.5,34,78.4,76.6,IMF PortWatch Daily_Chokepoints_Data chokepoint6,high_for_chokepoint_calls_low_for_cargo_contents,"Known: daily transit calls by broad vessel class. Unknown: vessel identity, direction, AIS-dark movements, and actual cargo onboard."
2019-01-03,71,49,10,9,3,0,22,2841667,3604099,60.67,39,94.3,107.3,IMF PortWatch Daily_Chokepoints_Data chokepoint6,high_for_chokepoint_calls_low_for_cargo_contents,"Known: daily transit calls by broad vessel class. Unknown: vessel identity, direction, AIS-dark movements, and actual cargo onboard."
2019-01-04,59,35,10,11,2,1,24,1207506,1966770,60.25,38,78.4,76.6,IMF PortWatch Daily_Chokepoints_Data chokepoint6,high_for_chokepoint_calls_low_for_cargo_contents,"Known: daily transit calls by broad vessel class. Unknown: vessel identity, direction, AIS-dark movements, and actual cargo onboard."
2019-01-05,61,34,10,13,3,1,27,1830227,2851813,60.4,37.2,81.0,74.4,IMF PortWatch Daily_Chokepoints_Data chokepoint6,high_for_chokepoint_calls_low_for_cargo_contents,"Known: daily transit calls by broad vessel class. Unknown: vessel identity, direction, AIS-dark movements, and actual cargo onboard."
2019-01-06,55,35,6,12,0,2,20,2219169,2657662,59.5,36.83,73.1,76.6,IMF PortWatch Daily_Chokepoints_Data chokepoint6,high_for_chokepoint_calls_low_for_cargo_contents,"Known: daily transit calls by broad vessel class. Unknown: vessel identity, direction, AIS-dark movements, and actual cargo onboard."
2019-01-07,70,50,8,7,4,1,20,1940965,2475406,61,38.71,93.0,109.5,IMF PortWatch Daily_Chokepoints_Data chokepoint6,high_for_chokepoint_calls_low_for_cargo_contents,"Known: daily transit calls by broad vessel class. Unknown: vessel identity, direction, AIS-dark movements, and actual cargo onboard."
2019-01-08,55,31,7,10,6,1,24,515105,1253720,61.43,38.43,73.1,67.9,IMF PortWatch Daily_Chokepoints_Data chokepoint6,high_for_chokepoint_calls_low_for_cargo_contents,"Known: daily transit calls by broad vessel class. Unknown: vessel identity, direction, AIS-dark movements, and actual cargo onboard."
2019-01-09,37,21,5,6,4,1,16,1805444,2278943,58.29,36.43,49.1,46.0,IMF PortWatch Daily_Chokepoints_Data chokepoint6,high_for_chokepoint_calls_low_for_cargo_contents,"Known: daily transit calls by broad vessel class. Unknown: vessel identity, direction, AIS-dark movements, and actual cargo onboard."
2019-01-10,57,34,8,8,5,2,23,789993,1295612,56.29,34.29,75.7,74.4,IMF PortWatch Daily_Chokepoints_Data chokepoint6,high_for_chokepoint_calls_low_for_cargo_contents,"Known: daily transit calls by broad vessel class. Unknown: vessel identity, direction, AIS-dark movements, and actual cargo onboard."
2019-01-11,60,40,8,8,3,1,20,1008345,1555588,56.43,35,79.7,87.6,IMF PortWatch Daily_Chokepoints_Data chokepoint6,high_for_chokepoint_calls_low_for_cargo_contents,"Known: daily transit calls by broad vessel class. Unknown: vessel identity, direction, AIS-dark movements, and actual cargo onboard."
2019-01-12,55,35,7,9,4,0,20,481324,905066,55.57,35.14,73.1,76.6,IMF PortWatch Daily_Chokepoints_Data chokepoint6,high_for_chokepoint_calls_low_for_cargo_contents,"Known: daily transit calls by broad vessel class. Unknown: vessel identity, direction, AIS-dark movements, and actual cargo onboard."
2019-01-13,42,23,6,10,2,1,19,1557452,2251475,53.71,33.43,55.8,50.4,IMF PortWatch Daily_Chokepoints_Data chokepoint6,high_for_chokepoint_calls_low_for_cargo_contents,"Known: daily transit calls by broad vessel class. Unknown: vessel identity, direction, AIS-dark movements, and actual cargo onboard."
2019-01-14,49,34,4,4,3,4,15,2088547,2409324,50.71,31.14,65.1,74.4,IMF PortWatch Daily_Chokepoints_Data chokepoint6,high_for_chokepoint_calls_low_for_cargo_contents,"Known: daily transit calls by broad vessel class. Unknown: vessel identity, direction, AIS-dark movements, and actual cargo onboard."
2019-01-15,48,25,10,7,2,4,23,972941,1585185,49.71,30.29,63.8,54.7,IMF PortWatch Daily_Chokepoints_Data chokepoint6,high_for_chokepoint_calls_low_for_cargo_contents,"Known: daily transit calls by broad vessel class. Unknown: vessel identity, direction, AIS-dark movements, and actual cargo onboard."
2019-01-16,56,27,6,17,5,1,29,1922947,2708518,52.43,31.14,74.4,59.1,IMF PortWatch Daily_Chokepoints_Data chokepoint6,high_for_chokepoint_calls_low_for_cargo_contents,"Known: daily transit calls by broad vessel class. Unknown: vessel identity, direction, AIS-dark movements, and actual cargo onboard."
2019-01-17,51,29,9,10,3,0,22,1607029,2361033,51.57,30.43,67.7,63.5,IMF PortWatch Daily_Chokepoints_Data chokepoint6,high_for_chokepoint_calls_low_for_cargo_contents,"Known: daily transit calls by broad vessel class. Unknown: vessel identity, direction, AIS-dark movements, and actual cargo onboard."
2019-01-18,46,32,8,5,1,0,14,2116818,2616203,49.57,29.29,61.1,70.1,IMF PortWatch Daily_Chokepoints_Data chokepoint6,high_for_chokepoint_calls_low_for_cargo_contents,"Known: daily transit calls by broad vessel class. Unknown: vessel identity, direction, AIS-dark movements, and actual cargo onboard."
2019-01-19,60,37,8,9,4,2,23,1395862,1856065,50.29,29.57,79.7,81.0,IMF PortWatch Daily_Chokepoints_Data chokepoint6,high_for_chokepoint_calls_low_for_cargo_contents,"Known: daily transit calls by broad vessel class. Unknown: vessel identity, direction, AIS-dark movements, and actual cargo onboard."
2019-01-20,66,40,11,9,4,2,26,1387500,2249283,53.71,32,87.7,87.6,IMF PortWatch Daily_Chokepoints_Data chokepoint6,high_for_chokepoint_calls_low_for_cargo_contents,"Known: daily transit calls by broad vessel class. Unknown: vessel identity, direction, AIS-dark movements, and actual cargo onboard."
2019-01-21,57,36,4,9,6,2,21,312553,894123,54.86,32.29,75.7,78.8,IMF PortWatch Daily_Chokepoints_Data chokepoint6,high_for_chokepoint_calls_low_for_cargo_contents,"Known: daily transit calls by broad vessel class. Unknown: vessel identity, direction, AIS-dark movements, and actual cargo onboard."
2019-01-22,59,39,8,8,1,3,20,2228951,2883759,56.43,34.29,78.4,85.4,IMF PortWatch Daily_Chokepoints_Data chokepoint6,high_for_chokepoint_calls_low_for_cargo_contents,"Known: daily transit calls by broad vessel class. Unknown: vessel identity, direction, AIS-dark movements, and actual cargo onboard."
2019-01-23,42,31,5,6,0,0,11,1699263,2009965,54.43,34.86,55.8,67.9,IMF PortWatch Daily_Chokepoints_Data chokepoint6,high_for_chokepoint_calls_low_for_cargo_contents,"Known: daily transit calls by broad vessel class. Unknown: vessel identity, direction, AIS-dark movements, and actual cargo onboard."
2019-01-24,42,32,5,5,0,0,10,1942712,2275692,53.14,35.29,55.8,70.1,IMF PortWatch Daily_Chokepoints_Data chokepoint6,high_for_chokepoint_calls_low_for_cargo_contents,"Known: daily transit calls by broad vessel class. Unknown: vessel identity, direction, AIS-dark movements, and actual cargo onboard."
2019-01-25,46,27,8,8,3,0,19,1444862,2000221,53.14,34.57,61.1,59.1,IMF PortWatch Daily_Chokepoints_Data chokepoint6,high_for_chokepoint_calls_low_for_cargo_contents,"Known: daily transit calls by broad vessel class. Unknown: vessel identity, direction, AIS-dark movements, and actual cargo onboard."
2019-01-26,60,38,9,10,3,0,22,1796329,2537356,53.14,34.71,79.7,83.2,IMF PortWatch Daily_Chokepoints_Data chokepoint6,high_for_chokepoint_calls_low_for_cargo_contents,"Known: daily transit calls by broad vessel class. Unknown: vessel identity, direction, AIS-dark movements, and actual cargo onboard."
2019-01-27,61,40,10,9,2,0,21,2352926,3184544,52.43,34.71,81.0,87.6,IMF PortWatch Daily_Chokepoints_Data chokepoint6,high_for_chokepoint_calls_low_for_cargo_contents,"Known: daily transit calls by broad vessel class. Unknown: vessel identity, direction, AIS-dark movements, and actual cargo onboard."
2019-01-28,59,32,10,11,3,3,27,846159,1526568,52.71,34.14,78.4,70.1,IMF PortWatch Daily_Chokepoints_Data chokepoint6,high_for_chokepoint_calls_low_for_cargo_contents,"Known: daily transit calls by broad vessel class. Unknown: vessel identity, direction, AIS-dark movements, and actual cargo onboard."
2019-01-29,45,32,7,3,3,0,13,2288161,2921629,50.71,33.14,59.8,70.1,IMF PortWatch Daily_Chokepoints_Data chokepoint6,high_for_chokepoint_calls_low_for_cargo_contents,"Known: daily transit calls by broad vessel class. Unknown: vessel identity, direction, AIS-dark movements, and actual cargo onboard."
2019-01-30,58,36,6,12,2,2,22,1117727,1581716,53,33.86,77.0,78.8,IMF PortWatch Daily_Chokepoints_Data chokepoint6,high_for_chokepoint_calls_low_for_cargo_contents,"Known: daily transit calls by broad vessel class. Unknown: vessel identity, direction, AIS-dark movements, and actual cargo onboard."
2019-01-31,49,28,6,9,5,1,21,1522445,2206553,54,33.29,65.1,61.3,IMF PortWatch Daily_Chokepoints_Data chokepoint6,high_for_chokepoint_calls_low_for_cargo_contents,"Known: daily transit calls by broad vessel class. Unknown: vessel identity, direction, AIS-dark movements, and actual cargo onboard."
2019-02-01,49,33,7,7,2,0,16,1249494,1704478,54.43,34.14,65.1,72.2,IMF PortWatch Daily_Chokepoints_Data chokepoint6,high_for_chokepoint_calls_low_for_cargo_contents,"Known: daily transit calls by broad vessel class. Unknown: vessel identity, direction, AIS-dark movements, and actual cargo onboard."
2019-02-02,49,32,10,3,3,1,17,2139350,2640488,52.86,33.29,65.1,70.1,IMF PortWatch Daily_Chokepoints_Data chokepoint6,high_for_chokepoint_calls_low_for_cargo_contents,"Known: daily transit calls by broad vessel class. Unknown: vessel identity, direction, AIS-dark movements, and actual cargo onboard."
2019-02-03,57,39,4,8,4,2,18,1686854,2100075,52.29,33.14,75.7,85.4,IMF PortWatch Daily_Chokepoints_Data chokepoint6,high_for_chokepoint_calls_low_for_cargo_contents,"Known: daily transit calls by broad vessel class. Unknown: vessel identity, direction, AIS-dark movements, and actual cargo onboard."
2019-02-04,56,35,7,11,2,1,21,1010318,1676755,51.86,33.57,74.4,76.6,IMF PortWatch Daily_Chokepoints_Data chokepoint6,high_for_chokepoint_calls_low_for_cargo_contents,"Known: daily transit calls by broad vessel class. Unknown: vessel identity, direction, AIS-dark movements, and actual cargo onboard."
2019-02-05,58,29,9,16,1,3,29,572524,1214871,53.71,33.14,77.0,63.5,IMF PortWatch Daily_Chokepoints_Data chokepoint6,high_for_chokepoint_calls_low_for_cargo_contents,"Known: daily transit calls by broad vessel class. Unknown: vessel identity, direction, AIS-dark movements, and actual cargo onboard."
2019-02-06,49,29,7,11,2,0,20,846722,1486989,52.43,32.14,65.1,63.5,IMF PortWatch Daily_Chokepoints_Data chokepoint6,high_for_chokepoint_calls_low_for_cargo_contents,"Known: daily transit calls by broad vessel class. Unknown: vessel identity, direction, AIS-dark movements, and actual cargo onboard."
2019-02-07,60,35,7,12,1,5,25,1604455,2195049,54,33.14,79.7,76.6,IMF PortWatch Daily_Chokepoints_Data chokepoint6,high_for_chokepoint_calls_low_for_cargo_contents,"Known: daily transit calls by broad vessel class. Unknown: vessel identity, direction, AIS-dark movements, and actual cargo onboard."
2019-02-08,54,33,9,9,2,1,21,849125,1433469,54.71,33.14,71.7,72.2,IMF PortWatch Daily_Chokepoints_Data chokepoint6,high_for_chokepoint_calls_low_for_cargo_contents,"Known: daily transit calls by broad vessel class. Unknown: vessel identity, direction, AIS-dark movements, and actual cargo onboard."
2019-02-09,56,40,6,7,3,0,16,1597088,2089577,55.71,34.29,74.4,87.6,IMF PortWatch Daily_Chokepoints_Data chokepoint6,high_for_chokepoint_calls_low_for_cargo_contents,"Known: daily transit calls by broad vessel class. Unknown: vessel identity, direction, AIS-dark movements, and actual cargo onboard."
2019-02-10,59,39,4,10,6,0,20,1584091,2259444,56,34.29,78.4,85.4,IMF PortWatch Daily_Chokepoints_Data chokepoint6,high_for_chokepoint_calls_low_for_cargo_contents,"Known: daily transit calls by broad vessel class. Unknown: vessel identity, direction, AIS-dark movements, and actual cargo onboard."
2019-02-11,42,26,7,6,1,2,16,1160991,1885416,54,33,55.8,56.9,IMF PortWatch Daily_Chokepoints_Data chokepoint6,high_for_chokepoint_calls_low_for_cargo_contents,"Known: daily transit calls by broad vessel class. Unknown: vessel identity, direction, AIS-dark movements, and actual cargo onboard."
2019-02-12,53,30,10,9,2,2,23,418259,1168482,53.29,33.14,70.4,65.7,IMF PortWatch Daily_Chokepoints_Data chokepoint6,high_for_chokepoint_calls_low_for_cargo_contents,"Known: daily transit calls by broad vessel class. Unknown: vessel identity, direction, AIS-dark movements, and actual cargo onboard."
2019-02-13,43,26,3,12,1,1,17,909455,1507256,52.43,32.71,57.1,56.9,IMF PortWatch Daily_Chokepoints_Data chokepoint6,high_for_chokepoint_calls_low_for_cargo_contents,"Known: daily transit calls by broad vessel class. Unknown: vessel identity, direction, AIS-dark movements, and actual cargo onboard."
2019-02-14,62,39,8,8,5,2,23,971138,1663714,52.71,33.29,82.4,85.4,IMF PortWatch Daily_Chokepoints_Data chokepoint6,high_for_chokepoint_calls_low_for_cargo_contents,"Known: daily transit calls by broad vessel class. Unknown: vessel identity, direction, AIS-dark movements, and actual cargo onboard."
2019-02-15,62,36,8,13,4,1,26,1826351,2386786,53.86,33.71,82.4,78.8,IMF PortWatch Daily_Chokepoints_Data chokepoint6,high_for_chokepoint_calls_low_for_cargo_contents,"Known: daily transit calls by broad vessel class. Unknown: vessel identity, direction, AIS-dark movements, and actual cargo onboard."
2019-02-16,64,40,10,12,2,0,24,1490346,2265373,55,33.71,85.0,87.6,IMF PortWatch Daily_Chokepoints_Data chokepoint6,high_for_chokepoint_calls_low_for_cargo_contents,"Known: daily transit calls by broad vessel class. Unknown: vessel identity, direction, AIS-dark movements, and actual cargo onboard."
2019-02-17,39,26,4,8,1,0,13,938241,1525194,52.14,31.86,51.8,56.9,IMF PortWatch Daily_Chokepoints_Data chokepoint6,high_for_chokepoint_calls_low_for_cargo_contents,"Known: daily transit calls by broad vessel class. Unknown: vessel identity, direction, AIS-dark movements, and actual cargo onboard."
2019-02-18,71,43,9,14,4,1,28,1368765,1944296,56.29,34.29,94.3,94.1,IMF PortWatch Daily_Chokepoints_Data chokepoint6,high_for_chokepoint_calls_low_for_cargo_contents,"Known: daily transit calls by broad vessel class. Unknown: vessel identity, direction, AIS-dark movements, and actual cargo onboard."
2019-02-19,47,24,7,9,5,2,23,324484,1016587,55.43,33.43,62.4,52.5,IMF PortWatch Daily_Chokepoints_Data chokepoint6,high_for_chokepoint_calls_low_for_cargo_contents,"Known: daily transit calls by broad vessel class. Unknown: vessel identity, direction, AIS-dark movements, and actual cargo onboard."
2019-02-20,60,37,8,10,5,0,23,760090,1226449,57.86,35,79.7,81.0,IMF PortWatch Daily_Chokepoints_Data chokepoint6,high_for_chokepoint_calls_low_for_cargo_contents,"Known: daily transit calls by broad vessel class. Unknown: vessel identity, direction, AIS-dark movements, and actual cargo onboard."
2019-02-21,68,42,6,16,1,3,26,711691,1273792,58.71,35.43,90.3,91.9,IMF PortWatch Daily_Chokepoints_Data chokepoint6,high_for_chokepoint_calls_low_for_cargo_contents,"Known: daily transit calls by broad vessel class. Unknown: vessel identity, direction, AIS-dark movements, and actual cargo onboard."
2019-02-22,76,44,14,15,0,3,32,1443209,2236580,60.71,36.57,101.0,96.3,IMF PortWatch Daily_Chokepoints_Data chokepoint6,high_for_chokepoint_calls_low_for_cargo_contents,"Known: daily transit calls by broad vessel class. Unknown: vessel identity, direction, AIS-dark movements, and actual cargo onboard."
2019-02-23,72,45,11,9,6,1,27,2383118,3300347,61.86,37.29,95.6,98.5,IMF PortWatch Daily_Chokepoints_Data chokepoint6,high_for_chokepoint_calls_low_for_cargo_contents,"Known: daily transit calls by broad vessel class. Unknown: vessel identity, direction, AIS-dark movements, and actual cargo onboard."
2019-02-24,69,41,11,12,2,3,28,1466085,2304158,66.14,39.43,91.7,89.8,IMF PortWatch Daily_Chokepoints_Data chokepoint6,high_for_chokepoint_calls_low_for_cargo_contents,"Known: daily transit calls by broad vessel class. Unknown: vessel identity, direction, AIS-dark movements, and actual cargo onboard."
2019-02-25,46,27,9,8,2,0,19,1144892,1792662,62.57,37.14,61.1,59.1,IMF PortWatch Daily_Chokepoints_Data chokepoint6,high_for_chokepoint_calls_low_for_cargo_contents,"Known: daily transit calls by broad vessel class. Unknown: vessel identity, direction, AIS-dark movements, and actual cargo onboard."
2019-02-26,52,27,12,9,3,1,25,578299,1424911,63.29,37.57,69.1,59.1,IMF PortWatch Daily_Chokepoints_Data chokepoint6,high_for_chokepoint_calls_low_for_cargo_contents,"Known: daily transit calls by broad vessel class. Unknown: vessel identity, direction, AIS-dark movements, and actual cargo onboard."
2019-02-27,40,25,1,13,0,1,15,508063,1227426,60.43,35.86,53.1,54.7,IMF PortWatch Daily_Chokepoints_Data chokepoint6,high_for_chokepoint_calls_low_for_cargo_contents,"Known: daily transit calls by broad vessel class. Unknown: vessel identity, direction, AIS-dark movements, and actual cargo onboard."
2019-02-28,56,33,6,12,1,4,23,1417121,1960670,58.71,34.57,74.4,72.2,IMF PortWatch Daily_Chokepoints_Data chokepoint6,high_for_chokepoint_calls_low_for_cargo_contents,"Known: daily transit calls by broad vessel class. Unknown: vessel identity, direction, AIS-dark movements, and actual cargo onboard."
2019-03-01,57,39,6,6,3,3,18,2161005,2682406,56,33.86,75.7,85.4,IMF PortWatch Daily_Chokepoints_Data chokepoint6,high_for_chokepoint_calls_low_for_cargo_contents,"Known: daily transit calls by broad vessel class. Unknown: vessel identity, direction, AIS-dark movements, and actual cargo onboard."
2019-03-02,60,33,12,12,2,1,27,1013580,1812544,54.29,32.14,79.7,72.2,IMF PortWatch Daily_Chokepoints_Data chokepoint6,high_for_chokepoint_calls_low_for_cargo_contents,"Known: daily transit calls by broad vessel class. Unknown: vessel identity, direction, AIS-dark movements, and actual cargo onboard."
2019-03-03,66,45,6,11,1,3,21,1059240,1754283,53.86,32.71,87.7,98.5,IMF PortWatch Daily_Chokepoints_Data chokepoint6,high_for_chokepoint_calls_low_for_cargo_contents,"Known: daily transit calls by broad vessel class. Unknown: vessel identity, direction, AIS-dark movements, and actual cargo onboard."
2019-03-04,38,25,3,7,2,1,13,299513,648587,52.71,32.43,50.5,54.7,IMF PortWatch Daily_Chokepoints_Data chokepoint6,high_for_chokepoint_calls_low_for_cargo_contents,"Known: daily transit calls by broad vessel class. Unknown: vessel identity, direction, AIS-dark movements, and actual cargo onboard."
2019-03-05,67,39,11,12,3,2,28,1720874,2602160,54.86,34.14,89.0,85.4,IMF PortWatch Daily_Chokepoints_Data chokepoint6,high_for_chokepoint_calls_low_for_cargo_contents,"Known: daily transit calls by broad vessel class. Unknown: vessel identity, direction, AIS-dark movements, and actual cargo onboard."
2019-03-06,80,52,10,11,6,1,28,1360314,2353109,60.57,38,106.3,113.8,IMF PortWatch Daily_Chokepoints_Data chokepoint6,high_for_chokepoint_calls_low_for_cargo_contents,"Known: daily transit calls by broad vessel class. Unknown: vessel identity, direction, AIS-dark movements, and actual cargo onboard."
2019-03-07,41,26,4,7,3,1,15,1021012,1322387,58.43,37,54.5,56.9,IMF PortWatch Daily_Chokepoints_Data chokepoint6,high_for_chokepoint_calls_low_for_cargo_contents,"Known: daily transit calls by broad vessel class. Unknown: vessel identity, direction, AIS-dark movements, and actual cargo onboard."
2019-03-08,65,42,4,15,3,1,23,1740780,2491874,59.57,37.43,86.3,91.9,IMF PortWatch Daily_Chokepoints_Data chokepoint6,high_for_chokepoint_calls_low_for_cargo_contents,"Known: daily transit calls by broad vessel class. Unknown: vessel identity, direction, AIS-dark movements, and actual cargo onboard."
2019-03-09,74,48,14,9,2,1,26,2352261,3449010,61.57,39.57,98.3,105.1,IMF PortWatch Daily_Chokepoints_Data chokepoint6,high_for_chokepoint_calls_low_for_cargo_contents,"Known: daily transit calls by broad vessel class. Unknown: vessel identity, direction, AIS-dark movements, and actual cargo onboard."
2019-03-10,46,32,6,5,1,2,14,698929,1260333,58.71,37.71,61.1,70.1,IMF PortWatch Daily_Chokepoints_Data chokepoint6,high_for_chokepoint_calls_low_for_cargo_contents,"Known: daily transit calls by broad vessel class. Unknown: vessel identity, direction, AIS-dark movements, and actual cargo onboard."
2019-03-11,40,23,6,9,1,1,17,509330,912526,59,37.43,53.1,50.4,IMF PortWatch Daily_Chokepoints_Data chokepoint6,high_for_chokepoint_calls_low_for_cargo_contents,"Known: daily transit calls by broad vessel class. Unknown: vessel identity, direction, AIS-dark movements, and actual cargo onboard."
2019-03-12,47,33,8,5,0,1,14,2969275,3462056,56.14,36.57,62.4,72.2,IMF PortWatch Daily_Chokepoints_Data chokepoint6,high_for_chokepoint_calls_low_for_cargo_contents,"Known: daily transit calls by broad vessel class. Unknown: vessel identity, direction, AIS-dark movements, and actual cargo onboard."
2019-03-13,67,39,10,15,2,1,28,1964304,2707631,54.29,34.71,89.0,85.4,IMF PortWatch Daily_Chokepoints_Data chokepoint6,high_for_chokepoint_calls_low_for_cargo_contents,"Known: daily transit calls by broad vessel class. Unknown: vessel identity, direction, AIS-dark movements, and actual cargo onboard."
2019-03-14,51,28,9,8,3,3,23,1014341,1547621,55.71,35,67.7,61.3,IMF PortWatch Daily_Chokepoints_Data chokepoint6,high_for_chokepoint_calls_low_for_cargo_contents,"Known: daily transit calls by broad vessel class. Unknown: vessel identity, direction, AIS-dark movements, and actual cargo onboard."
2019-03-15,51,33,5,8,3,2,18,2217509,2733601,53.71,33.71,67.7,72.2,IMF PortWatch Daily_Chokepoints_Data chokepoint6,high_for_chokepoint_calls_low_for_cargo_contents,"Known: daily transit calls by broad vessel class. Unknown: vessel identity, direction, AIS-dark movements, and actual cargo onboard."
2019-03-16,49,28,9,10,1,1,21,1322216,1946554,50.14,30.86,65.1,61.3,IMF PortWatch Daily_Chokepoints_Data chokepoint6,high_for_chokepoint_calls_low_for_cargo_contents,"Known: daily transit calls by broad vessel class. Unknown: vessel identity, direction, AIS-dark movements, and actual cargo onboard."
2019-03-17,68,42,9,12,3,2,26,886031,1848017,53.29,32.29,90.3,91.9,IMF PortWatch Daily_Chokepoints_Data chokepoint6,high_for_chokepoint_calls_low_for_cargo_contents,"Known: daily transit calls by broad vessel class. Unknown: vessel identity, direction, AIS-dark movements, and actual cargo onboard."
2019-03-18,36,28,5,2,0,1,8,1190734,1390889,52.71,33,47.8,61.3,IMF PortWatch Daily_Chokepoints_Data chokepoint6,high_for_chokepoint_calls_low_for_cargo_contents,"Known: daily transit calls by broad vessel class. Unknown: vessel identity, direction, AIS-dark movements, and actual cargo onboard."
2019-03-19,49,26,12,7,2,2,23,1147559,1809102,53,32,65.1,56.9,IMF PortWatch Daily_Chokepoints_Data chokepoint6,high_for_chokepoint_calls_low_for_cargo_contents,"Known: daily transit calls by broad vessel class. Unknown: vessel identity, direction, AIS-dark movements, and actual cargo onboard."
2019-03-20,61,40,6,10,3,2,21,1126521,1521795,52.14,32.14,81.0,87.6,IMF PortWatch Daily_Chokepoints_Data chokepoint6,high_for_chokepoint_calls_low_for_cargo_contents,"Known: daily transit calls by broad vessel class. Unknown: vessel identity, direction, AIS-dark movements, and actual cargo onboard."
2019-03-21,49,31,4,10,3,1,18,1491523,1865175,51.86,32.57,65.1,67.9,IMF PortWatch Daily_Chokepoints_Data chokepoint6,high_for_chokepoint_calls_low_for_cargo_contents,"Known: daily transit calls by broad vessel class. Unknown: vessel identity, direction, AIS-dark movements, and actual cargo onboard."
2019-03-22,47,28,7,10,1,1,19,1368091,2037729,51.29,31.86,62.4,61.3,IMF PortWatch Daily_Chokepoints_Data chokepoint6,high_for_chokepoint_calls_low_for_cargo_contents,"Known: daily transit calls by broad vessel class. Unknown: vessel identity, direction, AIS-dark movements, and actual cargo onboard."
2019-03-23,58,31,12,12,1,2,27,2250838,3145827,52.57,32.29,77.0,67.9,IMF PortWatch Daily_Chokepoints_Data chokepoint6,high_for_chokepoint_calls_low_for_cargo_contents,"Known: daily transit calls by broad vessel class. Unknown: vessel identity, direction, AIS-dark movements, and actual cargo onboard."
2019-03-24,54,31,8,9,5,1,23,641687,1046686,50.57,30.71,71.7,67.9,IMF PortWatch Daily_Chokepoints_Data chokepoint6,high_for_chokepoint_calls_low_for_cargo_contents,"Known: daily transit calls by broad vessel class. Unknown: vessel identity, direction, AIS-dark movements, and actual cargo onboard."
2019-03-25,44,22,10,8,4,0,22,350129,1315357,51.71,29.86,58.4,48.2,IMF PortWatch Daily_Chokepoints_Data chokepoint6,high_for_chokepoint_calls_low_for_cargo_contents,"Known: daily transit calls by broad vessel class. Unknown: vessel identity, direction, AIS-dark movements, and actual cargo onboard."
2019-03-26,57,33,9,12,1,2,24,949423,1699049,52.86,30.86,75.7,72.2,IMF PortWatch Daily_Chokepoints_Data chokepoint6,high_for_chokepoint_calls_low_for_cargo_contents,"Known: daily transit calls by broad vessel class. Unknown: vessel identity, direction, AIS-dark movements, and actual cargo onboard."
2019-03-27,61,38,9,6,4,4,23,761454,1276028,52.86,30.57,81.0,83.2,IMF PortWatch Daily_Chokepoints_Data chokepoint6,high_for_chokepoint_calls_low_for_cargo_contents,"Known: daily transit calls by broad vessel class. Unknown: vessel identity, direction, AIS-dark movements, and actual cargo onboard."
2019-03-28,39,28,4,6,1,0,11,1967686,2294501,51.43,30.14,51.8,61.3,IMF PortWatch Daily_Chokepoints_Data chokepoint6,high_for_chokepoint_calls_low_for_cargo_contents,"Known: daily transit calls by broad vessel class. Unknown: vessel identity, direction, AIS-dark movements, and actual cargo onboard."
2019-03-29,74,36,12,18,6,2,38,1795790,2850511,55.29,31.29,98.3,78.8,IMF PortWatch Daily_Chokepoints_Data chokepoint6,high_for_chokepoint_calls_low_for_cargo_contents,"Known: daily transit calls by broad vessel class. Unknown: vessel identity, direction, AIS-dark movements, and actual cargo onboard."
2019-03-30,70,47,11,10,2,0,23,1832845,2548798,57,33.57,93.0,102.9,IMF PortWatch Daily_Chokepoints_Data chokepoint6,high_for_chokepoint_calls_low_for_cargo_contents,"Known: daily transit calls by broad vessel class. Unknown: vessel identity, direction, AIS-dark movements, and actual cargo onboard."
2019-03-31,47,31,4,6,4,2,16,1880417,2300002,56,33.57,62.4,67.9,IMF PortWatch Daily_Chokepoints_Data chokepoint6,high_for_chokepoint_calls_low_for_cargo_contents,"Known: daily transit calls by broad vessel class. Unknown: vessel identity, direction, AIS-dark movements, and actual cargo onboard."
2019-04-01,69,42,13,12,1,1,27,1071342,2058310,59.57,36.43,91.7,91.9,IMF PortWatch Daily_Chokepoints_Data chokepoint6,high_for_chokepoint_calls_low_for_cargo_contents,"Known: daily transit calls by broad vessel class. Unknown: vessel identity, direction, AIS-dark movements, and actual cargo onboard."
2019-04-02,46,25,6,10,3,2,21,1162177,1602753,58,35.29,61.1,54.7,IMF PortWatch Daily_Chokepoints_Data chokepoint6,high_for_chokepoint_calls_low_for_cargo_contents,"Known: daily transit calls by broad vessel class. Unknown: vessel identity, direction, AIS-dark movements, and actual cargo onboard."
2019-04-03,58,32,9,12,2,3,26,1699083,2237837,57.57,34.43,77.0,70.1,IMF PortWatch Daily_Chokepoints_Data chokepoint6,high_for_chokepoint_calls_low_for_cargo_contents,"Known: daily transit calls by broad vessel class. Unknown: vessel identity, direction, AIS-dark movements, and actual cargo onboard."
2019-04-04,31,20,2,6,1,2,11,215110,555239,56.43,33.29,41.2,43.8,IMF PortWatch Daily_Chokepoints_Data chokepoint6,high_for_chokepoint_calls_low_for_cargo_contents,"Known: daily transit calls by broad vessel class. Unknown: vessel identity, direction, AIS-dark movements, and actual cargo onboard."
2019-04-05,67,39,9,16,2,1,28,1982435,2758910,55.43,33.71,89.0,85.4,IMF PortWatch Daily_Chokepoints_Data chokepoint6,high_for_chokepoint_calls_low_for_cargo_contents,"Known: daily transit calls by broad vessel class. Unknown: vessel identity, direction, AIS-dark movements, and actual cargo onboard."
2019-04-06,70,46,10,11,1,2,24,1462514,2245813,55.43,33.57,93.0,100.7,IMF PortWatch Daily_Chokepoints_Data chokepoint6,high_for_chokepoint_calls_low_for_cargo_contents,"Known: daily transit calls by broad vessel class. Unknown: vessel identity, direction, AIS-dark movements, and actual cargo onboard."
2019-04-07,61,41,9,8,2,1,20,1767947,2558461,57.43,35,81.0,89.8,IMF PortWatch Daily_Chokepoints_Data chokepoint6,high_for_chokepoint_calls_low_for_cargo_contents,"Known: daily transit calls by broad vessel class. Unknown: vessel identity, direction, AIS-dark movements, and actual cargo onboard."
2019-04-08,69,40,13,10,5,1,29,968474,1663658,57.43,34.71,91.7,87.6,IMF PortWatch Daily_Chokepoints_Data chokepoint6,high_for_chokepoint_calls_low_for_cargo_contents,"Known: daily transit calls by broad vessel class. Unknown: vessel identity, direction, AIS-dark movements, and actual cargo onboard."
2019-04-09,71,50,6,8,3,4,21,2272056,2730943,61,38.29,94.3,109.5,IMF PortWatch Daily_Chokepoints_Data chokepoint6,high_for_chokepoint_calls_low_for_cargo_contents,"Known: daily transit calls by broad vessel class. Unknown: vessel identity, direction, AIS-dark movements, and actual cargo onboard."
2019-04-10,52,29,8,12,3,0,23,1125214,1937877,60.14,37.86,69.1,63.5,IMF PortWatch Daily_Chokepoints_Data chokepoint6,high_for_chokepoint_calls_low_for_cargo_contents,"Known: daily transit calls by broad vessel class. Unknown: vessel identity, direction, AIS-dark movements, and actual cargo onboard."
2019-04-11,59,41,8,7,3,0,18,2288556,2825861,64.14,40.86,78.4,89.8,IMF PortWatch Daily_Chokepoints_Data chokepoint6,high_for_chokepoint_calls_low_for_cargo_contents,"Known: daily transit calls by broad vessel class. Unknown: vessel identity, direction, AIS-dark movements, and actual cargo onboard."
2019-04-12,52,33,4,10,4,1,19,1045267,1628986,62,40,69.1,72.2,IMF PortWatch Daily_Chokepoints_Data chokepoint6,high_for_chokepoint_calls_low_for_cargo_contents,"Known: daily transit calls by broad vessel class. Unknown: vessel identity, direction, AIS-dark movements, and actual cargo onboard."
2019-04-13,66,41,12,7,3,3,25,1172514,1798705,61.43,39.29,87.7,89.8,IMF PortWatch Daily_Chokepoints_Data chokepoint6,high_for_chokepoint_calls_low_for_cargo_contents,"Known: daily transit calls by broad vessel class. Unknown: vessel identity, direction, AIS-dark movements, and actual cargo onboard."
2019-04-14,35,20,6,8,0,1,15,846145,1246638,57.71,36.29,46.5,43.8,IMF PortWatch Daily_Chokepoints_Data chokepoint6,high_for_chokepoint_calls_low_for_cargo_contents,"Known: daily transit calls by broad vessel class. Unknown: vessel identity, direction, AIS-dark movements, and actual cargo onboard."
2019-04-15,75,40,7,21,4,3,35,1549587,2680297,58.57,36.29,99.6,87.6,IMF PortWatch Daily_Chokepoints_Data chokepoint6,high_for_chokepoint_calls_low_for_cargo_contents,"Known: daily transit calls by broad vessel class. Unknown: vessel identity, direction, AIS-dark movements, and actual cargo onboard."
2019-04-16,70,38,14,11,5,2,32,1716065,2704268,58.43,34.57,93.0,83.2,IMF PortWatch Daily_Chokepoints_Data chokepoint6,high_for_chokepoint_calls_low_for_cargo_contents,"Known: daily transit calls by broad vessel class. Unknown: vessel identity, direction, AIS-dark movements, and actual cargo onboard."
2019-04-17,69,39,9,15,4,2,30,3170336,4156952,60.86,36,91.7,85.4,IMF PortWatch Daily_Chokepoints_Data chokepoint6,high_for_chokepoint_calls_low_for_cargo_contents,"Known: daily transit calls by broad vessel class. Unknown: vessel identity, direction, AIS-dark movements, and actual cargo onboard."
2019-04-18,57,36,6,14,1,0,21,2206555,2816028,60.57,35.29,75.7,78.8,IMF PortWatch Daily_Chokepoints_Data chokepoint6,high_for_chokepoint_calls_low_for_cargo_contents,"Known: daily transit calls by broad vessel class. Unknown: vessel identity, direction, AIS-dark movements, and actual cargo onboard."
2019-04-19,85,57,11,14,2,1,28,2971950,3845691,65.29,38.71,112.9,124.8,IMF PortWatch Daily_Chokepoints_Data chokepoint6,high_for_chokepoint_calls_low_for_cargo_contents,"Known: daily transit calls by broad vessel class. Unknown: vessel identity, direction, AIS-dark movements, and actual cargo onboard."
2019-04-20,80,48,12,15,3,2,32,2275844,3229651,67.29,39.71,106.3,105.1,IMF PortWatch Daily_Chokepoints_Data chokepoint6,high_for_chokepoint_calls_low_for_cargo_contents,"Known: daily transit calls by broad vessel class. Unknown: vessel identity, direction, AIS-dark movements, and actual cargo onboard."
2019-04-21,76,41,12,16,4,3,35,1700031,2493399,73.14,42.71,101.0,89.8,IMF PortWatch Daily_Chokepoints_Data chokepoint6,high_for_chokepoint_calls_low_for_cargo_contents,"Known: daily transit calls by broad vessel class. Unknown: vessel identity, direction, AIS-dark movements, and actual cargo onboard."
2019-04-22,85,45,19,19,0,2,40,3027693,4713055,74.57,43.43,112.9,98.5,IMF PortWatch Daily_Chokepoints_Data chokepoint6,high_for_chokepoint_calls_low_for_cargo_contents,"Known: daily transit calls by broad vessel class. Unknown: vessel identity, direction, AIS-dark movements, and actual cargo onboard."
2019-04-23,39,24,3,9,1,2,15,1633807,2086183,70.14,41.43,51.8,52.5,IMF PortWatch Daily_Chokepoints_Data chokepoint6,high_for_chokepoint_calls_low_for_cargo_contents,"Known: daily transit calls by broad vessel class. Unknown: vessel identity, direction, AIS-dark movements, and actual cargo onboard."
2019-04-24,59,34,14,7,3,1,25,1116454,1877117,68.71,40.71,78.4,74.4,IMF PortWatch Daily_Chokepoints_Data chokepoint6,high_for_chokepoint_calls_low_for_cargo_contents,"Known: daily transit calls by broad vessel class. Unknown: vessel identity, direction, AIS-dark movements, and actual cargo onboard."
2019-04-25,70,44,10,12,2,2,26,1060580,1659105,70.57,41.86,93.0,96.3,IMF PortWatch Daily_Chokepoints_Data chokepoint6,high_for_chokepoint_calls_low_for_cargo_contents,"Known: daily transit calls by broad vessel class. Unknown: vessel identity, direction, AIS-dark movements, and actual cargo onboard."
2019-04-26,63,37,11,12,2,1,26,1431885,2461199,67.43,39,83.7,81.0,IMF PortWatch Daily_Chokepoints_Data chokepoint6,high_for_chokepoint_calls_low_for_cargo_contents,"Known: daily transit calls by broad vessel class. Unknown: vessel identity, direction, AIS-dark movements, and actual cargo onboard."
2019-04-27,90,57,12,13,6,2,33,2607813,3466314,68.86,40.29,119.6,124.8,IMF PortWatch Daily_Chokepoints_Data chokepoint6,high_for_chokepoint_calls_low_for_cargo_contents,"Known: daily transit calls by broad vessel class. Unknown: vessel identity, direction, AIS-dark movements, and actual cargo onboard."
2019-04-28,71,40,11,13,5,2,31,2862180,3751764,68.14,40.14,94.3,87.6,IMF PortWatch Daily_Chokepoints_Data chokepoint6,high_for_chokepoint_calls_low_for_cargo_contents,"Known: daily transit calls by broad vessel class. Unknown: vessel identity, direction, AIS-dark movements, and actual cargo onboard."
2019-04-29,93,51,15,19,4,4,42,2316227,3506975,69.29,41,123.5,111.6,IMF PortWatch Daily_Chokepoints_Data chokepoint6,high_for_chokepoint_calls_low_for_cargo_contents,"Known: daily transit calls by broad vessel class. Unknown: vessel identity, direction, AIS-dark movements, and actual cargo onboard."
2019-04-30,54,33,6,11,2,2,21,1849085,2474440,71.43,42.29,71.7,72.2,IMF PortWatch Daily_Chokepoints_Data chokepoint6,high_for_chokepoint_calls_low_for_cargo_contents,"Known: daily transit calls by broad vessel class. Unknown: vessel identity, direction, AIS-dark movements, and actual cargo onboard."
2019-05-01,50,30,5,12,3,0,20,1159043,1747653,70.14,41.71,66.4,65.7,IMF PortWatch Daily_Chokepoints_Data chokepoint6,high_for_chokepoint_calls_low_for_cargo_contents,"Known: daily transit calls by broad vessel class. Unknown: vessel identity, direction, AIS-dark movements, and actual cargo onboard."
2019-05-02,77,46,10,12,7,2,31,2372706,3136919,71.14,42,102.3,100.7,IMF PortWatch Daily_Chokepoints_Data chokepoint6,high_for_chokepoint_calls_low_for_cargo_contents,"Known: daily transit calls by broad vessel class. Unknown: vessel identity, direction, AIS-dark movements, and actual cargo onboard."
2019-05-03,90,46,17,19,7,1,44,2458929,3605137,75,43.29,119.6,100.7,IMF PortWatch Daily_Chokepoints_Data chokepoint6,high_for_chokepoint_calls_low_for_cargo_contents,"Known: daily transit calls by broad vessel class. Unknown: vessel identity, direction, AIS-dark movements, and actual cargo onboard."
2019-05-04,63,41,8,10,3,1,22,3518777,4469443,71.14,41,83.7,89.8,IMF PortWatch Daily_Chokepoints_Data chokepoint6,high_for_chokepoint_calls_low_for_cargo_contents,"Known: daily transit calls by broad vessel class. Unknown: vessel identity, direction, AIS-dark movements, and actual cargo onboard."
2019-05-05,52,28,11,11,2,0,24,1561489,2521722,68.43,39.29,69.1,61.3,IMF PortWatch Daily_Chokepoints_Data chokepoint6,high_for_chokepoint_calls_low_for_cargo_contents,"Known: daily transit calls by broad vessel class. Unknown: vessel identity, direction, AIS-dark movements, and actual cargo onboard."
2019-05-06,65,37,8,17,1,2,28,2150731,3079015,64.43,37.29,86.3,81.0,IMF PortWatch Daily_Chokepoints_Data chokepoint6,high_for_chokepoint_calls_low_for_cargo_contents,"Known: daily transit calls by broad vessel class. Unknown: vessel identity, direction, AIS-dark movements, and actual cargo onboard."
2019-05-07,72,48,9,8,4,3,24,1962989,2447254,67,39.43,95.6,105.1,IMF PortWatch Daily_Chokepoints_Data chokepoint6,high_for_chokepoint_calls_low_for_cargo_contents,"Known: daily transit calls by broad vessel class. Unknown: vessel identity, direction, AIS-dark movements, and actual cargo onboard."
2019-05-08,87,50,15,19,2,1,37,2724319,3555134,72.29,42.29,115.6,109.5,IMF PortWatch Daily_Chokepoints_Data chokepoint6,high_for_chokepoint_calls_low_for_cargo_contents,"Known: daily transit calls by broad vessel class. Unknown: vessel identity, direction, AIS-dark movements, and actual cargo onboard."
2019-05-09,56,29,13,10,3,1,27,1514470,2232935,69.29,39.86,74.4,63.5,IMF PortWatch Daily_Chokepoints_Data chokepoint6,high_for_chokepoint_calls_low_for_cargo_contents,"Known: daily transit calls by broad vessel class. Unknown: vessel identity, direction, AIS-dark movements, and actual cargo onboard."
2019-05-10,58,39,10,9,0,0,19,1293036,1948875,64.71,38.86,77.0,85.4,IMF PortWatch Daily_Chokepoints_Data chokepoint6,high_for_chokepoint_calls_low_for_cargo_contents,"Known: daily transit calls by broad vessel class. Unknown: vessel identity, direction, AIS-dark movements, and actual cargo onboard."
2019-05-11,61,37,11,12,0,1,24,1469812,2349704,64.43,38.29,81.0,81.0,IMF PortWatch Daily_Chokepoints_Data chokepoint6,high_for_chokepoint_calls_low_for_cargo_contents,"Known: daily transit calls by broad vessel class. Unknown: vessel identity, direction, AIS-dark movements, and actual cargo onboard."
2019-05-12,59,40,8,8,2,1,19,2450323,3065754,65.43,40,78.4,87.6,IMF PortWatch Daily_Chokepoints_Data chokepoint6,high_for_chokepoint_calls_low_for_cargo_contents,"Known: daily transit calls by broad vessel class. Unknown: vessel identity, direction, AIS-dark movements, and actual cargo onboard."
2019-05-13,75,47,11,13,2,2,28,2383458,3079895,66.86,41.43,99.6,102.9,IMF PortWatch Daily_Chokepoints_Data chokepoint6,high_for_chokepoint_calls_low_for_cargo_contents,"Known: daily transit calls by broad vessel class. Unknown: vessel identity, direction, AIS-dark movements, and actual cargo onboard."
2019-05-14,39,18,8,8,3,2,21,1150851,1727517,62.14,37.14,51.8,39.4,IMF PortWatch Daily_Chokepoints_Data chokepoint6,high_for_chokepoint_calls_low_for_cargo_contents,"Known: daily transit calls by broad vessel class. Unknown: vessel identity, direction, AIS-dark movements, and actual cargo onboard."
2019-05-15,70,47,6,16,0,1,23,2828230,3615269,59.71,36.71,93.0,102.9,IMF PortWatch Daily_Chokepoints_Data chokepoint6,high_for_chokepoint_calls_low_for_cargo_contents,"Known: daily transit calls by broad vessel class. Unknown: vessel identity, direction, AIS-dark movements, and actual cargo onboard."
2019-05-16,58,41,5,10,1,1,17,2207725,2591772,60,38.43,77.0,89.8,IMF PortWatch Daily_Chokepoints_Data chokepoint6,high_for_chokepoint_calls_low_for_cargo_contents,"Known: daily transit calls by broad vessel class. Unknown: vessel identity, direction, AIS-dark movements, and actual cargo onboard."
2019-05-17,87,46,14,20,4,3,41,2419184,3553207,64.14,39.43,115.6,100.7,IMF PortWatch Daily_Chokepoints_Data chokepoint6,high_for_chokepoint_calls_low_for_cargo_contents,"Known: daily transit calls by broad vessel class. Unknown: vessel identity, direction, AIS-dark movements, and actual cargo onboard."
2019-05-18,60,37,8,12,0,3,23,1667149,2222630,64,39.43,79.7,81.0,IMF PortWatch Daily_Chokepoints_Data chokepoint6,high_for_chokepoint_calls_low_for_cargo_contents,"Known: daily transit calls by broad vessel class. Unknown: vessel identity, direction, AIS-dark movements, and actual cargo onboard."
2019-05-19,63,42,9,6,4,2,21,2645047,3096972,64.57,39.71,83.7,91.9,IMF PortWatch Daily_Chokepoints_Data chokepoint6,high_for_chokepoint_calls_low_for_cargo_contents,"Known: daily transit calls by broad vessel class. Unknown: vessel identity, direction, AIS-dark movements, and actual cargo onboard."
2019-05-20,57,35,8,11,0,3,22,1651653,2041327,62,38,75.7,76.6,IMF PortWatch Daily_Chokepoints_Data chokepoint6,high_for_chokepoint_calls_low_for_cargo_contents,"Known: daily transit calls by broad vessel class. Unknown: vessel identity, direction, AIS-dark movements, and actual cargo onboard."
2019-05-21,41,27,7,5,1,1,14,2423124,2955436,62.29,39.29,54.5,59.1,IMF PortWatch Daily_Chokepoints_Data chokepoint6,high_for_chokepoint_calls_low_for_cargo_contents,"Known: daily transit calls by broad vessel class. Unknown: vessel identity, direction, AIS-dark movements, and actual cargo onboard."
2019-05-22,59,35,9,9,4,2,24,1349228,1928053,60.71,37.57,78.4,76.6,IMF PortWatch Daily_Chokepoints_Data chokepoint6,high_for_chokepoint_calls_low_for_cargo_contents,"Known: daily transit calls by broad vessel class. Unknown: vessel identity, direction, AIS-dark movements, and actual cargo onboard."
2019-05-23,65,43,7,9,5,1,22,2121730,2516910,61.71,37.86,86.3,94.1,IMF PortWatch Daily_Chokepoints_Data chokepoint6,high_for_chokepoint_calls_low_for_cargo_contents,"Known: daily transit calls by broad vessel class. Unknown: vessel identity, direction, AIS-dark movements, and actual cargo onboard."
2019-05-24,75,42,14,11,5,3,33,1465014,2400414,60,37.29,99.6,91.9,IMF PortWatch Daily_Chokepoints_Data chokepoint6,high_for_chokepoint_calls_low_for_cargo_contents,"Known: daily transit calls by broad vessel class. Unknown: vessel identity, direction, AIS-dark movements, and actual cargo onboard."
2019-05-25,80,47,16,16,0,1,33,2866391,4281554,62.86,38.71,106.3,102.9,IMF PortWatch Daily_Chokepoints_Data chokepoint6,high_for_chokepoint_calls_low_for_cargo_contents,"Known: daily transit calls by broad vessel class. Unknown: vessel identity, direction, AIS-dark movements, and actual cargo onboard."
2019-05-26,67,48,7,12,0,0,19,2053678,2904898,63.43,39.57,89.0,105.1,IMF PortWatch Daily_Chokepoints_Data chokepoint6,high_for_chokepoint_calls_low_for_cargo_contents,"Known: daily transit calls by broad vessel class. Unknown: vessel identity, direction, AIS-dark movements, and actual cargo onboard."
2019-05-27,85,53,15,14,2,1,32,3161050,4474047,67.43,42.14,112.9,116.0,IMF PortWatch Daily_Chokepoints_Data chokepoint6,high_for_chokepoint_calls_low_for_cargo_contents,"Known: daily transit calls by broad vessel class. Unknown: vessel identity, direction, AIS-dark movements, and actual cargo onboard."
2019-05-28,49,25,11,7,5,1,24,1017574,1502992,68.57,41.86,65.1,54.7,IMF PortWatch Daily_Chokepoints_Data chokepoint6,high_for_chokepoint_calls_low_for_cargo_contents,"Known: daily transit calls by broad vessel class. Unknown: vessel identity, direction, AIS-dark movements, and actual cargo onboard."
2019-05-29,88,49,12,22,4,1,39,2039626,3072549,72.71,43.86,116.9,107.3,IMF PortWatch Daily_Chokepoints_Data chokepoint6,high_for_chokepoint_calls_low_for_cargo_contents,"Known: daily transit calls by broad vessel class. Unknown: vessel identity, direction, AIS-dark movements, and actual cargo onboard."
2019-05-30,88,56,13,16,2,1,32,2640169,3398917,76,45.71,116.9,122.6,IMF PortWatch Daily_Chokepoints_Data chokepoint6,high_for_chokepoint_calls_low_for_cargo_contents,"Known: daily transit calls by broad vessel class. Unknown: vessel identity, direction, AIS-dark movements, and actual cargo onboard."
2019-05-31,81,48,14,16,3,0,33,1649583,2853296,76.86,46.57,107.6,105.1,IMF PortWatch Daily_Chokepoints_Data chokepoint6,high_for_chokepoint_calls_low_for_cargo_contents,"Known: daily transit calls by broad vessel class. Unknown: vessel identity, direction, AIS-dark movements, and actual cargo onboard."
2019-06-01,39,26,4,7,0,2,13,1124176,1730151,71,43.57,51.8,56.9,IMF PortWatch Daily_Chokepoints_Data chokepoint6,high_for_chokepoint_calls_low_for_cargo_contents,"Known: daily transit calls by broad vessel class. Unknown: vessel identity, direction, AIS-dark movements, and actual cargo onboard."
2019-06-02,78,50,11,12,4,1,28,2272259,3188094,72.57,43.86,103.6,109.5,IMF PortWatch Daily_Chokepoints_Data chokepoint6,high_for_chokepoint_calls_low_for_cargo_contents,"Known: daily transit calls by broad vessel class. Unknown: vessel identity, direction, AIS-dark movements, and actual cargo onboard."
2019-06-03,82,54,14,9,3,2,28,3820149,4716251,72.14,44,108.9,118.2,IMF PortWatch Daily_Chokepoints_Data chokepoint6,high_for_chokepoint_calls_low_for_cargo_contents,"Known: daily transit calls by broad vessel class. Unknown: vessel identity, direction, AIS-dark movements, and actual cargo onboard."
2019-06-04,93,60,8,19,3,3,33,2381885,3255309,78.43,49,123.5,131.3,IMF PortWatch Daily_Chokepoints_Data chokepoint6,high_for_chokepoint_calls_low_for_cargo_contents,"Known: daily transit calls by broad vessel class. Unknown: vessel identity, direction, AIS-dark movements, and actual cargo onboard."
2019-06-05,42,27,4,10,1,0,15,1167240,1625787,71.86,45.86,55.8,59.1,IMF PortWatch Daily_Chokepoints_Data chokepoint6,high_for_chokepoint_calls_low_for_cargo_contents,"Known: daily transit calls by broad vessel class. Unknown: vessel identity, direction, AIS-dark movements, and actual cargo onboard."
2019-06-06,73,38,16,17,2,0,35,425477,1279838,69.71,43.29,97.0,83.2,IMF PortWatch Daily_Chokepoints_Data chokepoint6,high_for_chokepoint_calls_low_for_cargo_contents,"Known: daily transit calls by broad vessel class. Unknown: vessel identity, direction, AIS-dark movements, and actual cargo onboard."
2019-06-07,77,44,14,14,5,0,33,3407731,4612564,69.14,42.71,102.3,96.3,IMF PortWatch Daily_Chokepoints_Data chokepoint6,high_for_chokepoint_calls_low_for_cargo_contents,"Known: daily transit calls by broad vessel class. Unknown: vessel identity, direction, AIS-dark movements, and actual cargo onboard."
2019-06-08,66,39,8,13,3,3,27,2071350,2951271,73,44.57,87.7,85.4,IMF PortWatch Daily_Chokepoints_Data chokepoint6,high_for_chokepoint_calls_low_for_cargo_contents,"Known: daily transit calls by broad vessel class. Unknown: vessel identity, direction, AIS-dark movements, and actual cargo onboard."
2019-06-09,67,40,8,12,4,3,27,1185369,1834254,71.43,43.14,89.0,87.6,IMF PortWatch Daily_Chokepoints_Data chokepoint6,high_for_chokepoint_calls_low_for_cargo_contents,"Known: daily transit calls by broad vessel class. Unknown: vessel identity, direction, AIS-dark movements, and actual cargo onboard."
2019-06-10,82,45,11,22,1,3,37,2260809,3027778,71.43,41.86,108.9,98.5,IMF PortWatch Daily_Chokepoints_Data chokepoint6,high_for_chokepoint_calls_low_for_cargo_contents,"Known: daily transit calls by broad vessel class. Unknown: vessel identity, direction, AIS-dark movements, and actual cargo onboard."
2019-06-11,79,46,8,16,5,4,33,2655706,3342549,69.43,39.86,104.9,100.7,IMF PortWatch Daily_Chokepoints_Data chokepoint6,high_for_chokepoint_calls_low_for_cargo_contents,"Known: daily transit calls by broad vessel class. Unknown: vessel identity, direction, AIS-dark movements, and actual cargo onboard."
2019-06-12,67,46,6,13,0,2,21,2357276,2864361,73,42.57,89.0,100.7,IMF PortWatch Daily_Chokepoints_Data chokepoint6,high_for_chokepoint_calls_low_for_cargo_contents,"Known: daily transit calls by broad vessel class. Unknown: vessel identity, direction, AIS-dark movements, and actual cargo onboard."
2019-06-13,48,30,9,4,4,1,18,1203614,1703603,69.43,41.43,63.8,65.7,IMF PortWatch Daily_Chokepoints_Data chokepoint6,high_for_chokepoint_calls_low_for_cargo_contents,"Known: daily transit calls by broad vessel class. Unknown: vessel identity, direction, AIS-dark movements, and actual cargo onboard."
2019-06-14,53,31,7,14,0,1,22,1203128,1821609,66,39.57,70.4,67.9,IMF PortWatch Daily_Chokepoints_Data chokepoint6,high_for_chokepoint_calls_low_for_cargo_contents,"Known: daily transit calls by broad vessel class. Unknown: vessel identity, direction, AIS-dark movements, and actual cargo onboard."
2019-06-15,51,24,15,11,1,0,27,782716,1671507,63.86,37.43,67.7,52.5,IMF PortWatch Daily_Chokepoints_Data chokepoint6,high_for_chokepoint_calls_low_for_cargo_contents,"Known: daily transit calls by broad vessel class. Unknown: vessel identity, direction, AIS-dark movements, and actual cargo onboard."
2019-06-16,96,68,16,8,4,0,28,4180198,5013424,68,41.43,127.5,148.9,IMF PortWatch Daily_Chokepoints_Data chokepoint6,high_for_chokepoint_calls_low_for_cargo_contents,"Known: daily transit calls by broad vessel class. Unknown: vessel identity, direction, AIS-dark movements, and actual cargo onboard."
2019-06-17,73,46,10,15,1,1,27,2189726,3508390,66.71,41.57,97.0,100.7,IMF PortWatch Daily_Chokepoints_Data chokepoint6,high_for_chokepoint_calls_low_for_cargo_contents,"Known: daily transit calls by broad vessel class. Unknown: vessel identity, direction, AIS-dark movements, and actual cargo onboard."
2019-06-18,74,42,11,18,2,1,32,2967846,4214665,66,41,98.3,91.9,IMF PortWatch Daily_Chokepoints_Data chokepoint6,high_for_chokepoint_calls_low_for_cargo_contents,"Known: daily transit calls by broad vessel class. Unknown: vessel identity, direction, AIS-dark movements, and actual cargo onboard."
2019-06-19,58,39,7,9,0,3,19,1037945,1628332,64.71,40,77.0,85.4,IMF PortWatch Daily_Chokepoints_Data chokepoint6,high_for_chokepoint_calls_low_for_cargo_contents,"Known: daily transit calls by broad vessel class. Unknown: vessel identity, direction, AIS-dark movements, and actual cargo onboard."
2019-06-20,75,43,11,13,5,3,32,1486181,2234391,68.57,41.86,99.6,94.1,IMF PortWatch Daily_Chokepoints_Data chokepoint6,high_for_chokepoint_calls_low_for_cargo_contents,"Known: daily transit calls by broad vessel class. Unknown: vessel identity, direction, AIS-dark movements, and actual cargo onboard."
2019-06-21,77,42,14,17,1,3,35,2648921,3817405,72,43.43,102.3,91.9,IMF PortWatch Daily_Chokepoints_Data chokepoint6,high_for_chokepoint_calls_low_for_cargo_contents,"Known: daily transit calls by broad vessel class. Unknown: vessel identity, direction, AIS-dark movements, and actual cargo onboard."
2019-06-22,86,50,14,14,6,2,36,1545248,2759015,77,47.14,114.2,109.5,IMF PortWatch Daily_Chokepoints_Data chokepoint6,high_for_chokepoint_calls_low_for_cargo_contents,"Known: daily transit calls by broad vessel class. Unknown: vessel identity, direction, AIS-dark movements, and actual cargo onboard."
2019-06-23,48,30,7,8,2,1,18,1660099,2325176,70.14,41.71,63.8,65.7,IMF PortWatch Daily_Chokepoints_Data chokepoint6,high_for_chokepoint_calls_low_for_cargo_contents,"Known: daily transit calls by broad vessel class. Unknown: vessel identity, direction, AIS-dark movements, and actual cargo onboard."
2019-06-24,102,69,11,15,3,4,33,2657916,3619055,74.29,45,135.5,151.1,IMF PortWatch Daily_Chokepoints_Data chokepoint6,high_for_chokepoint_calls_low_for_cargo_contents,"Known: daily transit calls by broad vessel class. Unknown: vessel identity, direction, AIS-dark movements, and actual cargo onboard."
2019-06-25,90,62,15,10,3,0,28,3645780,4669001,76.57,47.86,119.6,135.7,IMF PortWatch Daily_Chokepoints_Data chokepoint6,high_for_chokepoint_calls_low_for_cargo_contents,"Known: daily transit calls by broad vessel class. Unknown: vessel identity, direction, AIS-dark movements, and actual cargo onboard."
2019-06-26,78,49,10,12,5,2,29,3073393,3913615,79.43,49.29,103.6,107.3,IMF PortWatch Daily_Chokepoints_Data chokepoint6,high_for_chokepoint_calls_low_for_cargo_contents,"Known: daily transit calls by broad vessel class. Unknown: vessel identity, direction, AIS-dark movements, and actual cargo onboard."
2019-06-27,86,51,15,14,5,1,35,2053476,3008855,81,50.43,114.2,111.6,IMF PortWatch Daily_Chokepoints_Data chokepoint6,high_for_chokepoint_calls_low_for_cargo_contents,"Known: daily transit calls by broad vessel class. Unknown: vessel identity, direction, AIS-dark movements, and actual cargo onboard."
2019-06-28,78,45,13,15,3,2,33,2810390,3856065,81.14,50.86,103.6,98.5,IMF PortWatch Daily_Chokepoints_Data chokepoint6,high_for_chokepoint_calls_low_for_cargo_contents,"Known: daily transit calls by broad vessel class. Unknown: vessel identity, direction, AIS-dark movements, and actual cargo onboard."
2019-06-29,63,46,7,6,4,0,17,1521986,1964475,77.86,50.29,83.7,100.7,IMF PortWatch Daily_Chokepoints_Data chokepoint6,high_for_chokepoint_calls_low_for_cargo_contents,"Known: daily transit calls by broad vessel class. Unknown: vessel identity, direction, AIS-dark movements, and actual cargo onboard."
2019-06-30,99,53,21,20,3,2,46,3022622,4398355,85.14,53.57,131.5,116.0,IMF PortWatch Daily_Chokepoints_Data chokepoint6,high_for_chokepoint_calls_low_for_cargo_contents,"Known: daily transit calls by broad vessel class. Unknown: vessel identity, direction, AIS-dark movements, and actual cargo onboard."
2019-07-01,90,56,15,14,2,3,34,2697110,3652712,83.43,51.71,119.6,122.6,IMF PortWatch Daily_Chokepoints_Data chokepoint6,high_for_chokepoint_calls_low_for_cargo_contents,"Known: daily transit calls by broad vessel class. Unknown: vessel identity, direction, AIS-dark movements, and actual cargo onboard."
2019-07-02,72,36,14,9,11,2,36,1462444,2147383,80.86,48,95.6,78.8,IMF PortWatch Daily_Chokepoints_Data chokepoint6,high_for_chokepoint_calls_low_for_cargo_contents,"Known: daily transit calls by broad vessel class. Unknown: vessel identity, direction, AIS-dark movements, and actual cargo onboard."
2019-07-03,102,65,12,18,4,3,37,2946298,3900206,84.29,50.29,135.5,142.3,IMF PortWatch Daily_Chokepoints_Data chokepoint6,high_for_chokepoint_calls_low_for_cargo_contents,"Known: daily transit calls by broad vessel class. Unknown: vessel identity, direction, AIS-dark movements, and actual cargo onboard."
2019-07-04,95,47,20,24,3,1,48,3519533,5270900,85.57,49.71,126.2,102.9,IMF PortWatch Daily_Chokepoints_Data chokepoint6,high_for_chokepoint_calls_low_for_cargo_contents,"Known: daily transit calls by broad vessel class. Unknown: vessel identity, direction, AIS-dark movements, and actual cargo onboard."
2019-07-05,75,45,10,12,4,4,30,2634326,3350295,85.14,49.71,99.6,98.5,IMF PortWatch Daily_Chokepoints_Data chokepoint6,high_for_chokepoint_calls_low_for_cargo_contents,"Known: daily transit calls by broad vessel class. Unknown: vessel identity, direction, AIS-dark movements, and actual cargo onboard."
2019-07-06,102,58,18,20,5,1,44,1711922,2812539,90.71,51.43,135.5,127.0,IMF PortWatch Daily_Chokepoints_Data chokepoint6,high_for_chokepoint_calls_low_for_cargo_contents,"Known: daily transit calls by broad vessel class. Unknown: vessel identity, direction, AIS-dark movements, and actual cargo onboard."
2019-07-07,83,44,14,20,3,2,39,2002728,3105218,88.43,50.14,110.3,96.3,IMF PortWatch Daily_Chokepoints_Data chokepoint6,high_for_chokepoint_calls_low_for_cargo_contents,"Known: daily transit calls by broad vessel class. Unknown: vessel identity, direction, AIS-dark movements, and actual cargo onboard."
2019-07-08,79,46,12,13,6,2,33,1803162,2501387,86.86,48.71,104.9,100.7,IMF PortWatch Daily_Chokepoints_Data chokepoint6,high_for_chokepoint_calls_low_for_cargo_contents,"Known: daily transit calls by broad vessel class. Unknown: vessel identity, direction, AIS-dark movements, and actual cargo onboard."
2019-07-09,64,40,6,12,4,2,24,1203158,1643124,85.71,49.29,85.0,87.6,IMF PortWatch Daily_Chokepoints_Data chokepoint6,high_for_chokepoint_calls_low_for_cargo_contents,"Known: daily transit calls by broad vessel class. Unknown: vessel identity, direction, AIS-dark movements, and actual cargo onboard."
2019-07-10,54,30,7,14,0,3,24,1668314,2069161,78.86,44.29,71.7,65.7,IMF PortWatch Daily_Chokepoints_Data chokepoint6,high_for_chokepoint_calls_low_for_cargo_contents,"Known: daily transit calls by broad vessel class. Unknown: vessel identity, direction, AIS-dark movements, and actual cargo onboard."
2019-07-11,86,50,12,17,3,4,36,2072698,2976407,77.57,44.71,114.2,109.5,IMF PortWatch Daily_Chokepoints_Data chokepoint6,high_for_chokepoint_calls_low_for_cargo_contents,"Known: daily transit calls by broad vessel class. Unknown: vessel identity, direction, AIS-dark movements, and actual cargo onboard."
2019-07-12,95,56,17,12,9,1,39,3294508,4203436,80.43,46.29,126.2,122.6,IMF PortWatch Daily_Chokepoints_Data chokepoint6,high_for_chokepoint_calls_low_for_cargo_contents,"Known: daily transit calls by broad vessel class. Unknown: vessel identity, direction, AIS-dark movements, and actual cargo onboard."
2019-07-13,59,36,11,8,2,2,23,1755430,2451228,74.29,43.14,78.4,78.8,IMF PortWatch Daily_Chokepoints_Data chokepoint6,high_for_chokepoint_calls_low_for_cargo_contents,"Known: daily transit calls by broad vessel class. Unknown: vessel identity, direction, AIS-dark movements, and actual cargo onboard."
2019-07-14,76,39,11,17,7,2,37,1746950,2779293,73.29,42.43,101.0,85.4,IMF PortWatch Daily_Chokepoints_Data chokepoint6,high_for_chokepoint_calls_low_for_cargo_contents,"Known: daily transit calls by broad vessel class. Unknown: vessel identity, direction, AIS-dark movements, and actual cargo onboard."
2019-07-15,84,45,15,16,6,2,39,2102855,3289674,74,42.29,111.6,98.5,IMF PortWatch Daily_Chokepoints_Data chokepoint6,high_for_chokepoint_calls_low_for_cargo_contents,"Known: daily transit calls by broad vessel class. Unknown: vessel identity, direction, AIS-dark movements, and actual cargo onboard."
2019-07-16,77,47,8,14,5,3,30,2442434,3277788,75.86,43.29,102.3,102.9,IMF PortWatch Daily_Chokepoints_Data chokepoint6,high_for_chokepoint_calls_low_for_cargo_contents,"Known: daily transit calls by broad vessel class. Unknown: vessel identity, direction, AIS-dark movements, and actual cargo onboard."
2019-07-17,75,46,14,10,2,3,29,2165205,2975699,78.86,45.57,99.6,100.7,IMF PortWatch Daily_Chokepoints_Data chokepoint6,high_for_chokepoint_calls_low_for_cargo_contents,"Known: daily transit calls by broad vessel class. Unknown: vessel identity, direction, AIS-dark movements, and actual cargo onboard."
2019-07-18,69,40,10,13,4,2,29,1685186,2272617,76.43,44.14,91.7,87.6,IMF PortWatch Daily_Chokepoints_Data chokepoint6,high_for_chokepoint_calls_low_for_cargo_contents,"Known: daily transit calls by broad vessel class. Unknown: vessel identity, direction, AIS-dark movements, and actual cargo onboard."
2019-07-19,68,43,12,8,5,0,25,2065696,2658624,72.57,42.29,90.3,94.1,IMF PortWatch Daily_Chokepoints_Data chokepoint6,high_for_chokepoint_calls_low_for_cargo_contents,"Known: daily transit calls by broad vessel class. Unknown: vessel identity, direction, AIS-dark movements, and actual cargo onboard."
2019-07-20,53,28,10,9,5,1,25,1949181,2488588,71.71,41.14,70.4,61.3,IMF PortWatch Daily_Chokepoints_Data chokepoint6,high_for_chokepoint_calls_low_for_cargo_contents,"Known: daily transit calls by broad vessel class. Unknown: vessel identity, direction, AIS-dark movements, and actual cargo onboard."
2019-07-21,87,54,11,14,4,4,33,2176215,3045641,73.29,43.29,115.6,118.2,IMF PortWatch Daily_Chokepoints_Data chokepoint6,high_for_chokepoint_calls_low_for_cargo_contents,"Known: daily transit calls by broad vessel class. Unknown: vessel identity, direction, AIS-dark movements, and actual cargo onboard."
2019-07-22,83,46,20,11,0,6,37,2583562,3401678,73.14,43.43,110.3,100.7,IMF PortWatch Daily_Chokepoints_Data chokepoint6,high_for_chokepoint_calls_low_for_cargo_contents,"Known: daily transit calls by broad vessel class. Unknown: vessel identity, direction, AIS-dark movements, and actual cargo onboard."
2019-07-23,68,45,5,15,3,0,23,2649431,3704115,71.86,43.14,90.3,98.5,IMF PortWatch Daily_Chokepoints_Data chokepoint6,high_for_chokepoint_calls_low_for_cargo_contents,"Known: daily transit calls by broad vessel class. Unknown: vessel identity, direction, AIS-dark movements, and actual cargo onboard."
2019-07-24,66,46,10,5,3,2,20,2485801,3159427,70.57,43.14,87.7,100.7,IMF PortWatch Daily_Chokepoints_Data chokepoint6,high_for_chokepoint_calls_low_for_cargo_contents,"Known: daily transit calls by broad vessel class. Unknown: vessel identity, direction, AIS-dark movements, and actual cargo onboard."
2019-07-25,61,36,8,11,4,2,25,1129923,1739708,69.43,42.57,81.0,78.8,IMF PortWatch Daily_Chokepoints_Data chokepoint6,high_for_chokepoint_calls_low_for_cargo_contents,"Known: daily transit calls by broad vessel class. Unknown: vessel identity, direction, AIS-dark movements, and actual cargo onboard."
2019-07-26,73,44,14,10,4,1,29,2807478,3689621,70.14,42.71,97.0,96.3,IMF PortWatch Daily_Chokepoints_Data chokepoint6,high_for_chokepoint_calls_low_for_cargo_contents,"Known: daily transit calls by broad vessel class. Unknown: vessel identity, direction, AIS-dark movements, and actual cargo onboard."
2019-07-27,57,36,10,8,2,1,21,1280229,1874453,70.71,43.86,75.7,78.8,IMF PortWatch Daily_Chokepoints_Data chokepoint6,high_for_chokepoint_calls_low_for_cargo_contents,"Known: daily transit calls by broad vessel class. Unknown: vessel identity, direction, AIS-dark movements, and actual cargo onboard."
2019-07-28,73,46,14,9,3,1,27,1926540,2701266,68.71,42.71,97.0,100.7,IMF PortWatch Daily_Chokepoints_Data chokepoint6,high_for_chokepoint_calls_low_for_cargo_contents,"Known: daily transit calls by broad vessel class. Unknown: vessel identity, direction, AIS-dark movements, and actual cargo onboard."
2019-07-29,81,45,12,20,3,1,36,2320599,3602892,68.43,42.57,107.6,98.5,IMF PortWatch Daily_Chokepoints_Data chokepoint6,high_for_chokepoint_calls_low_for_cargo_contents,"Known: daily transit calls by broad vessel class. Unknown: vessel identity, direction, AIS-dark movements, and actual cargo onboard."
2019-07-30,55,32,5,15,3,0,23,1314959,2056887,66.57,40.71,73.1,70.1,IMF PortWatch Daily_Chokepoints_Data chokepoint6,high_for_chokepoint_calls_low_for_cargo_contents,"Known: daily transit calls by broad vessel class. Unknown: vessel identity, direction, AIS-dark movements, and actual cargo onboard."
2019-07-31,74,42,14,14,0,4,32,2949083,3853370,67.71,40.14,98.3,91.9,IMF PortWatch Daily_Chokepoints_Data chokepoint6,high_for_chokepoint_calls_low_for_cargo_contents,"Known: daily transit calls by broad vessel class. Unknown: vessel identity, direction, AIS-dark movements, and actual cargo onboard."
2019-08-01,83,54,12,12,2,3,29,1934992,2774615,70.86,42.71,110.3,118.2,IMF PortWatch Daily_Chokepoints_Data chokepoint6,high_for_chokepoint_calls_low_for_cargo_contents,"Known: daily transit calls by broad vessel class. Unknown: vessel identity, direction, AIS-dark movements, and actual cargo onboard."
2019-08-02,83,47,15,14,4,3,36,2109404,3150008,72.29,43.14,110.3,102.9,IMF PortWatch Daily_Chokepoints_Data chokepoint6,high_for_chokepoint_calls_low_for_cargo_contents,"Known: daily transit calls by broad vessel class. Unknown: vessel identity, direction, AIS-dark movements, and actual cargo onboard."
2019-08-03,62,34,12,10,3,3,28,1845673,2905201,73,42.86,82.4,74.4,IMF PortWatch Daily_Chokepoints_Data chokepoint6,high_for_chokepoint_calls_low_for_cargo_contents,"Known: daily transit calls by broad vessel class. Unknown: vessel identity, direction, AIS-dark movements, and actual cargo onboard."
2019-08-04,54,35,7,7,4,1,19,1633488,2064892,70.29,41.29,71.7,76.6,IMF PortWatch Daily_Chokepoints_Data chokepoint6,high_for_chokepoint_calls_low_for_cargo_contents,"Known: daily transit calls by broad vessel class. Unknown: vessel identity, direction, AIS-dark movements, and actual cargo onboard."
2019-08-05,65,42,10,11,1,1,23,1714567,2375421,68,40.86,86.3,91.9,IMF PortWatch Daily_Chokepoints_Data chokepoint6,high_for_chokepoint_calls_low_for_cargo_contents,"Known: daily transit calls by broad vessel class. Unknown: vessel identity, direction, AIS-dark movements, and actual cargo onboard."
2019-08-06,86,52,16,16,0,2,34,2540766,3402117,72.43,43.71,114.2,113.8,IMF PortWatch Daily_Chokepoints_Data chokepoint6,high_for_chokepoint_calls_low_for_cargo_contents,"Known: daily transit calls by broad vessel class. Unknown: vessel identity, direction, AIS-dark movements, and actual cargo onboard."
2019-08-07,91,51,14,19,5,2,40,2352915,3502062,74.86,45,120.9,111.6,IMF PortWatch Daily_Chokepoints_Data chokepoint6,high_for_chokepoint_calls_low_for_cargo_contents,"Known: daily transit calls by broad vessel class. Unknown: vessel identity, direction, AIS-dark movements, and actual cargo onboard."
2019-08-08,83,52,9,10,7,5,31,2696775,3299538,74.86,44.71,110.3,113.8,IMF PortWatch Daily_Chokepoints_Data chokepoint6,high_for_chokepoint_calls_low_for_cargo_contents,"Known: daily transit calls by broad vessel class. Unknown: vessel identity, direction, AIS-dark movements, and actual cargo onboard."
2019-08-09,51,27,11,9,3,1,24,1488425,2206439,70.29,41.86,67.7,59.1,IMF PortWatch Daily_Chokepoints_Data chokepoint6,high_for_chokepoint_calls_low_for_cargo_contents,"Known: daily transit calls by broad vessel class. Unknown: vessel identity, direction, AIS-dark movements, and actual cargo onboard."
2019-08-10,88,58,8,20,1,1,30,2865393,3775150,74,45.29,116.9,127.0,IMF PortWatch Daily_Chokepoints_Data chokepoint6,high_for_chokepoint_calls_low_for_cargo_contents,"Known: daily transit calls by broad vessel class. Unknown: vessel identity, direction, AIS-dark movements, and actual cargo onboard."
2019-08-11,76,39,16,15,5,1,37,2251066,3262370,77.14,45.86,101.0,85.4,IMF PortWatch Daily_Chokepoints_Data chokepoint6,high_for_chokepoint_calls_low_for_cargo_contents,"Known: daily transit calls by broad vessel class. Unknown: vessel identity, direction, AIS-dark movements, and actual cargo onboard."
2019-08-12,75,42,15,14,3,1,33,2037012,3148936,78.57,45.86,99.6,91.9,IMF PortWatch Daily_Chokepoints_Data chokepoint6,high_for_chokepoint_calls_low_for_cargo_contents,"Known: daily transit calls by broad vessel class. Unknown: vessel identity, direction, AIS-dark movements, and actual cargo onboard."
2019-08-13,72,48,11,11,1,1,24,2360768,2977582,76.57,45.29,95.6,105.1,IMF PortWatch Daily_Chokepoints_Data chokepoint6,high_for_chokepoint_calls_low_for_cargo_contents,"Known: daily transit calls by broad vessel class. Unknown: vessel identity, direction, AIS-dark movements, and actual cargo onboard."
2019-08-14,52,29,11,11,0,1,23,977813,1748798,71,42.14,69.1,63.5,IMF PortWatch Daily_Chokepoints_Data chokepoint6,high_for_chokepoint_calls_low_for_cargo_contents,"Known: daily transit calls by broad vessel class. Unknown: vessel identity, direction, AIS-dark movements, and actual cargo onboard."
2019-08-15,73,39,12,17,3,2,34,2562268,3584369,69.57,40.29,97.0,85.4,IMF PortWatch Daily_Chokepoints_Data chokepoint6,high_for_chokepoint_calls_low_for_cargo_contents,"Known: daily transit calls by broad vessel class. Unknown: vessel identity, direction, AIS-dark movements, and actual cargo onboard."
2019-08-16,67,45,11,8,2,1,22,2253126,3142548,71.86,42.86,89.0,98.5,IMF PortWatch Daily_Chokepoints_Data chokepoint6,high_for_chokepoint_calls_low_for_cargo_contents,"Known: daily transit calls by broad vessel class. Unknown: vessel identity, direction, AIS-dark movements, and actual cargo onboard."
2019-08-17,79,49,14,11,4,1,30,2646207,3483514,70.57,41.57,104.9,107.3,IMF PortWatch Daily_Chokepoints_Data chokepoint6,high_for_chokepoint_calls_low_for_cargo_contents,"Known: daily transit calls by broad vessel class. Unknown: vessel identity, direction, AIS-dark movements, and actual cargo onboard."
2019-08-18,67,45,9,7,5,1,22,2253464,2947045,69.29,42.43,89.0,98.5,IMF PortWatch Daily_Chokepoints_Data chokepoint6,high_for_chokepoint_calls_low_for_cargo_contents,"Known: daily transit calls by broad vessel class. Unknown: vessel identity, direction, AIS-dark movements, and actual cargo onboard."
2019-08-19,60,35,10,12,1,2,25,1721592,2525663,67.14,41.43,79.7,76.6,IMF PortWatch Daily_Chokepoints_Data chokepoint6,high_for_chokepoint_calls_low_for_cargo_contents,"Known: daily transit calls by broad vessel class. Unknown: vessel identity, direction, AIS-dark movements, and actual cargo onboard."
2019-08-20,59,35,11,9,1,3,24,2271474,3081175,65.29,39.57,78.4,76.6,IMF PortWatch Daily_Chokepoints_Data chokepoint6,high_for_chokepoint_calls_low_for_cargo_contents,"Known: daily transit calls by broad vessel class. Unknown: vessel identity, direction, AIS-dark movements, and actual cargo onboard."
2019-08-21,87,57,8,18,2,2,30,2135314,3010054,70.29,43.57,115.6,124.8,IMF PortWatch Daily_Chokepoints_Data chokepoint6,high_for_chokepoint_calls_low_for_cargo_contents,"Known: daily transit calls by broad vessel class. Unknown: vessel identity, direction, AIS-dark movements, and actual cargo onboard."
2019-08-22,64,40,10,11,3,0,24,1898292,2517164,69,43.71,85.0,87.6,IMF PortWatch Daily_Chokepoints_Data chokepoint6,high_for_chokepoint_calls_low_for_cargo_contents,"Known: daily transit calls by broad vessel class. Unknown: vessel identity, direction, AIS-dark movements, and actual cargo onboard."
2019-08-23,75,41,11,15,5,3,34,2136123,3245621,70.14,43.14,99.6,89.8,IMF PortWatch Daily_Chokepoints_Data chokepoint6,high_for_chokepoint_calls_low_for_cargo_contents,"Known: daily transit calls by broad vessel class. Unknown: vessel identity, direction, AIS-dark movements, and actual cargo onboard."
2019-08-24,83,46,20,14,2,1,37,2698760,3887589,70.71,42.71,110.3,100.7,IMF PortWatch Daily_Chokepoints_Data chokepoint6,high_for_chokepoint_calls_low_for_cargo_contents,"Known: daily transit calls by broad vessel class. Unknown: vessel identity, direction, AIS-dark movements, and actual cargo onboard."
2019-08-25,78,43,17,11,2,5,35,2932211,3828923,72.29,42.43,103.6,94.1,IMF PortWatch Daily_Chokepoints_Data chokepoint6,high_for_chokepoint_calls_low_for_cargo_contents,"Known: daily transit calls by broad vessel class. Unknown: vessel identity, direction, AIS-dark movements, and actual cargo onboard."
2019-08-26,82,53,11,13,3,2,29,1857617,2783581,75.43,45,108.9,116.0,IMF PortWatch Daily_Chokepoints_Data chokepoint6,high_for_chokepoint_calls_low_for_cargo_contents,"Known: daily transit calls by broad vessel class. Unknown: vessel identity, direction, AIS-dark movements, and actual cargo onboard."
2019-08-27,76,43,14,15,3,1,33,2425568,3274189,77.86,46.14,101.0,94.1,IMF PortWatch Daily_Chokepoints_Data chokepoint6,high_for_chokepoint_calls_low_for_cargo_contents,"Known: daily transit calls by broad vessel class. Unknown: vessel identity, direction, AIS-dark movements, and actual cargo onboard."
2019-08-28,64,43,8,12,0,1,21,2634039,3390208,74.57,44.14,85.0,94.1,IMF PortWatch Daily_Chokepoints_Data chokepoint6,high_for_chokepoint_calls_low_for_cargo_contents,"Known: daily transit calls by broad vessel class. Unknown: vessel identity, direction, AIS-dark movements, and actual cargo onboard."
2019-08-29,87,51,14,12,10,0,36,2852108,3777093,77.86,45.71,115.6,111.6,IMF PortWatch Daily_Chokepoints_Data chokepoint6,high_for_chokepoint_calls_low_for_cargo_contents,"Known: daily transit calls by broad vessel class. Unknown: vessel identity, direction, AIS-dark movements, and actual cargo onboard."
2019-08-30,81,51,10,14,5,1,30,2060171,2929764,78.71,47.14,107.6,111.6,IMF PortWatch Daily_Chokepoints_Data chokepoint6,high_for_chokepoint_calls_low_for_cargo_contents,"Known: daily transit calls by broad vessel class. Unknown: vessel identity, direction, AIS-dark movements, and actual cargo onboard."
2019-08-31,64,42,11,8,1,2,22,2120342,2892543,76,46.57,85.0,91.9,IMF PortWatch Daily_Chokepoints_Data chokepoint6,high_for_chokepoint_calls_low_for_cargo_contents,"Known: daily transit calls by broad vessel class. Unknown: vessel identity, direction, AIS-dark movements, and actual cargo onboard."
2019-09-01,76,41,17,14,3,1,35,1858579,2705598,75.71,46.29,101.0,89.8,IMF PortWatch Daily_Chokepoints_Data chokepoint6,high_for_chokepoint_calls_low_for_cargo_contents,"Known: daily transit calls by broad vessel class. Unknown: vessel identity, direction, AIS-dark movements, and actual cargo onboard."
2019-09-02,61,37,9,13,1,1,24,2309573,3105161,72.71,44,81.0,81.0,IMF PortWatch Daily_Chokepoints_Data chokepoint6,high_for_chokepoint_calls_low_for_cargo_contents,"Known: daily transit calls by broad vessel class. Unknown: vessel identity, direction, AIS-dark movements, and actual cargo onboard."
2019-09-03,63,32,16,12,1,2,31,2669959,3544077,70.86,42.43,83.7,70.1,IMF PortWatch Daily_Chokepoints_Data chokepoint6,high_for_chokepoint_calls_low_for_cargo_contents,"Known: daily transit calls by broad vessel class. Unknown: vessel identity, direction, AIS-dark movements, and actual cargo onboard."
2019-09-04,81,44,14,21,1,1,37,3080643,3989332,73.29,42.57,107.6,96.3,IMF PortWatch Daily_Chokepoints_Data chokepoint6,high_for_chokepoint_calls_low_for_cargo_contents,"Known: daily transit calls by broad vessel class. Unknown: vessel identity, direction, AIS-dark movements, and actual cargo onboard."
2019-09-05,79,47,11,16,3,2,32,2550205,3488864,72.14,42,104.9,102.9,IMF PortWatch Daily_Chokepoints_Data chokepoint6,high_for_chokepoint_calls_low_for_cargo_contents,"Known: daily transit calls by broad vessel class. Unknown: vessel identity, direction, AIS-dark movements, and actual cargo onboard."
2019-09-06,84,52,9,17,5,1,32,2818898,3846572,72.57,42.14,111.6,113.8,IMF PortWatch Daily_Chokepoints_Data chokepoint6,high_for_chokepoint_calls_low_for_cargo_contents,"Known: daily transit calls by broad vessel class. Unknown: vessel identity, direction, AIS-dark movements, and actual cargo onboard."
2019-09-07,78,46,12,11,7,2,32,1947167,2890857,74.57,42.71,103.6,100.7,IMF PortWatch Daily_Chokepoints_Data chokepoint6,high_for_chokepoint_calls_low_for_cargo_contents,"Known: daily transit calls by broad vessel class. Unknown: vessel identity, direction, AIS-dark movements, and actual cargo onboard."
2019-09-08,72,36,16,13,2,5,36,1876328,2716062,74,42,95.6,78.8,IMF PortWatch Daily_Chokepoints_Data chokepoint6,high_for_chokepoint_calls_low_for_cargo_contents,"Known: daily transit calls by broad vessel class. Unknown: vessel identity, direction, AIS-dark movements, and actual cargo onboard."
2019-09-09,73,52,10,8,2,1,21,2535365,3175756,75.71,44.14,97.0,113.8,IMF PortWatch Daily_Chokepoints_Data chokepoint6,high_for_chokepoint_calls_low_for_cargo_contents,"Known: daily transit calls by broad vessel class. Unknown: vessel identity, direction, AIS-dark movements, and actual cargo onboard."
2019-09-10,75,40,10,16,6,3,35,2863745,3692391,77.43,45.29,99.6,87.6,IMF PortWatch Daily_Chokepoints_Data chokepoint6,high_for_chokepoint_calls_low_for_cargo_contents,"Known: daily transit calls by broad vessel class. Unknown: vessel identity, direction, AIS-dark movements, and actual cargo onboard."
2019-09-11,72,43,14,10,4,1,29,1248453,2336636,76.14,45.14,95.6,94.1,IMF PortWatch Daily_Chokepoints_Data chokepoint6,high_for_chokepoint_calls_low_for_cargo_contents,"Known: daily transit calls by broad vessel class. Unknown: vessel identity, direction, AIS-dark movements, and actual cargo onboard."
2019-09-12,52,32,10,8,1,1,20,1832925,2379617,72.29,43,69.1,70.1,IMF PortWatch Daily_Chokepoints_Data chokepoint6,high_for_chokepoint_calls_low_for_cargo_contents,"Known: daily transit calls by broad vessel class. Unknown: vessel identity, direction, AIS-dark movements, and actual cargo onboard."
2019-09-13,54,35,10,6,2,1,19,1735284,2378022,68,40.57,71.7,76.6,IMF PortWatch Daily_Chokepoints_Data chokepoint6,high_for_chokepoint_calls_low_for_cargo_contents,"Known: daily transit calls by broad vessel class. Unknown: vessel identity, direction, AIS-dark movements, and actual cargo onboard."
2019-09-14,96,53,16,17,6,4,43,3252541,4217037,70.57,41.57,127.5,116.0,IMF PortWatch Daily_Chokepoints_Data chokepoint6,high_for_chokepoint_calls_low_for_cargo_contents,"Known: daily transit calls by broad vessel class. Unknown: vessel identity, direction, AIS-dark movements, and actual cargo onboard."
2019-09-15,67,38,12,15,1,1,29,1764877,2698198,69.86,41.86,89.0,83.2,IMF PortWatch Daily_Chokepoints_Data chokepoint6,high_for_chokepoint_calls_low_for_cargo_contents,"Known: daily transit calls by broad vessel class. Unknown: vessel identity, direction, AIS-dark movements, and actual cargo onboard."
2019-09-16,89,47,20,14,2,6,42,2034286,3274458,72.14,41.14,118.2,102.9,IMF PortWatch Daily_Chokepoints_Data chokepoint6,high_for_chokepoint_calls_low_for_cargo_contents,"Known: daily transit calls by broad vessel class. Unknown: vessel identity, direction, AIS-dark movements, and actual cargo onboard."
2019-09-17,73,44,10,14,4,1,29,1325944,2270179,71.86,41.71,97.0,96.3,IMF PortWatch Daily_Chokepoints_Data chokepoint6,high_for_chokepoint_calls_low_for_cargo_contents,"Known: daily transit calls by broad vessel class. Unknown: vessel identity, direction, AIS-dark movements, and actual cargo onboard."
2019-09-18,40,28,5,5,1,1,12,1288690,1618735,67.29,39.57,53.1,61.3,IMF PortWatch Daily_Chokepoints_Data chokepoint6,high_for_chokepoint_calls_low_for_cargo_contents,"Known: daily transit calls by broad vessel class. Unknown: vessel identity, direction, AIS-dark movements, and actual cargo onboard."
2019-09-19,55,33,8,9,3,2,22,2013805,2432890,67.71,39.71,73.1,72.2,IMF PortWatch Daily_Chokepoints_Data chokepoint6,high_for_chokepoint_calls_low_for_cargo_contents,"Known: daily transit calls by broad vessel class. Unknown: vessel identity, direction, AIS-dark movements, and actual cargo onboard."
2019-09-20,80,46,10,19,4,1,34,1513001,2561075,71.43,41.29,106.3,100.7,IMF PortWatch Daily_Chokepoints_Data chokepoint6,high_for_chokepoint_calls_low_for_cargo_contents,"Known: daily transit calls by broad vessel class. Unknown: vessel identity, direction, AIS-dark movements, and actual cargo onboard."
2019-09-21,56,32,10,9,3,2,24,2597679,3187007,65.71,38.29,74.4,70.1,IMF PortWatch Daily_Chokepoints_Data chokepoint6,high_for_chokepoint_calls_low_for_cargo_contents,"Known: daily transit calls by broad vessel class. Unknown: vessel identity, direction, AIS-dark movements, and actual cargo onboard."
2019-09-22,69,41,11,14,1,2,28,1805822,2272352,66,38.71,91.7,89.8,IMF PortWatch Daily_Chokepoints_Data chokepoint6,high_for_chokepoint_calls_low_for_cargo_contents,"Known: daily transit calls by broad vessel class. Unknown: vessel identity, direction, AIS-dark movements, and actual cargo onboard."
2019-09-23,56,31,11,9,3,2,25,1191157,1677466,61.29,36.43,74.4,67.9,IMF PortWatch Daily_Chokepoints_Data chokepoint6,high_for_chokepoint_calls_low_for_cargo_contents,"Known: daily transit calls by broad vessel class. Unknown: vessel identity, direction, AIS-dark movements, and actual cargo onboard."
2019-09-24,61,36,11,9,2,3,25,1280412,2051224,59.57,35.29,81.0,78.8,IMF PortWatch Daily_Chokepoints_Data chokepoint6,high_for_chokepoint_calls_low_for_cargo_contents,"Known: daily transit calls by broad vessel class. Unknown: vessel identity, direction, AIS-dark movements, and actual cargo onboard."
2019-09-25,57,33,12,10,1,1,24,1621049,2365927,62,36,75.7,72.2,IMF PortWatch Daily_Chokepoints_Data chokepoint6,high_for_chokepoint_calls_low_for_cargo_contents,"Known: daily transit calls by broad vessel class. Unknown: vessel identity, direction, AIS-dark movements, and actual cargo onboard."
2019-09-26,49,27,7,10,3,2,22,1487118,1838804,61.14,35.14,65.1,59.1,IMF PortWatch Daily_Chokepoints_Data chokepoint6,high_for_chokepoint_calls_low_for_cargo_contents,"Known: daily transit calls by broad vessel class. Unknown: vessel identity, direction, AIS-dark movements, and actual cargo onboard."
2019-09-27,56,34,5,14,3,0,22,1899623,2759666,57.71,33.43,74.4,74.4,IMF PortWatch Daily_Chokepoints_Data chokepoint6,high_for_chokepoint_calls_low_for_cargo_contents,"Known: daily transit calls by broad vessel class. Unknown: vessel identity, direction, AIS-dark movements, and actual cargo onboard."
2019-09-28,84,47,13,22,1,1,37,2101482,2974131,61.71,35.57,111.6,102.9,IMF PortWatch Daily_Chokepoints_Data chokepoint6,high_for_chokepoint_calls_low_for_cargo_contents,"Known: daily transit calls by broad vessel class. Unknown: vessel identity, direction, AIS-dark movements, and actual cargo onboard."
2019-09-29,95,57,21,13,4,0,38,2171485,3589011,65.43,37.86,126.2,124.8,IMF PortWatch Daily_Chokepoints_Data chokepoint6,high_for_chokepoint_calls_low_for_cargo_contents,"Known: daily transit calls by broad vessel class. Unknown: vessel identity, direction, AIS-dark movements, and actual cargo onboard."
2019-09-30,71,47,9,12,1,2,24,1976483,2746898,67.57,40.14,94.3,102.9,IMF PortWatch Daily_Chokepoints_Data chokepoint6,high_for_chokepoint_calls_low_for_cargo_contents,"Known: daily transit calls by broad vessel class. Unknown: vessel identity, direction, AIS-dark movements, and actual cargo onboard."
2019-10-01,65,42,11,11,0,1,23,1441665,2004006,68.14,41,86.3,91.9,IMF PortWatch Daily_Chokepoints_Data chokepoint6,high_for_chokepoint_calls_low_for_cargo_contents,"Known: daily transit calls by broad vessel class. Unknown: vessel identity, direction, AIS-dark movements, and actual cargo onboard."
2019-10-02,69,40,11,14,3,1,29,3050531,3889386,69.86,42,91.7,87.6,IMF PortWatch Daily_Chokepoints_Data chokepoint6,high_for_chokepoint_calls_low_for_cargo_contents,"Known: daily transit calls by broad vessel class. Unknown: vessel identity, direction, AIS-dark movements, and actual cargo onboard."
2019-10-03,40,26,5,5,1,3,14,1441933,1828240,68.57,41.86,53.1,56.9,IMF PortWatch Daily_Chokepoints_Data chokepoint6,high_for_chokepoint_calls_low_for_cargo_contents,"Known: daily transit calls by broad vessel class. Unknown: vessel identity, direction, AIS-dark movements, and actual cargo onboard."
2019-10-04,33,27,0,3,3,0,6,2045343,2188285,65.29,40.86,43.8,59.1,IMF PortWatch Daily_Chokepoints_Data chokepoint6,high_for_chokepoint_calls_low_for_cargo_contents,"Known: daily transit calls by broad vessel class. Unknown: vessel identity, direction, AIS-dark movements, and actual cargo onboard."
2019-10-05,75,44,13,11,4,3,31,2387086,3180401,64,40.43,99.6,96.3,IMF PortWatch Daily_Chokepoints_Data chokepoint6,high_for_chokepoint_calls_low_for_cargo_contents,"Known: daily transit calls by broad vessel class. Unknown: vessel identity, direction, AIS-dark movements, and actual cargo onboard."
2019-10-06,59,33,13,11,2,0,26,1568176,2552245,58.86,37,78.4,72.2,IMF PortWatch Daily_Chokepoints_Data chokepoint6,high_for_chokepoint_calls_low_for_cargo_contents,"Known: daily transit calls by broad vessel class. Unknown: vessel identity, direction, AIS-dark movements, and actual cargo onboard."
2019-10-07,48,33,6,5,3,1,15,1110096,1536761,55.57,35,63.8,72.2,IMF PortWatch Daily_Chokepoints_Data chokepoint6,high_for_chokepoint_calls_low_for_cargo_contents,"Known: daily transit calls by broad vessel class. Unknown: vessel identity, direction, AIS-dark movements, and actual cargo onboard."
2019-10-08,60,35,8,11,2,4,25,1934676,2404867,54.86,34,79.7,76.6,IMF PortWatch Daily_Chokepoints_Data chokepoint6,high_for_chokepoint_calls_low_for_cargo_contents,"Known: daily transit calls by broad vessel class. Unknown: vessel identity, direction, AIS-dark movements, and actual cargo onboard."
2019-10-09,68,42,8,10,3,5,26,2620992,3012985,54.71,34.29,90.3,91.9,IMF PortWatch Daily_Chokepoints_Data chokepoint6,high_for_chokepoint_calls_low_for_cargo_contents,"Known: daily transit calls by broad vessel class. Unknown: vessel identity, direction, AIS-dark movements, and actual cargo onboard."
2019-10-10,68,45,10,11,1,1,23,2347589,2909193,58.71,37,90.3,98.5,IMF PortWatch Daily_Chokepoints_Data chokepoint6,high_for_chokepoint_calls_low_for_cargo_contents,"Known: daily transit calls by broad vessel class. Unknown: vessel identity, direction, AIS-dark movements, and actual cargo onboard."
2019-10-11,55,41,7,5,1,1,14,2448675,2783891,61.86,39,73.1,89.8,IMF PortWatch Daily_Chokepoints_Data chokepoint6,high_for_chokepoint_calls_low_for_cargo_contents,"Known: daily transit calls by broad vessel class. Unknown: vessel identity, direction, AIS-dark movements, and actual cargo onboard."
2019-10-12,67,31,17,15,3,1,36,1800615,2631075,60.71,37.14,89.0,67.9,IMF PortWatch Daily_Chokepoints_Data chokepoint6,high_for_chokepoint_calls_low_for_cargo_contents,"Known: daily transit calls by broad vessel class. Unknown: vessel identity, direction, AIS-dark movements, and actual cargo onboard."
2019-10-13,66,42,13,7,2,2,24,2160944,2864577,61.71,38.43,87.7,91.9,IMF PortWatch Daily_Chokepoints_Data chokepoint6,high_for_chokepoint_calls_low_for_cargo_contents,"Known: daily transit calls by broad vessel class. Unknown: vessel identity, direction, AIS-dark movements, and actual cargo onboard."
2019-10-14,79,45,16,11,4,3,34,2125594,3339469,66.14,40.14,104.9,98.5,IMF PortWatch Daily_Chokepoints_Data chokepoint6,high_for_chokepoint_calls_low_for_cargo_contents,"Known: daily transit calls by broad vessel class. Unknown: vessel identity, direction, AIS-dark movements, and actual cargo onboard."
2019-10-15,75,47,10,12,3,3,28,2065725,2628363,68.29,41.86,99.6,102.9,IMF PortWatch Daily_Chokepoints_Data chokepoint6,high_for_chokepoint_calls_low_for_cargo_contents,"Known: daily transit calls by broad vessel class. Unknown: vessel identity, direction, AIS-dark movements, and actual cargo onboard."
2019-10-16,89,57,12,16,2,2,32,3257073,4043487,71.29,44,118.2,124.8,IMF PortWatch Daily_Chokepoints_Data chokepoint6,high_for_chokepoint_calls_low_for_cargo_contents,"Known: daily transit calls by broad vessel class. Unknown: vessel identity, direction, AIS-dark movements, and actual cargo onboard."
2019-10-17,94,62,12,12,6,2,32,2780829,3499025,75,46.43,124.9,135.7,IMF PortWatch Daily_Chokepoints_Data chokepoint6,high_for_chokepoint_calls_low_for_cargo_contents,"Known: daily transit calls by broad vessel class. Unknown: vessel identity, direction, AIS-dark movements, and actual cargo onboard."
2019-10-18,64,36,8,13,3,4,28,2865887,3712131,76.29,45.71,85.0,78.8,IMF PortWatch Daily_Chokepoints_Data chokepoint6,high_for_chokepoint_calls_low_for_cargo_contents,"Known: daily transit calls by broad vessel class. Unknown: vessel identity, direction, AIS-dark movements, and actual cargo onboard."
2019-10-19,37,23,4,8,2,0,14,1266350,1576260,72,44.57,49.1,50.4,IMF PortWatch Daily_Chokepoints_Data chokepoint6,high_for_chokepoint_calls_low_for_cargo_contents,"Known: daily transit calls by broad vessel class. Unknown: vessel identity, direction, AIS-dark movements, and actual cargo onboard."
2019-10-20,88,48,20,19,0,1,40,1961459,3312662,75.14,45.43,116.9,105.1,IMF PortWatch Daily_Chokepoints_Data chokepoint6,high_for_chokepoint_calls_low_for_cargo_contents,"Known: daily transit calls by broad vessel class. Unknown: vessel identity, direction, AIS-dark movements, and actual cargo onboard."
2019-10-21,55,34,9,8,2,2,21,1969772,2729133,71.71,43.86,73.1,74.4,IMF PortWatch Daily_Chokepoints_Data chokepoint6,high_for_chokepoint_calls_low_for_cargo_contents,"Known: daily transit calls by broad vessel class. Unknown: vessel identity, direction, AIS-dark movements, and actual cargo onboard."
2019-10-22,65,37,11,15,1,1,28,1171899,1963862,70.29,42.43,86.3,81.0,IMF PortWatch Daily_Chokepoints_Data chokepoint6,high_for_chokepoint_calls_low_for_cargo_contents,"Known: daily transit calls by broad vessel class. Unknown: vessel identity, direction, AIS-dark movements, and actual cargo onboard."
2019-10-23,74,44,13,7,8,2,30,2521811,3182452,68.14,40.57,98.3,96.3,IMF PortWatch Daily_Chokepoints_Data chokepoint6,high_for_chokepoint_calls_low_for_cargo_contents,"Known: daily transit calls by broad vessel class. Unknown: vessel identity, direction, AIS-dark movements, and actual cargo onboard."
2019-10-24,50,33,3,10,2,2,17,2017600,2194093,61.86,36.43,66.4,72.2,IMF PortWatch Daily_Chokepoints_Data chokepoint6,high_for_chokepoint_calls_low_for_cargo_contents,"Known: daily transit calls by broad vessel class. Unknown: vessel identity, direction, AIS-dark movements, and actual cargo onboard."
2019-10-25,69,42,13,10,2,2,27,1887413,2573570,62.57,37.29,91.7,91.9,IMF PortWatch Daily_Chokepoints_Data chokepoint6,high_for_chokepoint_calls_low_for_cargo_contents,"Known: daily transit calls by broad vessel class. Unknown: vessel identity, direction, AIS-dark movements, and actual cargo onboard."
2019-10-26,65,42,11,9,2,1,23,2198546,2795153,66.57,40,86.3,91.9,IMF PortWatch Daily_Chokepoints_Data chokepoint6,high_for_chokepoint_calls_low_for_cargo_contents,"Known: daily transit calls by broad vessel class. Unknown: vessel identity, direction, AIS-dark movements, and actual cargo onboard."
2019-10-27,66,35,11,15,1,4,31,2085261,3263681,63.43,38.14,87.7,76.6,IMF PortWatch Daily_Chokepoints_Data chokepoint6,high_for_chokepoint_calls_low_for_cargo_contents,"Known: daily transit calls by broad vessel class. Unknown: vessel identity, direction, AIS-dark movements, and actual cargo onboard."
2019-10-28,40,22,5,9,3,1,18,1603412,1815869,61.29,36.43,53.1,48.2,IMF PortWatch Daily_Chokepoints_Data chokepoint6,high_for_chokepoint_calls_low_for_cargo_contents,"Known: daily transit calls by broad vessel class. Unknown: vessel identity, direction, AIS-dark movements, and actual cargo onboard."
2019-10-29,64,42,8,10,4,0,22,2374294,3105979,61.14,37.14,85.0,91.9,IMF PortWatch Daily_Chokepoints_Data chokepoint6,high_for_chokepoint_calls_low_for_cargo_contents,"Known: daily transit calls by broad vessel class. Unknown: vessel identity, direction, AIS-dark movements, and actual cargo onboard."
2019-10-30,88,59,9,17,1,2,29,1994362,2935139,63.14,39.29,116.9,129.2,IMF PortWatch Daily_Chokepoints_Data chokepoint6,high_for_chokepoint_calls_low_for_cargo_contents,"Known: daily transit calls by broad vessel class. Unknown: vessel identity, direction, AIS-dark movements, and actual cargo onboard."
2019-10-31,60,38,10,9,2,1,22,1538861,2205467,64.57,40,79.7,83.2,IMF PortWatch Daily_Chokepoints_Data chokepoint6,high_for_chokepoint_calls_low_for_cargo_contents,"Known: daily transit calls by broad vessel class. Unknown: vessel identity, direction, AIS-dark movements, and actual cargo onboard."
2019-11-01,68,43,10,10,4,1,25,2356759,3044613,64.43,40.14,90.3,94.1,IMF PortWatch Daily_Chokepoints_Data chokepoint6,high_for_chokepoint_calls_low_for_cargo_contents,"Known: daily transit calls by broad vessel class. Unknown: vessel identity, direction, AIS-dark movements, and actual cargo onboard."
2019-11-02,49,31,8,5,2,3,18,313656,828665,62.14,38.57,65.1,67.9,IMF PortWatch Daily_Chokepoints_Data chokepoint6,high_for_chokepoint_calls_low_for_cargo_contents,"Known: daily transit calls by broad vessel class. Unknown: vessel identity, direction, AIS-dark movements, and actual cargo onboard."
2019-11-03,39,24,8,6,0,1,15,1506169,1825138,58.29,37,51.8,52.5,IMF PortWatch Daily_Chokepoints_Data chokepoint6,high_for_chokepoint_calls_low_for_cargo_contents,"Known: daily transit calls by broad vessel class. Unknown: vessel identity, direction, AIS-dark movements, and actual cargo onboard."
2019-11-04,64,40,10,10,3,1,24,2525665,3447101,61.71,39.57,85.0,87.6,IMF PortWatch Daily_Chokepoints_Data chokepoint6,high_for_chokepoint_calls_low_for_cargo_contents,"Known: daily transit calls by broad vessel class. Unknown: vessel identity, direction, AIS-dark movements, and actual cargo onboard."
2019-11-05,49,25,9,11,4,0,24,2200883,3191182,59.57,37.14,65.1,54.7,IMF PortWatch Daily_Chokepoints_Data chokepoint6,high_for_chokepoint_calls_low_for_cargo_contents,"Known: daily transit calls by broad vessel class. Unknown: vessel identity, direction, AIS-dark movements, and actual cargo onboard."
2019-11-06,57,38,9,10,0,0,19,2052174,2748299,55.14,34.14,75.7,83.2,IMF PortWatch Daily_Chokepoints_Data chokepoint6,high_for_chokepoint_calls_low_for_cargo_contents,"Known: daily transit calls by broad vessel class. Unknown: vessel identity, direction, AIS-dark movements, and actual cargo onboard."
2019-11-07,48,27,8,5,4,4,21,924750,1441752,53.43,32.57,63.8,59.1,IMF PortWatch Daily_Chokepoints_Data chokepoint6,high_for_chokepoint_calls_low_for_cargo_contents,"Known: daily transit calls by broad vessel class. Unknown: vessel identity, direction, AIS-dark movements, and actual cargo onboard."
2019-11-08,56,39,6,8,2,1,17,2162359,2696823,51.71,32,74.4,85.4,IMF PortWatch Daily_Chokepoints_Data chokepoint6,high_for_chokepoint_calls_low_for_cargo_contents,"Known: daily transit calls by broad vessel class. Unknown: vessel identity, direction, AIS-dark movements, and actual cargo onboard."
2019-11-09,61,36,11,7,5,2,25,2063653,2625650,53.43,32.71,81.0,78.8,IMF PortWatch Daily_Chokepoints_Data chokepoint6,high_for_chokepoint_calls_low_for_cargo_contents,"Known: daily transit calls by broad vessel class. Unknown: vessel identity, direction, AIS-dark movements, and actual cargo onboard."
2019-11-10,48,31,9,7,0,1,17,1757844,2536595,54.71,33.71,63.8,67.9,IMF PortWatch Daily_Chokepoints_Data chokepoint6,high_for_chokepoint_calls_low_for_cargo_contents,"Known: daily transit calls by broad vessel class. Unknown: vessel identity, direction, AIS-dark movements, and actual cargo onboard."
2019-11-11,41,32,3,3,2,1,9,782605,1110749,51.43,32.57,54.5,70.1,IMF PortWatch Daily_Chokepoints_Data chokepoint6,high_for_chokepoint_calls_low_for_cargo_contents,"Known: daily transit calls by broad vessel class. Unknown: vessel identity, direction, AIS-dark movements, and actual cargo onboard."
2019-11-12,49,35,6,8,0,0,14,784577,1509086,51.43,34,65.1,76.6,IMF PortWatch Daily_Chokepoints_Data chokepoint6,high_for_chokepoint_calls_low_for_cargo_contents,"Known: daily transit calls by broad vessel class. Unknown: vessel identity, direction, AIS-dark movements, and actual cargo onboard."
2019-11-13,51,29,10,6,5,1,22,875366,1493446,50.57,32.71,67.7,63.5,IMF PortWatch Daily_Chokepoints_Data chokepoint6,high_for_chokepoint_calls_low_for_cargo_contents,"Known: daily transit calls by broad vessel class. Unknown: vessel identity, direction, AIS-dark movements, and actual cargo onboard."
2019-11-14,37,21,7,4,3,2,16,409224,991920,49,31.86,49.1,46.0,IMF PortWatch Daily_Chokepoints_Data chokepoint6,high_for_chokepoint_calls_low_for_cargo_contents,"Known: daily transit calls by broad vessel class. Unknown: vessel identity, direction, AIS-dark movements, and actual cargo onboard."
2019-11-15,38,22,7,6,2,1,16,1081749,1746572,46.43,29.43,50.5,48.2,IMF PortWatch Daily_Chokepoints_Data chokepoint6,high_for_chokepoint_calls_low_for_cargo_contents,"Known: daily transit calls by broad vessel class. Unknown: vessel identity, direction, AIS-dark movements, and actual cargo onboard."
2019-11-16,52,31,5,10,4,2,21,1294517,1833069,45.14,28.71,69.1,67.9,IMF PortWatch Daily_Chokepoints_Data chokepoint6,high_for_chokepoint_calls_low_for_cargo_contents,"Known: daily transit calls by broad vessel class. Unknown: vessel identity, direction, AIS-dark movements, and actual cargo onboard."
2019-11-17,29,17,5,5,0,2,12,350304,649658,42.43,26.71,38.5,37.2,IMF PortWatch Daily_Chokepoints_Data chokepoint6,high_for_chokepoint_calls_low_for_cargo_contents,"Known: daily transit calls by broad vessel class. Unknown: vessel identity, direction, AIS-dark movements, and actual cargo onboard."
2019-11-18,42,20,6,12,2,2,22,723492,1539044,42.57,25,55.8,43.8,IMF PortWatch Daily_Chokepoints_Data chokepoint6,high_for_chokepoint_calls_low_for_cargo_contents,"Known: daily transit calls by broad vessel class. Unknown: vessel identity, direction, AIS-dark movements, and actual cargo onboard."
2019-11-19,47,27,10,8,1,1,20,948883,1449590,42.29,23.86,62.4,59.1,IMF PortWatch Daily_Chokepoints_Data chokepoint6,high_for_chokepoint_calls_low_for_cargo_contents,"Known: daily transit calls by broad vessel class. Unknown: vessel identity, direction, AIS-dark movements, and actual cargo onboard."
2019-11-20,37,25,3,6,2,1,12,747463,1183661,40.29,23.29,49.1,54.7,IMF PortWatch Daily_Chokepoints_Data chokepoint6,high_for_chokepoint_calls_low_for_cargo_contents,"Known: daily transit calls by broad vessel class. Unknown: vessel identity, direction, AIS-dark movements, and actual cargo onboard."
2019-11-21,37,24,4,7,1,1,13,351676,714173,40.29,23.71,49.1,52.5,IMF PortWatch Daily_Chokepoints_Data chokepoint6,high_for_chokepoint_calls_low_for_cargo_contents,"Known: daily transit calls by broad vessel class. Unknown: vessel identity, direction, AIS-dark movements, and actual cargo onboard."
2019-11-22,45,27,10,6,1,1,18,612472,1339744,41.29,24.43,59.8,59.1,IMF PortWatch Daily_Chokepoints_Data chokepoint6,high_for_chokepoint_calls_low_for_cargo_contents,"Known: daily transit calls by broad vessel class. Unknown: vessel identity, direction, AIS-dark movements, and actual cargo onboard."
2019-11-23,41,27,6,3,3,2,14,1433403,1759410,39.71,23.86,54.5,59.1,IMF PortWatch Daily_Chokepoints_Data chokepoint6,high_for_chokepoint_calls_low_for_cargo_contents,"Known: daily transit calls by broad vessel class. Unknown: vessel identity, direction, AIS-dark movements, and actual cargo onboard."
2019-11-24,35,26,6,3,0,0,9,518745,966421,40.57,25.14,46.5,56.9,IMF PortWatch Daily_Chokepoints_Data chokepoint6,high_for_chokepoint_calls_low_for_cargo_contents,"Known: daily transit calls by broad vessel class. Unknown: vessel identity, direction, AIS-dark movements, and actual cargo onboard."
2019-11-25,47,31,3,7,2,4,16,754161,1099565,41.29,26.71,62.4,67.9,IMF PortWatch Daily_Chokepoints_Data chokepoint6,high_for_chokepoint_calls_low_for_cargo_contents,"Known: daily transit calls by broad vessel class. Unknown: vessel identity, direction, AIS-dark movements, and actual cargo onboard."
2019-11-26,53,36,2,12,1,2,17,759712,1154117,42.14,28,70.4,78.8,IMF PortWatch Daily_Chokepoints_Data chokepoint6,high_for_chokepoint_calls_low_for_cargo_contents,"Known: daily transit calls by broad vessel class. Unknown: vessel identity, direction, AIS-dark movements, and actual cargo onboard."
2019-11-27,59,34,10,12,2,1,25,955628,1801461,45.29,29.29,78.4,74.4,IMF PortWatch Daily_Chokepoints_Data chokepoint6,high_for_chokepoint_calls_low_for_cargo_contents,"Known: daily transit calls by broad vessel class. Unknown: vessel identity, direction, AIS-dark movements, and actual cargo onboard."
2019-11-28,57,41,4,8,3,1,16,1528589,1992505,48.14,31.71,75.7,89.8,IMF PortWatch Daily_Chokepoints_Data chokepoint6,high_for_chokepoint_calls_low_for_cargo_contents,"Known: daily transit calls by broad vessel class. Unknown: vessel identity, direction, AIS-dark movements, and actual cargo onboard."
2019-11-29,53,36,2,10,5,0,17,850128,1287504,49.29,33,70.4,78.8,IMF PortWatch Daily_Chokepoints_Data chokepoint6,high_for_chokepoint_calls_low_for_cargo_contents,"Known: daily transit calls by broad vessel class. Unknown: vessel identity, direction, AIS-dark movements, and actual cargo onboard."
2019-11-30,43,30,5,6,2,0,13,1345867,1669275,49.57,33.43,57.1,65.7,IMF PortWatch Daily_Chokepoints_Data chokepoint6,high_for_chokepoint_calls_low_for_cargo_contents,"Known: daily transit calls by broad vessel class. Unknown: vessel identity, direction, AIS-dark movements, and actual cargo onboard."
2019-12-01,38,18,10,7,3,0,20,621525,1216696,50,32.29,50.5,39.4,IMF PortWatch Daily_Chokepoints_Data chokepoint6,high_for_chokepoint_calls_low_for_cargo_contents,"Known: daily transit calls by broad vessel class. Unknown: vessel identity, direction, AIS-dark movements, and actual cargo onboard."
2019-12-02,55,37,4,10,1,3,18,1700278,2081837,51.14,33.14,73.1,81.0,IMF PortWatch Daily_Chokepoints_Data chokepoint6,high_for_chokepoint_calls_low_for_cargo_contents,"Known: daily transit calls by broad vessel class. Unknown: vessel identity, direction, AIS-dark movements, and actual cargo onboard."
2019-12-03,56,37,11,5,1,2,19,1440368,1762608,51.57,33.29,74.4,81.0,IMF PortWatch Daily_Chokepoints_Data chokepoint6,high_for_chokepoint_calls_low_for_cargo_contents,"Known: daily transit calls by broad vessel class. Unknown: vessel identity, direction, AIS-dark movements, and actual cargo onboard."
2019-12-04,43,26,7,9,1,0,17,1433030,1914333,49.29,32.14,57.1,56.9,IMF PortWatch Daily_Chokepoints_Data chokepoint6,high_for_chokepoint_calls_low_for_cargo_contents,"Known: daily transit calls by broad vessel class. Unknown: vessel identity, direction, AIS-dark movements, and actual cargo onboard."
2019-12-05,45,31,7,4,2,1,14,314950,614328,47.57,30.71,59.8,67.9,IMF PortWatch Daily_Chokepoints_Data chokepoint6,high_for_chokepoint_calls_low_for_cargo_contents,"Known: daily transit calls by broad vessel class. Unknown: vessel identity, direction, AIS-dark movements, and actual cargo onboard."
2019-12-06,37,20,4,9,3,1,17,482185,1123276,45.29,28.43,49.1,43.8,IMF PortWatch Daily_Chokepoints_Data chokepoint6,high_for_chokepoint_calls_low_for_cargo_contents,"Known: daily transit calls by broad vessel class. Unknown: vessel identity, direction, AIS-dark movements, and actual cargo onboard."
2019-12-07,44,30,5,8,0,1,14,804813,1290191,45.43,28.43,58.4,65.7,IMF PortWatch Daily_Chokepoints_Data chokepoint6,high_for_chokepoint_calls_low_for_cargo_contents,"Known: daily transit calls by broad vessel class. Unknown: vessel identity, direction, AIS-dark movements, and actual cargo onboard."
2019-12-08,56,38,7,8,1,2,18,1422352,2110030,48,31.29,74.4,83.2,IMF PortWatch Daily_Chokepoints_Data chokepoint6,high_for_chokepoint_calls_low_for_cargo_contents,"Known: daily transit calls by broad vessel class. Unknown: vessel identity, direction, AIS-dark movements, and actual cargo onboard."
2019-12-09,37,23,8,5,1,0,14,270854,799839,45.43,29.29,49.1,50.4,IMF PortWatch Daily_Chokepoints_Data chokepoint6,high_for_chokepoint_calls_low_for_cargo_contents,"Known: daily transit calls by broad vessel class. Unknown: vessel identity, direction, AIS-dark movements, and actual cargo onboard."
2019-12-10,46,27,6,11,2,0,19,1725989,2539002,44,27.86,61.1,59.1,IMF PortWatch Daily_Chokepoints_Data chokepoint6,high_for_chokepoint_calls_low_for_cargo_contents,"Known: daily transit calls by broad vessel class. Unknown: vessel identity, direction, AIS-dark movements, and actual cargo onboard."
2019-12-11,34,19,4,7,3,1,15,1074712,1303238,42.71,26.86,45.2,41.6,IMF PortWatch Daily_Chokepoints_Data chokepoint6,high_for_chokepoint_calls_low_for_cargo_contents,"Known: daily transit calls by broad vessel class. Unknown: vessel identity, direction, AIS-dark movements, and actual cargo onboard."
2019-12-12,52,35,7,5,4,1,17,1573082,1967439,43.71,27.43,69.1,76.6,IMF PortWatch Daily_Chokepoints_Data chokepoint6,high_for_chokepoint_calls_low_for_cargo_contents,"Known: daily transit calls by broad vessel class. Unknown: vessel identity, direction, AIS-dark movements, and actual cargo onboard."
2019-12-13,55,39,6,7,2,1,16,1914887,2628065,46.29,30.14,73.1,85.4,IMF PortWatch Daily_Chokepoints_Data chokepoint6,high_for_chokepoint_calls_low_for_cargo_contents,"Known: daily transit calls by broad vessel class. Unknown: vessel identity, direction, AIS-dark movements, and actual cargo onboard."
2019-12-14,63,42,6,13,1,1,21,1992062,2470717,49,31.86,83.7,91.9,IMF PortWatch Daily_Chokepoints_Data chokepoint6,high_for_chokepoint_calls_low_for_cargo_contents,"Known: daily transit calls by broad vessel class. Unknown: vessel identity, direction, AIS-dark movements, and actual cargo onboard."
2019-12-15,70,41,11,9,6,3,29,1992952,2799000,51,32.29,93.0,89.8,IMF PortWatch Daily_Chokepoints_Data chokepoint6,high_for_chokepoint_calls_low_for_cargo_contents,"Known: daily transit calls by broad vessel class. Unknown: vessel identity, direction, AIS-dark movements, and actual cargo onboard."
2019-12-16,40,22,6,10,1,1,18,1189365,1502765,51.43,32.14,53.1,48.2,IMF PortWatch Daily_Chokepoints_Data chokepoint6,high_for_chokepoint_calls_low_for_cargo_contents,"Known: daily transit calls by broad vessel class. Unknown: vessel identity, direction, AIS-dark movements, and actual cargo onboard."
2019-12-17,52,35,7,7,1,2,17,1257493,1728422,52.29,33.29,69.1,76.6,IMF PortWatch Daily_Chokepoints_Data chokepoint6,high_for_chokepoint_calls_low_for_cargo_contents,"Known: daily transit calls by broad vessel class. Unknown: vessel identity, direction, AIS-dark movements, and actual cargo onboard."
2019-12-18,61,36,8,11,4,2,25,960329,1637071,56.14,35.71,81.0,78.8,IMF PortWatch Daily_Chokepoints_Data chokepoint6,high_for_chokepoint_calls_low_for_cargo_contents,"Known: daily transit calls by broad vessel class. Unknown: vessel identity, direction, AIS-dark movements, and actual cargo onboard."
2019-12-19,56,37,10,6,2,1,19,1025971,1608891,56.71,36,74.4,81.0,IMF PortWatch Daily_Chokepoints_Data chokepoint6,high_for_chokepoint_calls_low_for_cargo_contents,"Known: daily transit calls by broad vessel class. Unknown: vessel identity, direction, AIS-dark movements, and actual cargo onboard."
2019-12-20,59,44,5,5,4,1,15,694702,1219665,57.29,36.71,78.4,96.3,IMF PortWatch Daily_Chokepoints_Data chokepoint6,high_for_chokepoint_calls_low_for_cargo_contents,"Known: daily transit calls by broad vessel class. Unknown: vessel identity, direction, AIS-dark movements, and actual cargo onboard."
2019-12-21,55,27,10,12,3,3,28,997972,1811123,56.14,34.57,73.1,59.1,IMF PortWatch Daily_Chokepoints_Data chokepoint6,high_for_chokepoint_calls_low_for_cargo_contents,"Known: daily transit calls by broad vessel class. Unknown: vessel identity, direction, AIS-dark movements, and actual cargo onboard."
2019-12-22,31,22,5,4,0,0,9,840006,1113307,50.57,31.86,41.2,48.2,IMF PortWatch Daily_Chokepoints_Data chokepoint6,high_for_chokepoint_calls_low_for_cargo_contents,"Known: daily transit calls by broad vessel class. Unknown: vessel identity, direction, AIS-dark movements, and actual cargo onboard."
2019-12-23,60,36,10,9,2,3,24,714849,1439643,53.43,33.86,79.7,78.8,IMF PortWatch Daily_Chokepoints_Data chokepoint6,high_for_chokepoint_calls_low_for_cargo_contents,"Known: daily transit calls by broad vessel class. Unknown: vessel identity, direction, AIS-dark movements, and actual cargo onboard."
2019-12-24,48,27,5,12,3,1,21,677195,1219186,52.86,32.71,63.8,59.1,IMF PortWatch Daily_Chokepoints_Data chokepoint6,high_for_chokepoint_calls_low_for_cargo_contents,"Known: daily transit calls by broad vessel class. Unknown: vessel identity, direction, AIS-dark movements, and actual cargo onboard."
2019-12-25,61,32,6,13,8,2,29,580907,1154404,52.86,32.14,81.0,70.1,IMF PortWatch Daily_Chokepoints_Data chokepoint6,high_for_chokepoint_calls_low_for_cargo_contents,"Known: daily transit calls by broad vessel class. Unknown: vessel identity, direction, AIS-dark movements, and actual cargo onboard."
2019-12-26,56,37,7,11,1,0,19,1413174,2005163,52.86,32.14,74.4,81.0,IMF PortWatch Daily_Chokepoints_Data chokepoint6,high_for_chokepoint_calls_low_for_cargo_contents,"Known: daily transit calls by broad vessel class. Unknown: vessel identity, direction, AIS-dark movements, and actual cargo onboard."
2019-12-27,41,26,6,7,1,1,15,182135,740881,50.29,29.57,54.5,56.9,IMF PortWatch Daily_Chokepoints_Data chokepoint6,high_for_chokepoint_calls_low_for_cargo_contents,"Known: daily transit calls by broad vessel class. Unknown: vessel identity, direction, AIS-dark movements, and actual cargo onboard."
2019-12-28,25,15,3,5,1,1,10,766770,914013,46,27.86,33.2,32.8,IMF PortWatch Daily_Chokepoints_Data chokepoint6,high_for_chokepoint_calls_low_for_cargo_contents,"Known: daily transit calls by broad vessel class. Unknown: vessel identity, direction, AIS-dark movements, and actual cargo onboard."
2019-12-29,52,29,7,14,1,1,23,1448796,2116729,49,28.86,69.1,63.5,IMF PortWatch Daily_Chokepoints_Data chokepoint6,high_for_chokepoint_calls_low_for_cargo_contents,"Known: daily transit calls by broad vessel class. Unknown: vessel identity, direction, AIS-dark movements, and actual cargo onboard."
2019-12-30,65,41,7,8,5,4,24,1486662,2069335,49.71,29.57,86.3,89.8,IMF PortWatch Daily_Chokepoints_Data chokepoint6,high_for_chokepoint_calls_low_for_cargo_contents,"Known: daily transit calls by broad vessel class. Unknown: vessel identity, direction, AIS-dark movements, and actual cargo onboard."
2019-12-31,60,41,6,9,3,1,19,2470549,2936522,51.43,31.57,79.7,89.8,IMF PortWatch Daily_Chokepoints_Data chokepoint6,high_for_chokepoint_calls_low_for_cargo_contents,"Known: daily transit calls by broad vessel class. Unknown: vessel identity, direction, AIS-dark movements, and actual cargo onboard."
2020-01-01,74,53,9,9,2,1,21,1988711,2353873,53.29,34.57,98.3,116.0,IMF PortWatch Daily_Chokepoints_Data chokepoint6,high_for_chokepoint_calls_low_for_cargo_contents,"Known: daily transit calls by broad vessel class. Unknown: vessel identity, direction, AIS-dark movements, and actual cargo onboard."
2020-01-02,67,40,15,9,3,0,27,2424528,3157227,54.86,35,89.0,87.6,IMF PortWatch Daily_Chokepoints_Data chokepoint6,high_for_chokepoint_calls_low_for_cargo_contents,"Known: daily transit calls by broad vessel class. Unknown: vessel identity, direction, AIS-dark movements, and actual cargo onboard."
2020-01-03,67,40,8,16,0,3,27,1344298,2188805,58.57,37,89.0,87.6,IMF PortWatch Daily_Chokepoints_Data chokepoint6,high_for_chokepoint_calls_low_for_cargo_contents,"Known: daily transit calls by broad vessel class. Unknown: vessel identity, direction, AIS-dark movements, and actual cargo onboard."
2020-01-04,58,39,7,8,3,1,19,1932775,2443955,63.29,40.43,77.0,85.4,IMF PortWatch Daily_Chokepoints_Data chokepoint6,high_for_chokepoint_calls_low_for_cargo_contents,"Known: daily transit calls by broad vessel class. Unknown: vessel identity, direction, AIS-dark movements, and actual cargo onboard."
2020-01-05,73,43,13,12,4,1,30,2289206,3197831,66.29,42.43,97.0,94.1,IMF PortWatch Daily_Chokepoints_Data chokepoint6,high_for_chokepoint_calls_low_for_cargo_contents,"Known: daily transit calls by broad vessel class. Unknown: vessel identity, direction, AIS-dark movements, and actual cargo onboard."
2020-01-06,56,30,10,11,2,3,26,1187729,1923932,65,40.86,74.4,65.7,IMF PortWatch Daily_Chokepoints_Data chokepoint6,high_for_chokepoint_calls_low_for_cargo_contents,"Known: daily transit calls by broad vessel class. Unknown: vessel identity, direction, AIS-dark movements, and actual cargo onboard."
2020-01-07,62,46,5,5,4,2,16,646317,1100856,65.29,41.57,82.4,100.7,IMF PortWatch Daily_Chokepoints_Data chokepoint6,high_for_chokepoint_calls_low_for_cargo_contents,"Known: daily transit calls by broad vessel class. Unknown: vessel identity, direction, AIS-dark movements, and actual cargo onboard."
2020-01-08,41,21,11,4,4,1,20,71444,580992,60.57,37,54.5,46.0,IMF PortWatch Daily_Chokepoints_Data chokepoint6,high_for_chokepoint_calls_low_for_cargo_contents,"Known: daily transit calls by broad vessel class. Unknown: vessel identity, direction, AIS-dark movements, and actual cargo onboard."
2020-01-09,56,28,10,16,2,0,28,660055,1770744,59,35.29,74.4,61.3,IMF PortWatch Daily_Chokepoints_Data chokepoint6,high_for_chokepoint_calls_low_for_cargo_contents,"Known: daily transit calls by broad vessel class. Unknown: vessel identity, direction, AIS-dark movements, and actual cargo onboard."
2020-01-10,57,38,5,6,6,2,19,789236,1088533,57.57,35,75.7,83.2,IMF PortWatch Daily_Chokepoints_Data chokepoint6,high_for_chokepoint_calls_low_for_cargo_contents,"Known: daily transit calls by broad vessel class. Unknown: vessel identity, direction, AIS-dark movements, and actual cargo onboard."
2020-01-11,70,43,10,14,2,1,27,1314894,2089474,59.29,35.57,93.0,94.1,IMF PortWatch Daily_Chokepoints_Data chokepoint6,high_for_chokepoint_calls_low_for_cargo_contents,"Known: daily transit calls by broad vessel class. Unknown: vessel identity, direction, AIS-dark movements, and actual cargo onboard."
2020-01-12,53,31,8,8,4,2,22,518774,983194,56.43,33.86,70.4,67.9,IMF PortWatch Daily_Chokepoints_Data chokepoint6,high_for_chokepoint_calls_low_for_cargo_contents,"Known: daily transit calls by broad vessel class. Unknown: vessel identity, direction, AIS-dark movements, and actual cargo onboard."
2020-01-13,56,24,8,18,3,3,32,430881,1278881,56.43,33,74.4,52.5,IMF PortWatch Daily_Chokepoints_Data chokepoint6,high_for_chokepoint_calls_low_for_cargo_contents,"Known: daily transit calls by broad vessel class. Unknown: vessel identity, direction, AIS-dark movements, and actual cargo onboard."
2020-01-14,59,30,12,10,6,1,29,541344,1494967,56,30.71,78.4,65.7,IMF PortWatch Daily_Chokepoints_Data chokepoint6,high_for_chokepoint_calls_low_for_cargo_contents,"Known: daily transit calls by broad vessel class. Unknown: vessel identity, direction, AIS-dark movements, and actual cargo onboard."
2020-01-15,56,35,6,13,1,1,21,581605,1116547,58.14,32.71,74.4,76.6,IMF PortWatch Daily_Chokepoints_Data chokepoint6,high_for_chokepoint_calls_low_for_cargo_contents,"Known: daily transit calls by broad vessel class. Unknown: vessel identity, direction, AIS-dark movements, and actual cargo onboard."
2020-01-16,27,16,6,5,0,0,11,155887,541905,54,31,35.9,35.0,IMF PortWatch Daily_Chokepoints_Data chokepoint6,high_for_chokepoint_calls_low_for_cargo_contents,"Known: daily transit calls by broad vessel class. Unknown: vessel identity, direction, AIS-dark movements, and actual cargo onboard."
2020-01-17,69,40,12,11,4,2,29,1175153,1789812,55.71,31.29,91.7,87.6,IMF PortWatch Daily_Chokepoints_Data chokepoint6,high_for_chokepoint_calls_low_for_cargo_contents,"Known: daily transit calls by broad vessel class. Unknown: vessel identity, direction, AIS-dark movements, and actual cargo onboard."
2020-01-18,56,33,9,9,4,1,23,1028924,1798309,53.71,29.86,74.4,72.2,IMF PortWatch Daily_Chokepoints_Data chokepoint6,high_for_chokepoint_calls_low_for_cargo_contents,"Known: daily transit calls by broad vessel class. Unknown: vessel identity, direction, AIS-dark movements, and actual cargo onboard."
2020-01-19,63,35,8,14,4,2,28,1311930,1925142,55.14,30.43,83.7,76.6,IMF PortWatch Daily_Chokepoints_Data chokepoint6,high_for_chokepoint_calls_low_for_cargo_contents,"Known: daily transit calls by broad vessel class. Unknown: vessel identity, direction, AIS-dark movements, and actual cargo onboard."
2020-01-20,57,36,9,9,2,1,21,1550966,2018953,55.29,32.14,75.7,78.8,IMF PortWatch Daily_Chokepoints_Data chokepoint6,high_for_chokepoint_calls_low_for_cargo_contents,"Known: daily transit calls by broad vessel class. Unknown: vessel identity, direction, AIS-dark movements, and actual cargo onboard."
2020-01-21,60,27,11,18,3,1,33,946433,2033968,55.43,31.71,79.7,59.1,IMF PortWatch Daily_Chokepoints_Data chokepoint6,high_for_chokepoint_calls_low_for_cargo_contents,"Known: daily transit calls by broad vessel class. Unknown: vessel identity, direction, AIS-dark movements, and actual cargo onboard."
2020-01-22,59,34,10,11,2,2,25,941668,1734501,55.86,31.57,78.4,74.4,IMF PortWatch Daily_Chokepoints_Data chokepoint6,high_for_chokepoint_calls_low_for_cargo_contents,"Known: daily transit calls by broad vessel class. Unknown: vessel identity, direction, AIS-dark movements, and actual cargo onboard."
2020-01-23,56,32,12,11,1,0,24,976627,1570420,60,33.86,74.4,70.1,IMF PortWatch Daily_Chokepoints_Data chokepoint6,high_for_chokepoint_calls_low_for_cargo_contents,"Known: daily transit calls by broad vessel class. Unknown: vessel identity, direction, AIS-dark movements, and actual cargo onboard."
2020-01-24,66,42,10,8,5,1,24,1074055,1714409,59.57,34.14,87.7,91.9,IMF PortWatch Daily_Chokepoints_Data chokepoint6,high_for_chokepoint_calls_low_for_cargo_contents,"Known: daily transit calls by broad vessel class. Unknown: vessel identity, direction, AIS-dark movements, and actual cargo onboard."
2020-01-25,69,36,14,14,3,2,33,1651130,2764147,61.43,34.57,91.7,78.8,IMF PortWatch Daily_Chokepoints_Data chokepoint6,high_for_chokepoint_calls_low_for_cargo_contents,"Known: daily transit calls by broad vessel class. Unknown: vessel identity, direction, AIS-dark movements, and actual cargo onboard."
2020-01-26,71,45,11,8,5,2,26,1863795,2650978,62.57,36,94.3,98.5,IMF PortWatch Daily_Chokepoints_Data chokepoint6,high_for_chokepoint_calls_low_for_cargo_contents,"Known: daily transit calls by broad vessel class. Unknown: vessel identity, direction, AIS-dark movements, and actual cargo onboard."
2020-01-27,51,34,9,5,2,1,17,684174,1152652,61.71,35.71,67.7,74.4,IMF PortWatch Daily_Chokepoints_Data chokepoint6,high_for_chokepoint_calls_low_for_cargo_contents,"Known: daily transit calls by broad vessel class. Unknown: vessel identity, direction, AIS-dark movements, and actual cargo onboard."
2020-01-28,50,30,7,11,2,0,20,855530,1768588,60.29,36.14,66.4,65.7,IMF PortWatch Daily_Chokepoints_Data chokepoint6,high_for_chokepoint_calls_low_for_cargo_contents,"Known: daily transit calls by broad vessel class. Unknown: vessel identity, direction, AIS-dark movements, and actual cargo onboard."
2020-01-29,52,28,7,11,5,1,24,1092246,1578435,59.29,35.29,69.1,61.3,IMF PortWatch Daily_Chokepoints_Data chokepoint6,high_for_chokepoint_calls_low_for_cargo_contents,"Known: daily transit calls by broad vessel class. Unknown: vessel identity, direction, AIS-dark movements, and actual cargo onboard."
2020-01-30,63,38,11,9,5,0,25,1904944,2529451,60.29,36.14,83.7,83.2,IMF PortWatch Daily_Chokepoints_Data chokepoint6,high_for_chokepoint_calls_low_for_cargo_contents,"Known: daily transit calls by broad vessel class. Unknown: vessel identity, direction, AIS-dark movements, and actual cargo onboard."
2020-01-31,65,43,10,8,1,3,22,1869234,2504516,60.14,36.29,86.3,94.1,IMF PortWatch Daily_Chokepoints_Data chokepoint6,high_for_chokepoint_calls_low_for_cargo_contents,"Known: daily transit calls by broad vessel class. Unknown: vessel identity, direction, AIS-dark movements, and actual cargo onboard."
2020-02-01,63,39,10,10,3,1,24,1417157,2311628,59.29,36.71,83.7,85.4,IMF PortWatch Daily_Chokepoints_Data chokepoint6,high_for_chokepoint_calls_low_for_cargo_contents,"Known: daily transit calls by broad vessel class. Unknown: vessel identity, direction, AIS-dark movements, and actual cargo onboard."
2020-02-02,52,36,6,10,0,0,16,1182266,1643182,56.57,35.43,69.1,78.8,IMF PortWatch Daily_Chokepoints_Data chokepoint6,high_for_chokepoint_calls_low_for_cargo_contents,"Known: daily transit calls by broad vessel class. Unknown: vessel identity, direction, AIS-dark movements, and actual cargo onboard."
2020-02-03,63,43,8,9,0,3,20,2454589,2868773,58.29,36.71,83.7,94.1,IMF PortWatch Daily_Chokepoints_Data chokepoint6,high_for_chokepoint_calls_low_for_cargo_contents,"Known: daily transit calls by broad vessel class. Unknown: vessel identity, direction, AIS-dark movements, and actual cargo onboard."
2020-02-04,55,32,14,5,2,2,23,621473,1213294,59,37,73.1,70.1,IMF PortWatch Daily_Chokepoints_Data chokepoint6,high_for_chokepoint_calls_low_for_cargo_contents,"Known: daily transit calls by broad vessel class. Unknown: vessel identity, direction, AIS-dark movements, and actual cargo onboard."
2020-02-05,64,36,7,19,2,0,28,775585,1749194,60.71,38.14,85.0,78.8,IMF PortWatch Daily_Chokepoints_Data chokepoint6,high_for_chokepoint_calls_low_for_cargo_contents,"Known: daily transit calls by broad vessel class. Unknown: vessel identity, direction, AIS-dark movements, and actual cargo onboard."
2020-02-06,64,38,11,12,3,0,26,2547562,3210686,60.86,38.14,85.0,83.2,IMF PortWatch Daily_Chokepoints_Data chokepoint6,high_for_chokepoint_calls_low_for_cargo_contents,"Known: daily transit calls by broad vessel class. Unknown: vessel identity, direction, AIS-dark movements, and actual cargo onboard."
2020-02-07,70,42,8,19,0,1,28,2345476,3084453,61.57,38,93.0,91.9,IMF PortWatch Daily_Chokepoints_Data chokepoint6,high_for_chokepoint_calls_low_for_cargo_contents,"Known: daily transit calls by broad vessel class. Unknown: vessel identity, direction, AIS-dark movements, and actual cargo onboard."
2020-02-08,57,39,10,7,1,0,18,2336751,3028692,60.71,38,75.7,85.4,IMF PortWatch Daily_Chokepoints_Data chokepoint6,high_for_chokepoint_calls_low_for_cargo_contents,"Known: daily transit calls by broad vessel class. Unknown: vessel identity, direction, AIS-dark movements, and actual cargo onboard."
2020-02-09,37,21,5,6,4,1,16,936882,1375303,58.57,35.86,49.1,46.0,IMF PortWatch Daily_Chokepoints_Data chokepoint6,high_for_chokepoint_calls_low_for_cargo_contents,"Known: daily transit calls by broad vessel class. Unknown: vessel identity, direction, AIS-dark movements, and actual cargo onboard."
2020-02-10,43,25,5,10,1,2,18,719716,1217933,55.71,33.29,57.1,54.7,IMF PortWatch Daily_Chokepoints_Data chokepoint6,high_for_chokepoint_calls_low_for_cargo_contents,"Known: daily transit calls by broad vessel class. Unknown: vessel identity, direction, AIS-dark movements, and actual cargo onboard."
2020-02-11,61,38,4,12,6,1,23,1329071,1818798,56.57,34.14,81.0,83.2,IMF PortWatch Daily_Chokepoints_Data chokepoint6,high_for_chokepoint_calls_low_for_cargo_contents,"Known: daily transit calls by broad vessel class. Unknown: vessel identity, direction, AIS-dark movements, and actual cargo onboard."
2020-02-12,53,32,11,7,2,1,21,456426,1172868,55,33.57,70.4,70.1,IMF PortWatch Daily_Chokepoints_Data chokepoint6,high_for_chokepoint_calls_low_for_cargo_contents,"Known: daily transit calls by broad vessel class. Unknown: vessel identity, direction, AIS-dark movements, and actual cargo onboard."
2020-02-13,38,17,7,14,0,0,21,247856,747443,51.29,30.57,50.5,37.2,IMF PortWatch Daily_Chokepoints_Data chokepoint6,high_for_chokepoint_calls_low_for_cargo_contents,"Known: daily transit calls by broad vessel class. Unknown: vessel identity, direction, AIS-dark movements, and actual cargo onboard."
2020-02-14,45,24,4,11,4,2,21,463522,1049732,47.71,28,59.8,52.5,IMF PortWatch Daily_Chokepoints_Data chokepoint6,high_for_chokepoint_calls_low_for_cargo_contents,"Known: daily transit calls by broad vessel class. Unknown: vessel identity, direction, AIS-dark movements, and actual cargo onboard."
2020-02-15,54,35,12,4,3,0,19,1607406,2467751,47.29,27.43,71.7,76.6,IMF PortWatch Daily_Chokepoints_Data chokepoint6,high_for_chokepoint_calls_low_for_cargo_contents,"Known: daily transit calls by broad vessel class. Unknown: vessel identity, direction, AIS-dark movements, and actual cargo onboard."
2020-02-16,58,29,9,9,10,1,29,1140080,1683346,50.29,28.57,77.0,63.5,IMF PortWatch Daily_Chokepoints_Data chokepoint6,high_for_chokepoint_calls_low_for_cargo_contents,"Known: daily transit calls by broad vessel class. Unknown: vessel identity, direction, AIS-dark movements, and actual cargo onboard."
2020-02-17,85,50,11,18,2,4,35,2767646,3814824,56.29,32.14,112.9,109.5,IMF PortWatch Daily_Chokepoints_Data chokepoint6,high_for_chokepoint_calls_low_for_cargo_contents,"Known: daily transit calls by broad vessel class. Unknown: vessel identity, direction, AIS-dark movements, and actual cargo onboard."
2020-02-18,57,30,9,11,6,1,27,1121194,1955997,55.71,31,75.7,65.7,IMF PortWatch Daily_Chokepoints_Data chokepoint6,high_for_chokepoint_calls_low_for_cargo_contents,"Known: daily transit calls by broad vessel class. Unknown: vessel identity, direction, AIS-dark movements, and actual cargo onboard."
2020-02-19,41,23,9,6,1,2,18,1386416,1837319,54,29.71,54.5,50.4,IMF PortWatch Daily_Chokepoints_Data chokepoint6,high_for_chokepoint_calls_low_for_cargo_contents,"Known: daily transit calls by broad vessel class. Unknown: vessel identity, direction, AIS-dark movements, and actual cargo onboard."
2020-02-20,84,53,6,20,5,0,31,2601752,3276736,60.57,34.86,111.6,116.0,IMF PortWatch Daily_Chokepoints_Data chokepoint6,high_for_chokepoint_calls_low_for_cargo_contents,"Known: daily transit calls by broad vessel class. Unknown: vessel identity, direction, AIS-dark movements, and actual cargo onboard."
2020-02-21,60,31,12,12,3,2,29,1075108,1791558,62.71,35.86,79.7,67.9,IMF PortWatch Daily_Chokepoints_Data chokepoint6,high_for_chokepoint_calls_low_for_cargo_contents,"Known: daily transit calls by broad vessel class. Unknown: vessel identity, direction, AIS-dark movements, and actual cargo onboard."
2020-02-22,53,30,8,9,4,2,23,2733823,3132894,62.57,35.14,70.4,65.7,IMF PortWatch Daily_Chokepoints_Data chokepoint6,high_for_chokepoint_calls_low_for_cargo_contents,"Known: daily transit calls by broad vessel class. Unknown: vessel identity, direction, AIS-dark movements, and actual cargo onboard."
2020-02-23,64,46,7,8,3,0,18,1466615,2219854,63.43,37.57,85.0,100.7,IMF PortWatch Daily_Chokepoints_Data chokepoint6,high_for_chokepoint_calls_low_for_cargo_contents,"Known: daily transit calls by broad vessel class. Unknown: vessel identity, direction, AIS-dark movements, and actual cargo onboard."
2020-02-24,61,35,5,11,5,5,26,2092123,2862250,60,35.43,81.0,76.6,IMF PortWatch Daily_Chokepoints_Data chokepoint6,high_for_chokepoint_calls_low_for_cargo_contents,"Known: daily transit calls by broad vessel class. Unknown: vessel identity, direction, AIS-dark movements, and actual cargo onboard."
2020-02-25,70,32,18,12,7,1,38,1680221,2566413,61.86,35.71,93.0,70.1,IMF PortWatch Daily_Chokepoints_Data chokepoint6,high_for_chokepoint_calls_low_for_cargo_contents,"Known: daily transit calls by broad vessel class. Unknown: vessel identity, direction, AIS-dark movements, and actual cargo onboard."
2020-02-26,60,43,6,6,4,1,17,1373965,1803900,64.57,38.57,79.7,94.1,IMF PortWatch Daily_Chokepoints_Data chokepoint6,high_for_chokepoint_calls_low_for_cargo_contents,"Known: daily transit calls by broad vessel class. Unknown: vessel identity, direction, AIS-dark movements, and actual cargo onboard."
2020-02-27,30,18,5,4,2,1,12,514230,716314,56.86,33.57,39.9,39.4,IMF PortWatch Daily_Chokepoints_Data chokepoint6,high_for_chokepoint_calls_low_for_cargo_contents,"Known: daily transit calls by broad vessel class. Unknown: vessel identity, direction, AIS-dark movements, and actual cargo onboard."
2020-02-28,62,40,10,11,1,0,22,882775,1628513,57.14,34.86,82.4,87.6,IMF PortWatch Daily_Chokepoints_Data chokepoint6,high_for_chokepoint_calls_low_for_cargo_contents,"Known: daily transit calls by broad vessel class. Unknown: vessel identity, direction, AIS-dark movements, and actual cargo onboard."
2020-02-29,73,43,11,13,5,1,30,2550798,3198675,60,36.71,97.0,94.1,IMF PortWatch Daily_Chokepoints_Data chokepoint6,high_for_chokepoint_calls_low_for_cargo_contents,"Known: daily transit calls by broad vessel class. Unknown: vessel identity, direction, AIS-dark movements, and actual cargo onboard."
2020-03-01,51,33,9,5,2,2,18,1674727,2098912,58.14,34.86,67.7,72.2,IMF PortWatch Daily_Chokepoints_Data chokepoint6,high_for_chokepoint_calls_low_for_cargo_contents,"Known: daily transit calls by broad vessel class. Unknown: vessel identity, direction, AIS-dark movements, and actual cargo onboard."
2020-03-02,76,47,7,17,3,2,29,3336031,4119297,60.29,36.57,101.0,102.9,IMF PortWatch Daily_Chokepoints_Data chokepoint6,high_for_chokepoint_calls_low_for_cargo_contents,"Known: daily transit calls by broad vessel class. Unknown: vessel identity, direction, AIS-dark movements, and actual cargo onboard."
2020-03-03,45,27,4,10,3,1,18,1093144,1313305,56.71,35.86,59.8,59.1,IMF PortWatch Daily_Chokepoints_Data chokepoint6,high_for_chokepoint_calls_low_for_cargo_contents,"Known: daily transit calls by broad vessel class. Unknown: vessel identity, direction, AIS-dark movements, and actual cargo onboard."
2020-03-04,34,21,4,5,2,2,13,1048197,1461117,53,32.71,45.2,46.0,IMF PortWatch Daily_Chokepoints_Data chokepoint6,high_for_chokepoint_calls_low_for_cargo_contents,"Known: daily transit calls by broad vessel class. Unknown: vessel identity, direction, AIS-dark movements, and actual cargo onboard."
2020-03-05,49,27,6,14,0,2,22,954942,1717260,55.71,34,65.1,59.1,IMF PortWatch Daily_Chokepoints_Data chokepoint6,high_for_chokepoint_calls_low_for_cargo_contents,"Known: daily transit calls by broad vessel class. Unknown: vessel identity, direction, AIS-dark movements, and actual cargo onboard."
2020-03-06,54,35,6,9,2,2,19,994516,1664360,54.57,33.29,71.7,76.6,IMF PortWatch Daily_Chokepoints_Data chokepoint6,high_for_chokepoint_calls_low_for_cargo_contents,"Known: daily transit calls by broad vessel class. Unknown: vessel identity, direction, AIS-dark movements, and actual cargo onboard."
2020-03-07,58,38,9,8,3,0,20,2570398,2971995,52.43,32.57,77.0,83.2,IMF PortWatch Daily_Chokepoints_Data chokepoint6,high_for_chokepoint_calls_low_for_cargo_contents,"Known: daily transit calls by broad vessel class. Unknown: vessel identity, direction, AIS-dark movements, and actual cargo onboard."
2020-03-08,76,50,8,13,3,2,26,1609368,2386344,56,35,101.0,109.5,IMF PortWatch Daily_Chokepoints_Data chokepoint6,high_for_chokepoint_calls_low_for_cargo_contents,"Known: daily transit calls by broad vessel class. Unknown: vessel identity, direction, AIS-dark movements, and actual cargo onboard."
2020-03-09,31,18,7,6,0,0,13,572745,1172875,49.57,30.86,41.2,39.4,IMF PortWatch Daily_Chokepoints_Data chokepoint6,high_for_chokepoint_calls_low_for_cargo_contents,"Known: daily transit calls by broad vessel class. Unknown: vessel identity, direction, AIS-dark movements, and actual cargo onboard."
2020-03-10,48,36,3,7,2,0,12,1906396,2270623,50,32.14,63.8,78.8,IMF PortWatch Daily_Chokepoints_Data chokepoint6,high_for_chokepoint_calls_low_for_cargo_contents,"Known: daily transit calls by broad vessel class. Unknown: vessel identity, direction, AIS-dark movements, and actual cargo onboard."
2020-03-11,57,32,9,10,4,2,25,1183818,1699944,53.29,33.71,75.7,70.1,IMF PortWatch Daily_Chokepoints_Data chokepoint6,high_for_chokepoint_calls_low_for_cargo_contents,"Known: daily transit calls by broad vessel class. Unknown: vessel identity, direction, AIS-dark movements, and actual cargo onboard."
2020-03-12,59,39,9,8,3,0,20,2966855,3597691,54.71,35.43,78.4,85.4,IMF PortWatch Daily_Chokepoints_Data chokepoint6,high_for_chokepoint_calls_low_for_cargo_contents,"Known: daily transit calls by broad vessel class. Unknown: vessel identity, direction, AIS-dark movements, and actual cargo onboard."
2020-03-13,45,25,5,10,3,2,20,646744,1315571,53.43,34,59.8,54.7,IMF PortWatch Daily_Chokepoints_Data chokepoint6,high_for_chokepoint_calls_low_for_cargo_contents,"Known: daily transit calls by broad vessel class. Unknown: vessel identity, direction, AIS-dark movements, and actual cargo onboard."
2020-03-14,49,31,9,6,1,2,18,1394738,1996154,52.14,33,65.1,67.9,IMF PortWatch Daily_Chokepoints_Data chokepoint6,high_for_chokepoint_calls_low_for_cargo_contents,"Known: daily transit calls by broad vessel class. Unknown: vessel identity, direction, AIS-dark movements, and actual cargo onboard."
2020-03-15,45,27,8,6,0,4,18,1102372,1533382,47.71,29.71,59.8,59.1,IMF PortWatch Daily_Chokepoints_Data chokepoint6,high_for_chokepoint_calls_low_for_cargo_contents,"Known: daily transit calls by broad vessel class. Unknown: vessel identity, direction, AIS-dark movements, and actual cargo onboard."
2020-03-16,28,16,4,5,1,2,12,651868,1177689,47.29,29.43,37.2,35.0,IMF PortWatch Daily_Chokepoints_Data chokepoint6,high_for_chokepoint_calls_low_for_cargo_contents,"Known: daily transit calls by broad vessel class. Unknown: vessel identity, direction, AIS-dark movements, and actual cargo onboard."
2020-03-17,56,39,8,5,3,1,17,2296208,2711729,48.43,29.86,74.4,85.4,IMF PortWatch Daily_Chokepoints_Data chokepoint6,high_for_chokepoint_calls_low_for_cargo_contents,"Known: daily transit calls by broad vessel class. Unknown: vessel identity, direction, AIS-dark movements, and actual cargo onboard."
2020-03-18,60,38,12,6,3,1,22,1190879,1761486,48.86,30.71,79.7,83.2,IMF PortWatch Daily_Chokepoints_Data chokepoint6,high_for_chokepoint_calls_low_for_cargo_contents,"Known: daily transit calls by broad vessel class. Unknown: vessel identity, direction, AIS-dark movements, and actual cargo onboard."
2020-03-19,54,31,11,9,2,1,23,1934466,2607855,48.14,29.57,71.7,67.9,IMF PortWatch Daily_Chokepoints_Data chokepoint6,high_for_chokepoint_calls_low_for_cargo_contents,"Known: daily transit calls by broad vessel class. Unknown: vessel identity, direction, AIS-dark movements, and actual cargo onboard."
2020-03-20,57,38,7,9,2,1,19,2077056,2583677,49.86,31.43,75.7,83.2,IMF PortWatch Daily_Chokepoints_Data chokepoint6,high_for_chokepoint_calls_low_for_cargo_contents,"Known: daily transit calls by broad vessel class. Unknown: vessel identity, direction, AIS-dark movements, and actual cargo onboard."
2020-03-21,57,41,7,6,2,1,16,2034501,2723367,51,32.86,75.7,89.8,IMF PortWatch Daily_Chokepoints_Data chokepoint6,high_for_chokepoint_calls_low_for_cargo_contents,"Known: daily transit calls by broad vessel class. Unknown: vessel identity, direction, AIS-dark movements, and actual cargo onboard."
2020-03-22,56,34,13,5,3,1,22,1117800,1695159,52.57,33.86,74.4,74.4,IMF PortWatch Daily_Chokepoints_Data chokepoint6,high_for_chokepoint_calls_low_for_cargo_contents,"Known: daily transit calls by broad vessel class. Unknown: vessel identity, direction, AIS-dark movements, and actual cargo onboard."
2020-03-23,52,32,7,8,2,3,20,967365,1387222,56,36.14,69.1,70.1,IMF PortWatch Daily_Chokepoints_Data chokepoint6,high_for_chokepoint_calls_low_for_cargo_contents,"Known: daily transit calls by broad vessel class. Unknown: vessel identity, direction, AIS-dark movements, and actual cargo onboard."
2020-03-24,48,27,9,8,2,2,21,831255,1776521,54.86,34.43,63.8,59.1,IMF PortWatch Daily_Chokepoints_Data chokepoint6,high_for_chokepoint_calls_low_for_cargo_contents,"Known: daily transit calls by broad vessel class. Unknown: vessel identity, direction, AIS-dark movements, and actual cargo onboard."
2020-03-25,34,17,6,9,2,0,17,265734,677203,51.14,31.43,45.2,37.2,IMF PortWatch Daily_Chokepoints_Data chokepoint6,high_for_chokepoint_calls_low_for_cargo_contents,"Known: daily transit calls by broad vessel class. Unknown: vessel identity, direction, AIS-dark movements, and actual cargo onboard."
2020-03-26,69,44,8,13,3,1,25,2566135,3354431,53.29,33.29,91.7,96.3,IMF PortWatch Daily_Chokepoints_Data chokepoint6,high_for_chokepoint_calls_low_for_cargo_contents,"Known: daily transit calls by broad vessel class. Unknown: vessel identity, direction, AIS-dark movements, and actual cargo onboard."
2020-03-27,40,24,5,9,2,0,16,1202369,1635257,50.86,31.29,53.1,52.5,IMF PortWatch Daily_Chokepoints_Data chokepoint6,high_for_chokepoint_calls_low_for_cargo_contents,"Known: daily transit calls by broad vessel class. Unknown: vessel identity, direction, AIS-dark movements, and actual cargo onboard."
2020-03-28,70,41,12,12,3,2,29,1826673,2693272,52.71,31.29,93.0,89.8,IMF PortWatch Daily_Chokepoints_Data chokepoint6,high_for_chokepoint_calls_low_for_cargo_contents,"Known: daily transit calls by broad vessel class. Unknown: vessel identity, direction, AIS-dark movements, and actual cargo onboard."
2020-03-29,19,12,2,4,1,0,7,821591,985075,47.43,28.14,25.2,26.3,IMF PortWatch Daily_Chokepoints_Data chokepoint6,high_for_chokepoint_calls_low_for_cargo_contents,"Known: daily transit calls by broad vessel class. Unknown: vessel identity, direction, AIS-dark movements, and actual cargo onboard."
2020-03-30,41,30,5,2,2,2,11,1002946,1161893,45.86,27.86,54.5,65.7,IMF PortWatch Daily_Chokepoints_Data chokepoint6,high_for_chokepoint_calls_low_for_cargo_contents,"Known: daily transit calls by broad vessel class. Unknown: vessel identity, direction, AIS-dark movements, and actual cargo onboard."
2020-03-31,61,38,5,12,3,3,23,1528259,2294547,47.71,29.43,81.0,83.2,IMF PortWatch Daily_Chokepoints_Data chokepoint6,high_for_chokepoint_calls_low_for_cargo_contents,"Known: daily transit calls by broad vessel class. Unknown: vessel identity, direction, AIS-dark movements, and actual cargo onboard."
2020-04-01,53,31,8,10,3,1,22,2490083,3172330,50.43,31.43,70.4,67.9,IMF PortWatch Daily_Chokepoints_Data chokepoint6,high_for_chokepoint_calls_low_for_cargo_contents,"Known: daily transit calls by broad vessel class. Unknown: vessel identity, direction, AIS-dark movements, and actual cargo onboard."
2020-04-02,78,49,13,11,5,0,29,2763003,3606612,51.71,32.14,103.6,107.3,IMF PortWatch Daily_Chokepoints_Data chokepoint6,high_for_chokepoint_calls_low_for_cargo_contents,"Known: daily transit calls by broad vessel class. Unknown: vessel identity, direction, AIS-dark movements, and actual cargo onboard."
2020-04-03,75,46,13,11,3,2,29,2928895,3654048,56.71,35.29,99.6,100.7,IMF PortWatch Daily_Chokepoints_Data chokepoint6,high_for_chokepoint_calls_low_for_cargo_contents,"Known: daily transit calls by broad vessel class. Unknown: vessel identity, direction, AIS-dark movements, and actual cargo onboard."
2020-04-04,61,38,8,10,1,4,23,1920097,2551015,55.43,34.86,81.0,83.2,IMF PortWatch Daily_Chokepoints_Data chokepoint6,high_for_chokepoint_calls_low_for_cargo_contents,"Known: daily transit calls by broad vessel class. Unknown: vessel identity, direction, AIS-dark movements, and actual cargo onboard."
2020-04-05,83,56,9,13,5,0,27,3865969,4237976,64.57,41.14,110.3,122.6,IMF PortWatch Daily_Chokepoints_Data chokepoint6,high_for_chokepoint_calls_low_for_cargo_contents,"Known: daily transit calls by broad vessel class. Unknown: vessel identity, direction, AIS-dark movements, and actual cargo onboard."
2020-04-06,81,51,13,12,2,3,30,2617130,3774919,70.29,44.14,107.6,111.6,IMF PortWatch Daily_Chokepoints_Data chokepoint6,high_for_chokepoint_calls_low_for_cargo_contents,"Known: daily transit calls by broad vessel class. Unknown: vessel identity, direction, AIS-dark movements, and actual cargo onboard."
2020-04-07,76,41,12,17,4,2,35,1014140,2006604,72.43,44.57,101.0,89.8,IMF PortWatch Daily_Chokepoints_Data chokepoint6,high_for_chokepoint_calls_low_for_cargo_contents,"Known: daily transit calls by broad vessel class. Unknown: vessel identity, direction, AIS-dark movements, and actual cargo onboard."
2020-04-08,83,46,18,11,7,1,37,2522187,3448630,76.71,46.71,110.3,100.7,IMF PortWatch Daily_Chokepoints_Data chokepoint6,high_for_chokepoint_calls_low_for_cargo_contents,"Known: daily transit calls by broad vessel class. Unknown: vessel identity, direction, AIS-dark movements, and actual cargo onboard."
2020-04-09,66,39,11,12,2,2,27,3426504,4155742,75,45.29,87.7,85.4,IMF PortWatch Daily_Chokepoints_Data chokepoint6,high_for_chokepoint_calls_low_for_cargo_contents,"Known: daily transit calls by broad vessel class. Unknown: vessel identity, direction, AIS-dark movements, and actual cargo onboard."
2020-04-10,59,38,7,8,5,1,21,1128914,1659236,72.71,44.14,78.4,83.2,IMF PortWatch Daily_Chokepoints_Data chokepoint6,high_for_chokepoint_calls_low_for_cargo_contents,"Known: daily transit calls by broad vessel class. Unknown: vessel identity, direction, AIS-dark movements, and actual cargo onboard."
2020-04-11,56,32,9,11,2,2,24,2110764,3208493,72,43.29,74.4,70.1,IMF PortWatch Daily_Chokepoints_Data chokepoint6,high_for_chokepoint_calls_low_for_cargo_contents,"Known: daily transit calls by broad vessel class. Unknown: vessel identity, direction, AIS-dark movements, and actual cargo onboard."
2020-04-12,49,36,4,9,0,0,13,2195871,2780077,67.14,40.43,65.1,78.8,IMF PortWatch Daily_Chokepoints_Data chokepoint6,high_for_chokepoint_calls_low_for_cargo_contents,"Known: daily transit calls by broad vessel class. Unknown: vessel identity, direction, AIS-dark movements, and actual cargo onboard."
2020-04-13,63,43,11,8,0,1,20,2430689,2905945,64.57,39.29,83.7,94.1,IMF PortWatch Daily_Chokepoints_Data chokepoint6,high_for_chokepoint_calls_low_for_cargo_contents,"Known: daily transit calls by broad vessel class. Unknown: vessel identity, direction, AIS-dark movements, and actual cargo onboard."
2020-04-14,33,21,1,9,1,1,12,2136690,2415703,58.43,36.43,43.8,46.0,IMF PortWatch Daily_Chokepoints_Data chokepoint6,high_for_chokepoint_calls_low_for_cargo_contents,"Known: daily transit calls by broad vessel class. Unknown: vessel identity, direction, AIS-dark movements, and actual cargo onboard."
2020-04-15,56,31,9,11,3,2,25,1076004,1933367,54.57,34.29,74.4,67.9,IMF PortWatch Daily_Chokepoints_Data chokepoint6,high_for_chokepoint_calls_low_for_cargo_contents,"Known: daily transit calls by broad vessel class. Unknown: vessel identity, direction, AIS-dark movements, and actual cargo onboard."
2020-04-16,67,49,7,9,2,0,18,1807543,2309347,54.71,35.71,89.0,107.3,IMF PortWatch Daily_Chokepoints_Data chokepoint6,high_for_chokepoint_calls_low_for_cargo_contents,"Known: daily transit calls by broad vessel class. Unknown: vessel identity, direction, AIS-dark movements, and actual cargo onboard."
2020-04-17,64,41,9,8,3,3,23,2495754,3298981,55.43,36.14,85.0,89.8,IMF PortWatch Daily_Chokepoints_Data chokepoint6,high_for_chokepoint_calls_low_for_cargo_contents,"Known: daily transit calls by broad vessel class. Unknown: vessel identity, direction, AIS-dark movements, and actual cargo onboard."
2020-04-18,63,39,16,7,0,1,24,1850565,2648106,56.43,37.14,83.7,85.4,IMF PortWatch Daily_Chokepoints_Data chokepoint6,high_for_chokepoint_calls_low_for_cargo_contents,"Known: daily transit calls by broad vessel class. Unknown: vessel identity, direction, AIS-dark movements, and actual cargo onboard."
2020-04-19,69,43,10,14,1,1,26,2732440,3629723,59.29,38.14,91.7,94.1,IMF PortWatch Daily_Chokepoints_Data chokepoint6,high_for_chokepoint_calls_low_for_cargo_contents,"Known: daily transit calls by broad vessel class. Unknown: vessel identity, direction, AIS-dark movements, and actual cargo onboard."
2020-04-20,51,35,6,7,2,1,16,2265531,2712063,57.57,37,67.7,76.6,IMF PortWatch Daily_Chokepoints_Data chokepoint6,high_for_chokepoint_calls_low_for_cargo_contents,"Known: daily transit calls by broad vessel class. Unknown: vessel identity, direction, AIS-dark movements, and actual cargo onboard."
2020-04-21,75,54,5,10,4,2,21,3301736,3870387,63.57,41.71,99.6,118.2,IMF PortWatch Daily_Chokepoints_Data chokepoint6,high_for_chokepoint_calls_low_for_cargo_contents,"Known: daily transit calls by broad vessel class. Unknown: vessel identity, direction, AIS-dark movements, and actual cargo onboard."
2020-04-22,58,30,10,9,7,2,28,238218,1064950,63.86,41.57,77.0,65.7,IMF PortWatch Daily_Chokepoints_Data chokepoint6,high_for_chokepoint_calls_low_for_cargo_contents,"Known: daily transit calls by broad vessel class. Unknown: vessel identity, direction, AIS-dark movements, and actual cargo onboard."
2020-04-23,69,45,10,8,3,3,24,1757547,2508476,64.14,41,91.7,98.5,IMF PortWatch Daily_Chokepoints_Data chokepoint6,high_for_chokepoint_calls_low_for_cargo_contents,"Known: daily transit calls by broad vessel class. Unknown: vessel identity, direction, AIS-dark movements, and actual cargo onboard."
2020-04-24,77,51,11,11,1,3,26,3041014,3784604,66,42.43,102.3,111.6,IMF PortWatch Daily_Chokepoints_Data chokepoint6,high_for_chokepoint_calls_low_for_cargo_contents,"Known: daily transit calls by broad vessel class. Unknown: vessel identity, direction, AIS-dark movements, and actual cargo onboard."
2020-04-25,73,50,6,9,7,1,23,2178554,2933410,67.43,44,97.0,109.5,IMF PortWatch Daily_Chokepoints_Data chokepoint6,high_for_chokepoint_calls_low_for_cargo_contents,"Known: daily transit calls by broad vessel class. Unknown: vessel identity, direction, AIS-dark movements, and actual cargo onboard."
2020-04-26,71,45,8,14,4,0,26,2467393,3169176,67.71,44.29,94.3,98.5,IMF PortWatch Daily_Chokepoints_Data chokepoint6,high_for_chokepoint_calls_low_for_cargo_contents,"Known: daily transit calls by broad vessel class. Unknown: vessel identity, direction, AIS-dark movements, and actual cargo onboard."
2020-04-27,66,45,8,7,5,1,21,1725397,2087069,69.86,45.71,87.7,98.5,IMF PortWatch Daily_Chokepoints_Data chokepoint6,high_for_chokepoint_calls_low_for_cargo_contents,"Known: daily transit calls by broad vessel class. Unknown: vessel identity, direction, AIS-dark movements, and actual cargo onboard."
2020-04-28,60,34,6,11,7,2,26,1131050,1911972,67.71,42.86,79.7,74.4,IMF PortWatch Daily_Chokepoints_Data chokepoint6,high_for_chokepoint_calls_low_for_cargo_contents,"Known: daily transit calls by broad vessel class. Unknown: vessel identity, direction, AIS-dark movements, and actual cargo onboard."
2020-04-29,59,35,14,7,3,0,24,2153604,2696100,67.86,43.57,78.4,76.6,IMF PortWatch Daily_Chokepoints_Data chokepoint6,high_for_chokepoint_calls_low_for_cargo_contents,"Known: daily transit calls by broad vessel class. Unknown: vessel identity, direction, AIS-dark movements, and actual cargo onboard."
2020-04-30,48,24,8,10,5,1,24,1435231,2036194,64.86,40.57,63.8,52.5,IMF PortWatch Daily_Chokepoints_Data chokepoint6,high_for_chokepoint_calls_low_for_cargo_contents,"Known: daily transit calls by broad vessel class. Unknown: vessel identity, direction, AIS-dark movements, and actual cargo onboard."
2020-05-01,46,28,2,8,2,6,18,2863444,3143245,60.43,37.29,61.1,61.3,IMF PortWatch Daily_Chokepoints_Data chokepoint6,high_for_chokepoint_calls_low_for_cargo_contents,"Known: daily transit calls by broad vessel class. Unknown: vessel identity, direction, AIS-dark movements, and actual cargo onboard."
2020-05-02,55,37,7,10,1,0,18,2806389,3346761,57.86,35.43,73.1,81.0,IMF PortWatch Daily_Chokepoints_Data chokepoint6,high_for_chokepoint_calls_low_for_cargo_contents,"Known: daily transit calls by broad vessel class. Unknown: vessel identity, direction, AIS-dark movements, and actual cargo onboard."
2020-05-03,57,33,13,10,1,0,24,2092642,3248706,55.86,33.71,75.7,72.2,IMF PortWatch Daily_Chokepoints_Data chokepoint6,high_for_chokepoint_calls_low_for_cargo_contents,"Known: daily transit calls by broad vessel class. Unknown: vessel identity, direction, AIS-dark movements, and actual cargo onboard."
2020-05-04,92,59,16,9,7,1,33,3124356,3755419,59.57,35.71,122.2,129.2,IMF PortWatch Daily_Chokepoints_Data chokepoint6,high_for_chokepoint_calls_low_for_cargo_contents,"Known: daily transit calls by broad vessel class. Unknown: vessel identity, direction, AIS-dark movements, and actual cargo onboard."
2020-05-05,64,39,12,11,1,1,25,2179256,3030298,60.14,36.43,85.0,85.4,IMF PortWatch Daily_Chokepoints_Data chokepoint6,high_for_chokepoint_calls_low_for_cargo_contents,"Known: daily transit calls by broad vessel class. Unknown: vessel identity, direction, AIS-dark movements, and actual cargo onboard."
2020-05-06,73,48,11,12,2,0,25,3223439,4262689,62.14,38.29,97.0,105.1,IMF PortWatch Daily_Chokepoints_Data chokepoint6,high_for_chokepoint_calls_low_for_cargo_contents,"Known: daily transit calls by broad vessel class. Unknown: vessel identity, direction, AIS-dark movements, and actual cargo onboard."
2020-05-07,80,44,12,18,5,1,36,1293736,2102712,66.71,41.14,106.3,96.3,IMF PortWatch Daily_Chokepoints_Data chokepoint6,high_for_chokepoint_calls_low_for_cargo_contents,"Known: daily transit calls by broad vessel class. Unknown: vessel identity, direction, AIS-dark movements, and actual cargo onboard."
2020-05-08,85,55,11,11,4,4,30,2874267,3845449,72.29,45,112.9,120.4,IMF PortWatch Daily_Chokepoints_Data chokepoint6,high_for_chokepoint_calls_low_for_cargo_contents,"Known: daily transit calls by broad vessel class. Unknown: vessel identity, direction, AIS-dark movements, and actual cargo onboard."
2020-05-09,84,49,13,19,2,1,35,2393375,3540650,76.43,46.71,111.6,107.3,IMF PortWatch Daily_Chokepoints_Data chokepoint6,high_for_chokepoint_calls_low_for_cargo_contents,"Known: daily transit calls by broad vessel class. Unknown: vessel identity, direction, AIS-dark movements, and actual cargo onboard."
2020-05-10,81,39,13,17,8,4,42,1737216,2598450,79.86,47.57,107.6,85.4,IMF PortWatch Daily_Chokepoints_Data chokepoint6,high_for_chokepoint_calls_low_for_cargo_contents,"Known: daily transit calls by broad vessel class. Unknown: vessel identity, direction, AIS-dark movements, and actual cargo onboard."
2020-05-11,90,55,13,16,3,3,35,3604348,4542848,79.57,47,119.6,120.4,IMF PortWatch Daily_Chokepoints_Data chokepoint6,high_for_chokepoint_calls_low_for_cargo_contents,"Known: daily transit calls by broad vessel class. Unknown: vessel identity, direction, AIS-dark movements, and actual cargo onboard."
2020-05-12,78,53,13,8,2,2,25,2357620,2996982,81.57,49,103.6,116.0,IMF PortWatch Daily_Chokepoints_Data chokepoint6,high_for_chokepoint_calls_low_for_cargo_contents,"Known: daily transit calls by broad vessel class. Unknown: vessel identity, direction, AIS-dark movements, and actual cargo onboard."
2020-05-13,79,50,10,12,3,4,29,2341268,3125903,82.43,49.29,104.9,109.5,IMF PortWatch Daily_Chokepoints_Data chokepoint6,high_for_chokepoint_calls_low_for_cargo_contents,"Known: daily transit calls by broad vessel class. Unknown: vessel identity, direction, AIS-dark movements, and actual cargo onboard."
2020-05-14,95,58,17,13,3,4,37,2570918,3737214,84.57,51.29,126.2,127.0,IMF PortWatch Daily_Chokepoints_Data chokepoint6,high_for_chokepoint_calls_low_for_cargo_contents,"Known: daily transit calls by broad vessel class. Unknown: vessel identity, direction, AIS-dark movements, and actual cargo onboard."
2020-05-15,74,45,9,15,4,1,29,2630845,3625408,83,49.86,98.3,98.5,IMF PortWatch Daily_Chokepoints_Data chokepoint6,high_for_chokepoint_calls_low_for_cargo_contents,"Known: daily transit calls by broad vessel class. Unknown: vessel identity, direction, AIS-dark movements, and actual cargo onboard."
2020-05-16,88,57,12,13,5,1,31,2698053,3732244,83.57,51,116.9,124.8,IMF PortWatch Daily_Chokepoints_Data chokepoint6,high_for_chokepoint_calls_low_for_cargo_contents,"Known: daily transit calls by broad vessel class. Unknown: vessel identity, direction, AIS-dark movements, and actual cargo onboard."
2020-05-17,82,47,11,16,7,1,35,2423074,3545348,83.71,52.14,108.9,102.9,IMF PortWatch Daily_Chokepoints_Data chokepoint6,high_for_chokepoint_calls_low_for_cargo_contents,"Known: daily transit calls by broad vessel class. Unknown: vessel identity, direction, AIS-dark movements, and actual cargo onboard."
2020-05-18,49,34,11,2,2,0,15,2135010,2547792,77.86,49.14,65.1,74.4,IMF PortWatch Daily_Chokepoints_Data chokepoint6,high_for_chokepoint_calls_low_for_cargo_contents,"Known: daily transit calls by broad vessel class. Unknown: vessel identity, direction, AIS-dark movements, and actual cargo onboard."
2020-05-19,87,53,13,15,2,4,34,2709424,3719376,79.14,49.14,115.6,116.0,IMF PortWatch Daily_Chokepoints_Data chokepoint6,high_for_chokepoint_calls_low_for_cargo_contents,"Known: daily transit calls by broad vessel class. Unknown: vessel identity, direction, AIS-dark movements, and actual cargo onboard."
2020-05-20,86,44,17,15,6,4,42,2307759,3599848,80.14,48.29,114.2,96.3,IMF PortWatch Daily_Chokepoints_Data chokepoint6,high_for_chokepoint_calls_low_for_cargo_contents,"Known: daily transit calls by broad vessel class. Unknown: vessel identity, direction, AIS-dark movements, and actual cargo onboard."
2020-05-21,84,52,12,16,2,2,32,4084718,4690123,78.57,47.43,111.6,113.8,IMF PortWatch Daily_Chokepoints_Data chokepoint6,high_for_chokepoint_calls_low_for_cargo_contents,"Known: daily transit calls by broad vessel class. Unknown: vessel identity, direction, AIS-dark movements, and actual cargo onboard."
2020-05-22,48,30,10,5,1,2,18,2105974,2763656,74.86,45.29,63.8,65.7,IMF PortWatch Daily_Chokepoints_Data chokepoint6,high_for_chokepoint_calls_low_for_cargo_contents,"Known: daily transit calls by broad vessel class. Unknown: vessel identity, direction, AIS-dark movements, and actual cargo onboard."
2020-05-23,57,29,8,13,4,3,28,1312364,2175036,70.43,41.29,75.7,63.5,IMF PortWatch Daily_Chokepoints_Data chokepoint6,high_for_chokepoint_calls_low_for_cargo_contents,"Known: daily transit calls by broad vessel class. Unknown: vessel identity, direction, AIS-dark movements, and actual cargo onboard."
2020-05-24,66,42,10,10,3,1,24,2173854,2709529,68.14,40.57,87.7,91.9,IMF PortWatch Daily_Chokepoints_Data chokepoint6,high_for_chokepoint_calls_low_for_cargo_contents,"Known: daily transit calls by broad vessel class. Unknown: vessel identity, direction, AIS-dark movements, and actual cargo onboard."
2020-05-25,72,40,11,14,6,1,32,1272705,2218125,71.43,41.43,95.6,87.6,IMF PortWatch Daily_Chokepoints_Data chokepoint6,high_for_chokepoint_calls_low_for_cargo_contents,"Known: daily transit calls by broad vessel class. Unknown: vessel identity, direction, AIS-dark movements, and actual cargo onboard."
2020-05-26,63,37,10,11,3,2,26,1627684,2323028,68,39.14,83.7,81.0,IMF PortWatch Daily_Chokepoints_Data chokepoint6,high_for_chokepoint_calls_low_for_cargo_contents,"Known: daily transit calls by broad vessel class. Unknown: vessel identity, direction, AIS-dark movements, and actual cargo onboard."
2020-05-27,51,28,8,8,3,4,23,1664609,2177424,63,36.86,67.7,61.3,IMF PortWatch Daily_Chokepoints_Data chokepoint6,high_for_chokepoint_calls_low_for_cargo_contents,"Known: daily transit calls by broad vessel class. Unknown: vessel identity, direction, AIS-dark movements, and actual cargo onboard."
2020-05-28,79,50,16,10,3,0,29,2222845,2806880,62.29,36.57,104.9,109.5,IMF PortWatch Daily_Chokepoints_Data chokepoint6,high_for_chokepoint_calls_low_for_cargo_contents,"Known: daily transit calls by broad vessel class. Unknown: vessel identity, direction, AIS-dark movements, and actual cargo onboard."
2020-05-29,78,52,9,14,1,2,26,3077328,3807829,66.57,39.71,103.6,113.8,IMF PortWatch Daily_Chokepoints_Data chokepoint6,high_for_chokepoint_calls_low_for_cargo_contents,"Known: daily transit calls by broad vessel class. Unknown: vessel identity, direction, AIS-dark movements, and actual cargo onboard."
2020-05-30,72,37,13,16,4,2,35,1362429,2471991,68.71,40.86,95.6,81.0,IMF PortWatch Daily_Chokepoints_Data chokepoint6,high_for_chokepoint_calls_low_for_cargo_contents,"Known: daily transit calls by broad vessel class. Unknown: vessel identity, direction, AIS-dark movements, and actual cargo onboard."
2020-05-31,67,40,13,9,5,0,27,1793982,2588330,68.86,40.57,89.0,87.6,IMF PortWatch Daily_Chokepoints_Data chokepoint6,high_for_chokepoint_calls_low_for_cargo_contents,"Known: daily transit calls by broad vessel class. Unknown: vessel identity, direction, AIS-dark movements, and actual cargo onboard."
2020-06-01,76,45,12,14,3,2,31,2434904,3573789,69.43,41.29,101.0,98.5,IMF PortWatch Daily_Chokepoints_Data chokepoint6,high_for_chokepoint_calls_low_for_cargo_contents,"Known: daily transit calls by broad vessel class. Unknown: vessel identity, direction, AIS-dark movements, and actual cargo onboard."
2020-06-02,89,53,12,18,3,3,36,2426621,3526747,73.14,43.57,118.2,116.0,IMF PortWatch Daily_Chokepoints_Data chokepoint6,high_for_chokepoint_calls_low_for_cargo_contents,"Known: daily transit calls by broad vessel class. Unknown: vessel identity, direction, AIS-dark movements, and actual cargo onboard."
2020-06-03,82,47,18,12,4,1,35,2699736,3551125,77.57,46.29,108.9,102.9,IMF PortWatch Daily_Chokepoints_Data chokepoint6,high_for_chokepoint_calls_low_for_cargo_contents,"Known: daily transit calls by broad vessel class. Unknown: vessel identity, direction, AIS-dark movements, and actual cargo onboard."
2020-06-04,72,47,8,12,3,2,25,3112079,3593732,76.57,45.86,95.6,102.9,IMF PortWatch Daily_Chokepoints_Data chokepoint6,high_for_chokepoint_calls_low_for_cargo_contents,"Known: daily transit calls by broad vessel class. Unknown: vessel identity, direction, AIS-dark movements, and actual cargo onboard."
2020-06-05,79,43,11,15,6,4,36,2427333,3268129,76.71,44.57,104.9,94.1,IMF PortWatch Daily_Chokepoints_Data chokepoint6,high_for_chokepoint_calls_low_for_cargo_contents,"Known: daily transit calls by broad vessel class. Unknown: vessel identity, direction, AIS-dark movements, and actual cargo onboard."
2020-06-06,72,45,11,13,2,1,27,2679981,3262415,76.71,45.71,95.6,98.5,IMF PortWatch Daily_Chokepoints_Data chokepoint6,high_for_chokepoint_calls_low_for_cargo_contents,"Known: daily transit calls by broad vessel class. Unknown: vessel identity, direction, AIS-dark movements, and actual cargo onboard."
2020-06-07,77,46,14,14,1,2,31,1868224,2772743,78.14,46.57,102.3,100.7,IMF PortWatch Daily_Chokepoints_Data chokepoint6,high_for_chokepoint_calls_low_for_cargo_contents,"Known: daily transit calls by broad vessel class. Unknown: vessel identity, direction, AIS-dark movements, and actual cargo onboard."
2020-06-08,70,42,9,13,3,3,28,2004806,2827463,77.29,46.14,93.0,91.9,IMF PortWatch Daily_Chokepoints_Data chokepoint6,high_for_chokepoint_calls_low_for_cargo_contents,"Known: daily transit calls by broad vessel class. Unknown: vessel identity, direction, AIS-dark movements, and actual cargo onboard."
2020-06-09,82,49,14,11,7,1,33,2323696,3074814,76.29,45.57,108.9,107.3,IMF PortWatch Daily_Chokepoints_Data chokepoint6,high_for_chokepoint_calls_low_for_cargo_contents,"Known: daily transit calls by broad vessel class. Unknown: vessel identity, direction, AIS-dark movements, and actual cargo onboard."
2020-06-10,91,56,19,11,4,1,35,3537632,4684134,77.57,46.86,120.9,122.6,IMF PortWatch Daily_Chokepoints_Data chokepoint6,high_for_chokepoint_calls_low_for_cargo_contents,"Known: daily transit calls by broad vessel class. Unknown: vessel identity, direction, AIS-dark movements, and actual cargo onboard."
2020-06-11,83,50,12,12,5,4,33,1960405,2626920,79.14,47.29,110.3,109.5,IMF PortWatch Daily_Chokepoints_Data chokepoint6,high_for_chokepoint_calls_low_for_cargo_contents,"Known: daily transit calls by broad vessel class. Unknown: vessel identity, direction, AIS-dark movements, and actual cargo onboard."
2020-06-12,85,53,17,9,4,2,32,3190379,4113913,80,48.71,112.9,116.0,IMF PortWatch Daily_Chokepoints_Data chokepoint6,high_for_chokepoint_calls_low_for_cargo_contents,"Known: daily transit calls by broad vessel class. Unknown: vessel identity, direction, AIS-dark movements, and actual cargo onboard."
2020-06-13,80,50,13,15,1,1,30,2436340,3057909,81.14,49.43,106.3,109.5,IMF PortWatch Daily_Chokepoints_Data chokepoint6,high_for_chokepoint_calls_low_for_cargo_contents,"Known: daily transit calls by broad vessel class. Unknown: vessel identity, direction, AIS-dark movements, and actual cargo onboard."
2020-06-14,94,56,14,17,6,1,38,2784261,3736085,83.57,50.86,124.9,122.6,IMF PortWatch Daily_Chokepoints_Data chokepoint6,high_for_chokepoint_calls_low_for_cargo_contents,"Known: daily transit calls by broad vessel class. Unknown: vessel identity, direction, AIS-dark movements, and actual cargo onboard."
2020-06-15,78,45,14,15,2,2,33,1961867,2911126,84.71,51.29,103.6,98.5,IMF PortWatch Daily_Chokepoints_Data chokepoint6,high_for_chokepoint_calls_low_for_cargo_contents,"Known: daily transit calls by broad vessel class. Unknown: vessel identity, direction, AIS-dark movements, and actual cargo onboard."
2020-06-16,85,49,17,12,7,0,36,2009158,2844312,85.14,51.29,112.9,107.3,IMF PortWatch Daily_Chokepoints_Data chokepoint6,high_for_chokepoint_calls_low_for_cargo_contents,"Known: daily transit calls by broad vessel class. Unknown: vessel identity, direction, AIS-dark movements, and actual cargo onboard."
2020-06-17,93,53,22,13,5,0,40,2238221,3346603,85.43,50.86,123.5,116.0,IMF PortWatch Daily_Chokepoints_Data chokepoint6,high_for_chokepoint_calls_low_for_cargo_contents,"Known: daily transit calls by broad vessel class. Unknown: vessel identity, direction, AIS-dark movements, and actual cargo onboard."
2020-06-18,73,48,9,12,3,1,25,2681114,3589698,84,50.57,97.0,105.1,IMF PortWatch Daily_Chokepoints_Data chokepoint6,high_for_chokepoint_calls_low_for_cargo_contents,"Known: daily transit calls by broad vessel class. Unknown: vessel identity, direction, AIS-dark movements, and actual cargo onboard."
2020-06-19,97,47,25,16,6,3,50,2965987,4284676,85.71,49.71,128.8,102.9,IMF PortWatch Daily_Chokepoints_Data chokepoint6,high_for_chokepoint_calls_low_for_cargo_contents,"Known: daily transit calls by broad vessel class. Unknown: vessel identity, direction, AIS-dark movements, and actual cargo onboard."
2020-06-20,85,56,13,9,4,3,29,2137578,3093172,86.43,50.57,112.9,122.6,IMF PortWatch Daily_Chokepoints_Data chokepoint6,high_for_chokepoint_calls_low_for_cargo_contents,"Known: daily transit calls by broad vessel class. Unknown: vessel identity, direction, AIS-dark movements, and actual cargo onboard."
2020-06-21,87,57,14,11,3,2,30,2761118,3560082,85.43,50.71,115.6,124.8,IMF PortWatch Daily_Chokepoints_Data chokepoint6,high_for_chokepoint_calls_low_for_cargo_contents,"Known: daily transit calls by broad vessel class. Unknown: vessel identity, direction, AIS-dark movements, and actual cargo onboard."
2020-06-22,93,63,12,12,5,1,30,2701263,3865950,87.57,53.29,123.5,137.9,IMF PortWatch Daily_Chokepoints_Data chokepoint6,high_for_chokepoint_calls_low_for_cargo_contents,"Known: daily transit calls by broad vessel class. Unknown: vessel identity, direction, AIS-dark movements, and actual cargo onboard."
2020-06-23,81,54,9,12,3,3,27,2032641,2690311,87,54,107.6,118.2,IMF PortWatch Daily_Chokepoints_Data chokepoint6,high_for_chokepoint_calls_low_for_cargo_contents,"Known: daily transit calls by broad vessel class. Unknown: vessel identity, direction, AIS-dark movements, and actual cargo onboard."
2020-06-24,83,46,16,14,5,2,37,2283656,3338471,85.57,53,110.3,100.7,IMF PortWatch Daily_Chokepoints_Data chokepoint6,high_for_chokepoint_calls_low_for_cargo_contents,"Known: daily transit calls by broad vessel class. Unknown: vessel identity, direction, AIS-dark movements, and actual cargo onboard."
2020-06-25,74,45,11,11,4,3,29,2526001,3167643,85.71,52.57,98.3,98.5,IMF PortWatch Daily_Chokepoints_Data chokepoint6,high_for_chokepoint_calls_low_for_cargo_contents,"Known: daily transit calls by broad vessel class. Unknown: vessel identity, direction, AIS-dark movements, and actual cargo onboard."
2020-06-26,72,51,7,11,1,2,21,2248667,2778778,82.14,53.14,95.6,111.6,IMF PortWatch Daily_Chokepoints_Data chokepoint6,high_for_chokepoint_calls_low_for_cargo_contents,"Known: daily transit calls by broad vessel class. Unknown: vessel identity, direction, AIS-dark movements, and actual cargo onboard."
2020-06-27,77,49,14,10,4,0,28,1273372,2126081,81,52.14,102.3,107.3,IMF PortWatch Daily_Chokepoints_Data chokepoint6,high_for_chokepoint_calls_low_for_cargo_contents,"Known: daily transit calls by broad vessel class. Unknown: vessel identity, direction, AIS-dark movements, and actual cargo onboard."
2020-06-28,70,40,14,11,3,2,30,1496119,2441216,78.57,49.71,93.0,87.6,IMF PortWatch Daily_Chokepoints_Data chokepoint6,high_for_chokepoint_calls_low_for_cargo_contents,"Known: daily transit calls by broad vessel class. Unknown: vessel identity, direction, AIS-dark movements, and actual cargo onboard."
2020-06-29,99,60,19,14,5,1,39,1573780,2768133,79.43,49.29,131.5,131.3,IMF PortWatch Daily_Chokepoints_Data chokepoint6,high_for_chokepoint_calls_low_for_cargo_contents,"Known: daily transit calls by broad vessel class. Unknown: vessel identity, direction, AIS-dark movements, and actual cargo onboard."
2020-06-30,92,54,13,17,8,0,38,1624856,2686534,81,49.29,122.2,118.2,IMF PortWatch Daily_Chokepoints_Data chokepoint6,high_for_chokepoint_calls_low_for_cargo_contents,"Known: daily transit calls by broad vessel class. Unknown: vessel identity, direction, AIS-dark movements, and actual cargo onboard."
2020-07-01,43,20,10,7,3,3,23,845630,1451162,75.29,45.57,57.1,43.8,IMF PortWatch Daily_Chokepoints_Data chokepoint6,high_for_chokepoint_calls_low_for_cargo_contents,"Known: daily transit calls by broad vessel class. Unknown: vessel identity, direction, AIS-dark movements, and actual cargo onboard."
2020-07-02,68,39,12,10,5,2,29,1721825,2525206,74.43,44.71,90.3,85.4,IMF PortWatch Daily_Chokepoints_Data chokepoint6,high_for_chokepoint_calls_low_for_cargo_contents,"Known: daily transit calls by broad vessel class. Unknown: vessel identity, direction, AIS-dark movements, and actual cargo onboard."
2020-07-03,89,55,14,15,5,0,34,2888327,3994829,76.86,45.29,118.2,120.4,IMF PortWatch Daily_Chokepoints_Data chokepoint6,high_for_chokepoint_calls_low_for_cargo_contents,"Known: daily transit calls by broad vessel class. Unknown: vessel identity, direction, AIS-dark movements, and actual cargo onboard."
2020-07-04,80,42,14,19,3,2,38,3167920,4051696,77.29,44.29,106.3,91.9,IMF PortWatch Daily_Chokepoints_Data chokepoint6,high_for_chokepoint_calls_low_for_cargo_contents,"Known: daily transit calls by broad vessel class. Unknown: vessel identity, direction, AIS-dark movements, and actual cargo onboard."
2020-07-05,88,55,13,11,8,1,33,2259157,2894941,79.86,46.43,116.9,120.4,IMF PortWatch Daily_Chokepoints_Data chokepoint6,high_for_chokepoint_calls_low_for_cargo_contents,"Known: daily transit calls by broad vessel class. Unknown: vessel identity, direction, AIS-dark movements, and actual cargo onboard."
2020-07-06,71,42,13,12,3,1,29,2093883,3102526,75.86,43.86,94.3,91.9,IMF PortWatch Daily_Chokepoints_Data chokepoint6,high_for_chokepoint_calls_low_for_cargo_contents,"Known: daily transit calls by broad vessel class. Unknown: vessel identity, direction, AIS-dark movements, and actual cargo onboard."
2020-07-07,102,68,13,12,8,1,34,3693333,4634021,77.29,45.86,135.5,148.9,IMF PortWatch Daily_Chokepoints_Data chokepoint6,high_for_chokepoint_calls_low_for_cargo_contents,"Known: daily transit calls by broad vessel class. Unknown: vessel identity, direction, AIS-dark movements, and actual cargo onboard."
2020-07-08,69,41,15,8,4,1,28,1581283,2492461,81,48.86,91.7,89.8,IMF PortWatch Daily_Chokepoints_Data chokepoint6,high_for_chokepoint_calls_low_for_cargo_contents,"Known: daily transit calls by broad vessel class. Unknown: vessel identity, direction, AIS-dark movements, and actual cargo onboard."
2020-07-09,82,47,20,14,1,0,35,1953259,3004985,83,50,108.9,102.9,IMF PortWatch Daily_Chokepoints_Data chokepoint6,high_for_chokepoint_calls_low_for_cargo_contents,"Known: daily transit calls by broad vessel class. Unknown: vessel identity, direction, AIS-dark movements, and actual cargo onboard."
2020-07-10,77,48,9,13,4,3,29,2764457,3857953,81.29,49,102.3,105.1,IMF PortWatch Daily_Chokepoints_Data chokepoint6,high_for_chokepoint_calls_low_for_cargo_contents,"Known: daily transit calls by broad vessel class. Unknown: vessel identity, direction, AIS-dark movements, and actual cargo onboard."
2020-07-11,93,63,10,13,5,2,30,3918150,4583870,83.14,52,123.5,137.9,IMF PortWatch Daily_Chokepoints_Data chokepoint6,high_for_chokepoint_calls_low_for_cargo_contents,"Known: daily transit calls by broad vessel class. Unknown: vessel identity, direction, AIS-dark movements, and actual cargo onboard."
2020-07-12,78,49,15,11,3,0,29,2467151,3133198,81.71,51.14,103.6,107.3,IMF PortWatch Daily_Chokepoints_Data chokepoint6,high_for_chokepoint_calls_low_for_cargo_contents,"Known: daily transit calls by broad vessel class. Unknown: vessel identity, direction, AIS-dark movements, and actual cargo onboard."
2020-07-13,85,47,15,16,4,3,38,2313395,3154407,83.71,51.86,112.9,102.9,IMF PortWatch Daily_Chokepoints_Data chokepoint6,high_for_chokepoint_calls_low_for_cargo_contents,"Known: daily transit calls by broad vessel class. Unknown: vessel identity, direction, AIS-dark movements, and actual cargo onboard."
2020-07-14,84,52,11,16,3,2,32,2846631,3827977,81.14,49.57,111.6,113.8,IMF PortWatch Daily_Chokepoints_Data chokepoint6,high_for_chokepoint_calls_low_for_cargo_contents,"Known: daily transit calls by broad vessel class. Unknown: vessel identity, direction, AIS-dark movements, and actual cargo onboard."
2020-07-15,71,44,12,14,1,0,27,2714668,3616595,81.43,50,94.3,96.3,IMF PortWatch Daily_Chokepoints_Data chokepoint6,high_for_chokepoint_calls_low_for_cargo_contents,"Known: daily transit calls by broad vessel class. Unknown: vessel identity, direction, AIS-dark movements, and actual cargo onboard."
2020-07-16,81,55,12,9,4,1,26,2358881,3090535,81.29,51.14,107.6,120.4,IMF PortWatch Daily_Chokepoints_Data chokepoint6,high_for_chokepoint_calls_low_for_cargo_contents,"Known: daily transit calls by broad vessel class. Unknown: vessel identity, direction, AIS-dark movements, and actual cargo onboard."
2020-07-17,57,40,3,11,2,1,17,1820675,2433164,78.43,50,75.7,87.6,IMF PortWatch Daily_Chokepoints_Data chokepoint6,high_for_chokepoint_calls_low_for_cargo_contents,"Known: daily transit calls by broad vessel class. Unknown: vessel identity, direction, AIS-dark movements, and actual cargo onboard."
2020-07-18,89,54,13,18,3,1,35,2325879,3372147,77.86,48.71,118.2,118.2,IMF PortWatch Daily_Chokepoints_Data chokepoint6,high_for_chokepoint_calls_low_for_cargo_contents,"Known: daily transit calls by broad vessel class. Unknown: vessel identity, direction, AIS-dark movements, and actual cargo onboard."
2020-07-19,68,42,10,14,2,0,26,1567599,2098366,76.43,47.71,90.3,91.9,IMF PortWatch Daily_Chokepoints_Data chokepoint6,high_for_chokepoint_calls_low_for_cargo_contents,"Known: daily transit calls by broad vessel class. Unknown: vessel identity, direction, AIS-dark movements, and actual cargo onboard."
2020-07-20,94,59,15,15,3,2,35,2438701,3749566,77.71,49.43,124.9,129.2,IMF PortWatch Daily_Chokepoints_Data chokepoint6,high_for_chokepoint_calls_low_for_cargo_contents,"Known: daily transit calls by broad vessel class. Unknown: vessel identity, direction, AIS-dark movements, and actual cargo onboard."
2020-07-21,70,48,10,8,4,0,22,2558424,2963873,75.71,48.86,93.0,105.1,IMF PortWatch Daily_Chokepoints_Data chokepoint6,high_for_chokepoint_calls_low_for_cargo_contents,"Known: daily transit calls by broad vessel class. Unknown: vessel identity, direction, AIS-dark movements, and actual cargo onboard."
2020-07-22,72,43,10,11,5,3,29,1346806,1988302,75.86,48.71,95.6,94.1,IMF PortWatch Daily_Chokepoints_Data chokepoint6,high_for_chokepoint_calls_low_for_cargo_contents,"Known: daily transit calls by broad vessel class. Unknown: vessel identity, direction, AIS-dark movements, and actual cargo onboard."
2020-07-23,67,45,14,7,0,1,22,2327674,2858245,73.86,47.29,89.0,98.5,IMF PortWatch Daily_Chokepoints_Data chokepoint6,high_for_chokepoint_calls_low_for_cargo_contents,"Known: daily transit calls by broad vessel class. Unknown: vessel identity, direction, AIS-dark movements, and actual cargo onboard."
2020-07-24,91,60,7,18,4,2,31,2908969,3608168,78.71,50.14,120.9,131.3,IMF PortWatch Daily_Chokepoints_Data chokepoint6,high_for_chokepoint_calls_low_for_cargo_contents,"Known: daily transit calls by broad vessel class. Unknown: vessel identity, direction, AIS-dark movements, and actual cargo onboard."
2020-07-25,88,57,15,11,4,1,31,2809349,3523822,78.57,50.57,116.9,124.8,IMF PortWatch Daily_Chokepoints_Data chokepoint6,high_for_chokepoint_calls_low_for_cargo_contents,"Known: daily transit calls by broad vessel class. Unknown: vessel identity, direction, AIS-dark movements, and actual cargo onboard."
2020-07-26,97,55,19,14,7,2,42,1983340,3080760,82.71,52.43,128.8,120.4,IMF PortWatch Daily_Chokepoints_Data chokepoint6,high_for_chokepoint_calls_low_for_cargo_contents,"Known: daily transit calls by broad vessel class. Unknown: vessel identity, direction, AIS-dark movements, and actual cargo onboard."
2020-07-27,71,44,9,12,3,3,27,1746365,2356133,79.43,50.29,94.3,96.3,IMF PortWatch Daily_Chokepoints_Data chokepoint6,high_for_chokepoint_calls_low_for_cargo_contents,"Known: daily transit calls by broad vessel class. Unknown: vessel identity, direction, AIS-dark movements, and actual cargo onboard."
2020-07-28,77,54,7,10,4,2,23,2743651,3418933,80.43,51.14,102.3,118.2,IMF PortWatch Daily_Chokepoints_Data chokepoint6,high_for_chokepoint_calls_low_for_cargo_contents,"Known: daily transit calls by broad vessel class. Unknown: vessel identity, direction, AIS-dark movements, and actual cargo onboard."
2020-07-29,86,44,24,15,2,1,42,2232111,3586932,82.43,51.29,114.2,96.3,IMF PortWatch Daily_Chokepoints_Data chokepoint6,high_for_chokepoint_calls_low_for_cargo_contents,"Known: daily transit calls by broad vessel class. Unknown: vessel identity, direction, AIS-dark movements, and actual cargo onboard."
2020-07-30,93,63,9,14,5,2,30,3138523,4131129,86.14,53.86,123.5,137.9,IMF PortWatch Daily_Chokepoints_Data chokepoint6,high_for_chokepoint_calls_low_for_cargo_contents,"Known: daily transit calls by broad vessel class. Unknown: vessel identity, direction, AIS-dark movements, and actual cargo onboard."
2020-07-31,66,42,8,12,3,1,24,1581269,2222036,82.57,51.29,87.7,91.9,IMF PortWatch Daily_Chokepoints_Data chokepoint6,high_for_chokepoint_calls_low_for_cargo_contents,"Known: daily transit calls by broad vessel class. Unknown: vessel identity, direction, AIS-dark movements, and actual cargo onboard."
2020-08-01,79,50,9,13,6,1,29,2024058,2718496,81.29,50.29,104.9,109.5,IMF PortWatch Daily_Chokepoints_Data chokepoint6,high_for_chokepoint_calls_low_for_cargo_contents,"Known: daily transit calls by broad vessel class. Unknown: vessel identity, direction, AIS-dark movements, and actual cargo onboard."
2020-08-02,86,51,16,15,2,2,35,2243545,3431687,79.71,49.71,114.2,111.6,IMF PortWatch Daily_Chokepoints_Data chokepoint6,high_for_chokepoint_calls_low_for_cargo_contents,"Known: daily transit calls by broad vessel class. Unknown: vessel identity, direction, AIS-dark movements, and actual cargo onboard."
2020-08-03,89,58,11,16,4,0,31,2926889,3857556,82.29,51.71,118.2,127.0,IMF PortWatch Daily_Chokepoints_Data chokepoint6,high_for_chokepoint_calls_low_for_cargo_contents,"Known: daily transit calls by broad vessel class. Unknown: vessel identity, direction, AIS-dark movements, and actual cargo onboard."
2020-08-04,75,49,14,9,1,2,26,2073134,2945671,82,51,99.6,107.3,IMF PortWatch Daily_Chokepoints_Data chokepoint6,high_for_chokepoint_calls_low_for_cargo_contents,"Known: daily transit calls by broad vessel class. Unknown: vessel identity, direction, AIS-dark movements, and actual cargo onboard."
2020-08-05,80,50,10,15,3,2,30,3515464,4412584,81.14,51.86,106.3,109.5,IMF PortWatch Daily_Chokepoints_Data chokepoint6,high_for_chokepoint_calls_low_for_cargo_contents,"Known: daily transit calls by broad vessel class. Unknown: vessel identity, direction, AIS-dark movements, and actual cargo onboard."
2020-08-06,61,34,14,8,3,2,27,976830,1589111,76.57,47.71,81.0,74.4,IMF PortWatch Daily_Chokepoints_Data chokepoint6,high_for_chokepoint_calls_low_for_cargo_contents,"Known: daily transit calls by broad vessel class. Unknown: vessel identity, direction, AIS-dark movements, and actual cargo onboard."
2020-08-07,86,53,11,13,7,2,33,3876156,4942362,79.43,49.29,114.2,116.0,IMF PortWatch Daily_Chokepoints_Data chokepoint6,high_for_chokepoint_calls_low_for_cargo_contents,"Known: daily transit calls by broad vessel class. Unknown: vessel identity, direction, AIS-dark movements, and actual cargo onboard."
2020-08-08,78,57,6,12,3,0,21,2639533,3337421,79.29,50.29,103.6,124.8,IMF PortWatch Daily_Chokepoints_Data chokepoint6,high_for_chokepoint_calls_low_for_cargo_contents,"Known: daily transit calls by broad vessel class. Unknown: vessel identity, direction, AIS-dark movements, and actual cargo onboard."
2020-08-09,61,36,14,7,3,1,25,1146771,1537322,75.71,48.14,81.0,78.8,IMF PortWatch Daily_Chokepoints_Data chokepoint6,high_for_chokepoint_calls_low_for_cargo_contents,"Known: daily transit calls by broad vessel class. Unknown: vessel identity, direction, AIS-dark movements, and actual cargo onboard."
2020-08-10,73,45,11,11,4,2,28,1312711,2259908,73.43,46.29,97.0,98.5,IMF PortWatch Daily_Chokepoints_Data chokepoint6,high_for_chokepoint_calls_low_for_cargo_contents,"Known: daily transit calls by broad vessel class. Unknown: vessel identity, direction, AIS-dark movements, and actual cargo onboard."
2020-08-11,76,52,10,11,2,1,24,2848697,3638114,73.57,46.71,101.0,113.8,IMF PortWatch Daily_Chokepoints_Data chokepoint6,high_for_chokepoint_calls_low_for_cargo_contents,"Known: daily transit calls by broad vessel class. Unknown: vessel identity, direction, AIS-dark movements, and actual cargo onboard."
2020-08-12,84,59,10,13,2,0,25,2379138,3251782,74.14,48,111.6,129.2,IMF PortWatch Daily_Chokepoints_Data chokepoint6,high_for_chokepoint_calls_low_for_cargo_contents,"Known: daily transit calls by broad vessel class. Unknown: vessel identity, direction, AIS-dark movements, and actual cargo onboard."
2020-08-13,83,47,16,12,5,3,36,2439258,3413430,77.29,49.86,110.3,102.9,IMF PortWatch Daily_Chokepoints_Data chokepoint6,high_for_chokepoint_calls_low_for_cargo_contents,"Known: daily transit calls by broad vessel class. Unknown: vessel identity, direction, AIS-dark movements, and actual cargo onboard."
2020-08-14,93,55,11,22,5,0,38,2742871,3768429,78.29,50.14,123.5,120.4,IMF PortWatch Daily_Chokepoints_Data chokepoint6,high_for_chokepoint_calls_low_for_cargo_contents,"Known: daily transit calls by broad vessel class. Unknown: vessel identity, direction, AIS-dark movements, and actual cargo onboard."
2020-08-15,91,57,10,19,5,0,34,2020087,2890647,80.14,50.14,120.9,124.8,IMF PortWatch Daily_Chokepoints_Data chokepoint6,high_for_chokepoint_calls_low_for_cargo_contents,"Known: daily transit calls by broad vessel class. Unknown: vessel identity, direction, AIS-dark movements, and actual cargo onboard."
2020-08-16,84,56,16,8,2,2,28,3675894,4311668,83.43,53,111.6,122.6,IMF PortWatch Daily_Chokepoints_Data chokepoint6,high_for_chokepoint_calls_low_for_cargo_contents,"Known: daily transit calls by broad vessel class. Unknown: vessel identity, direction, AIS-dark movements, and actual cargo onboard."
2020-08-17,78,42,13,16,5,2,36,1431769,2516315,84.14,52.57,103.6,91.9,IMF PortWatch Daily_Chokepoints_Data chokepoint6,high_for_chokepoint_calls_low_for_cargo_contents,"Known: daily transit calls by broad vessel class. Unknown: vessel identity, direction, AIS-dark movements, and actual cargo onboard."
2020-08-18,94,59,17,10,6,2,35,3176628,4138268,86.71,53.57,124.9,129.2,IMF PortWatch Daily_Chokepoints_Data chokepoint6,high_for_chokepoint_calls_low_for_cargo_contents,"Known: daily transit calls by broad vessel class. Unknown: vessel identity, direction, AIS-dark movements, and actual cargo onboard."
2020-08-19,84,50,13,16,3,2,34,2155953,3235683,86.71,52.29,111.6,109.5,IMF PortWatch Daily_Chokepoints_Data chokepoint6,high_for_chokepoint_calls_low_for_cargo_contents,"Known: daily transit calls by broad vessel class. Unknown: vessel identity, direction, AIS-dark movements, and actual cargo onboard."
2020-08-20,76,40,13,17,4,2,36,2375536,3312796,85.71,51.29,101.0,87.6,IMF PortWatch Daily_Chokepoints_Data chokepoint6,high_for_chokepoint_calls_low_for_cargo_contents,"Known: daily transit calls by broad vessel class. Unknown: vessel identity, direction, AIS-dark movements, and actual cargo onboard."
2020-08-21,67,43,12,8,4,0,24,1481148,2239222,82,49.57,89.0,94.1,IMF PortWatch Daily_Chokepoints_Data chokepoint6,high_for_chokepoint_calls_low_for_cargo_contents,"Known: daily transit calls by broad vessel class. Unknown: vessel identity, direction, AIS-dark movements, and actual cargo onboard."
2020-08-22,70,44,9,14,3,0,26,2764625,3643767,79,47.71,93.0,96.3,IMF PortWatch Daily_Chokepoints_Data chokepoint6,high_for_chokepoint_calls_low_for_cargo_contents,"Known: daily transit calls by broad vessel class. Unknown: vessel identity, direction, AIS-dark movements, and actual cargo onboard."
2020-08-23,88,55,15,15,3,0,33,2064371,2961321,79.57,47.57,116.9,120.4,IMF PortWatch Daily_Chokepoints_Data chokepoint6,high_for_chokepoint_calls_low_for_cargo_contents,"Known: daily transit calls by broad vessel class. Unknown: vessel identity, direction, AIS-dark movements, and actual cargo onboard."
2020-08-24,64,43,9,11,1,0,21,1290965,1905937,77.57,47.71,85.0,94.1,IMF PortWatch Daily_Chokepoints_Data chokepoint6,high_for_chokepoint_calls_low_for_cargo_contents,"Known: daily transit calls by broad vessel class. Unknown: vessel identity, direction, AIS-dark movements, and actual cargo onboard."
2020-08-25,72,54,6,10,2,0,18,2289426,2808414,74.43,47,95.6,118.2,IMF PortWatch Daily_Chokepoints_Data chokepoint6,high_for_chokepoint_calls_low_for_cargo_contents,"Known: daily transit calls by broad vessel class. Unknown: vessel identity, direction, AIS-dark movements, and actual cargo onboard."
2020-08-26,64,41,8,12,3,0,23,1986661,3019209,71.57,45.71,85.0,89.8,IMF PortWatch Daily_Chokepoints_Data chokepoint6,high_for_chokepoint_calls_low_for_cargo_contents,"Known: daily transit calls by broad vessel class. Unknown: vessel identity, direction, AIS-dark movements, and actual cargo onboard."
2020-08-27,75,41,10,14,6,4,34,1436519,2361740,71.43,45.86,99.6,89.8,IMF PortWatch Daily_Chokepoints_Data chokepoint6,high_for_chokepoint_calls_low_for_cargo_contents,"Known: daily transit calls by broad vessel class. Unknown: vessel identity, direction, AIS-dark movements, and actual cargo onboard."
2020-08-28,72,36,16,17,3,0,36,2099860,3301743,72.14,44.86,95.6,78.8,IMF PortWatch Daily_Chokepoints_Data chokepoint6,high_for_chokepoint_calls_low_for_cargo_contents,"Known: daily transit calls by broad vessel class. Unknown: vessel identity, direction, AIS-dark movements, and actual cargo onboard."
2020-08-29,83,44,17,16,3,3,39,2046014,3339635,74,44.86,110.3,96.3,IMF PortWatch Daily_Chokepoints_Data chokepoint6,high_for_chokepoint_calls_low_for_cargo_contents,"Known: daily transit calls by broad vessel class. Unknown: vessel identity, direction, AIS-dark movements, and actual cargo onboard."
2020-08-30,84,47,12,17,5,3,37,1832276,2824900,73.43,43.71,111.6,102.9,IMF PortWatch Daily_Chokepoints_Data chokepoint6,high_for_chokepoint_calls_low_for_cargo_contents,"Known: daily transit calls by broad vessel class. Unknown: vessel identity, direction, AIS-dark movements, and actual cargo onboard."
2020-08-31,77,43,15,14,4,1,34,2644297,3468393,75.29,43.71,102.3,94.1,IMF PortWatch Daily_Chokepoints_Data chokepoint6,high_for_chokepoint_calls_low_for_cargo_contents,"Known: daily transit calls by broad vessel class. Unknown: vessel identity, direction, AIS-dark movements, and actual cargo onboard."
2020-09-01,85,53,17,10,2,3,32,2638977,3792409,77.14,43.57,112.9,116.0,IMF PortWatch Daily_Chokepoints_Data chokepoint6,high_for_chokepoint_calls_low_for_cargo_contents,"Known: daily transit calls by broad vessel class. Unknown: vessel identity, direction, AIS-dark movements, and actual cargo onboard."
2020-09-02,81,43,15,20,3,0,38,1992833,3279033,79.57,43.86,107.6,94.1,IMF PortWatch Daily_Chokepoints_Data chokepoint6,high_for_chokepoint_calls_low_for_cargo_contents,"Known: daily transit calls by broad vessel class. Unknown: vessel identity, direction, AIS-dark movements, and actual cargo onboard."
2020-09-03,86,46,12,17,8,3,40,2125030,3190949,81.14,44.57,114.2,100.7,IMF PortWatch Daily_Chokepoints_Data chokepoint6,high_for_chokepoint_calls_low_for_cargo_contents,"Known: daily transit calls by broad vessel class. Unknown: vessel identity, direction, AIS-dark movements, and actual cargo onboard."
2020-09-04,79,56,10,9,3,1,23,3385867,4060233,82.14,47.43,104.9,122.6,IMF PortWatch Daily_Chokepoints_Data chokepoint6,high_for_chokepoint_calls_low_for_cargo_contents,"Known: daily transit calls by broad vessel class. Unknown: vessel identity, direction, AIS-dark movements, and actual cargo onboard."
2020-09-05,82,52,12,13,2,3,30,1618398,2405899,82,48.57,108.9,113.8,IMF PortWatch Daily_Chokepoints_Data chokepoint6,high_for_chokepoint_calls_low_for_cargo_contents,"Known: daily transit calls by broad vessel class. Unknown: vessel identity, direction, AIS-dark movements, and actual cargo onboard."
2020-09-06,66,35,17,11,2,1,31,1327312,2119353,79.43,46.86,87.7,76.6,IMF PortWatch Daily_Chokepoints_Data chokepoint6,high_for_chokepoint_calls_low_for_cargo_contents,"Known: daily transit calls by broad vessel class. Unknown: vessel identity, direction, AIS-dark movements, and actual cargo onboard."
2020-09-07,101,58,19,23,1,0,43,1945966,3359772,82.86,49,134.2,127.0,IMF PortWatch Daily_Chokepoints_Data chokepoint6,high_for_chokepoint_calls_low_for_cargo_contents,"Known: daily transit calls by broad vessel class. Unknown: vessel identity, direction, AIS-dark movements, and actual cargo onboard."
2020-09-08,83,51,13,15,2,2,32,1940393,2789957,82.57,48.71,110.3,111.6,IMF PortWatch Daily_Chokepoints_Data chokepoint6,high_for_chokepoint_calls_low_for_cargo_contents,"Known: daily transit calls by broad vessel class. Unknown: vessel identity, direction, AIS-dark movements, and actual cargo onboard."
2020-09-09,94,50,13,23,5,3,44,2861458,4171973,84.43,49.71,124.9,109.5,IMF PortWatch Daily_Chokepoints_Data chokepoint6,high_for_chokepoint_calls_low_for_cargo_contents,"Known: daily transit calls by broad vessel class. Unknown: vessel identity, direction, AIS-dark movements, and actual cargo onboard."
2020-09-10,85,42,18,17,5,3,43,2688601,3826740,84.29,49.14,112.9,91.9,IMF PortWatch Daily_Chokepoints_Data chokepoint6,high_for_chokepoint_calls_low_for_cargo_contents,"Known: daily transit calls by broad vessel class. Unknown: vessel identity, direction, AIS-dark movements, and actual cargo onboard."
2020-09-11,92,60,6,17,5,4,32,2173240,3313938,86.14,49.71,122.2,131.3,IMF PortWatch Daily_Chokepoints_Data chokepoint6,high_for_chokepoint_calls_low_for_cargo_contents,"Known: daily transit calls by broad vessel class. Unknown: vessel identity, direction, AIS-dark movements, and actual cargo onboard."
2020-09-12,97,55,17,16,7,2,42,3534206,4369497,88.29,50.14,128.8,120.4,IMF PortWatch Daily_Chokepoints_Data chokepoint6,high_for_chokepoint_calls_low_for_cargo_contents,"Known: daily transit calls by broad vessel class. Unknown: vessel identity, direction, AIS-dark movements, and actual cargo onboard."
2020-09-13,90,62,9,15,2,2,28,2923009,3775432,91.71,54,119.6,135.7,IMF PortWatch Daily_Chokepoints_Data chokepoint6,high_for_chokepoint_calls_low_for_cargo_contents,"Known: daily transit calls by broad vessel class. Unknown: vessel identity, direction, AIS-dark movements, and actual cargo onboard."
2020-09-14,67,40,13,13,1,0,27,1220274,1922839,86.86,51.43,89.0,87.6,IMF PortWatch Daily_Chokepoints_Data chokepoint6,high_for_chokepoint_calls_low_for_cargo_contents,"Known: daily transit calls by broad vessel class. Unknown: vessel identity, direction, AIS-dark movements, and actual cargo onboard."
2020-09-15,52,34,10,7,1,0,18,2168287,2823863,82.43,49,69.1,74.4,IMF PortWatch Daily_Chokepoints_Data chokepoint6,high_for_chokepoint_calls_low_for_cargo_contents,"Known: daily transit calls by broad vessel class. Unknown: vessel identity, direction, AIS-dark movements, and actual cargo onboard."
2020-09-16,87,49,14,16,7,1,38,1885171,3016667,81.43,48.86,115.6,107.3,IMF PortWatch Daily_Chokepoints_Data chokepoint6,high_for_chokepoint_calls_low_for_cargo_contents,"Known: daily transit calls by broad vessel class. Unknown: vessel identity, direction, AIS-dark movements, and actual cargo onboard."
2020-09-17,93,55,19,14,4,1,38,3937886,4770181,82.57,50.71,123.5,120.4,IMF PortWatch Daily_Chokepoints_Data chokepoint6,high_for_chokepoint_calls_low_for_cargo_contents,"Known: daily transit calls by broad vessel class. Unknown: vessel identity, direction, AIS-dark movements, and actual cargo onboard."
2020-09-18,83,49,18,11,4,1,34,1963906,2782489,81.29,49.14,110.3,107.3,IMF PortWatch Daily_Chokepoints_Data chokepoint6,high_for_chokepoint_calls_low_for_cargo_contents,"Known: daily transit calls by broad vessel class. Unknown: vessel identity, direction, AIS-dark movements, and actual cargo onboard."
2020-09-19,92,43,19,24,6,0,49,1215195,2343761,80.57,47.43,122.2,94.1,IMF PortWatch Daily_Chokepoints_Data chokepoint6,high_for_chokepoint_calls_low_for_cargo_contents,"Known: daily transit calls by broad vessel class. Unknown: vessel identity, direction, AIS-dark movements, and actual cargo onboard."
2020-09-20,91,57,15,11,5,3,34,2693384,3369708,80.71,46.71,120.9,124.8,IMF PortWatch Daily_Chokepoints_Data chokepoint6,high_for_chokepoint_calls_low_for_cargo_contents,"Known: daily transit calls by broad vessel class. Unknown: vessel identity, direction, AIS-dark movements, and actual cargo onboard."
2020-09-21,104,52,23,22,6,1,52,2552761,4356269,86,48.43,138.1,113.8,IMF PortWatch Daily_Chokepoints_Data chokepoint6,high_for_chokepoint_calls_low_for_cargo_contents,"Known: daily transit calls by broad vessel class. Unknown: vessel identity, direction, AIS-dark movements, and actual cargo onboard."
2020-09-22,72,41,13,13,4,1,31,1914302,2612389,88.86,49.43,95.6,89.8,IMF PortWatch Daily_Chokepoints_Data chokepoint6,high_for_chokepoint_calls_low_for_cargo_contents,"Known: daily transit calls by broad vessel class. Unknown: vessel identity, direction, AIS-dark movements, and actual cargo onboard."
2020-09-23,74,45,10,14,3,2,29,2611093,3337624,87,48.86,98.3,98.5,IMF PortWatch Daily_Chokepoints_Data chokepoint6,high_for_chokepoint_calls_low_for_cargo_contents,"Known: daily transit calls by broad vessel class. Unknown: vessel identity, direction, AIS-dark movements, and actual cargo onboard."
2020-09-24,92,56,16,14,3,3,36,2338522,3674436,86.86,49,122.2,122.6,IMF PortWatch Daily_Chokepoints_Data chokepoint6,high_for_chokepoint_calls_low_for_cargo_contents,"Known: daily transit calls by broad vessel class. Unknown: vessel identity, direction, AIS-dark movements, and actual cargo onboard."
2020-09-25,71,39,12,16,3,1,32,2173117,3039275,85.14,47.57,94.3,85.4,IMF PortWatch Daily_Chokepoints_Data chokepoint6,high_for_chokepoint_calls_low_for_cargo_contents,"Known: daily transit calls by broad vessel class. Unknown: vessel identity, direction, AIS-dark movements, and actual cargo onboard."
2020-09-26,81,40,19,20,1,1,41,1796742,3240322,83.57,47.14,107.6,87.6,IMF PortWatch Daily_Chokepoints_Data chokepoint6,high_for_chokepoint_calls_low_for_cargo_contents,"Known: daily transit calls by broad vessel class. Unknown: vessel identity, direction, AIS-dark movements, and actual cargo onboard."
2020-09-27,110,64,18,23,4,1,46,2666776,4367415,86.29,48.14,146.1,140.1,IMF PortWatch Daily_Chokepoints_Data chokepoint6,high_for_chokepoint_calls_low_for_cargo_contents,"Known: daily transit calls by broad vessel class. Unknown: vessel identity, direction, AIS-dark movements, and actual cargo onboard."
2020-09-28,87,38,21,18,9,1,49,1777048,2833406,83.86,46.14,115.6,83.2,IMF PortWatch Daily_Chokepoints_Data chokepoint6,high_for_chokepoint_calls_low_for_cargo_contents,"Known: daily transit calls by broad vessel class. Unknown: vessel identity, direction, AIS-dark movements, and actual cargo onboard."
2020-09-29,71,40,11,12,7,1,31,1891190,2698752,83.71,46,94.3,87.6,IMF PortWatch Daily_Chokepoints_Data chokepoint6,high_for_chokepoint_calls_low_for_cargo_contents,"Known: daily transit calls by broad vessel class. Unknown: vessel identity, direction, AIS-dark movements, and actual cargo onboard."
2020-09-30,91,52,19,15,5,0,39,2032495,3261334,86.14,47,120.9,113.8,IMF PortWatch Daily_Chokepoints_Data chokepoint6,high_for_chokepoint_calls_low_for_cargo_contents,"Known: daily transit calls by broad vessel class. Unknown: vessel identity, direction, AIS-dark movements, and actual cargo onboard."
2020-10-01,62,36,13,9,2,2,26,1309354,2149793,81.86,44.14,82.4,78.8,IMF PortWatch Daily_Chokepoints_Data chokepoint6,high_for_chokepoint_calls_low_for_cargo_contents,"Known: daily transit calls by broad vessel class. Unknown: vessel identity, direction, AIS-dark movements, and actual cargo onboard."
2020-10-02,90,54,13,17,2,4,36,2590432,3389516,84.57,46.29,119.6,118.2,IMF PortWatch Daily_Chokepoints_Data chokepoint6,high_for_chokepoint_calls_low_for_cargo_contents,"Known: daily transit calls by broad vessel class. Unknown: vessel identity, direction, AIS-dark movements, and actual cargo onboard."
2020-10-03,107,65,17,20,2,3,42,4027033,5242568,88.29,49.86,142.1,142.3,IMF PortWatch Daily_Chokepoints_Data chokepoint6,high_for_chokepoint_calls_low_for_cargo_contents,"Known: daily transit calls by broad vessel class. Unknown: vessel identity, direction, AIS-dark movements, and actual cargo onboard."
2020-10-04,86,51,12,18,3,2,35,1203023,2058701,84.86,48,114.2,111.6,IMF PortWatch Daily_Chokepoints_Data chokepoint6,high_for_chokepoint_calls_low_for_cargo_contents,"Known: daily transit calls by broad vessel class. Unknown: vessel identity, direction, AIS-dark movements, and actual cargo onboard."
2020-10-05,63,35,15,12,1,0,28,2107401,3239251,81.43,47.57,83.7,76.6,IMF PortWatch Daily_Chokepoints_Data chokepoint6,high_for_chokepoint_calls_low_for_cargo_contents,"Known: daily transit calls by broad vessel class. Unknown: vessel identity, direction, AIS-dark movements, and actual cargo onboard."
2020-10-06,100,72,11,12,5,0,28,2795373,3580675,85.57,52.14,132.8,157.6,IMF PortWatch Daily_Chokepoints_Data chokepoint6,high_for_chokepoint_calls_low_for_cargo_contents,"Known: daily transit calls by broad vessel class. Unknown: vessel identity, direction, AIS-dark movements, and actual cargo onboard."
2020-10-07,98,60,15,16,5,2,38,2456157,3561419,86.57,53.29,130.2,131.3,IMF PortWatch Daily_Chokepoints_Data chokepoint6,high_for_chokepoint_calls_low_for_cargo_contents,"Known: daily transit calls by broad vessel class. Unknown: vessel identity, direction, AIS-dark movements, and actual cargo onboard."
2020-10-08,104,59,22,15,5,3,45,2726675,3869408,92.57,56.57,138.1,129.2,IMF PortWatch Daily_Chokepoints_Data chokepoint6,high_for_chokepoint_calls_low_for_cargo_contents,"Known: daily transit calls by broad vessel class. Unknown: vessel identity, direction, AIS-dark movements, and actual cargo onboard."
2020-10-09,59,37,9,11,2,0,22,2435557,3042663,88.14,54.14,78.4,81.0,IMF PortWatch Daily_Chokepoints_Data chokepoint6,high_for_chokepoint_calls_low_for_cargo_contents,"Known: daily transit calls by broad vessel class. Unknown: vessel identity, direction, AIS-dark movements, and actual cargo onboard."
2020-10-10,86,47,11,22,6,0,39,1676558,2671557,85.14,51.57,114.2,102.9,IMF PortWatch Daily_Chokepoints_Data chokepoint6,high_for_chokepoint_calls_low_for_cargo_contents,"Known: daily transit calls by broad vessel class. Unknown: vessel identity, direction, AIS-dark movements, and actual cargo onboard."
2020-10-11,54,29,8,15,2,0,25,1504374,2243840,80.57,48.43,71.7,63.5,IMF PortWatch Daily_Chokepoints_Data chokepoint6,high_for_chokepoint_calls_low_for_cargo_contents,"Known: daily transit calls by broad vessel class. Unknown: vessel identity, direction, AIS-dark movements, and actual cargo onboard."
2020-10-12,76,43,15,15,1,2,33,1452391,2492197,82.43,49.57,101.0,94.1,IMF PortWatch Daily_Chokepoints_Data chokepoint6,high_for_chokepoint_calls_low_for_cargo_contents,"Known: daily transit calls by broad vessel class. Unknown: vessel identity, direction, AIS-dark movements, and actual cargo onboard."
2020-10-13,62,37,15,10,0,0,25,1643005,2584697,77,44.57,82.4,81.0,IMF PortWatch Daily_Chokepoints_Data chokepoint6,high_for_chokepoint_calls_low_for_cargo_contents,"Known: daily transit calls by broad vessel class. Unknown: vessel identity, direction, AIS-dark movements, and actual cargo onboard."
2020-10-14,58,38,9,11,0,0,20,1209036,2046438,71.29,41.43,77.0,83.2,IMF PortWatch Daily_Chokepoints_Data chokepoint6,high_for_chokepoint_calls_low_for_cargo_contents,"Known: daily transit calls by broad vessel class. Unknown: vessel identity, direction, AIS-dark movements, and actual cargo onboard."
2020-10-15,95,68,9,14,2,2,27,3484670,3955559,70,42.71,126.2,148.9,IMF PortWatch Daily_Chokepoints_Data chokepoint6,high_for_chokepoint_calls_low_for_cargo_contents,"Known: daily transit calls by broad vessel class. Unknown: vessel identity, direction, AIS-dark movements, and actual cargo onboard."
2020-10-16,72,44,12,15,0,1,28,2625611,3412333,71.86,43.71,95.6,96.3,IMF PortWatch Daily_Chokepoints_Data chokepoint6,high_for_chokepoint_calls_low_for_cargo_contents,"Known: daily transit calls by broad vessel class. Unknown: vessel identity, direction, AIS-dark movements, and actual cargo onboard."
2020-10-17,78,43,10,20,3,2,35,2493052,3479932,70.71,43.14,103.6,94.1,IMF PortWatch Daily_Chokepoints_Data chokepoint6,high_for_chokepoint_calls_low_for_cargo_contents,"Known: daily transit calls by broad vessel class. Unknown: vessel identity, direction, AIS-dark movements, and actual cargo onboard."
2020-10-18,83,57,8,9,3,6,26,2406624,2950569,74.86,47.14,110.3,124.8,IMF PortWatch Daily_Chokepoints_Data chokepoint6,high_for_chokepoint_calls_low_for_cargo_contents,"Known: daily transit calls by broad vessel class. Unknown: vessel identity, direction, AIS-dark movements, and actual cargo onboard."
2020-10-19,66,41,11,8,5,1,25,2326438,3084720,73.43,46.86,87.7,89.8,IMF PortWatch Daily_Chokepoints_Data chokepoint6,high_for_chokepoint_calls_low_for_cargo_contents,"Known: daily transit calls by broad vessel class. Unknown: vessel identity, direction, AIS-dark movements, and actual cargo onboard."
2020-10-20,70,39,10,12,9,0,31,1223379,2042139,74.57,47.14,93.0,85.4,IMF PortWatch Daily_Chokepoints_Data chokepoint6,high_for_chokepoint_calls_low_for_cargo_contents,"Known: daily transit calls by broad vessel class. Unknown: vessel identity, direction, AIS-dark movements, and actual cargo onboard."
2020-10-21,64,41,14,7,2,0,23,2172817,3466430,75.43,47.57,85.0,89.8,IMF PortWatch Daily_Chokepoints_Data chokepoint6,high_for_chokepoint_calls_low_for_cargo_contents,"Known: daily transit calls by broad vessel class. Unknown: vessel identity, direction, AIS-dark movements, and actual cargo onboard."
2020-10-22,53,32,7,10,2,2,21,1132330,1664960,69.43,42.43,70.4,70.1,IMF PortWatch Daily_Chokepoints_Data chokepoint6,high_for_chokepoint_calls_low_for_cargo_contents,"Known: daily transit calls by broad vessel class. Unknown: vessel identity, direction, AIS-dark movements, and actual cargo onboard."
2020-10-23,95,51,13,23,4,4,44,2288956,3800215,72.71,43.43,126.2,111.6,IMF PortWatch Daily_Chokepoints_Data chokepoint6,high_for_chokepoint_calls_low_for_cargo_contents,"Known: daily transit calls by broad vessel class. Unknown: vessel identity, direction, AIS-dark movements, and actual cargo onboard."
2020-10-24,67,41,10,13,2,1,26,1080800,1736244,71.14,43.14,89.0,89.8,IMF PortWatch Daily_Chokepoints_Data chokepoint6,high_for_chokepoint_calls_low_for_cargo_contents,"Known: daily transit calls by broad vessel class. Unknown: vessel identity, direction, AIS-dark movements, and actual cargo onboard."
2020-10-25,75,45,8,16,3,3,30,2296556,3188985,70,41.43,99.6,98.5,IMF PortWatch Daily_Chokepoints_Data chokepoint6,high_for_chokepoint_calls_low_for_cargo_contents,"Known: daily transit calls by broad vessel class. Unknown: vessel identity, direction, AIS-dark movements, and actual cargo onboard."
2020-10-26,60,37,6,11,5,1,23,1565699,2172465,69.14,40.86,79.7,81.0,IMF PortWatch Daily_Chokepoints_Data chokepoint6,high_for_chokepoint_calls_low_for_cargo_contents,"Known: daily transit calls by broad vessel class. Unknown: vessel identity, direction, AIS-dark movements, and actual cargo onboard."
2020-10-27,89,54,13,15,5,2,35,1550429,2307948,71.86,43,118.2,118.2,IMF PortWatch Daily_Chokepoints_Data chokepoint6,high_for_chokepoint_calls_low_for_cargo_contents,"Known: daily transit calls by broad vessel class. Unknown: vessel identity, direction, AIS-dark movements, and actual cargo onboard."
2020-10-28,64,38,13,10,1,2,26,1365056,1956759,71.86,42.57,85.0,83.2,IMF PortWatch Daily_Chokepoints_Data chokepoint6,high_for_chokepoint_calls_low_for_cargo_contents,"Known: daily transit calls by broad vessel class. Unknown: vessel identity, direction, AIS-dark movements, and actual cargo onboard."
2020-10-29,74,42,14,15,2,1,32,2259255,3149937,74.86,44,98.3,91.9,IMF PortWatch Daily_Chokepoints_Data chokepoint6,high_for_chokepoint_calls_low_for_cargo_contents,"Known: daily transit calls by broad vessel class. Unknown: vessel identity, direction, AIS-dark movements, and actual cargo onboard."
2020-10-30,89,57,9,17,4,2,32,2361486,3419689,74,44.86,118.2,124.8,IMF PortWatch Daily_Chokepoints_Data chokepoint6,high_for_chokepoint_calls_low_for_cargo_contents,"Known: daily transit calls by broad vessel class. Unknown: vessel identity, direction, AIS-dark movements, and actual cargo onboard."
2020-10-31,83,43,16,18,5,1,40,2633204,3857159,76.29,45.14,110.3,94.1,IMF PortWatch Daily_Chokepoints_Data chokepoint6,high_for_chokepoint_calls_low_for_cargo_contents,"Known: daily transit calls by broad vessel class. Unknown: vessel identity, direction, AIS-dark movements, and actual cargo onboard."
2020-11-01,68,39,13,10,5,1,29,2817884,3650986,75.29,44.29,90.3,85.4,IMF PortWatch Daily_Chokepoints_Data chokepoint6,high_for_chokepoint_calls_low_for_cargo_contents,"Known: daily transit calls by broad vessel class. Unknown: vessel identity, direction, AIS-dark movements, and actual cargo onboard."
2020-11-02,85,55,12,12,4,2,30,2508706,3362307,78.86,46.86,112.9,120.4,IMF PortWatch Daily_Chokepoints_Data chokepoint6,high_for_chokepoint_calls_low_for_cargo_contents,"Known: daily transit calls by broad vessel class. Unknown: vessel identity, direction, AIS-dark movements, and actual cargo onboard."
2020-11-03,81,52,12,11,3,3,29,3072625,3930880,77.71,46.57,107.6,113.8,IMF PortWatch Daily_Chokepoints_Data chokepoint6,high_for_chokepoint_calls_low_for_cargo_contents,"Known: daily transit calls by broad vessel class. Unknown: vessel identity, direction, AIS-dark movements, and actual cargo onboard."
2020-11-04,81,47,13,19,2,0,34,2680839,3496362,80.14,47.86,107.6,102.9,IMF PortWatch Daily_Chokepoints_Data chokepoint6,high_for_chokepoint_calls_low_for_cargo_contents,"Known: daily transit calls by broad vessel class. Unknown: vessel identity, direction, AIS-dark movements, and actual cargo onboard."
2020-11-05,87,48,16,16,3,4,39,2102578,3273413,82,48.71,115.6,105.1,IMF PortWatch Daily_Chokepoints_Data chokepoint6,high_for_chokepoint_calls_low_for_cargo_contents,"Known: daily transit calls by broad vessel class. Unknown: vessel identity, direction, AIS-dark movements, and actual cargo onboard."
2020-11-06,46,25,8,11,0,2,21,392852,920610,75.86,44.14,61.1,54.7,IMF PortWatch Daily_Chokepoints_Data chokepoint6,high_for_chokepoint_calls_low_for_cargo_contents,"Known: daily transit calls by broad vessel class. Unknown: vessel identity, direction, AIS-dark movements, and actual cargo onboard."
2020-11-07,61,42,9,9,1,0,19,2235242,2594719,72.71,44,81.0,91.9,IMF PortWatch Daily_Chokepoints_Data chokepoint6,high_for_chokepoint_calls_low_for_cargo_contents,"Known: daily transit calls by broad vessel class. Unknown: vessel identity, direction, AIS-dark movements, and actual cargo onboard."
2020-11-08,41,28,6,6,1,0,13,1633416,1988289,68.86,42.43,54.5,61.3,IMF PortWatch Daily_Chokepoints_Data chokepoint6,high_for_chokepoint_calls_low_for_cargo_contents,"Known: daily transit calls by broad vessel class. Unknown: vessel identity, direction, AIS-dark movements, and actual cargo onboard."
2020-11-09,64,42,10,8,4,0,22,2099695,2699546,65.86,40.57,85.0,91.9,IMF PortWatch Daily_Chokepoints_Data chokepoint6,high_for_chokepoint_calls_low_for_cargo_contents,"Known: daily transit calls by broad vessel class. Unknown: vessel identity, direction, AIS-dark movements, and actual cargo onboard."
2020-11-10,88,59,11,13,3,2,29,1997074,2727189,66.86,41.57,116.9,129.2,IMF PortWatch Daily_Chokepoints_Data chokepoint6,high_for_chokepoint_calls_low_for_cargo_contents,"Known: daily transit calls by broad vessel class. Unknown: vessel identity, direction, AIS-dark movements, and actual cargo onboard."
2020-11-11,91,54,15,18,3,1,37,2881938,3820503,68.29,42.57,120.9,118.2,IMF PortWatch Daily_Chokepoints_Data chokepoint6,high_for_chokepoint_calls_low_for_cargo_contents,"Known: daily transit calls by broad vessel class. Unknown: vessel identity, direction, AIS-dark movements, and actual cargo onboard."
2020-11-12,70,48,8,10,2,2,22,960961,1663577,65.86,42.57,93.0,105.1,IMF PortWatch Daily_Chokepoints_Data chokepoint6,high_for_chokepoint_calls_low_for_cargo_contents,"Known: daily transit calls by broad vessel class. Unknown: vessel identity, direction, AIS-dark movements, and actual cargo onboard."
2020-11-13,53,31,6,14,0,2,22,1135696,2122201,66.86,43.43,70.4,67.9,IMF PortWatch Daily_Chokepoints_Data chokepoint6,high_for_chokepoint_calls_low_for_cargo_contents,"Known: daily transit calls by broad vessel class. Unknown: vessel identity, direction, AIS-dark movements, and actual cargo onboard."
2020-11-14,59,34,11,12,2,0,25,1371598,2186315,66.57,42.29,78.4,74.4,IMF PortWatch Daily_Chokepoints_Data chokepoint6,high_for_chokepoint_calls_low_for_cargo_contents,"Known: daily transit calls by broad vessel class. Unknown: vessel identity, direction, AIS-dark movements, and actual cargo onboard."
2020-11-15,53,30,9,11,3,0,23,455472,1192495,68.29,42.57,70.4,65.7,IMF PortWatch Daily_Chokepoints_Data chokepoint6,high_for_chokepoint_calls_low_for_cargo_contents,"Known: daily transit calls by broad vessel class. Unknown: vessel identity, direction, AIS-dark movements, and actual cargo onboard."
2020-11-16,48,27,9,12,0,0,21,715837,1335916,66,40.43,63.8,59.1,IMF PortWatch Daily_Chokepoints_Data chokepoint6,high_for_chokepoint_calls_low_for_cargo_contents,"Known: daily transit calls by broad vessel class. Unknown: vessel identity, direction, AIS-dark movements, and actual cargo onboard."
2020-11-17,64,42,9,11,1,1,22,1715650,2150440,62.57,38,85.0,91.9,IMF PortWatch Daily_Chokepoints_Data chokepoint6,high_for_chokepoint_calls_low_for_cargo_contents,"Known: daily transit calls by broad vessel class. Unknown: vessel identity, direction, AIS-dark movements, and actual cargo onboard."
2020-11-18,43,28,4,6,2,3,15,797536,1513995,55.71,34.29,57.1,61.3,IMF PortWatch Daily_Chokepoints_Data chokepoint6,high_for_chokepoint_calls_low_for_cargo_contents,"Known: daily transit calls by broad vessel class. Unknown: vessel identity, direction, AIS-dark movements, and actual cargo onboard."
2020-11-19,44,28,5,8,2,1,16,421241,981639,52,31.43,58.4,61.3,IMF PortWatch Daily_Chokepoints_Data chokepoint6,high_for_chokepoint_calls_low_for_cargo_contents,"Known: daily transit calls by broad vessel class. Unknown: vessel identity, direction, AIS-dark movements, and actual cargo onboard."
2020-11-20,52,30,6,13,2,1,22,966685,1702566,51.86,31.29,69.1,65.7,IMF PortWatch Daily_Chokepoints_Data chokepoint6,high_for_chokepoint_calls_low_for_cargo_contents,"Known: daily transit calls by broad vessel class. Unknown: vessel identity, direction, AIS-dark movements, and actual cargo onboard."
2020-11-21,38,27,5,6,0,0,11,1268219,1593023,48.86,30.29,50.5,59.1,IMF PortWatch Daily_Chokepoints_Data chokepoint6,high_for_chokepoint_calls_low_for_cargo_contents,"Known: daily transit calls by broad vessel class. Unknown: vessel identity, direction, AIS-dark movements, and actual cargo onboard."
2020-11-22,33,12,6,13,2,0,21,638138,1290630,46,27.71,43.8,26.3,IMF PortWatch Daily_Chokepoints_Data chokepoint6,high_for_chokepoint_calls_low_for_cargo_contents,"Known: daily transit calls by broad vessel class. Unknown: vessel identity, direction, AIS-dark movements, and actual cargo onboard."
2020-11-23,28,17,2,4,1,4,11,302139,479655,43.14,26.29,37.2,37.2,IMF PortWatch Daily_Chokepoints_Data chokepoint6,high_for_chokepoint_calls_low_for_cargo_contents,"Known: daily transit calls by broad vessel class. Unknown: vessel identity, direction, AIS-dark movements, and actual cargo onboard."
2020-11-24,44,21,10,9,4,0,23,203985,1017389,40.29,23.29,58.4,46.0,IMF PortWatch Daily_Chokepoints_Data chokepoint6,high_for_chokepoint_calls_low_for_cargo_contents,"Known: daily transit calls by broad vessel class. Unknown: vessel identity, direction, AIS-dark movements, and actual cargo onboard."
2020-11-25,60,41,9,8,1,1,19,855478,1564986,42.71,25.14,79.7,89.8,IMF PortWatch Daily_Chokepoints_Data chokepoint6,high_for_chokepoint_calls_low_for_cargo_contents,"Known: daily transit calls by broad vessel class. Unknown: vessel identity, direction, AIS-dark movements, and actual cargo onboard."
2020-11-26,55,33,8,10,1,3,22,754613,1631449,44.29,25.86,73.1,72.2,IMF PortWatch Daily_Chokepoints_Data chokepoint6,high_for_chokepoint_calls_low_for_cargo_contents,"Known: daily transit calls by broad vessel class. Unknown: vessel identity, direction, AIS-dark movements, and actual cargo onboard."
2020-11-27,63,41,6,11,4,1,22,1552465,2417932,45.86,27.43,83.7,89.8,IMF PortWatch Daily_Chokepoints_Data chokepoint6,high_for_chokepoint_calls_low_for_cargo_contents,"Known: daily transit calls by broad vessel class. Unknown: vessel identity, direction, AIS-dark movements, and actual cargo onboard."
2020-11-28,62,43,6,9,3,1,19,689170,1309420,49.29,29.71,82.4,94.1,IMF PortWatch Daily_Chokepoints_Data chokepoint6,high_for_chokepoint_calls_low_for_cargo_contents,"Known: daily transit calls by broad vessel class. Unknown: vessel identity, direction, AIS-dark movements, and actual cargo onboard."
2020-11-29,56,37,8,7,3,1,19,806326,1345362,52.57,33.29,74.4,81.0,IMF PortWatch Daily_Chokepoints_Data chokepoint6,high_for_chokepoint_calls_low_for_cargo_contents,"Known: daily transit calls by broad vessel class. Unknown: vessel identity, direction, AIS-dark movements, and actual cargo onboard."
2020-11-30,56,37,6,10,2,1,19,607731,1335236,56.57,36.14,74.4,81.0,IMF PortWatch Daily_Chokepoints_Data chokepoint6,high_for_chokepoint_calls_low_for_cargo_contents,"Known: daily transit calls by broad vessel class. Unknown: vessel identity, direction, AIS-dark movements, and actual cargo onboard."
2020-12-01,55,33,10,7,4,1,22,1193412,1820110,58.14,37.86,73.1,72.2,IMF PortWatch Daily_Chokepoints_Data chokepoint6,high_for_chokepoint_calls_low_for_cargo_contents,"Known: daily transit calls by broad vessel class. Unknown: vessel identity, direction, AIS-dark movements, and actual cargo onboard."
2020-12-02,78,53,9,9,6,1,25,2181178,2932604,60.71,39.57,103.6,116.0,IMF PortWatch Daily_Chokepoints_Data chokepoint6,high_for_chokepoint_calls_low_for_cargo_contents,"Known: daily transit calls by broad vessel class. Unknown: vessel identity, direction, AIS-dark movements, and actual cargo onboard."
2020-12-03,65,44,9,9,1,2,21,2771160,3447065,62.14,41.14,86.3,96.3,IMF PortWatch Daily_Chokepoints_Data chokepoint6,high_for_chokepoint_calls_low_for_cargo_contents,"Known: daily transit calls by broad vessel class. Unknown: vessel identity, direction, AIS-dark movements, and actual cargo onboard."
2020-12-04,75,53,7,8,3,4,22,2418631,2904136,63.86,42.86,99.6,116.0,IMF PortWatch Daily_Chokepoints_Data chokepoint6,high_for_chokepoint_calls_low_for_cargo_contents,"Known: daily transit calls by broad vessel class. Unknown: vessel identity, direction, AIS-dark movements, and actual cargo onboard."
2020-12-05,69,43,13,9,4,0,26,2907127,3742810,64.86,42.86,91.7,94.1,IMF PortWatch Daily_Chokepoints_Data chokepoint6,high_for_chokepoint_calls_low_for_cargo_contents,"Known: daily transit calls by broad vessel class. Unknown: vessel identity, direction, AIS-dark movements, and actual cargo onboard."
2020-12-06,48,26,10,8,4,0,22,1753346,2475564,63.71,41.29,63.8,56.9,IMF PortWatch Daily_Chokepoints_Data chokepoint6,high_for_chokepoint_calls_low_for_cargo_contents,"Known: daily transit calls by broad vessel class. Unknown: vessel identity, direction, AIS-dark movements, and actual cargo onboard."
2020-12-07,41,31,4,6,0,0,10,1072489,1413722,61.57,40.43,54.5,67.9,IMF PortWatch Daily_Chokepoints_Data chokepoint6,high_for_chokepoint_calls_low_for_cargo_contents,"Known: daily transit calls by broad vessel class. Unknown: vessel identity, direction, AIS-dark movements, and actual cargo onboard."
2020-12-08,51,25,12,10,3,1,26,369612,858806,61,39.29,67.7,54.7,IMF PortWatch Daily_Chokepoints_Data chokepoint6,high_for_chokepoint_calls_low_for_cargo_contents,"Known: daily transit calls by broad vessel class. Unknown: vessel identity, direction, AIS-dark movements, and actual cargo onboard."
2020-12-09,48,30,7,11,0,0,18,1093109,1536818,56.71,36,63.8,65.7,IMF PortWatch Daily_Chokepoints_Data chokepoint6,high_for_chokepoint_calls_low_for_cargo_contents,"Known: daily transit calls by broad vessel class. Unknown: vessel identity, direction, AIS-dark movements, and actual cargo onboard."
2020-12-10,55,30,10,13,0,2,25,930816,2077854,55.29,34,73.1,65.7,IMF PortWatch Daily_Chokepoints_Data chokepoint6,high_for_chokepoint_calls_low_for_cargo_contents,"Known: daily transit calls by broad vessel class. Unknown: vessel identity, direction, AIS-dark movements, and actual cargo onboard."
2020-12-11,59,37,8,11,2,1,22,1328077,2113055,53,31.71,78.4,81.0,IMF PortWatch Daily_Chokepoints_Data chokepoint6,high_for_chokepoint_calls_low_for_cargo_contents,"Known: daily transit calls by broad vessel class. Unknown: vessel identity, direction, AIS-dark movements, and actual cargo onboard."
2020-12-12,33,22,3,5,1,2,11,567471,823433,47.86,28.71,43.8,48.2,IMF PortWatch Daily_Chokepoints_Data chokepoint6,high_for_chokepoint_calls_low_for_cargo_contents,"Known: daily transit calls by broad vessel class. Unknown: vessel identity, direction, AIS-dark movements, and actual cargo onboard."
2020-12-13,42,26,5,8,1,2,16,449959,829033,47,28.71,55.8,56.9,IMF PortWatch Daily_Chokepoints_Data chokepoint6,high_for_chokepoint_calls_low_for_cargo_contents,"Known: daily transit calls by broad vessel class. Unknown: vessel identity, direction, AIS-dark movements, and actual cargo onboard."
2020-12-14,59,42,10,5,1,1,17,857137,1290726,49.57,30.29,78.4,91.9,IMF PortWatch Daily_Chokepoints_Data chokepoint6,high_for_chokepoint_calls_low_for_cargo_contents,"Known: daily transit calls by broad vessel class. Unknown: vessel identity, direction, AIS-dark movements, and actual cargo onboard."
2020-12-15,52,29,10,10,1,2,23,1397123,2053658,49.71,30.86,69.1,63.5,IMF PortWatch Daily_Chokepoints_Data chokepoint6,high_for_chokepoint_calls_low_for_cargo_contents,"Known: daily transit calls by broad vessel class. Unknown: vessel identity, direction, AIS-dark movements, and actual cargo onboard."
2020-12-16,36,16,9,9,2,0,20,677381,1186314,48,28.86,47.8,35.0,IMF PortWatch Daily_Chokepoints_Data chokepoint6,high_for_chokepoint_calls_low_for_cargo_contents,"Known: daily transit calls by broad vessel class. Unknown: vessel identity, direction, AIS-dark movements, and actual cargo onboard."
2020-12-17,21,12,4,2,1,2,9,106975,376944,43.14,26.29,27.9,26.3,IMF PortWatch Daily_Chokepoints_Data chokepoint6,high_for_chokepoint_calls_low_for_cargo_contents,"Known: daily transit calls by broad vessel class. Unknown: vessel identity, direction, AIS-dark movements, and actual cargo onboard."
2020-12-18,51,29,4,15,1,2,22,636630,1256401,42,25.14,67.7,63.5,IMF PortWatch Daily_Chokepoints_Data chokepoint6,high_for_chokepoint_calls_low_for_cargo_contents,"Known: daily transit calls by broad vessel class. Unknown: vessel identity, direction, AIS-dark movements, and actual cargo onboard."
2020-12-19,54,30,7,13,3,1,24,526268,1186712,45,26.29,71.7,65.7,IMF PortWatch Daily_Chokepoints_Data chokepoint6,high_for_chokepoint_calls_low_for_cargo_contents,"Known: daily transit calls by broad vessel class. Unknown: vessel identity, direction, AIS-dark movements, and actual cargo onboard."
2020-12-20,42,28,6,7,0,1,14,720519,984253,45,26.57,55.8,61.3,IMF PortWatch Daily_Chokepoints_Data chokepoint6,high_for_chokepoint_calls_low_for_cargo_contents,"Known: daily transit calls by broad vessel class. Unknown: vessel identity, direction, AIS-dark movements, and actual cargo onboard."
2020-12-21,44,31,4,8,1,0,13,1123926,1331789,42.86,25,58.4,67.9,IMF PortWatch Daily_Chokepoints_Data chokepoint6,high_for_chokepoint_calls_low_for_cargo_contents,"Known: daily transit calls by broad vessel class. Unknown: vessel identity, direction, AIS-dark movements, and actual cargo onboard."
2020-12-22,52,38,4,6,3,1,14,1731722,2052652,42.86,26.29,69.1,83.2,IMF PortWatch Daily_Chokepoints_Data chokepoint6,high_for_chokepoint_calls_low_for_cargo_contents,"Known: daily transit calls by broad vessel class. Unknown: vessel identity, direction, AIS-dark movements, and actual cargo onboard."
2020-12-23,52,32,12,6,0,2,20,1106414,1919353,45.14,28.57,69.1,70.1,IMF PortWatch Daily_Chokepoints_Data chokepoint6,high_for_chokepoint_calls_low_for_cargo_contents,"Known: daily transit calls by broad vessel class. Unknown: vessel identity, direction, AIS-dark movements, and actual cargo onboard."
2020-12-24,53,33,7,8,3,2,20,845901,1234762,49.71,31.57,70.4,72.2,IMF PortWatch Daily_Chokepoints_Data chokepoint6,high_for_chokepoint_calls_low_for_cargo_contents,"Known: daily transit calls by broad vessel class. Unknown: vessel identity, direction, AIS-dark movements, and actual cargo onboard."
2020-12-25,39,19,8,10,0,2,20,578933,1227917,48,30.14,51.8,41.6,IMF PortWatch Daily_Chokepoints_Data chokepoint6,high_for_chokepoint_calls_low_for_cargo_contents,"Known: daily transit calls by broad vessel class. Unknown: vessel identity, direction, AIS-dark movements, and actual cargo onboard."
2020-12-26,71,57,11,3,0,0,14,985136,1287950,50.43,34,94.3,124.8,IMF PortWatch Daily_Chokepoints_Data chokepoint6,high_for_chokepoint_calls_low_for_cargo_contents,"Known: daily transit calls by broad vessel class. Unknown: vessel identity, direction, AIS-dark movements, and actual cargo onboard."
2020-12-27,40,29,5,5,1,0,11,1186636,1446592,50.14,34.14,53.1,63.5,IMF PortWatch Daily_Chokepoints_Data chokepoint6,high_for_chokepoint_calls_low_for_cargo_contents,"Known: daily transit calls by broad vessel class. Unknown: vessel identity, direction, AIS-dark movements, and actual cargo onboard."
2020-12-28,58,34,9,13,1,1,24,391817,986322,52.14,34.57,77.0,74.4,IMF PortWatch Daily_Chokepoints_Data chokepoint6,high_for_chokepoint_calls_low_for_cargo_contents,"Known: daily transit calls by broad vessel class. Unknown: vessel identity, direction, AIS-dark movements, and actual cargo onboard."
2020-12-29,61,38,6,15,2,0,23,1281476,1797410,53.43,34.57,81.0,83.2,IMF PortWatch Daily_Chokepoints_Data chokepoint6,high_for_chokepoint_calls_low_for_cargo_contents,"Known: daily transit calls by broad vessel class. Unknown: vessel identity, direction, AIS-dark movements, and actual cargo onboard."
2020-12-30,46,29,5,6,3,3,17,1097582,1553960,52.57,34.14,61.1,63.5,IMF PortWatch Daily_Chokepoints_Data chokepoint6,high_for_chokepoint_calls_low_for_cargo_contents,"Known: daily transit calls by broad vessel class. Unknown: vessel identity, direction, AIS-dark movements, and actual cargo onboard."
2020-12-31,51,31,11,6,2,1,20,1501885,2011317,52.29,33.86,67.7,67.9,IMF PortWatch Daily_Chokepoints_Data chokepoint6,high_for_chokepoint_calls_low_for_cargo_contents,"Known: daily transit calls by broad vessel class. Unknown: vessel identity, direction, AIS-dark movements, and actual cargo onboard."
2021-01-01,65,42,8,14,1,0,23,758317,1573191,56,37.14,86.3,91.9,IMF PortWatch Daily_Chokepoints_Data chokepoint6,high_for_chokepoint_calls_low_for_cargo_contents,"Known: daily transit calls by broad vessel class. Unknown: vessel identity, direction, AIS-dark movements, and actual cargo onboard."
2021-01-02,54,36,10,4,3,1,18,996927,1408502,53.57,34.14,71.7,78.8,IMF PortWatch Daily_Chokepoints_Data chokepoint6,high_for_chokepoint_calls_low_for_cargo_contents,"Known: daily transit calls by broad vessel class. Unknown: vessel identity, direction, AIS-dark movements, and actual cargo onboard."
2021-01-03,66,43,5,16,1,1,23,1545637,2064185,57.29,36.14,87.7,94.1,IMF PortWatch Daily_Chokepoints_Data chokepoint6,high_for_chokepoint_calls_low_for_cargo_contents,"Known: daily transit calls by broad vessel class. Unknown: vessel identity, direction, AIS-dark movements, and actual cargo onboard."
2021-01-04,51,33,10,5,2,1,18,806470,1236323,56.29,36,67.7,72.2,IMF PortWatch Daily_Chokepoints_Data chokepoint6,high_for_chokepoint_calls_low_for_cargo_contents,"Known: daily transit calls by broad vessel class. Unknown: vessel identity, direction, AIS-dark movements, and actual cargo onboard."
2021-01-05,70,46,14,9,1,0,24,2036510,2536989,57.57,37.14,93.0,100.7,IMF PortWatch Daily_Chokepoints_Data chokepoint6,high_for_chokepoint_calls_low_for_cargo_contents,"Known: daily transit calls by broad vessel class. Unknown: vessel identity, direction, AIS-dark movements, and actual cargo onboard."
2021-01-06,69,42,9,12,4,2,27,1018448,1590810,60.86,39,91.7,91.9,IMF PortWatch Daily_Chokepoints_Data chokepoint6,high_for_chokepoint_calls_low_for_cargo_contents,"Known: daily transit calls by broad vessel class. Unknown: vessel identity, direction, AIS-dark movements, and actual cargo onboard."
2021-01-07,59,38,12,8,1,0,21,1919987,2614956,62,40,78.4,83.2,IMF PortWatch Daily_Chokepoints_Data chokepoint6,high_for_chokepoint_calls_low_for_cargo_contents,"Known: daily transit calls by broad vessel class. Unknown: vessel identity, direction, AIS-dark movements, and actual cargo onboard."
2021-01-08,54,34,6,12,1,1,20,1129927,1648738,60.43,38.86,71.7,74.4,IMF PortWatch Daily_Chokepoints_Data chokepoint6,high_for_chokepoint_calls_low_for_cargo_contents,"Known: daily transit calls by broad vessel class. Unknown: vessel identity, direction, AIS-dark movements, and actual cargo onboard."
2021-01-09,63,40,6,14,1,2,23,935549,1456407,61.71,39.43,83.7,87.6,IMF PortWatch Daily_Chokepoints_Data chokepoint6,high_for_chokepoint_calls_low_for_cargo_contents,"Known: daily transit calls by broad vessel class. Unknown: vessel identity, direction, AIS-dark movements, and actual cargo onboard."
2021-01-10,42,29,5,5,2,1,13,595034,925764,58.29,37.43,55.8,63.5,IMF PortWatch Daily_Chokepoints_Data chokepoint6,high_for_chokepoint_calls_low_for_cargo_contents,"Known: daily transit calls by broad vessel class. Unknown: vessel identity, direction, AIS-dark movements, and actual cargo onboard."
2021-01-11,64,39,9,13,2,1,25,825311,1613340,60.14,38.29,85.0,85.4,IMF PortWatch Daily_Chokepoints_Data chokepoint6,high_for_chokepoint_calls_low_for_cargo_contents,"Known: daily transit calls by broad vessel class. Unknown: vessel identity, direction, AIS-dark movements, and actual cargo onboard."
2021-01-12,59,35,10,8,5,1,24,1142436,1618964,58.57,36.71,78.4,76.6,IMF PortWatch Daily_Chokepoints_Data chokepoint6,high_for_chokepoint_calls_low_for_cargo_contents,"Known: daily transit calls by broad vessel class. Unknown: vessel identity, direction, AIS-dark movements, and actual cargo onboard."
2021-01-13,62,37,5,17,2,1,25,1532549,2176777,57.57,36,82.4,81.0,IMF PortWatch Daily_Chokepoints_Data chokepoint6,high_for_chokepoint_calls_low_for_cargo_contents,"Known: daily transit calls by broad vessel class. Unknown: vessel identity, direction, AIS-dark movements, and actual cargo onboard."
2021-01-14,64,37,11,13,1,2,27,1340906,2217346,58.29,35.86,85.0,81.0,IMF PortWatch Daily_Chokepoints_Data chokepoint6,high_for_chokepoint_calls_low_for_cargo_contents,"Known: daily transit calls by broad vessel class. Unknown: vessel identity, direction, AIS-dark movements, and actual cargo onboard."
2021-01-15,72,43,11,16,2,0,29,1583492,2612069,60.86,37.14,95.6,94.1,IMF PortWatch Daily_Chokepoints_Data chokepoint6,high_for_chokepoint_calls_low_for_cargo_contents,"Known: daily transit calls by broad vessel class. Unknown: vessel identity, direction, AIS-dark movements, and actual cargo onboard."
2021-01-16,64,45,7,9,2,1,19,2264517,2862879,61,37.86,85.0,98.5,IMF PortWatch Daily_Chokepoints_Data chokepoint6,high_for_chokepoint_calls_low_for_cargo_contents,"Known: daily transit calls by broad vessel class. Unknown: vessel identity, direction, AIS-dark movements, and actual cargo onboard."
2021-01-17,72,46,6,16,2,2,26,2052758,2890536,65.29,40.29,95.6,100.7,IMF PortWatch Daily_Chokepoints_Data chokepoint6,high_for_chokepoint_calls_low_for_cargo_contents,"Known: daily transit calls by broad vessel class. Unknown: vessel identity, direction, AIS-dark movements, and actual cargo onboard."
2021-01-18,86,46,17,17,5,1,40,2334880,3495586,68.43,41.29,114.2,100.7,IMF PortWatch Daily_Chokepoints_Data chokepoint6,high_for_chokepoint_calls_low_for_cargo_contents,"Known: daily transit calls by broad vessel class. Unknown: vessel identity, direction, AIS-dark movements, and actual cargo onboard."
2021-01-19,100,52,9,28,8,3,48,2120141,3251500,74.29,43.71,132.8,113.8,IMF PortWatch Daily_Chokepoints_Data chokepoint6,high_for_chokepoint_calls_low_for_cargo_contents,"Known: daily transit calls by broad vessel class. Unknown: vessel identity, direction, AIS-dark movements, and actual cargo onboard."
2021-01-20,81,53,9,14,3,2,28,2553224,3060546,77,46,107.6,116.0,IMF PortWatch Daily_Chokepoints_Data chokepoint6,high_for_chokepoint_calls_low_for_cargo_contents,"Known: daily transit calls by broad vessel class. Unknown: vessel identity, direction, AIS-dark movements, and actual cargo onboard."
2021-01-21,69,42,11,10,5,1,27,2749725,3434461,77.71,46.71,91.7,91.9,IMF PortWatch Daily_Chokepoints_Data chokepoint6,high_for_chokepoint_calls_low_for_cargo_contents,"Known: daily transit calls by broad vessel class. Unknown: vessel identity, direction, AIS-dark movements, and actual cargo onboard."
2021-01-22,58,33,12,9,2,2,25,1154838,2443373,75.71,45.29,77.0,72.2,IMF PortWatch Daily_Chokepoints_Data chokepoint6,high_for_chokepoint_calls_low_for_cargo_contents,"Known: daily transit calls by broad vessel class. Unknown: vessel identity, direction, AIS-dark movements, and actual cargo onboard."
2021-01-23,55,35,10,10,0,0,20,980782,1415408,74.43,43.86,73.1,76.6,IMF PortWatch Daily_Chokepoints_Data chokepoint6,high_for_chokepoint_calls_low_for_cargo_contents,"Known: daily transit calls by broad vessel class. Unknown: vessel identity, direction, AIS-dark movements, and actual cargo onboard."
2021-01-24,43,26,7,9,0,1,17,511370,904765,70.29,41,57.1,56.9,IMF PortWatch Daily_Chokepoints_Data chokepoint6,high_for_chokepoint_calls_low_for_cargo_contents,"Known: daily transit calls by broad vessel class. Unknown: vessel identity, direction, AIS-dark movements, and actual cargo onboard."
2021-01-25,56,41,5,9,1,0,15,2600956,3079884,66,40.29,74.4,89.8,IMF PortWatch Daily_Chokepoints_Data chokepoint6,high_for_chokepoint_calls_low_for_cargo_contents,"Known: daily transit calls by broad vessel class. Unknown: vessel identity, direction, AIS-dark movements, and actual cargo onboard."
2021-01-26,61,44,6,7,0,4,17,2623826,2827724,60.43,39.14,81.0,96.3,IMF PortWatch Daily_Chokepoints_Data chokepoint6,high_for_chokepoint_calls_low_for_cargo_contents,"Known: daily transit calls by broad vessel class. Unknown: vessel identity, direction, AIS-dark movements, and actual cargo onboard."
2021-01-27,83,52,14,12,5,0,31,2189447,3096316,60.71,39,110.3,113.8,IMF PortWatch Daily_Chokepoints_Data chokepoint6,high_for_chokepoint_calls_low_for_cargo_contents,"Known: daily transit calls by broad vessel class. Unknown: vessel identity, direction, AIS-dark movements, and actual cargo onboard."
2021-01-28,73,51,10,9,2,1,22,2469421,2885912,61.29,40.29,97.0,111.6,IMF PortWatch Daily_Chokepoints_Data chokepoint6,high_for_chokepoint_calls_low_for_cargo_contents,"Known: daily transit calls by broad vessel class. Unknown: vessel identity, direction, AIS-dark movements, and actual cargo onboard."
2021-01-29,84,45,14,19,5,1,39,2133982,3421507,65,42,111.6,98.5,IMF PortWatch Daily_Chokepoints_Data chokepoint6,high_for_chokepoint_calls_low_for_cargo_contents,"Known: daily transit calls by broad vessel class. Unknown: vessel identity, direction, AIS-dark movements, and actual cargo onboard."
2021-01-30,68,41,11,14,1,1,27,1693139,2468383,66.86,42.86,90.3,89.8,IMF PortWatch Daily_Chokepoints_Data chokepoint6,high_for_chokepoint_calls_low_for_cargo_contents,"Known: daily transit calls by broad vessel class. Unknown: vessel identity, direction, AIS-dark movements, and actual cargo onboard."
2021-01-31,60,37,5,10,4,4,23,2268087,2867148,69.29,44.43,79.7,81.0,IMF PortWatch Daily_Chokepoints_Data chokepoint6,high_for_chokepoint_calls_low_for_cargo_contents,"Known: daily transit calls by broad vessel class. Unknown: vessel identity, direction, AIS-dark movements, and actual cargo onboard."
2021-02-01,61,38,10,7,5,1,23,1662502,2274620,70,44,81.0,83.2,IMF PortWatch Daily_Chokepoints_Data chokepoint6,high_for_chokepoint_calls_low_for_cargo_contents,"Known: daily transit calls by broad vessel class. Unknown: vessel identity, direction, AIS-dark movements, and actual cargo onboard."
2021-02-02,65,36,9,15,3,2,29,1320756,2141622,70.57,42.86,86.3,78.8,IMF PortWatch Daily_Chokepoints_Data chokepoint6,high_for_chokepoint_calls_low_for_cargo_contents,"Known: daily transit calls by broad vessel class. Unknown: vessel identity, direction, AIS-dark movements, and actual cargo onboard."
2021-02-03,68,49,7,8,1,3,19,2921095,3452908,68.43,42.43,90.3,107.3,IMF PortWatch Daily_Chokepoints_Data chokepoint6,high_for_chokepoint_calls_low_for_cargo_contents,"Known: daily transit calls by broad vessel class. Unknown: vessel identity, direction, AIS-dark movements, and actual cargo onboard."
2021-02-04,84,55,16,9,4,0,29,2706965,3727571,70,43,111.6,120.4,IMF PortWatch Daily_Chokepoints_Data chokepoint6,high_for_chokepoint_calls_low_for_cargo_contents,"Known: daily transit calls by broad vessel class. Unknown: vessel identity, direction, AIS-dark movements, and actual cargo onboard."
2021-02-05,70,46,14,7,3,0,24,2015514,2660979,68,43.14,93.0,100.7,IMF PortWatch Daily_Chokepoints_Data chokepoint6,high_for_chokepoint_calls_low_for_cargo_contents,"Known: daily transit calls by broad vessel class. Unknown: vessel identity, direction, AIS-dark movements, and actual cargo onboard."
2021-02-06,64,45,6,7,4,2,19,2892064,3568001,67.43,43.71,85.0,98.5,IMF PortWatch Daily_Chokepoints_Data chokepoint6,high_for_chokepoint_calls_low_for_cargo_contents,"Known: daily transit calls by broad vessel class. Unknown: vessel identity, direction, AIS-dark movements, and actual cargo onboard."
2021-02-07,62,39,8,13,1,1,23,1576669,2318959,67.71,44,82.4,85.4,IMF PortWatch Daily_Chokepoints_Data chokepoint6,high_for_chokepoint_calls_low_for_cargo_contents,"Known: daily transit calls by broad vessel class. Unknown: vessel identity, direction, AIS-dark movements, and actual cargo onboard."
2021-02-08,54,35,8,7,4,0,19,1817072,2371232,66.71,43.57,71.7,76.6,IMF PortWatch Daily_Chokepoints_Data chokepoint6,high_for_chokepoint_calls_low_for_cargo_contents,"Known: daily transit calls by broad vessel class. Unknown: vessel identity, direction, AIS-dark movements, and actual cargo onboard."
2021-02-09,69,50,8,6,3,2,19,2057499,2726395,67.29,45.57,91.7,109.5,IMF PortWatch Daily_Chokepoints_Data chokepoint6,high_for_chokepoint_calls_low_for_cargo_contents,"Known: daily transit calls by broad vessel class. Unknown: vessel identity, direction, AIS-dark movements, and actual cargo onboard."
2021-02-10,67,37,10,16,2,2,30,1392070,2324103,67.14,43.86,89.0,81.0,IMF PortWatch Daily_Chokepoints_Data chokepoint6,high_for_chokepoint_calls_low_for_cargo_contents,"Known: daily transit calls by broad vessel class. Unknown: vessel identity, direction, AIS-dark movements, and actual cargo onboard."
2021-02-11,77,39,16,13,4,5,38,1961727,2759999,66.14,41.57,102.3,85.4,IMF PortWatch Daily_Chokepoints_Data chokepoint6,high_for_chokepoint_calls_low_for_cargo_contents,"Known: daily transit calls by broad vessel class. Unknown: vessel identity, direction, AIS-dark movements, and actual cargo onboard."
2021-02-12,93,64,9,12,6,2,29,3455165,4303191,69.43,44.14,123.5,140.1,IMF PortWatch Daily_Chokepoints_Data chokepoint6,high_for_chokepoint_calls_low_for_cargo_contents,"Known: daily transit calls by broad vessel class. Unknown: vessel identity, direction, AIS-dark movements, and actual cargo onboard."
2021-02-13,72,46,13,10,3,0,26,2310183,3052452,70.57,44.29,95.6,100.7,IMF PortWatch Daily_Chokepoints_Data chokepoint6,high_for_chokepoint_calls_low_for_cargo_contents,"Known: daily transit calls by broad vessel class. Unknown: vessel identity, direction, AIS-dark movements, and actual cargo onboard."
2021-02-14,76,55,8,9,3,1,21,2887967,3384696,72.57,46.57,101.0,120.4,IMF PortWatch Daily_Chokepoints_Data chokepoint6,high_for_chokepoint_calls_low_for_cargo_contents,"Known: daily transit calls by broad vessel class. Unknown: vessel identity, direction, AIS-dark movements, and actual cargo onboard."
2021-02-15,102,62,15,21,4,0,40,2457892,3523929,79.43,50.43,135.5,135.7,IMF PortWatch Daily_Chokepoints_Data chokepoint6,high_for_chokepoint_calls_low_for_cargo_contents,"Known: daily transit calls by broad vessel class. Unknown: vessel identity, direction, AIS-dark movements, and actual cargo onboard."
2021-02-16,81,44,19,11,6,1,37,2393318,3423527,81.14,49.57,107.6,96.3,IMF PortWatch Daily_Chokepoints_Data chokepoint6,high_for_chokepoint_calls_low_for_cargo_contents,"Known: daily transit calls by broad vessel class. Unknown: vessel identity, direction, AIS-dark movements, and actual cargo onboard."
2021-02-17,76,44,12,14,4,2,32,1854388,2837165,82.43,50.57,101.0,96.3,IMF PortWatch Daily_Chokepoints_Data chokepoint6,high_for_chokepoint_calls_low_for_cargo_contents,"Known: daily transit calls by broad vessel class. Unknown: vessel identity, direction, AIS-dark movements, and actual cargo onboard."
2021-02-18,69,42,11,12,1,3,27,2071912,2986392,81.29,51,91.7,91.9,IMF PortWatch Daily_Chokepoints_Data chokepoint6,high_for_chokepoint_calls_low_for_cargo_contents,"Known: daily transit calls by broad vessel class. Unknown: vessel identity, direction, AIS-dark movements, and actual cargo onboard."
2021-02-19,77,48,15,11,2,1,29,2317292,3386192,79,48.71,102.3,105.1,IMF PortWatch Daily_Chokepoints_Data chokepoint6,high_for_chokepoint_calls_low_for_cargo_contents,"Known: daily transit calls by broad vessel class. Unknown: vessel identity, direction, AIS-dark movements, and actual cargo onboard."
2021-02-20,61,35,12,9,5,0,26,1361059,2001023,77.43,47.14,81.0,76.6,IMF PortWatch Daily_Chokepoints_Data chokepoint6,high_for_chokepoint_calls_low_for_cargo_contents,"Known: daily transit calls by broad vessel class. Unknown: vessel identity, direction, AIS-dark movements, and actual cargo onboard."
2021-02-21,46,29,6,9,2,0,17,832483,1361713,73.14,43.43,61.1,63.5,IMF PortWatch Daily_Chokepoints_Data chokepoint6,high_for_chokepoint_calls_low_for_cargo_contents,"Known: daily transit calls by broad vessel class. Unknown: vessel identity, direction, AIS-dark movements, and actual cargo onboard."
2021-02-22,60,33,13,11,1,2,27,1315157,2365370,67.14,39.29,79.7,72.2,IMF PortWatch Daily_Chokepoints_Data chokepoint6,high_for_chokepoint_calls_low_for_cargo_contents,"Known: daily transit calls by broad vessel class. Unknown: vessel identity, direction, AIS-dark movements, and actual cargo onboard."
2021-02-23,66,43,10,8,2,3,23,2860352,3575244,65,39.14,87.7,94.1,IMF PortWatch Daily_Chokepoints_Data chokepoint6,high_for_chokepoint_calls_low_for_cargo_contents,"Known: daily transit calls by broad vessel class. Unknown: vessel identity, direction, AIS-dark movements, and actual cargo onboard."
2021-02-24,52,30,9,10,2,1,22,467784,1220814,61.57,37.14,69.1,65.7,IMF PortWatch Daily_Chokepoints_Data chokepoint6,high_for_chokepoint_calls_low_for_cargo_contents,"Known: daily transit calls by broad vessel class. Unknown: vessel identity, direction, AIS-dark movements, and actual cargo onboard."
2021-02-25,75,49,12,11,2,1,26,2270680,2808233,62.43,38.14,99.6,107.3,IMF PortWatch Daily_Chokepoints_Data chokepoint6,high_for_chokepoint_calls_low_for_cargo_contents,"Known: daily transit calls by broad vessel class. Unknown: vessel identity, direction, AIS-dark movements, and actual cargo onboard."
2021-02-26,51,33,9,8,1,0,18,1684595,2269891,58.71,36,67.7,72.2,IMF PortWatch Daily_Chokepoints_Data chokepoint6,high_for_chokepoint_calls_low_for_cargo_contents,"Known: daily transit calls by broad vessel class. Unknown: vessel identity, direction, AIS-dark movements, and actual cargo onboard."
2021-02-27,64,40,9,11,0,4,24,787010,1405594,59.14,36.71,85.0,87.6,IMF PortWatch Daily_Chokepoints_Data chokepoint6,high_for_chokepoint_calls_low_for_cargo_contents,"Known: daily transit calls by broad vessel class. Unknown: vessel identity, direction, AIS-dark movements, and actual cargo onboard."
2021-02-28,36,19,8,7,1,1,17,276926,836920,57.71,35.29,47.8,41.6,IMF PortWatch Daily_Chokepoints_Data chokepoint6,high_for_chokepoint_calls_low_for_cargo_contents,"Known: daily transit calls by broad vessel class. Unknown: vessel identity, direction, AIS-dark movements, and actual cargo onboard."
2021-03-01,71,41,15,12,1,2,30,1809307,2680809,59.29,36.43,94.3,89.8,IMF PortWatch Daily_Chokepoints_Data chokepoint6,high_for_chokepoint_calls_low_for_cargo_contents,"Known: daily transit calls by broad vessel class. Unknown: vessel identity, direction, AIS-dark movements, and actual cargo onboard."
2021-03-02,78,45,11,17,2,3,33,2112349,2964756,61,36.71,103.6,98.5,IMF PortWatch Daily_Chokepoints_Data chokepoint6,high_for_chokepoint_calls_low_for_cargo_contents,"Known: daily transit calls by broad vessel class. Unknown: vessel identity, direction, AIS-dark movements, and actual cargo onboard."
2021-03-03,78,46,14,12,5,1,32,2066534,3298000,64.71,39,103.6,100.7,IMF PortWatch Daily_Chokepoints_Data chokepoint6,high_for_chokepoint_calls_low_for_cargo_contents,"Known: daily transit calls by broad vessel class. Unknown: vessel identity, direction, AIS-dark movements, and actual cargo onboard."
2021-03-04,69,49,13,5,2,0,20,2553893,3315521,63.86,39,91.7,107.3,IMF PortWatch Daily_Chokepoints_Data chokepoint6,high_for_chokepoint_calls_low_for_cargo_contents,"Known: daily transit calls by broad vessel class. Unknown: vessel identity, direction, AIS-dark movements, and actual cargo onboard."
2021-03-05,73,42,12,17,1,1,31,2004951,3124806,67,40.29,97.0,91.9,IMF PortWatch Daily_Chokepoints_Data chokepoint6,high_for_chokepoint_calls_low_for_cargo_contents,"Known: daily transit calls by broad vessel class. Unknown: vessel identity, direction, AIS-dark movements, and actual cargo onboard."
2021-03-06,63,35,14,9,5,0,28,1615068,2440257,66.86,39.57,83.7,76.6,IMF PortWatch Daily_Chokepoints_Data chokepoint6,high_for_chokepoint_calls_low_for_cargo_contents,"Known: daily transit calls by broad vessel class. Unknown: vessel identity, direction, AIS-dark movements, and actual cargo onboard."
2021-03-07,40,27,2,8,1,2,13,953938,1113797,67.43,40.71,53.1,59.1,IMF PortWatch Daily_Chokepoints_Data chokepoint6,high_for_chokepoint_calls_low_for_cargo_contents,"Known: daily transit calls by broad vessel class. Unknown: vessel identity, direction, AIS-dark movements, and actual cargo onboard."
2021-03-08,46,25,7,11,2,1,21,513466,1194926,63.86,38.43,61.1,54.7,IMF PortWatch Daily_Chokepoints_Data chokepoint6,high_for_chokepoint_calls_low_for_cargo_contents,"Known: daily transit calls by broad vessel class. Unknown: vessel identity, direction, AIS-dark movements, and actual cargo onboard."
2021-03-09,79,49,9,13,4,4,30,2398894,3073045,64,39,104.9,107.3,IMF PortWatch Daily_Chokepoints_Data chokepoint6,high_for_chokepoint_calls_low_for_cargo_contents,"Known: daily transit calls by broad vessel class. Unknown: vessel identity, direction, AIS-dark movements, and actual cargo onboard."
2021-03-10,43,26,6,9,2,0,17,858417,1384421,59,36.14,57.1,56.9,IMF PortWatch Daily_Chokepoints_Data chokepoint6,high_for_chokepoint_calls_low_for_cargo_contents,"Known: daily transit calls by broad vessel class. Unknown: vessel identity, direction, AIS-dark movements, and actual cargo onboard."
2021-03-11,80,52,17,8,1,2,28,3852469,4835633,60.57,36.57,106.3,113.8,IMF PortWatch Daily_Chokepoints_Data chokepoint6,high_for_chokepoint_calls_low_for_cargo_contents,"Known: daily transit calls by broad vessel class. Unknown: vessel identity, direction, AIS-dark movements, and actual cargo onboard."
2021-03-12,68,46,9,12,0,1,22,1390575,2218975,59.86,37.14,90.3,100.7,IMF PortWatch Daily_Chokepoints_Data chokepoint6,high_for_chokepoint_calls_low_for_cargo_contents,"Known: daily transit calls by broad vessel class. Unknown: vessel identity, direction, AIS-dark movements, and actual cargo onboard."
2021-03-13,59,35,9,9,4,2,24,1509569,2158767,59.29,37.14,78.4,76.6,IMF PortWatch Daily_Chokepoints_Data chokepoint6,high_for_chokepoint_calls_low_for_cargo_contents,"Known: daily transit calls by broad vessel class. Unknown: vessel identity, direction, AIS-dark movements, and actual cargo onboard."
2021-03-14,61,38,8,11,4,0,23,1546336,2228446,62.29,38.71,81.0,83.2,IMF PortWatch Daily_Chokepoints_Data chokepoint6,high_for_chokepoint_calls_low_for_cargo_contents,"Known: daily transit calls by broad vessel class. Unknown: vessel identity, direction, AIS-dark movements, and actual cargo onboard."
2021-03-15,80,49,11,17,2,1,31,2420719,3385466,67.14,42.14,106.3,107.3,IMF PortWatch Daily_Chokepoints_Data chokepoint6,high_for_chokepoint_calls_low_for_cargo_contents,"Known: daily transit calls by broad vessel class. Unknown: vessel identity, direction, AIS-dark movements, and actual cargo onboard."
2021-03-16,86,53,13,16,1,3,33,2776452,3720257,68.14,42.71,114.2,116.0,IMF PortWatch Daily_Chokepoints_Data chokepoint6,high_for_chokepoint_calls_low_for_cargo_contents,"Known: daily transit calls by broad vessel class. Unknown: vessel identity, direction, AIS-dark movements, and actual cargo onboard."
2021-03-17,14,7,4,2,0,1,7,525561,830596,64,40,18.6,15.3,IMF PortWatch Daily_Chokepoints_Data chokepoint6,high_for_chokepoint_calls_low_for_cargo_contents,"Known: daily transit calls by broad vessel class. Unknown: vessel identity, direction, AIS-dark movements, and actual cargo onboard."
2021-03-18,52,32,13,6,1,0,20,1185455,1971893,60,37.14,69.1,70.1,IMF PortWatch Daily_Chokepoints_Data chokepoint6,high_for_chokepoint_calls_low_for_cargo_contents,"Known: daily transit calls by broad vessel class. Unknown: vessel identity, direction, AIS-dark movements, and actual cargo onboard."
2021-03-19,86,53,12,14,4,3,33,2201709,3256297,62.57,38.14,114.2,116.0,IMF PortWatch Daily_Chokepoints_Data chokepoint6,high_for_chokepoint_calls_low_for_cargo_contents,"Known: daily transit calls by broad vessel class. Unknown: vessel identity, direction, AIS-dark movements, and actual cargo onboard."
2021-03-20,69,39,9,14,2,5,30,2254040,2904672,64,38.71,91.7,85.4,IMF PortWatch Daily_Chokepoints_Data chokepoint6,high_for_chokepoint_calls_low_for_cargo_contents,"Known: daily transit calls by broad vessel class. Unknown: vessel identity, direction, AIS-dark movements, and actual cargo onboard."
2021-03-21,37,23,4,7,3,0,14,1604416,1902077,60.57,36.57,49.1,50.4,IMF PortWatch Daily_Chokepoints_Data chokepoint6,high_for_chokepoint_calls_low_for_cargo_contents,"Known: daily transit calls by broad vessel class. Unknown: vessel identity, direction, AIS-dark movements, and actual cargo onboard."
2021-03-22,62,44,9,8,1,0,18,1481268,2065826,58,35.86,82.4,96.3,IMF PortWatch Daily_Chokepoints_Data chokepoint6,high_for_chokepoint_calls_low_for_cargo_contents,"Known: daily transit calls by broad vessel class. Unknown: vessel identity, direction, AIS-dark movements, and actual cargo onboard."
2021-03-23,59,29,12,12,1,5,30,1329059,2187578,54.14,32.43,78.4,63.5,IMF PortWatch Daily_Chokepoints_Data chokepoint6,high_for_chokepoint_calls_low_for_cargo_contents,"Known: daily transit calls by broad vessel class. Unknown: vessel identity, direction, AIS-dark movements, and actual cargo onboard."
2021-03-24,87,55,16,14,2,0,32,3165455,4020434,64.57,39.29,115.6,120.4,IMF PortWatch Daily_Chokepoints_Data chokepoint6,high_for_chokepoint_calls_low_for_cargo_contents,"Known: daily transit calls by broad vessel class. Unknown: vessel identity, direction, AIS-dark movements, and actual cargo onboard."
2021-03-25,49,32,7,8,0,2,17,1546231,2096801,64.14,39.29,65.1,70.1,IMF PortWatch Daily_Chokepoints_Data chokepoint6,high_for_chokepoint_calls_low_for_cargo_contents,"Known: daily transit calls by broad vessel class. Unknown: vessel identity, direction, AIS-dark movements, and actual cargo onboard."
2021-03-26,58,34,11,10,2,1,24,1176847,1822222,60.14,36.57,77.0,74.4,IMF PortWatch Daily_Chokepoints_Data chokepoint6,high_for_chokepoint_calls_low_for_cargo_contents,"Known: daily transit calls by broad vessel class. Unknown: vessel identity, direction, AIS-dark movements, and actual cargo onboard."
2021-03-27,85,53,13,11,3,5,32,2093205,2770584,62.43,38.57,112.9,116.0,IMF PortWatch Daily_Chokepoints_Data chokepoint6,high_for_chokepoint_calls_low_for_cargo_contents,"Known: daily transit calls by broad vessel class. Unknown: vessel identity, direction, AIS-dark movements, and actual cargo onboard."
2021-03-28,68,42,12,13,1,0,26,1661075,2560100,66.86,41.29,90.3,91.9,IMF PortWatch Daily_Chokepoints_Data chokepoint6,high_for_chokepoint_calls_low_for_cargo_contents,"Known: daily transit calls by broad vessel class. Unknown: vessel identity, direction, AIS-dark movements, and actual cargo onboard."
2021-03-29,79,48,13,10,5,3,31,1471125,2243350,69.29,41.86,104.9,105.1,IMF PortWatch Daily_Chokepoints_Data chokepoint6,high_for_chokepoint_calls_low_for_cargo_contents,"Known: daily transit calls by broad vessel class. Unknown: vessel identity, direction, AIS-dark movements, and actual cargo onboard."
2021-03-30,89,55,17,11,3,3,34,2291525,3372759,73.57,45.57,118.2,120.4,IMF PortWatch Daily_Chokepoints_Data chokepoint6,high_for_chokepoint_calls_low_for_cargo_contents,"Known: daily transit calls by broad vessel class. Unknown: vessel identity, direction, AIS-dark movements, and actual cargo onboard."
2021-03-31,91,51,16,19,3,2,40,2021023,3087705,74.14,45,120.9,111.6,IMF PortWatch Daily_Chokepoints_Data chokepoint6,high_for_chokepoint_calls_low_for_cargo_contents,"Known: daily transit calls by broad vessel class. Unknown: vessel identity, direction, AIS-dark movements, and actual cargo onboard."
2021-04-01,109,60,21,23,5,0,49,2489377,4201996,82.71,49,144.8,131.3,IMF PortWatch Daily_Chokepoints_Data chokepoint6,high_for_chokepoint_calls_low_for_cargo_contents,"Known: daily transit calls by broad vessel class. Unknown: vessel identity, direction, AIS-dark movements, and actual cargo onboard."
2021-04-02,80,49,12,16,2,1,31,2502396,3325988,85.86,51.14,106.3,107.3,IMF PortWatch Daily_Chokepoints_Data chokepoint6,high_for_chokepoint_calls_low_for_cargo_contents,"Known: daily transit calls by broad vessel class. Unknown: vessel identity, direction, AIS-dark movements, and actual cargo onboard."
2021-04-03,100,65,13,13,6,3,35,4453617,5432225,88,52.86,132.8,142.3,IMF PortWatch Daily_Chokepoints_Data chokepoint6,high_for_chokepoint_calls_low_for_cargo_contents,"Known: daily transit calls by broad vessel class. Unknown: vessel identity, direction, AIS-dark movements, and actual cargo onboard."
2021-04-04,87,61,12,10,2,2,26,3408932,4010016,90.71,55.57,115.6,133.5,IMF PortWatch Daily_Chokepoints_Data chokepoint6,high_for_chokepoint_calls_low_for_cargo_contents,"Known: daily transit calls by broad vessel class. Unknown: vessel identity, direction, AIS-dark movements, and actual cargo onboard."
2021-04-05,73,50,8,11,4,0,23,2007289,2412309,89.86,55.86,97.0,109.5,IMF PortWatch Daily_Chokepoints_Data chokepoint6,high_for_chokepoint_calls_low_for_cargo_contents,"Known: daily transit calls by broad vessel class. Unknown: vessel identity, direction, AIS-dark movements, and actual cargo onboard."
2021-04-06,59,26,14,17,0,2,33,1183906,2340769,85.57,51.71,78.4,56.9,IMF PortWatch Daily_Chokepoints_Data chokepoint6,high_for_chokepoint_calls_low_for_cargo_contents,"Known: daily transit calls by broad vessel class. Unknown: vessel identity, direction, AIS-dark movements, and actual cargo onboard."
2021-04-07,99,67,14,14,0,4,32,2816534,3586042,86.71,54,131.5,146.7,IMF PortWatch Daily_Chokepoints_Data chokepoint6,high_for_chokepoint_calls_low_for_cargo_contents,"Known: daily transit calls by broad vessel class. Unknown: vessel identity, direction, AIS-dark movements, and actual cargo onboard."
2021-04-08,75,43,11,16,4,1,32,2042374,3088300,81.86,51.57,99.6,94.1,IMF PortWatch Daily_Chokepoints_Data chokepoint6,high_for_chokepoint_calls_low_for_cargo_contents,"Known: daily transit calls by broad vessel class. Unknown: vessel identity, direction, AIS-dark movements, and actual cargo onboard."
2021-04-09,112,68,21,17,3,3,44,2465141,4056820,86.43,54.29,148.8,148.9,IMF PortWatch Daily_Chokepoints_Data chokepoint6,high_for_chokepoint_calls_low_for_cargo_contents,"Known: daily transit calls by broad vessel class. Unknown: vessel identity, direction, AIS-dark movements, and actual cargo onboard."
2021-04-10,70,48,5,13,3,1,22,1756263,2615543,82.14,51.86,93.0,105.1,IMF PortWatch Daily_Chokepoints_Data chokepoint6,high_for_chokepoint_calls_low_for_cargo_contents,"Known: daily transit calls by broad vessel class. Unknown: vessel identity, direction, AIS-dark movements, and actual cargo onboard."
2021-04-11,80,47,13,15,4,1,33,2117058,2964792,81.14,49.86,106.3,102.9,IMF PortWatch Daily_Chokepoints_Data chokepoint6,high_for_chokepoint_calls_low_for_cargo_contents,"Known: daily transit calls by broad vessel class. Unknown: vessel identity, direction, AIS-dark movements, and actual cargo onboard."
2021-04-12,71,41,10,13,4,3,30,2836800,3519883,80.86,48.57,94.3,89.8,IMF PortWatch Daily_Chokepoints_Data chokepoint6,high_for_chokepoint_calls_low_for_cargo_contents,"Known: daily transit calls by broad vessel class. Unknown: vessel identity, direction, AIS-dark movements, and actual cargo onboard."
2021-04-13,56,41,2,9,2,2,15,2165137,2531740,80.43,50.71,74.4,89.8,IMF PortWatch Daily_Chokepoints_Data chokepoint6,high_for_chokepoint_calls_low_for_cargo_contents,"Known: daily transit calls by broad vessel class. Unknown: vessel identity, direction, AIS-dark movements, and actual cargo onboard."
2021-04-14,57,37,8,7,5,0,20,1443194,1980462,74.43,46.43,75.7,81.0,IMF PortWatch Daily_Chokepoints_Data chokepoint6,high_for_chokepoint_calls_low_for_cargo_contents,"Known: daily transit calls by broad vessel class. Unknown: vessel identity, direction, AIS-dark movements, and actual cargo onboard."
2021-04-15,65,33,16,10,3,3,32,1927827,2863137,73,45,86.3,72.2,IMF PortWatch Daily_Chokepoints_Data chokepoint6,high_for_chokepoint_calls_low_for_cargo_contents,"Known: daily transit calls by broad vessel class. Unknown: vessel identity, direction, AIS-dark movements, and actual cargo onboard."
2021-04-16,93,58,16,14,3,2,35,2517647,3919289,70.29,43.57,123.5,127.0,IMF PortWatch Daily_Chokepoints_Data chokepoint6,high_for_chokepoint_calls_low_for_cargo_contents,"Known: daily transit calls by broad vessel class. Unknown: vessel identity, direction, AIS-dark movements, and actual cargo onboard."
2021-04-17,93,60,19,13,1,0,33,3224553,4361973,73.57,45.29,123.5,131.3,IMF PortWatch Daily_Chokepoints_Data chokepoint6,high_for_chokepoint_calls_low_for_cargo_contents,"Known: daily transit calls by broad vessel class. Unknown: vessel identity, direction, AIS-dark movements, and actual cargo onboard."
2021-04-18,82,50,9,19,3,1,32,2911981,3723246,73.86,45.71,108.9,109.5,IMF PortWatch Daily_Chokepoints_Data chokepoint6,high_for_chokepoint_calls_low_for_cargo_contents,"Known: daily transit calls by broad vessel class. Unknown: vessel identity, direction, AIS-dark movements, and actual cargo onboard."
2021-04-19,82,47,17,16,2,0,35,2826169,4108258,75.43,46.57,108.9,102.9,IMF PortWatch Daily_Chokepoints_Data chokepoint6,high_for_chokepoint_calls_low_for_cargo_contents,"Known: daily transit calls by broad vessel class. Unknown: vessel identity, direction, AIS-dark movements, and actual cargo onboard."
2021-04-20,74,40,13,15,5,1,34,2230840,3396321,78,46.43,98.3,87.6,IMF PortWatch Daily_Chokepoints_Data chokepoint6,high_for_chokepoint_calls_low_for_cargo_contents,"Known: daily transit calls by broad vessel class. Unknown: vessel identity, direction, AIS-dark movements, and actual cargo onboard."
2021-04-21,97,52,18,13,3,11,45,2406474,3313865,83.71,48.57,128.8,113.8,IMF PortWatch Daily_Chokepoints_Data chokepoint6,high_for_chokepoint_calls_low_for_cargo_contents,"Known: daily transit calls by broad vessel class. Unknown: vessel identity, direction, AIS-dark movements, and actual cargo onboard."
2021-04-22,104,59,22,16,4,3,45,2878984,4237080,89.29,52.29,138.1,129.2,IMF PortWatch Daily_Chokepoints_Data chokepoint6,high_for_chokepoint_calls_low_for_cargo_contents,"Known: daily transit calls by broad vessel class. Unknown: vessel identity, direction, AIS-dark movements, and actual cargo onboard."
2021-04-23,90,56,14,18,2,0,34,2155422,3114045,88.86,52,119.6,122.6,IMF PortWatch Daily_Chokepoints_Data chokepoint6,high_for_chokepoint_calls_low_for_cargo_contents,"Known: daily transit calls by broad vessel class. Unknown: vessel identity, direction, AIS-dark movements, and actual cargo onboard."
2021-04-24,104,59,16,22,5,2,45,2872051,3950061,90.43,51.86,138.1,129.2,IMF PortWatch Daily_Chokepoints_Data chokepoint6,high_for_chokepoint_calls_low_for_cargo_contents,"Known: daily transit calls by broad vessel class. Unknown: vessel identity, direction, AIS-dark movements, and actual cargo onboard."
2021-04-25,75,46,12,14,2,1,29,1959323,2811390,89.43,51.29,99.6,100.7,IMF PortWatch Daily_Chokepoints_Data chokepoint6,high_for_chokepoint_calls_low_for_cargo_contents,"Known: daily transit calls by broad vessel class. Unknown: vessel identity, direction, AIS-dark movements, and actual cargo onboard."
2021-04-26,62,40,9,8,2,3,22,2443967,3193194,86.57,50.29,82.4,87.6,IMF PortWatch Daily_Chokepoints_Data chokepoint6,high_for_chokepoint_calls_low_for_cargo_contents,"Known: daily transit calls by broad vessel class. Unknown: vessel identity, direction, AIS-dark movements, and actual cargo onboard."
2021-04-27,79,42,14,16,6,1,37,2097330,3020726,87.29,50.57,104.9,91.9,IMF PortWatch Daily_Chokepoints_Data chokepoint6,high_for_chokepoint_calls_low_for_cargo_contents,"Known: daily transit calls by broad vessel class. Unknown: vessel identity, direction, AIS-dark movements, and actual cargo onboard."
2021-04-28,75,47,12,12,1,3,28,2527825,3447342,84.14,49.86,99.6,102.9,IMF PortWatch Daily_Chokepoints_Data chokepoint6,high_for_chokepoint_calls_low_for_cargo_contents,"Known: daily transit calls by broad vessel class. Unknown: vessel identity, direction, AIS-dark movements, and actual cargo onboard."
2021-04-29,71,41,10,12,5,3,30,996553,1624511,79.43,47.29,94.3,89.8,IMF PortWatch Daily_Chokepoints_Data chokepoint6,high_for_chokepoint_calls_low_for_cargo_contents,"Known: daily transit calls by broad vessel class. Unknown: vessel identity, direction, AIS-dark movements, and actual cargo onboard."
2021-04-30,54,29,10,11,4,0,25,1394630,2047635,74.29,43.43,71.7,63.5,IMF PortWatch Daily_Chokepoints_Data chokepoint6,high_for_chokepoint_calls_low_for_cargo_contents,"Known: daily transit calls by broad vessel class. Unknown: vessel identity, direction, AIS-dark movements, and actual cargo onboard."
2021-05-01,67,33,12,14,5,3,34,1554729,2424364,69,39.71,89.0,72.2,IMF PortWatch Daily_Chokepoints_Data chokepoint6,high_for_chokepoint_calls_low_for_cargo_contents,"Known: daily transit calls by broad vessel class. Unknown: vessel identity, direction, AIS-dark movements, and actual cargo onboard."
2021-05-02,81,53,15,10,2,1,28,2017922,2657721,69.86,40.71,107.6,116.0,IMF PortWatch Daily_Chokepoints_Data chokepoint6,high_for_chokepoint_calls_low_for_cargo_contents,"Known: daily transit calls by broad vessel class. Unknown: vessel identity, direction, AIS-dark movements, and actual cargo onboard."
2021-05-03,85,64,7,12,2,0,21,2853367,3650215,73.14,44.14,112.9,140.1,IMF PortWatch Daily_Chokepoints_Data chokepoint6,high_for_chokepoint_calls_low_for_cargo_contents,"Known: daily transit calls by broad vessel class. Unknown: vessel identity, direction, AIS-dark movements, and actual cargo onboard."
2021-05-04,73,44,9,10,4,6,29,1414667,1914049,72.29,44.43,97.0,96.3,IMF PortWatch Daily_Chokepoints_Data chokepoint6,high_for_chokepoint_calls_low_for_cargo_contents,"Known: daily transit calls by broad vessel class. Unknown: vessel identity, direction, AIS-dark movements, and actual cargo onboard."
2021-05-05,57,37,8,10,0,2,20,2105146,2780515,69.71,43,75.7,81.0,IMF PortWatch Daily_Chokepoints_Data chokepoint6,high_for_chokepoint_calls_low_for_cargo_contents,"Known: daily transit calls by broad vessel class. Unknown: vessel identity, direction, AIS-dark movements, and actual cargo onboard."
2021-05-06,83,55,10,14,4,0,28,4242514,5047593,71.43,45,110.3,120.4,IMF PortWatch Daily_Chokepoints_Data chokepoint6,high_for_chokepoint_calls_low_for_cargo_contents,"Known: daily transit calls by broad vessel class. Unknown: vessel identity, direction, AIS-dark movements, and actual cargo onboard."
2021-05-07,93,56,19,12,3,3,37,2435667,3583812,77,48.86,123.5,122.6,IMF PortWatch Daily_Chokepoints_Data chokepoint6,high_for_chokepoint_calls_low_for_cargo_contents,"Known: daily transit calls by broad vessel class. Unknown: vessel identity, direction, AIS-dark movements, and actual cargo onboard."
2021-05-08,103,63,13,21,3,3,40,2567874,4195742,82.14,53.14,136.8,137.9,IMF PortWatch Daily_Chokepoints_Data chokepoint6,high_for_chokepoint_calls_low_for_cargo_contents,"Known: daily transit calls by broad vessel class. Unknown: vessel identity, direction, AIS-dark movements, and actual cargo onboard."
2021-05-09,69,49,8,9,2,1,20,2351311,3227904,80.43,52.57,91.7,107.3,IMF PortWatch Daily_Chokepoints_Data chokepoint6,high_for_chokepoint_calls_low_for_cargo_contents,"Known: daily transit calls by broad vessel class. Unknown: vessel identity, direction, AIS-dark movements, and actual cargo onboard."
2021-05-10,71,38,13,15,2,3,33,2083470,2911298,78.43,48.86,94.3,83.2,IMF PortWatch Daily_Chokepoints_Data chokepoint6,high_for_chokepoint_calls_low_for_cargo_contents,"Known: daily transit calls by broad vessel class. Unknown: vessel identity, direction, AIS-dark movements, and actual cargo onboard."
2021-05-11,100,60,12,22,3,3,40,3353633,4300929,82.29,51.14,132.8,131.3,IMF PortWatch Daily_Chokepoints_Data chokepoint6,high_for_chokepoint_calls_low_for_cargo_contents,"Known: daily transit calls by broad vessel class. Unknown: vessel identity, direction, AIS-dark movements, and actual cargo onboard."
2021-05-12,98,52,18,22,4,2,46,3031424,4727936,88.14,53.29,130.2,113.8,IMF PortWatch Daily_Chokepoints_Data chokepoint6,high_for_chokepoint_calls_low_for_cargo_contents,"Known: daily transit calls by broad vessel class. Unknown: vessel identity, direction, AIS-dark movements, and actual cargo onboard."
2021-05-13,104,69,13,13,5,4,35,3203837,3920218,91.14,55.29,138.1,151.1,IMF PortWatch Daily_Chokepoints_Data chokepoint6,high_for_chokepoint_calls_low_for_cargo_contents,"Known: daily transit calls by broad vessel class. Unknown: vessel identity, direction, AIS-dark movements, and actual cargo onboard."
2021-05-14,88,56,17,10,4,1,32,2827271,3488110,90.43,55.29,116.9,122.6,IMF PortWatch Daily_Chokepoints_Data chokepoint6,high_for_chokepoint_calls_low_for_cargo_contents,"Known: daily transit calls by broad vessel class. Unknown: vessel identity, direction, AIS-dark movements, and actual cargo onboard."
2021-05-15,62,49,7,6,0,0,13,2738005,3330769,84.57,53.29,82.4,107.3,IMF PortWatch Daily_Chokepoints_Data chokepoint6,high_for_chokepoint_calls_low_for_cargo_contents,"Known: daily transit calls by broad vessel class. Unknown: vessel identity, direction, AIS-dark movements, and actual cargo onboard."
2021-05-16,50,24,8,13,5,0,26,1241585,2321031,81.86,49.71,66.4,52.5,IMF PortWatch Daily_Chokepoints_Data chokepoint6,high_for_chokepoint_calls_low_for_cargo_contents,"Known: daily transit calls by broad vessel class. Unknown: vessel identity, direction, AIS-dark movements, and actual cargo onboard."
2021-05-17,84,46,12,20,2,4,38,1877568,2796334,83.71,50.86,111.6,100.7,IMF PortWatch Daily_Chokepoints_Data chokepoint6,high_for_chokepoint_calls_low_for_cargo_contents,"Known: daily transit calls by broad vessel class. Unknown: vessel identity, direction, AIS-dark movements, and actual cargo onboard."
2021-05-18,82,51,14,11,4,2,31,3475533,4176600,81.14,49.57,108.9,111.6,IMF PortWatch Daily_Chokepoints_Data chokepoint6,high_for_chokepoint_calls_low_for_cargo_contents,"Known: daily transit calls by broad vessel class. Unknown: vessel identity, direction, AIS-dark movements, and actual cargo onboard."
2021-05-19,85,51,12,15,3,4,34,2303558,3204469,79.29,49.43,112.9,111.6,IMF PortWatch Daily_Chokepoints_Data chokepoint6,high_for_chokepoint_calls_low_for_cargo_contents,"Known: daily transit calls by broad vessel class. Unknown: vessel identity, direction, AIS-dark movements, and actual cargo onboard."
2021-05-20,81,48,11,16,4,2,33,2349478,3356622,76,46.43,107.6,105.1,IMF PortWatch Daily_Chokepoints_Data chokepoint6,high_for_chokepoint_calls_low_for_cargo_contents,"Known: daily transit calls by broad vessel class. Unknown: vessel identity, direction, AIS-dark movements, and actual cargo onboard."
2021-05-21,86,47,15,20,3,1,39,3051958,4490509,75.71,45.14,114.2,102.9,IMF PortWatch Daily_Chokepoints_Data chokepoint6,high_for_chokepoint_calls_low_for_cargo_contents,"Known: daily transit calls by broad vessel class. Unknown: vessel identity, direction, AIS-dark movements, and actual cargo onboard."
2021-05-22,88,55,12,18,2,1,33,2793287,4251747,79.43,46,116.9,120.4,IMF PortWatch Daily_Chokepoints_Data chokepoint6,high_for_chokepoint_calls_low_for_cargo_contents,"Known: daily transit calls by broad vessel class. Unknown: vessel identity, direction, AIS-dark movements, and actual cargo onboard."
2021-05-23,84,58,10,11,4,1,26,2250044,2844624,84.29,50.86,111.6,127.0,IMF PortWatch Daily_Chokepoints_Data chokepoint6,high_for_chokepoint_calls_low_for_cargo_contents,"Known: daily transit calls by broad vessel class. Unknown: vessel identity, direction, AIS-dark movements, and actual cargo onboard."
2021-05-24,85,54,12,11,4,4,31,2147805,2976544,84.43,52,112.9,118.2,IMF PortWatch Daily_Chokepoints_Data chokepoint6,high_for_chokepoint_calls_low_for_cargo_contents,"Known: daily transit calls by broad vessel class. Unknown: vessel identity, direction, AIS-dark movements, and actual cargo onboard."
2021-05-25,74,47,10,9,4,4,27,3063871,3699846,83.29,51.43,98.3,102.9,IMF PortWatch Daily_Chokepoints_Data chokepoint6,high_for_chokepoint_calls_low_for_cargo_contents,"Known: daily transit calls by broad vessel class. Unknown: vessel identity, direction, AIS-dark movements, and actual cargo onboard."
2021-05-26,64,38,12,9,4,1,26,1296452,1995844,80.29,49.57,85.0,83.2,IMF PortWatch Daily_Chokepoints_Data chokepoint6,high_for_chokepoint_calls_low_for_cargo_contents,"Known: daily transit calls by broad vessel class. Unknown: vessel identity, direction, AIS-dark movements, and actual cargo onboard."
2021-05-27,86,52,20,10,3,1,34,2646773,3774359,81,50.14,114.2,113.8,IMF PortWatch Daily_Chokepoints_Data chokepoint6,high_for_chokepoint_calls_low_for_cargo_contents,"Known: daily transit calls by broad vessel class. Unknown: vessel identity, direction, AIS-dark movements, and actual cargo onboard."
2021-05-28,81,43,16,18,3,1,38,1499640,2751556,80.29,49.57,107.6,94.1,IMF PortWatch Daily_Chokepoints_Data chokepoint6,high_for_chokepoint_calls_low_for_cargo_contents,"Known: daily transit calls by broad vessel class. Unknown: vessel identity, direction, AIS-dark movements, and actual cargo onboard."
2021-05-29,82,48,11,18,2,3,34,1928234,3298995,79.43,48.57,108.9,105.1,IMF PortWatch Daily_Chokepoints_Data chokepoint6,high_for_chokepoint_calls_low_for_cargo_contents,"Known: daily transit calls by broad vessel class. Unknown: vessel identity, direction, AIS-dark movements, and actual cargo onboard."
2021-05-30,70,44,12,12,1,1,26,1949257,2926084,77.43,46.57,93.0,96.3,IMF PortWatch Daily_Chokepoints_Data chokepoint6,high_for_chokepoint_calls_low_for_cargo_contents,"Known: daily transit calls by broad vessel class. Unknown: vessel identity, direction, AIS-dark movements, and actual cargo onboard."
2021-05-31,91,56,15,15,5,0,35,2763244,4043879,78.29,46.86,120.9,122.6,IMF PortWatch Daily_Chokepoints_Data chokepoint6,high_for_chokepoint_calls_low_for_cargo_contents,"Known: daily transit calls by broad vessel class. Unknown: vessel identity, direction, AIS-dark movements, and actual cargo onboard."
2021-06-01,102,55,19,25,2,1,47,2863438,4284783,82.29,48,135.5,120.4,IMF PortWatch Daily_Chokepoints_Data chokepoint6,high_for_chokepoint_calls_low_for_cargo_contents,"Known: daily transit calls by broad vessel class. Unknown: vessel identity, direction, AIS-dark movements, and actual cargo onboard."
2021-06-02,89,60,14,10,3,2,29,2406501,3348288,85.86,51.14,118.2,131.3,IMF PortWatch Daily_Chokepoints_Data chokepoint6,high_for_chokepoint_calls_low_for_cargo_contents,"Known: daily transit calls by broad vessel class. Unknown: vessel identity, direction, AIS-dark movements, and actual cargo onboard."
2021-06-03,96,65,15,10,3,3,31,3083959,3917127,87.29,53,127.5,142.3,IMF PortWatch Daily_Chokepoints_Data chokepoint6,high_for_chokepoint_calls_low_for_cargo_contents,"Known: daily transit calls by broad vessel class. Unknown: vessel identity, direction, AIS-dark movements, and actual cargo onboard."
2021-06-04,70,42,13,12,0,3,28,2265310,2794737,85.71,52.86,93.0,91.9,IMF PortWatch Daily_Chokepoints_Data chokepoint6,high_for_chokepoint_calls_low_for_cargo_contents,"Known: daily transit calls by broad vessel class. Unknown: vessel identity, direction, AIS-dark movements, and actual cargo onboard."
2021-06-05,98,57,20,17,2,2,41,3698999,4953804,88,54.14,130.2,124.8,IMF PortWatch Daily_Chokepoints_Data chokepoint6,high_for_chokepoint_calls_low_for_cargo_contents,"Known: daily transit calls by broad vessel class. Unknown: vessel identity, direction, AIS-dark movements, and actual cargo onboard."
2021-06-06,88,46,17,22,1,2,42,1997408,3711494,90.57,54.43,116.9,100.7,IMF PortWatch Daily_Chokepoints_Data chokepoint6,high_for_chokepoint_calls_low_for_cargo_contents,"Known: daily transit calls by broad vessel class. Unknown: vessel identity, direction, AIS-dark movements, and actual cargo onboard."
2021-06-07,83,60,11,10,1,1,23,2669625,3351050,89.43,55,110.3,131.3,IMF PortWatch Daily_Chokepoints_Data chokepoint6,high_for_chokepoint_calls_low_for_cargo_contents,"Known: daily transit calls by broad vessel class. Unknown: vessel identity, direction, AIS-dark movements, and actual cargo onboard."
2021-06-08,74,51,8,12,1,2,23,2786037,3451425,85.43,54.43,98.3,111.6,IMF PortWatch Daily_Chokepoints_Data chokepoint6,high_for_chokepoint_calls_low_for_cargo_contents,"Known: daily transit calls by broad vessel class. Unknown: vessel identity, direction, AIS-dark movements, and actual cargo onboard."
2021-06-09,92,51,16,20,5,0,41,2930976,4350399,85.86,53.14,122.2,111.6,IMF PortWatch Daily_Chokepoints_Data chokepoint6,high_for_chokepoint_calls_low_for_cargo_contents,"Known: daily transit calls by broad vessel class. Unknown: vessel identity, direction, AIS-dark movements, and actual cargo onboard."
2021-06-10,92,44,18,24,3,3,48,1747649,3063069,85.29,50.14,122.2,96.3,IMF PortWatch Daily_Chokepoints_Data chokepoint6,high_for_chokepoint_calls_low_for_cargo_contents,"Known: daily transit calls by broad vessel class. Unknown: vessel identity, direction, AIS-dark movements, and actual cargo onboard."
2021-06-11,95,60,13,17,4,1,35,2967411,3834331,88.86,52.71,126.2,131.3,IMF PortWatch Daily_Chokepoints_Data chokepoint6,high_for_chokepoint_calls_low_for_cargo_contents,"Known: daily transit calls by broad vessel class. Unknown: vessel identity, direction, AIS-dark movements, and actual cargo onboard."
2021-06-12,91,46,21,17,4,3,45,2105518,3529128,87.86,51.14,120.9,100.7,IMF PortWatch Daily_Chokepoints_Data chokepoint6,high_for_chokepoint_calls_low_for_cargo_contents,"Known: daily transit calls by broad vessel class. Unknown: vessel identity, direction, AIS-dark movements, and actual cargo onboard."
2021-06-13,71,45,8,12,3,3,26,1431607,2331805,85.43,51,94.3,98.5,IMF PortWatch Daily_Chokepoints_Data chokepoint6,high_for_chokepoint_calls_low_for_cargo_contents,"Known: daily transit calls by broad vessel class. Unknown: vessel identity, direction, AIS-dark movements, and actual cargo onboard."
2021-06-14,69,39,12,13,3,2,30,3030141,4097880,83.43,48,91.7,85.4,IMF PortWatch Daily_Chokepoints_Data chokepoint6,high_for_chokepoint_calls_low_for_cargo_contents,"Known: daily transit calls by broad vessel class. Unknown: vessel identity, direction, AIS-dark movements, and actual cargo onboard."
2021-06-15,89,49,16,18,5,1,40,2358723,3550388,85.57,47.71,118.2,107.3,IMF PortWatch Daily_Chokepoints_Data chokepoint6,high_for_chokepoint_calls_low_for_cargo_contents,"Known: daily transit calls by broad vessel class. Unknown: vessel identity, direction, AIS-dark movements, and actual cargo onboard."
2021-06-16,101,60,16,18,5,2,41,2486275,3459414,86.86,49,134.2,131.3,IMF PortWatch Daily_Chokepoints_Data chokepoint6,high_for_chokepoint_calls_low_for_cargo_contents,"Known: daily transit calls by broad vessel class. Unknown: vessel identity, direction, AIS-dark movements, and actual cargo onboard."
2021-06-17,91,58,15,14,3,1,33,2837639,3883042,86.71,51,120.9,127.0,IMF PortWatch Daily_Chokepoints_Data chokepoint6,high_for_chokepoint_calls_low_for_cargo_contents,"Known: daily transit calls by broad vessel class. Unknown: vessel identity, direction, AIS-dark movements, and actual cargo onboard."
2021-06-18,95,68,14,10,1,2,27,3471598,4328720,86.71,52.14,126.2,148.9,IMF PortWatch Daily_Chokepoints_Data chokepoint6,high_for_chokepoint_calls_low_for_cargo_contents,"Known: daily transit calls by broad vessel class. Unknown: vessel identity, direction, AIS-dark movements, and actual cargo onboard."
2021-06-19,85,51,18,14,1,1,34,2724144,3819518,85.86,52.86,112.9,111.6,IMF PortWatch Daily_Chokepoints_Data chokepoint6,high_for_chokepoint_calls_low_for_cargo_contents,"Known: daily transit calls by broad vessel class. Unknown: vessel identity, direction, AIS-dark movements, and actual cargo onboard."
2021-06-20,89,52,13,15,7,2,37,2658482,4207040,88.43,53.86,118.2,113.8,IMF PortWatch Daily_Chokepoints_Data chokepoint6,high_for_chokepoint_calls_low_for_cargo_contents,"Known: daily transit calls by broad vessel class. Unknown: vessel identity, direction, AIS-dark movements, and actual cargo onboard."
2021-06-21,89,60,12,16,1,0,29,2956069,3771497,91.29,56.86,118.2,131.3,IMF PortWatch Daily_Chokepoints_Data chokepoint6,high_for_chokepoint_calls_low_for_cargo_contents,"Known: daily transit calls by broad vessel class. Unknown: vessel identity, direction, AIS-dark movements, and actual cargo onboard."
2021-06-22,94,62,16,12,3,1,32,2845713,3684912,92,58.71,124.9,135.7,IMF PortWatch Daily_Chokepoints_Data chokepoint6,high_for_chokepoint_calls_low_for_cargo_contents,"Known: daily transit calls by broad vessel class. Unknown: vessel identity, direction, AIS-dark movements, and actual cargo onboard."
2021-06-23,94,56,17,15,2,4,38,3489995,4450121,91,58.14,124.9,122.6,IMF PortWatch Daily_Chokepoints_Data chokepoint6,high_for_chokepoint_calls_low_for_cargo_contents,"Known: daily transit calls by broad vessel class. Unknown: vessel identity, direction, AIS-dark movements, and actual cargo onboard."
2021-06-24,83,49,17,13,2,2,34,2070315,2922671,89.86,56.86,110.3,107.3,IMF PortWatch Daily_Chokepoints_Data chokepoint6,high_for_chokepoint_calls_low_for_cargo_contents,"Known: daily transit calls by broad vessel class. Unknown: vessel identity, direction, AIS-dark movements, and actual cargo onboard."
2021-06-25,106,68,13,19,2,4,38,2938032,4016528,91.43,56.86,140.8,148.9,IMF PortWatch Daily_Chokepoints_Data chokepoint6,high_for_chokepoint_calls_low_for_cargo_contents,"Known: daily transit calls by broad vessel class. Unknown: vessel identity, direction, AIS-dark movements, and actual cargo onboard."
2021-06-26,87,50,12,17,5,3,37,2207656,3316406,91.71,56.71,115.6,109.5,IMF PortWatch Daily_Chokepoints_Data chokepoint6,high_for_chokepoint_calls_low_for_cargo_contents,"Known: daily transit calls by broad vessel class. Unknown: vessel identity, direction, AIS-dark movements, and actual cargo onboard."
2021-06-27,74,45,15,12,2,0,29,3195596,3960201,89.57,55.71,98.3,98.5,IMF PortWatch Daily_Chokepoints_Data chokepoint6,high_for_chokepoint_calls_low_for_cargo_contents,"Known: daily transit calls by broad vessel class. Unknown: vessel identity, direction, AIS-dark movements, and actual cargo onboard."
2021-06-28,78,52,12,12,1,1,26,2958882,4006843,88,54.57,103.6,113.8,IMF PortWatch Daily_Chokepoints_Data chokepoint6,high_for_chokepoint_calls_low_for_cargo_contents,"Known: daily transit calls by broad vessel class. Unknown: vessel identity, direction, AIS-dark movements, and actual cargo onboard."
2021-06-29,85,52,16,15,1,1,33,1906189,2829453,86.71,53.14,112.9,113.8,IMF PortWatch Daily_Chokepoints_Data chokepoint6,high_for_chokepoint_calls_low_for_cargo_contents,"Known: daily transit calls by broad vessel class. Unknown: vessel identity, direction, AIS-dark movements, and actual cargo onboard."
2021-06-30,83,54,10,14,4,1,29,2282312,3065659,85.14,52.86,110.3,118.2,IMF PortWatch Daily_Chokepoints_Data chokepoint6,high_for_chokepoint_calls_low_for_cargo_contents,"Known: daily transit calls by broad vessel class. Unknown: vessel identity, direction, AIS-dark movements, and actual cargo onboard."
2021-07-01,95,56,16,15,5,3,39,1878191,3135873,86.86,53.86,126.2,122.6,IMF PortWatch Daily_Chokepoints_Data chokepoint6,high_for_chokepoint_calls_low_for_cargo_contents,"Known: daily transit calls by broad vessel class. Unknown: vessel identity, direction, AIS-dark movements, and actual cargo onboard."
2021-07-02,92,60,22,8,2,0,32,2623401,3360125,84.86,52.71,122.2,131.3,IMF PortWatch Daily_Chokepoints_Data chokepoint6,high_for_chokepoint_calls_low_for_cargo_contents,"Known: daily transit calls by broad vessel class. Unknown: vessel identity, direction, AIS-dark movements, and actual cargo onboard."
2021-07-03,87,51,16,15,4,1,36,3803649,5002680,84.86,52.86,115.6,111.6,IMF PortWatch Daily_Chokepoints_Data chokepoint6,high_for_chokepoint_calls_low_for_cargo_contents,"Known: daily transit calls by broad vessel class. Unknown: vessel identity, direction, AIS-dark movements, and actual cargo onboard."
2021-07-04,81,49,9,16,3,4,32,2242501,3063122,85.86,53.43,107.6,107.3,IMF PortWatch Daily_Chokepoints_Data chokepoint6,high_for_chokepoint_calls_low_for_cargo_contents,"Known: daily transit calls by broad vessel class. Unknown: vessel identity, direction, AIS-dark movements, and actual cargo onboard."
2021-07-05,85,50,15,16,2,2,35,2574957,3734223,86.86,53.14,112.9,109.5,IMF PortWatch Daily_Chokepoints_Data chokepoint6,high_for_chokepoint_calls_low_for_cargo_contents,"Known: daily transit calls by broad vessel class. Unknown: vessel identity, direction, AIS-dark movements, and actual cargo onboard."
2021-07-06,78,47,12,14,4,1,31,1354947,2232703,85.86,52.43,103.6,102.9,IMF PortWatch Daily_Chokepoints_Data chokepoint6,high_for_chokepoint_calls_low_for_cargo_contents,"Known: daily transit calls by broad vessel class. Unknown: vessel identity, direction, AIS-dark movements, and actual cargo onboard."
2021-07-07,73,45,10,13,1,4,28,3074580,3835911,84.43,51.14,97.0,98.5,IMF PortWatch Daily_Chokepoints_Data chokepoint6,high_for_chokepoint_calls_low_for_cargo_contents,"Known: daily transit calls by broad vessel class. Unknown: vessel identity, direction, AIS-dark movements, and actual cargo onboard."
2021-07-08,84,48,17,16,2,1,36,2260210,3299869,82.86,50,111.6,105.1,IMF PortWatch Daily_Chokepoints_Data chokepoint6,high_for_chokepoint_calls_low_for_cargo_contents,"Known: daily transit calls by broad vessel class. Unknown: vessel identity, direction, AIS-dark movements, and actual cargo onboard."
2021-07-09,95,54,19,13,4,5,41,2422290,3747033,83.29,49.14,126.2,118.2,IMF PortWatch Daily_Chokepoints_Data chokepoint6,high_for_chokepoint_calls_low_for_cargo_contents,"Known: daily transit calls by broad vessel class. Unknown: vessel identity, direction, AIS-dark movements, and actual cargo onboard."
2021-07-10,82,55,12,9,5,1,27,2307435,3253278,82.57,49.71,108.9,120.4,IMF PortWatch Daily_Chokepoints_Data chokepoint6,high_for_chokepoint_calls_low_for_cargo_contents,"Known: daily transit calls by broad vessel class. Unknown: vessel identity, direction, AIS-dark movements, and actual cargo onboard."
2021-07-11,76,55,9,9,2,1,21,2717637,3142990,81.86,50.57,101.0,120.4,IMF PortWatch Daily_Chokepoints_Data chokepoint6,high_for_chokepoint_calls_low_for_cargo_contents,"Known: daily transit calls by broad vessel class. Unknown: vessel identity, direction, AIS-dark movements, and actual cargo onboard."
2021-07-12,87,58,13,10,3,3,29,2071570,2690382,82.14,51.71,115.6,127.0,IMF PortWatch Daily_Chokepoints_Data chokepoint6,high_for_chokepoint_calls_low_for_cargo_contents,"Known: daily transit calls by broad vessel class. Unknown: vessel identity, direction, AIS-dark movements, and actual cargo onboard."
2021-07-13,74,43,11,18,2,0,31,2759452,3965818,81.57,51.14,98.3,94.1,IMF PortWatch Daily_Chokepoints_Data chokepoint6,high_for_chokepoint_calls_low_for_cargo_contents,"Known: daily transit calls by broad vessel class. Unknown: vessel identity, direction, AIS-dark movements, and actual cargo onboard."
2021-07-14,81,53,12,13,1,2,28,2360138,3297643,82.71,52.29,107.6,116.0,IMF PortWatch Daily_Chokepoints_Data chokepoint6,high_for_chokepoint_calls_low_for_cargo_contents,"Known: daily transit calls by broad vessel class. Unknown: vessel identity, direction, AIS-dark movements, and actual cargo onboard."
2021-07-15,63,36,13,12,2,0,27,1838077,2584883,79.71,50.57,83.7,78.8,IMF PortWatch Daily_Chokepoints_Data chokepoint6,high_for_chokepoint_calls_low_for_cargo_contents,"Known: daily transit calls by broad vessel class. Unknown: vessel identity, direction, AIS-dark movements, and actual cargo onboard."
2021-07-16,79,49,13,11,3,3,30,2787869,3517894,77.43,49.86,104.9,107.3,IMF PortWatch Daily_Chokepoints_Data chokepoint6,high_for_chokepoint_calls_low_for_cargo_contents,"Known: daily transit calls by broad vessel class. Unknown: vessel identity, direction, AIS-dark movements, and actual cargo onboard."
2021-07-17,78,53,11,13,0,1,25,2067291,2606761,76.86,49.57,103.6,116.0,IMF PortWatch Daily_Chokepoints_Data chokepoint6,high_for_chokepoint_calls_low_for_cargo_contents,"Known: daily transit calls by broad vessel class. Unknown: vessel identity, direction, AIS-dark movements, and actual cargo onboard."
2021-07-18,71,51,8,9,1,2,20,2020902,2438584,76.14,49,94.3,111.6,IMF PortWatch Daily_Chokepoints_Data chokepoint6,high_for_chokepoint_calls_low_for_cargo_contents,"Known: daily transit calls by broad vessel class. Unknown: vessel identity, direction, AIS-dark movements, and actual cargo onboard."
2021-07-19,86,56,15,9,5,1,30,3239270,4161977,76,48.71,114.2,122.6,IMF PortWatch Daily_Chokepoints_Data chokepoint6,high_for_chokepoint_calls_low_for_cargo_contents,"Known: daily transit calls by broad vessel class. Unknown: vessel identity, direction, AIS-dark movements, and actual cargo onboard."
2021-07-20,88,58,14,14,1,1,30,2147134,3154277,78,50.86,116.9,127.0,IMF PortWatch Daily_Chokepoints_Data chokepoint6,high_for_chokepoint_calls_low_for_cargo_contents,"Known: daily transit calls by broad vessel class. Unknown: vessel identity, direction, AIS-dark movements, and actual cargo onboard."
2021-07-21,65,44,7,8,6,0,21,1329275,1910233,75.71,49.57,86.3,96.3,IMF PortWatch Daily_Chokepoints_Data chokepoint6,high_for_chokepoint_calls_low_for_cargo_contents,"Known: daily transit calls by broad vessel class. Unknown: vessel identity, direction, AIS-dark movements, and actual cargo onboard."
2021-07-22,84,53,13,15,0,3,31,2374883,2963412,78.71,52,111.6,116.0,IMF PortWatch Daily_Chokepoints_Data chokepoint6,high_for_chokepoint_calls_low_for_cargo_contents,"Known: daily transit calls by broad vessel class. Unknown: vessel identity, direction, AIS-dark movements, and actual cargo onboard."
2021-07-23,98,65,17,14,1,1,33,4133137,5014300,81.43,54.29,130.2,142.3,IMF PortWatch Daily_Chokepoints_Data chokepoint6,high_for_chokepoint_calls_low_for_cargo_contents,"Known: daily transit calls by broad vessel class. Unknown: vessel identity, direction, AIS-dark movements, and actual cargo onboard."
2021-07-24,72,38,13,15,4,2,34,1749786,2701478,80.57,52.14,95.6,83.2,IMF PortWatch Daily_Chokepoints_Data chokepoint6,high_for_chokepoint_calls_low_for_cargo_contents,"Known: daily transit calls by broad vessel class. Unknown: vessel identity, direction, AIS-dark movements, and actual cargo onboard."
2021-07-25,79,53,8,12,3,3,26,2253319,3271417,81.71,52.43,104.9,116.0,IMF PortWatch Daily_Chokepoints_Data chokepoint6,high_for_chokepoint_calls_low_for_cargo_contents,"Known: daily transit calls by broad vessel class. Unknown: vessel identity, direction, AIS-dark movements, and actual cargo onboard."
2021-07-26,91,57,14,17,2,1,34,3346304,4440194,82.43,52.57,120.9,124.8,IMF PortWatch Daily_Chokepoints_Data chokepoint6,high_for_chokepoint_calls_low_for_cargo_contents,"Known: daily transit calls by broad vessel class. Unknown: vessel identity, direction, AIS-dark movements, and actual cargo onboard."
2021-07-27,74,44,12,14,1,3,30,2065230,2844768,80.43,50.57,98.3,96.3,IMF PortWatch Daily_Chokepoints_Data chokepoint6,high_for_chokepoint_calls_low_for_cargo_contents,"Known: daily transit calls by broad vessel class. Unknown: vessel identity, direction, AIS-dark movements, and actual cargo onboard."
2021-07-28,96,68,14,12,1,1,28,3522210,4269981,84.86,54,127.5,148.9,IMF PortWatch Daily_Chokepoints_Data chokepoint6,high_for_chokepoint_calls_low_for_cargo_contents,"Known: daily transit calls by broad vessel class. Unknown: vessel identity, direction, AIS-dark movements, and actual cargo onboard."
2021-07-29,76,47,16,7,4,2,29,2650820,3643509,83.71,53.14,101.0,102.9,IMF PortWatch Daily_Chokepoints_Data chokepoint6,high_for_chokepoint_calls_low_for_cargo_contents,"Known: daily transit calls by broad vessel class. Unknown: vessel identity, direction, AIS-dark movements, and actual cargo onboard."
2021-07-30,83,50,15,16,2,0,33,1394975,2816382,81.57,51,110.3,109.5,IMF PortWatch Daily_Chokepoints_Data chokepoint6,high_for_chokepoint_calls_low_for_cargo_contents,"Known: daily transit calls by broad vessel class. Unknown: vessel identity, direction, AIS-dark movements, and actual cargo onboard."
2021-07-31,82,58,11,10,0,3,24,3069071,3754102,83,53.86,108.9,127.0,IMF PortWatch Daily_Chokepoints_Data chokepoint6,high_for_chokepoint_calls_low_for_cargo_contents,"Known: daily transit calls by broad vessel class. Unknown: vessel identity, direction, AIS-dark movements, and actual cargo onboard."
2021-08-01,85,49,13,18,4,1,36,1730456,2886499,83.86,53.29,112.9,107.3,IMF PortWatch Daily_Chokepoints_Data chokepoint6,high_for_chokepoint_calls_low_for_cargo_contents,"Known: daily transit calls by broad vessel class. Unknown: vessel identity, direction, AIS-dark movements, and actual cargo onboard."
2021-08-02,82,55,11,12,3,1,27,2665146,3311960,82.57,53,108.9,120.4,IMF PortWatch Daily_Chokepoints_Data chokepoint6,high_for_chokepoint_calls_low_for_cargo_contents,"Known: daily transit calls by broad vessel class. Unknown: vessel identity, direction, AIS-dark movements, and actual cargo onboard."
2021-08-03,93,52,24,13,3,1,41,3191420,4463741,85.29,54.14,123.5,113.8,IMF PortWatch Daily_Chokepoints_Data chokepoint6,high_for_chokepoint_calls_low_for_cargo_contents,"Known: daily transit calls by broad vessel class. Unknown: vessel identity, direction, AIS-dark movements, and actual cargo onboard."
2021-08-04,92,61,7,18,4,2,31,2530884,3401200,84.71,53.14,122.2,133.5,IMF PortWatch Daily_Chokepoints_Data chokepoint6,high_for_chokepoint_calls_low_for_cargo_contents,"Known: daily transit calls by broad vessel class. Unknown: vessel identity, direction, AIS-dark movements, and actual cargo onboard."
2021-08-05,91,55,10,21,2,3,36,2552702,3576832,86.86,54.29,120.9,120.4,IMF PortWatch Daily_Chokepoints_Data chokepoint6,high_for_chokepoint_calls_low_for_cargo_contents,"Known: daily transit calls by broad vessel class. Unknown: vessel identity, direction, AIS-dark movements, and actual cargo onboard."
2021-08-06,101,59,16,19,3,4,42,3006278,4046292,89.43,55.57,134.2,129.2,IMF PortWatch Daily_Chokepoints_Data chokepoint6,high_for_chokepoint_calls_low_for_cargo_contents,"Known: daily transit calls by broad vessel class. Unknown: vessel identity, direction, AIS-dark movements, and actual cargo onboard."
2021-08-07,91,53,10,24,2,2,38,1277717,2837603,90.71,54.86,120.9,116.0,IMF PortWatch Daily_Chokepoints_Data chokepoint6,high_for_chokepoint_calls_low_for_cargo_contents,"Known: daily transit calls by broad vessel class. Unknown: vessel identity, direction, AIS-dark movements, and actual cargo onboard."
2021-08-08,68,45,13,7,2,1,23,2642224,3239162,88.29,54.29,90.3,98.5,IMF PortWatch Daily_Chokepoints_Data chokepoint6,high_for_chokepoint_calls_low_for_cargo_contents,"Known: daily transit calls by broad vessel class. Unknown: vessel identity, direction, AIS-dark movements, and actual cargo onboard."
2021-08-09,80,46,9,19,5,1,34,2044026,2787557,88,53,106.3,100.7,IMF PortWatch Daily_Chokepoints_Data chokepoint6,high_for_chokepoint_calls_low_for_cargo_contents,"Known: daily transit calls by broad vessel class. Unknown: vessel identity, direction, AIS-dark movements, and actual cargo onboard."
2021-08-10,81,51,14,14,2,0,30,3183008,3858810,86.29,52.86,107.6,111.6,IMF PortWatch Daily_Chokepoints_Data chokepoint6,high_for_chokepoint_calls_low_for_cargo_contents,"Known: daily transit calls by broad vessel class. Unknown: vessel identity, direction, AIS-dark movements, and actual cargo onboard."
2021-08-11,67,37,12,14,2,2,30,1390788,2282107,82.71,49.43,89.0,81.0,IMF PortWatch Daily_Chokepoints_Data chokepoint6,high_for_chokepoint_calls_low_for_cargo_contents,"Known: daily transit calls by broad vessel class. Unknown: vessel identity, direction, AIS-dark movements, and actual cargo onboard."
2021-08-12,82,47,15,12,4,4,35,2746786,4056351,81.43,48.29,108.9,102.9,IMF PortWatch Daily_Chokepoints_Data chokepoint6,high_for_chokepoint_calls_low_for_cargo_contents,"Known: daily transit calls by broad vessel class. Unknown: vessel identity, direction, AIS-dark movements, and actual cargo onboard."
2021-08-13,72,37,11,14,5,5,35,2756451,4008261,77.29,45.14,95.6,81.0,IMF PortWatch Daily_Chokepoints_Data chokepoint6,high_for_chokepoint_calls_low_for_cargo_contents,"Known: daily transit calls by broad vessel class. Unknown: vessel identity, direction, AIS-dark movements, and actual cargo onboard."
2021-08-14,91,53,17,14,5,2,38,2867969,3769941,77.29,45.14,120.9,116.0,IMF PortWatch Daily_Chokepoints_Data chokepoint6,high_for_chokepoint_calls_low_for_cargo_contents,"Known: daily transit calls by broad vessel class. Unknown: vessel identity, direction, AIS-dark movements, and actual cargo onboard."
2021-08-15,80,52,7,16,4,1,28,2893769,3838278,79,46.14,106.3,113.8,IMF PortWatch Daily_Chokepoints_Data chokepoint6,high_for_chokepoint_calls_low_for_cargo_contents,"Known: daily transit calls by broad vessel class. Unknown: vessel identity, direction, AIS-dark movements, and actual cargo onboard."
2021-08-16,71,40,12,15,4,0,31,1658427,2760764,77.71,45.29,94.3,87.6,IMF PortWatch Daily_Chokepoints_Data chokepoint6,high_for_chokepoint_calls_low_for_cargo_contents,"Known: daily transit calls by broad vessel class. Unknown: vessel identity, direction, AIS-dark movements, and actual cargo onboard."
2021-08-17,62,42,11,7,1,1,20,2087415,2639256,75,44,82.4,91.9,IMF PortWatch Daily_Chokepoints_Data chokepoint6,high_for_chokepoint_calls_low_for_cargo_contents,"Known: daily transit calls by broad vessel class. Unknown: vessel identity, direction, AIS-dark movements, and actual cargo onboard."
2021-08-18,61,38,9,5,6,3,23,1976198,2577256,74.14,44.14,81.0,83.2,IMF PortWatch Daily_Chokepoints_Data chokepoint6,high_for_chokepoint_calls_low_for_cargo_contents,"Known: daily transit calls by broad vessel class. Unknown: vessel identity, direction, AIS-dark movements, and actual cargo onboard."
2021-08-19,75,42,14,15,3,1,33,2307645,3102768,73.14,43.43,99.6,91.9,IMF PortWatch Daily_Chokepoints_Data chokepoint6,high_for_chokepoint_calls_low_for_cargo_contents,"Known: daily transit calls by broad vessel class. Unknown: vessel identity, direction, AIS-dark movements, and actual cargo onboard."
2021-08-20,72,49,7,11,1,4,23,2663068,3374361,73.14,45.14,95.6,107.3,IMF PortWatch Daily_Chokepoints_Data chokepoint6,high_for_chokepoint_calls_low_for_cargo_contents,"Known: daily transit calls by broad vessel class. Unknown: vessel identity, direction, AIS-dark movements, and actual cargo onboard."
2021-08-21,99,62,17,16,3,1,37,4058581,5409727,74.29,46.43,131.5,135.7,IMF PortWatch Daily_Chokepoints_Data chokepoint6,high_for_chokepoint_calls_low_for_cargo_contents,"Known: daily transit calls by broad vessel class. Unknown: vessel identity, direction, AIS-dark movements, and actual cargo onboard."
2021-08-22,71,41,12,14,2,2,30,2504894,3479406,73,44.86,94.3,89.8,IMF PortWatch Daily_Chokepoints_Data chokepoint6,high_for_chokepoint_calls_low_for_cargo_contents,"Known: daily transit calls by broad vessel class. Unknown: vessel identity, direction, AIS-dark movements, and actual cargo onboard."
2021-08-23,69,44,8,12,2,3,25,1944890,2744353,72.71,45.43,91.7,96.3,IMF PortWatch Daily_Chokepoints_Data chokepoint6,high_for_chokepoint_calls_low_for_cargo_contents,"Known: daily transit calls by broad vessel class. Unknown: vessel identity, direction, AIS-dark movements, and actual cargo onboard."
2021-08-24,70,39,14,12,4,1,31,2284379,3207620,73.86,45,93.0,85.4,IMF PortWatch Daily_Chokepoints_Data chokepoint6,high_for_chokepoint_calls_low_for_cargo_contents,"Known: daily transit calls by broad vessel class. Unknown: vessel identity, direction, AIS-dark movements, and actual cargo onboard."
2021-08-25,64,41,7,11,2,3,23,2269804,2748097,74.29,45.43,85.0,89.8,IMF PortWatch Daily_Chokepoints_Data chokepoint6,high_for_chokepoint_calls_low_for_cargo_contents,"Known: daily transit calls by broad vessel class. Unknown: vessel identity, direction, AIS-dark movements, and actual cargo onboard."
2021-08-26,93,61,14,14,3,1,32,2641917,3272876,76.86,48.14,123.5,133.5,IMF PortWatch Daily_Chokepoints_Data chokepoint6,high_for_chokepoint_calls_low_for_cargo_contents,"Known: daily transit calls by broad vessel class. Unknown: vessel identity, direction, AIS-dark movements, and actual cargo onboard."
2021-08-27,91,57,11,19,2,2,34,2268679,3218114,79.57,49.29,120.9,124.8,IMF PortWatch Daily_Chokepoints_Data chokepoint6,high_for_chokepoint_calls_low_for_cargo_contents,"Known: daily transit calls by broad vessel class. Unknown: vessel identity, direction, AIS-dark movements, and actual cargo onboard."
2021-08-28,88,53,12,19,3,1,35,2036677,2971404,78,48,116.9,116.0,IMF PortWatch Daily_Chokepoints_Data chokepoint6,high_for_chokepoint_calls_low_for_cargo_contents,"Known: daily transit calls by broad vessel class. Unknown: vessel identity, direction, AIS-dark movements, and actual cargo onboard."
2021-08-29,82,46,15,17,2,2,36,2490646,3791559,79.57,48.71,108.9,100.7,IMF PortWatch Daily_Chokepoints_Data chokepoint6,high_for_chokepoint_calls_low_for_cargo_contents,"Known: daily transit calls by broad vessel class. Unknown: vessel identity, direction, AIS-dark movements, and actual cargo onboard."
2021-08-30,80,50,14,10,6,0,30,2653990,3296163,81.14,49.57,106.3,109.5,IMF PortWatch Daily_Chokepoints_Data chokepoint6,high_for_chokepoint_calls_low_for_cargo_contents,"Known: daily transit calls by broad vessel class. Unknown: vessel identity, direction, AIS-dark movements, and actual cargo onboard."
2021-08-31,92,61,10,15,4,2,31,2353788,3171528,84.29,52.71,122.2,133.5,IMF PortWatch Daily_Chokepoints_Data chokepoint6,high_for_chokepoint_calls_low_for_cargo_contents,"Known: daily transit calls by broad vessel class. Unknown: vessel identity, direction, AIS-dark movements, and actual cargo onboard."
2021-09-01,78,46,17,10,2,3,32,1975412,2920187,86.29,53.43,103.6,100.7,IMF PortWatch Daily_Chokepoints_Data chokepoint6,high_for_chokepoint_calls_low_for_cargo_contents,"Known: daily transit calls by broad vessel class. Unknown: vessel identity, direction, AIS-dark movements, and actual cargo onboard."
2021-09-02,66,43,6,14,1,2,23,2285731,3004222,82.43,50.86,87.7,94.1,IMF PortWatch Daily_Chokepoints_Data chokepoint6,high_for_chokepoint_calls_low_for_cargo_contents,"Known: daily transit calls by broad vessel class. Unknown: vessel identity, direction, AIS-dark movements, and actual cargo onboard."
2021-09-03,87,50,16,17,3,1,37,3308101,4458148,81.86,49.86,115.6,109.5,IMF PortWatch Daily_Chokepoints_Data chokepoint6,high_for_chokepoint_calls_low_for_cargo_contents,"Known: daily transit calls by broad vessel class. Unknown: vessel identity, direction, AIS-dark movements, and actual cargo onboard."
2021-09-04,77,50,10,15,2,0,27,2760683,3517233,80.29,49.43,102.3,109.5,IMF PortWatch Daily_Chokepoints_Data chokepoint6,high_for_chokepoint_calls_low_for_cargo_contents,"Known: daily transit calls by broad vessel class. Unknown: vessel identity, direction, AIS-dark movements, and actual cargo onboard."
2021-09-05,58,38,8,9,2,1,20,1947159,2614072,76.86,48.29,77.0,83.2,IMF PortWatch Daily_Chokepoints_Data chokepoint6,high_for_chokepoint_calls_low_for_cargo_contents,"Known: daily transit calls by broad vessel class. Unknown: vessel identity, direction, AIS-dark movements, and actual cargo onboard."
2021-09-06,79,44,14,18,3,0,35,2558370,3705834,76.71,47.43,104.9,96.3,IMF PortWatch Daily_Chokepoints_Data chokepoint6,high_for_chokepoint_calls_low_for_cargo_contents,"Known: daily transit calls by broad vessel class. Unknown: vessel identity, direction, AIS-dark movements, and actual cargo onboard."
2021-09-07,68,43,9,13,1,2,25,1838482,2562632,73.29,44.86,90.3,94.1,IMF PortWatch Daily_Chokepoints_Data chokepoint6,high_for_chokepoint_calls_low_for_cargo_contents,"Known: daily transit calls by broad vessel class. Unknown: vessel identity, direction, AIS-dark movements, and actual cargo onboard."
2021-09-08,84,53,15,13,2,1,31,2298722,3238346,74.14,45.86,111.6,116.0,IMF PortWatch Daily_Chokepoints_Data chokepoint6,high_for_chokepoint_calls_low_for_cargo_contents,"Known: daily transit calls by broad vessel class. Unknown: vessel identity, direction, AIS-dark movements, and actual cargo onboard."
2021-09-09,93,58,15,15,4,1,35,2693979,3888974,78,48,123.5,127.0,IMF PortWatch Daily_Chokepoints_Data chokepoint6,high_for_chokepoint_calls_low_for_cargo_contents,"Known: daily transit calls by broad vessel class. Unknown: vessel identity, direction, AIS-dark movements, and actual cargo onboard."
2021-09-10,77,48,11,15,0,3,29,2157251,3137767,76.57,47.71,102.3,105.1,IMF PortWatch Daily_Chokepoints_Data chokepoint6,high_for_chokepoint_calls_low_for_cargo_contents,"Known: daily transit calls by broad vessel class. Unknown: vessel identity, direction, AIS-dark movements, and actual cargo onboard."
2021-09-11,73,42,11,17,2,1,31,2039938,2797258,76,46.57,97.0,91.9,IMF PortWatch Daily_Chokepoints_Data chokepoint6,high_for_chokepoint_calls_low_for_cargo_contents,"Known: daily transit calls by broad vessel class. Unknown: vessel identity, direction, AIS-dark movements, and actual cargo onboard."
2021-09-12,75,46,16,11,1,1,29,1605431,2475289,78.43,47.71,99.6,100.7,IMF PortWatch Daily_Chokepoints_Data chokepoint6,high_for_chokepoint_calls_low_for_cargo_contents,"Known: daily transit calls by broad vessel class. Unknown: vessel identity, direction, AIS-dark movements, and actual cargo onboard."
2021-09-13,77,52,12,11,1,1,25,2982585,3771978,78.14,48.86,102.3,113.8,IMF PortWatch Daily_Chokepoints_Data chokepoint6,high_for_chokepoint_calls_low_for_cargo_contents,"Known: daily transit calls by broad vessel class. Unknown: vessel identity, direction, AIS-dark movements, and actual cargo onboard."
2021-09-14,95,56,19,17,2,1,39,2225294,3493217,82,50.71,126.2,122.6,IMF PortWatch Daily_Chokepoints_Data chokepoint6,high_for_chokepoint_calls_low_for_cargo_contents,"Known: daily transit calls by broad vessel class. Unknown: vessel identity, direction, AIS-dark movements, and actual cargo onboard."
2021-09-15,94,56,15,17,2,4,38,2896228,3936373,83.43,51.14,124.9,122.6,IMF PortWatch Daily_Chokepoints_Data chokepoint6,high_for_chokepoint_calls_low_for_cargo_contents,"Known: daily transit calls by broad vessel class. Unknown: vessel identity, direction, AIS-dark movements, and actual cargo onboard."
2021-09-16,81,48,15,15,0,3,33,3164146,4374596,81.71,49.71,107.6,105.1,IMF PortWatch Daily_Chokepoints_Data chokepoint6,high_for_chokepoint_calls_low_for_cargo_contents,"Known: daily transit calls by broad vessel class. Unknown: vessel identity, direction, AIS-dark movements, and actual cargo onboard."
2021-09-17,91,52,14,22,1,2,39,2423248,3725797,83.71,50.29,120.9,113.8,IMF PortWatch Daily_Chokepoints_Data chokepoint6,high_for_chokepoint_calls_low_for_cargo_contents,"Known: daily transit calls by broad vessel class. Unknown: vessel identity, direction, AIS-dark movements, and actual cargo onboard."
2021-09-18,81,49,10,14,6,2,32,2563740,3056349,84.86,51.29,107.6,107.3,IMF PortWatch Daily_Chokepoints_Data chokepoint6,high_for_chokepoint_calls_low_for_cargo_contents,"Known: daily transit calls by broad vessel class. Unknown: vessel identity, direction, AIS-dark movements, and actual cargo onboard."
2021-09-19,75,52,9,10,4,0,23,2744624,3774249,84.86,52.14,99.6,113.8,IMF PortWatch Daily_Chokepoints_Data chokepoint6,high_for_chokepoint_calls_low_for_cargo_contents,"Known: daily transit calls by broad vessel class. Unknown: vessel identity, direction, AIS-dark movements, and actual cargo onboard."
2021-09-20,82,58,9,13,1,1,24,2547622,3202726,85.57,53,108.9,127.0,IMF PortWatch Daily_Chokepoints_Data chokepoint6,high_for_chokepoint_calls_low_for_cargo_contents,"Known: daily transit calls by broad vessel class. Unknown: vessel identity, direction, AIS-dark movements, and actual cargo onboard."
2021-09-21,76,45,16,10,5,0,31,2003521,2706047,82.86,51.43,101.0,98.5,IMF PortWatch Daily_Chokepoints_Data chokepoint6,high_for_chokepoint_calls_low_for_cargo_contents,"Known: daily transit calls by broad vessel class. Unknown: vessel identity, direction, AIS-dark movements, and actual cargo onboard."
2021-09-22,88,47,18,18,4,1,41,2547811,4077058,82,50.14,116.9,102.9,IMF PortWatch Daily_Chokepoints_Data chokepoint6,high_for_chokepoint_calls_low_for_cargo_contents,"Known: daily transit calls by broad vessel class. Unknown: vessel identity, direction, AIS-dark movements, and actual cargo onboard."
2021-09-23,79,52,10,14,1,2,27,3029766,3880517,81.71,50.71,104.9,113.8,IMF PortWatch Daily_Chokepoints_Data chokepoint6,high_for_chokepoint_calls_low_for_cargo_contents,"Known: daily transit calls by broad vessel class. Unknown: vessel identity, direction, AIS-dark movements, and actual cargo onboard."
2021-09-24,98,59,15,16,4,4,39,3067845,4268535,82.71,51.71,130.2,129.2,IMF PortWatch Daily_Chokepoints_Data chokepoint6,high_for_chokepoint_calls_low_for_cargo_contents,"Known: daily transit calls by broad vessel class. Unknown: vessel identity, direction, AIS-dark movements, and actual cargo onboard."
2021-09-25,68,39,15,10,3,1,29,1727172,2546530,80.86,50.29,90.3,85.4,IMF PortWatch Daily_Chokepoints_Data chokepoint6,high_for_chokepoint_calls_low_for_cargo_contents,"Known: daily transit calls by broad vessel class. Unknown: vessel identity, direction, AIS-dark movements, and actual cargo onboard."
2021-09-26,82,57,14,9,1,1,25,2245190,3210086,81.86,51,108.9,124.8,IMF PortWatch Daily_Chokepoints_Data chokepoint6,high_for_chokepoint_calls_low_for_cargo_contents,"Known: daily transit calls by broad vessel class. Unknown: vessel identity, direction, AIS-dark movements, and actual cargo onboard."
2021-09-27,71,43,13,13,1,1,28,2631270,3768516,80.29,48.86,94.3,94.1,IMF PortWatch Daily_Chokepoints_Data chokepoint6,high_for_chokepoint_calls_low_for_cargo_contents,"Known: daily transit calls by broad vessel class. Unknown: vessel identity, direction, AIS-dark movements, and actual cargo onboard."
2021-09-28,81,49,15,14,2,1,32,2037078,2915451,81,49.43,107.6,107.3,IMF PortWatch Daily_Chokepoints_Data chokepoint6,high_for_chokepoint_calls_low_for_cargo_contents,"Known: daily transit calls by broad vessel class. Unknown: vessel identity, direction, AIS-dark movements, and actual cargo onboard."
2021-09-29,104,58,16,19,7,4,46,2354460,3810673,83.29,51,138.1,127.0,IMF PortWatch Daily_Chokepoints_Data chokepoint6,high_for_chokepoint_calls_low_for_cargo_contents,"Known: daily transit calls by broad vessel class. Unknown: vessel identity, direction, AIS-dark movements, and actual cargo onboard."
2021-09-30,99,57,18,19,3,2,42,2538310,3540169,86.14,51.71,131.5,124.8,IMF PortWatch Daily_Chokepoints_Data chokepoint6,high_for_chokepoint_calls_low_for_cargo_contents,"Known: daily transit calls by broad vessel class. Unknown: vessel identity, direction, AIS-dark movements, and actual cargo onboard."
2021-10-01,54,31,7,14,0,2,23,1395907,2217138,79.86,47.71,71.7,67.9,IMF PortWatch Daily_Chokepoints_Data chokepoint6,high_for_chokepoint_calls_low_for_cargo_contents,"Known: daily transit calls by broad vessel class. Unknown: vessel identity, direction, AIS-dark movements, and actual cargo onboard."
2021-10-02,64,43,7,10,1,3,21,739946,1222688,79.29,48.29,85.0,94.1,IMF PortWatch Daily_Chokepoints_Data chokepoint6,high_for_chokepoint_calls_low_for_cargo_contents,"Known: daily transit calls by broad vessel class. Unknown: vessel identity, direction, AIS-dark movements, and actual cargo onboard."
2021-10-03,53,43,7,3,0,0,10,2389205,2876041,75.14,46.29,70.4,94.1,IMF PortWatch Daily_Chokepoints_Data chokepoint6,high_for_chokepoint_calls_low_for_cargo_contents,"Known: daily transit calls by broad vessel class. Unknown: vessel identity, direction, AIS-dark movements, and actual cargo onboard."
2021-10-04,79,46,14,14,2,3,33,3117513,4199638,76.29,46.71,104.9,100.7,IMF PortWatch Daily_Chokepoints_Data chokepoint6,high_for_chokepoint_calls_low_for_cargo_contents,"Known: daily transit calls by broad vessel class. Unknown: vessel identity, direction, AIS-dark movements, and actual cargo onboard."
2021-10-05,89,51,19,15,2,2,38,3327564,4492082,77.43,47,118.2,111.6,IMF PortWatch Daily_Chokepoints_Data chokepoint6,high_for_chokepoint_calls_low_for_cargo_contents,"Known: daily transit calls by broad vessel class. Unknown: vessel identity, direction, AIS-dark movements, and actual cargo onboard."
2021-10-06,97,58,12,13,10,4,39,2369897,3275725,76.43,47,128.8,127.0,IMF PortWatch Daily_Chokepoints_Data chokepoint6,high_for_chokepoint_calls_low_for_cargo_contents,"Known: daily transit calls by broad vessel class. Unknown: vessel identity, direction, AIS-dark movements, and actual cargo onboard."
2021-10-07,83,49,15,15,3,1,34,2706090,3846482,74.14,45.86,110.3,107.3,IMF PortWatch Daily_Chokepoints_Data chokepoint6,high_for_chokepoint_calls_low_for_cargo_contents,"Known: daily transit calls by broad vessel class. Unknown: vessel identity, direction, AIS-dark movements, and actual cargo onboard."
2021-10-08,114,76,17,17,3,1,38,3600673,4594619,82.71,52.29,151.4,166.4,IMF PortWatch Daily_Chokepoints_Data chokepoint6,high_for_chokepoint_calls_low_for_cargo_contents,"Known: daily transit calls by broad vessel class. Unknown: vessel identity, direction, AIS-dark movements, and actual cargo onboard."
2021-10-09,101,64,17,15,3,2,37,3403837,4334041,88,55.29,134.2,140.1,IMF PortWatch Daily_Chokepoints_Data chokepoint6,high_for_chokepoint_calls_low_for_cargo_contents,"Known: daily transit calls by broad vessel class. Unknown: vessel identity, direction, AIS-dark movements, and actual cargo onboard."
2021-10-10,92,52,18,19,2,1,40,2482762,3309676,93.57,56.57,122.2,113.8,IMF PortWatch Daily_Chokepoints_Data chokepoint6,high_for_chokepoint_calls_low_for_cargo_contents,"Known: daily transit calls by broad vessel class. Unknown: vessel identity, direction, AIS-dark movements, and actual cargo onboard."
2021-10-11,31,20,4,6,1,0,11,1439480,1791354,86.71,52.86,41.2,43.8,IMF PortWatch Daily_Chokepoints_Data chokepoint6,high_for_chokepoint_calls_low_for_cargo_contents,"Known: daily transit calls by broad vessel class. Unknown: vessel identity, direction, AIS-dark movements, and actual cargo onboard."
2021-10-12,49,33,3,11,0,2,16,1589697,1937727,81,50.29,65.1,72.2,IMF PortWatch Daily_Chokepoints_Data chokepoint6,high_for_chokepoint_calls_low_for_cargo_contents,"Known: daily transit calls by broad vessel class. Unknown: vessel identity, direction, AIS-dark movements, and actual cargo onboard."
2021-10-13,84,43,18,16,6,1,41,2052860,2885750,79.14,48.14,111.6,94.1,IMF PortWatch Daily_Chokepoints_Data chokepoint6,high_for_chokepoint_calls_low_for_cargo_contents,"Known: daily transit calls by broad vessel class. Unknown: vessel identity, direction, AIS-dark movements, and actual cargo onboard."
2021-10-14,93,62,9,16,2,4,31,2828305,3619747,80.57,50,123.5,135.7,IMF PortWatch Daily_Chokepoints_Data chokepoint6,high_for_chokepoint_calls_low_for_cargo_contents,"Known: daily transit calls by broad vessel class. Unknown: vessel identity, direction, AIS-dark movements, and actual cargo onboard."
2021-10-15,103,70,14,16,3,0,33,3117390,3973744,79,49.14,136.8,153.2,IMF PortWatch Daily_Chokepoints_Data chokepoint6,high_for_chokepoint_calls_low_for_cargo_contents,"Known: daily transit calls by broad vessel class. Unknown: vessel identity, direction, AIS-dark movements, and actual cargo onboard."
2021-10-16,66,42,11,11,1,1,24,1485898,2223411,74,46,87.7,91.9,IMF PortWatch Daily_Chokepoints_Data chokepoint6,high_for_chokepoint_calls_low_for_cargo_contents,"Known: daily transit calls by broad vessel class. Unknown: vessel identity, direction, AIS-dark movements, and actual cargo onboard."
2021-10-17,72,41,8,20,3,0,31,3346968,4146365,71.14,44.43,95.6,89.8,IMF PortWatch Daily_Chokepoints_Data chokepoint6,high_for_chokepoint_calls_low_for_cargo_contents,"Known: daily transit calls by broad vessel class. Unknown: vessel identity, direction, AIS-dark movements, and actual cargo onboard."
2021-10-18,88,63,11,14,0,0,25,3357944,4103974,79.29,50.57,116.9,137.9,IMF PortWatch Daily_Chokepoints_Data chokepoint6,high_for_chokepoint_calls_low_for_cargo_contents,"Known: daily transit calls by broad vessel class. Unknown: vessel identity, direction, AIS-dark movements, and actual cargo onboard."
2021-10-19,72,42,13,14,1,2,30,1568097,2320239,82.57,51.86,95.6,91.9,IMF PortWatch Daily_Chokepoints_Data chokepoint6,high_for_chokepoint_calls_low_for_cargo_contents,"Known: daily transit calls by broad vessel class. Unknown: vessel identity, direction, AIS-dark movements, and actual cargo onboard."
2021-10-20,91,51,18,17,4,1,40,3103699,3955823,83.57,53,120.9,111.6,IMF PortWatch Daily_Chokepoints_Data chokepoint6,high_for_chokepoint_calls_low_for_cargo_contents,"Known: daily transit calls by broad vessel class. Unknown: vessel identity, direction, AIS-dark movements, and actual cargo onboard."
2021-10-21,81,51,12,15,3,0,30,1928925,2984419,81.86,51.43,107.6,111.6,IMF PortWatch Daily_Chokepoints_Data chokepoint6,high_for_chokepoint_calls_low_for_cargo_contents,"Known: daily transit calls by broad vessel class. Unknown: vessel identity, direction, AIS-dark movements, and actual cargo onboard."
2021-10-22,65,45,7,9,2,2,20,2202915,2696104,76.43,47.86,86.3,98.5,IMF PortWatch Daily_Chokepoints_Data chokepoint6,high_for_chokepoint_calls_low_for_cargo_contents,"Known: daily transit calls by broad vessel class. Unknown: vessel identity, direction, AIS-dark movements, and actual cargo onboard."
2021-10-23,82,42,14,20,4,2,40,1352732,2407507,78.71,47.86,108.9,91.9,IMF PortWatch Daily_Chokepoints_Data chokepoint6,high_for_chokepoint_calls_low_for_cargo_contents,"Known: daily transit calls by broad vessel class. Unknown: vessel identity, direction, AIS-dark movements, and actual cargo onboard."
2021-10-24,85,52,9,19,2,3,33,2389266,3178223,80.57,49.43,112.9,113.8,IMF PortWatch Daily_Chokepoints_Data chokepoint6,high_for_chokepoint_calls_low_for_cargo_contents,"Known: daily transit calls by broad vessel class. Unknown: vessel identity, direction, AIS-dark movements, and actual cargo onboard."
2021-10-25,64,45,6,9,1,3,19,2639374,3347967,77.14,46.86,85.0,98.5,IMF PortWatch Daily_Chokepoints_Data chokepoint6,high_for_chokepoint_calls_low_for_cargo_contents,"Known: daily transit calls by broad vessel class. Unknown: vessel identity, direction, AIS-dark movements, and actual cargo onboard."
2021-10-26,49,26,7,12,3,1,23,1563774,2320029,73.86,44.57,65.1,56.9,IMF PortWatch Daily_Chokepoints_Data chokepoint6,high_for_chokepoint_calls_low_for_cargo_contents,"Known: daily transit calls by broad vessel class. Unknown: vessel identity, direction, AIS-dark movements, and actual cargo onboard."
2021-10-27,58,41,4,11,2,0,17,1666137,2095605,69.14,43.14,77.0,89.8,IMF PortWatch Daily_Chokepoints_Data chokepoint6,high_for_chokepoint_calls_low_for_cargo_contents,"Known: daily transit calls by broad vessel class. Unknown: vessel identity, direction, AIS-dark movements, and actual cargo onboard."
2021-10-28,61,36,8,13,3,1,25,2296911,2801639,66.29,41,81.0,78.8,IMF PortWatch Daily_Chokepoints_Data chokepoint6,high_for_chokepoint_calls_low_for_cargo_contents,"Known: daily transit calls by broad vessel class. Unknown: vessel identity, direction, AIS-dark movements, and actual cargo onboard."
2021-10-29,53,25,11,12,2,3,28,2272189,2968527,64.57,38.14,70.4,54.7,IMF PortWatch Daily_Chokepoints_Data chokepoint6,high_for_chokepoint_calls_low_for_cargo_contents,"Known: daily transit calls by broad vessel class. Unknown: vessel identity, direction, AIS-dark movements, and actual cargo onboard."
2021-10-30,56,40,6,8,0,2,16,2076430,2520615,60.86,37.86,74.4,87.6,IMF PortWatch Daily_Chokepoints_Data chokepoint6,high_for_chokepoint_calls_low_for_cargo_contents,"Known: daily transit calls by broad vessel class. Unknown: vessel identity, direction, AIS-dark movements, and actual cargo onboard."
2021-10-31,79,52,12,12,1,2,27,2246504,3387424,60,37.86,104.9,113.8,IMF PortWatch Daily_Chokepoints_Data chokepoint6,high_for_chokepoint_calls_low_for_cargo_contents,"Known: daily transit calls by broad vessel class. Unknown: vessel identity, direction, AIS-dark movements, and actual cargo onboard."
2021-11-01,102,69,8,18,4,3,33,2542885,3297052,65.43,41.29,135.5,151.1,IMF PortWatch Daily_Chokepoints_Data chokepoint6,high_for_chokepoint_calls_low_for_cargo_contents,"Known: daily transit calls by broad vessel class. Unknown: vessel identity, direction, AIS-dark movements, and actual cargo onboard."
2021-11-02,82,44,16,20,2,0,38,2174156,3738291,70.14,43.86,108.9,96.3,IMF PortWatch Daily_Chokepoints_Data chokepoint6,high_for_chokepoint_calls_low_for_cargo_contents,"Known: daily transit calls by broad vessel class. Unknown: vessel identity, direction, AIS-dark movements, and actual cargo onboard."
2021-11-03,75,41,13,17,2,2,34,2289061,3251855,72.57,43.86,99.6,89.8,IMF PortWatch Daily_Chokepoints_Data chokepoint6,high_for_chokepoint_calls_low_for_cargo_contents,"Known: daily transit calls by broad vessel class. Unknown: vessel identity, direction, AIS-dark movements, and actual cargo onboard."
2021-11-04,66,47,10,7,1,1,19,2086399,2568861,73.29,45.43,87.7,102.9,IMF PortWatch Daily_Chokepoints_Data chokepoint6,high_for_chokepoint_calls_low_for_cargo_contents,"Known: daily transit calls by broad vessel class. Unknown: vessel identity, direction, AIS-dark movements, and actual cargo onboard."
2021-11-05,79,54,10,12,1,2,25,2348757,3098696,77,49.57,104.9,118.2,IMF PortWatch Daily_Chokepoints_Data chokepoint6,high_for_chokepoint_calls_low_for_cargo_contents,"Known: daily transit calls by broad vessel class. Unknown: vessel identity, direction, AIS-dark movements, and actual cargo onboard."
2021-11-06,55,34,10,7,2,2,21,1142157,1785393,76.86,48.71,73.1,74.4,IMF PortWatch Daily_Chokepoints_Data chokepoint6,high_for_chokepoint_calls_low_for_cargo_contents,"Known: daily transit calls by broad vessel class. Unknown: vessel identity, direction, AIS-dark movements, and actual cargo onboard."
2021-11-07,34,18,6,8,1,1,16,1295525,1821836,70.43,43.86,45.2,39.4,IMF PortWatch Daily_Chokepoints_Data chokepoint6,high_for_chokepoint_calls_low_for_cargo_contents,"Known: daily transit calls by broad vessel class. Unknown: vessel identity, direction, AIS-dark movements, and actual cargo onboard."
2021-11-08,40,21,3,13,2,1,19,684966,1135784,61.57,37,53.1,46.0,IMF PortWatch Daily_Chokepoints_Data chokepoint6,high_for_chokepoint_calls_low_for_cargo_contents,"Known: daily transit calls by broad vessel class. Unknown: vessel identity, direction, AIS-dark movements, and actual cargo onboard."
2021-11-09,74,42,16,10,4,2,32,2174982,3045250,60.43,36.71,98.3,91.9,IMF PortWatch Daily_Chokepoints_Data chokepoint6,high_for_chokepoint_calls_low_for_cargo_contents,"Known: daily transit calls by broad vessel class. Unknown: vessel identity, direction, AIS-dark movements, and actual cargo onboard."
2021-11-10,83,47,14,18,3,1,36,2065283,3338377,61.57,37.57,110.3,102.9,IMF PortWatch Daily_Chokepoints_Data chokepoint6,high_for_chokepoint_calls_low_for_cargo_contents,"Known: daily transit calls by broad vessel class. Unknown: vessel identity, direction, AIS-dark movements, and actual cargo onboard."
2021-11-11,97,61,10,20,5,1,36,3667099,4908367,66,39.57,128.8,133.5,IMF PortWatch Daily_Chokepoints_Data chokepoint6,high_for_chokepoint_calls_low_for_cargo_contents,"Known: daily transit calls by broad vessel class. Unknown: vessel identity, direction, AIS-dark movements, and actual cargo onboard."
2021-11-12,70,40,12,13,3,2,30,2611193,3626984,64.71,37.57,93.0,87.6,IMF PortWatch Daily_Chokepoints_Data chokepoint6,high_for_chokepoint_calls_low_for_cargo_contents,"Known: daily transit calls by broad vessel class. Unknown: vessel identity, direction, AIS-dark movements, and actual cargo onboard."
2021-11-13,87,50,13,22,1,1,37,2417494,3559753,69.29,39.86,115.6,109.5,IMF PortWatch Daily_Chokepoints_Data chokepoint6,high_for_chokepoint_calls_low_for_cargo_contents,"Known: daily transit calls by broad vessel class. Unknown: vessel identity, direction, AIS-dark movements, and actual cargo onboard."
2021-11-14,81,53,11,15,0,2,28,3034571,3511356,76,44.86,107.6,116.0,IMF PortWatch Daily_Chokepoints_Data chokepoint6,high_for_chokepoint_calls_low_for_cargo_contents,"Known: daily transit calls by broad vessel class. Unknown: vessel identity, direction, AIS-dark movements, and actual cargo onboard."
2021-11-15,85,51,12,16,4,2,34,2076729,3092219,82.43,49.14,112.9,111.6,IMF PortWatch Daily_Chokepoints_Data chokepoint6,high_for_chokepoint_calls_low_for_cargo_contents,"Known: daily transit calls by broad vessel class. Unknown: vessel identity, direction, AIS-dark movements, and actual cargo onboard."
2021-11-16,92,62,12,15,1,2,30,4017453,4527916,85,52,122.2,135.7,IMF PortWatch Daily_Chokepoints_Data chokepoint6,high_for_chokepoint_calls_low_for_cargo_contents,"Known: daily transit calls by broad vessel class. Unknown: vessel identity, direction, AIS-dark movements, and actual cargo onboard."
2021-11-17,83,62,12,6,2,1,21,2623941,3287301,85,54.14,110.3,135.7,IMF PortWatch Daily_Chokepoints_Data chokepoint6,high_for_chokepoint_calls_low_for_cargo_contents,"Known: daily transit calls by broad vessel class. Unknown: vessel identity, direction, AIS-dark movements, and actual cargo onboard."
2021-11-18,74,33,17,21,2,1,41,930099,2352287,81.71,50.14,98.3,72.2,IMF PortWatch Daily_Chokepoints_Data chokepoint6,high_for_chokepoint_calls_low_for_cargo_contents,"Known: daily transit calls by broad vessel class. Unknown: vessel identity, direction, AIS-dark movements, and actual cargo onboard."
2021-11-19,83,52,8,16,2,5,31,2842185,3713166,83.57,51.86,110.3,113.8,IMF PortWatch Daily_Chokepoints_Data chokepoint6,high_for_chokepoint_calls_low_for_cargo_contents,"Known: daily transit calls by broad vessel class. Unknown: vessel identity, direction, AIS-dark movements, and actual cargo onboard."
2021-11-20,86,59,8,15,2,2,27,3093121,3857183,83.43,53.14,114.2,129.2,IMF PortWatch Daily_Chokepoints_Data chokepoint6,high_for_chokepoint_calls_low_for_cargo_contents,"Known: daily transit calls by broad vessel class. Unknown: vessel identity, direction, AIS-dark movements, and actual cargo onboard."
2021-11-21,91,57,12,19,2,1,34,1716403,2808221,84.86,53.71,120.9,124.8,IMF PortWatch Daily_Chokepoints_Data chokepoint6,high_for_chokepoint_calls_low_for_cargo_contents,"Known: daily transit calls by broad vessel class. Unknown: vessel identity, direction, AIS-dark movements, and actual cargo onboard."
2021-11-22,82,49,11,18,3,1,33,3704607,4540995,84.43,53.43,108.9,107.3,IMF PortWatch Daily_Chokepoints_Data chokepoint6,high_for_chokepoint_calls_low_for_cargo_contents,"Known: daily transit calls by broad vessel class. Unknown: vessel identity, direction, AIS-dark movements, and actual cargo onboard."
2021-11-23,90,57,11,15,4,3,33,2833474,3627345,84.14,52.71,119.6,124.8,IMF PortWatch Daily_Chokepoints_Data chokepoint6,high_for_chokepoint_calls_low_for_cargo_contents,"Known: daily transit calls by broad vessel class. Unknown: vessel identity, direction, AIS-dark movements, and actual cargo onboard."
2021-11-24,85,49,17,13,4,2,36,2235607,3515625,84.43,50.86,112.9,107.3,IMF PortWatch Daily_Chokepoints_Data chokepoint6,high_for_chokepoint_calls_low_for_cargo_contents,"Known: daily transit calls by broad vessel class. Unknown: vessel identity, direction, AIS-dark movements, and actual cargo onboard."
2021-11-25,60,35,9,11,4,1,25,1790899,2623034,82.43,51.14,79.7,76.6,IMF PortWatch Daily_Chokepoints_Data chokepoint6,high_for_chokepoint_calls_low_for_cargo_contents,"Known: daily transit calls by broad vessel class. Unknown: vessel identity, direction, AIS-dark movements, and actual cargo onboard."
2021-11-26,68,40,11,15,2,0,28,2206991,2895663,80.29,49.43,90.3,87.6,IMF PortWatch Daily_Chokepoints_Data chokepoint6,high_for_chokepoint_calls_low_for_cargo_contents,"Known: daily transit calls by broad vessel class. Unknown: vessel identity, direction, AIS-dark movements, and actual cargo onboard."
2021-11-27,96,52,15,18,6,5,44,2894177,4229843,81.71,48.43,127.5,113.8,IMF PortWatch Daily_Chokepoints_Data chokepoint6,high_for_chokepoint_calls_low_for_cargo_contents,"Known: daily transit calls by broad vessel class. Unknown: vessel identity, direction, AIS-dark movements, and actual cargo onboard."
2021-11-28,25,19,2,4,0,0,6,868064,981018,72.29,43,33.2,41.6,IMF PortWatch Daily_Chokepoints_Data chokepoint6,high_for_chokepoint_calls_low_for_cargo_contents,"Known: daily transit calls by broad vessel class. Unknown: vessel identity, direction, AIS-dark movements, and actual cargo onboard."
2021-11-29,86,50,7,21,5,3,36,2570814,3542738,72.86,43.14,114.2,109.5,IMF PortWatch Daily_Chokepoints_Data chokepoint6,high_for_chokepoint_calls_low_for_cargo_contents,"Known: daily transit calls by broad vessel class. Unknown: vessel identity, direction, AIS-dark movements, and actual cargo onboard."
2021-11-30,70,39,10,18,2,1,31,1990814,3117264,70,40.57,93.0,85.4,IMF PortWatch Daily_Chokepoints_Data chokepoint6,high_for_chokepoint_calls_low_for_cargo_contents,"Known: daily transit calls by broad vessel class. Unknown: vessel identity, direction, AIS-dark movements, and actual cargo onboard."
2021-12-01,87,57,8,14,3,5,30,3010003,3882134,70.29,41.71,115.6,124.8,IMF PortWatch Daily_Chokepoints_Data chokepoint6,high_for_chokepoint_calls_low_for_cargo_contents,"Known: daily transit calls by broad vessel class. Unknown: vessel identity, direction, AIS-dark movements, and actual cargo onboard."
2021-12-02,70,42,12,13,1,2,28,2356215,3189099,71.71,42.71,93.0,91.9,IMF PortWatch Daily_Chokepoints_Data chokepoint6,high_for_chokepoint_calls_low_for_cargo_contents,"Known: daily transit calls by broad vessel class. Unknown: vessel identity, direction, AIS-dark movements, and actual cargo onboard."
2021-12-03,95,66,12,14,2,1,29,3821872,4738216,75.57,46.43,126.2,144.5,IMF PortWatch Daily_Chokepoints_Data chokepoint6,high_for_chokepoint_calls_low_for_cargo_contents,"Known: daily transit calls by broad vessel class. Unknown: vessel identity, direction, AIS-dark movements, and actual cargo onboard."
2021-12-04,72,45,11,10,5,1,27,2017014,2602107,72.14,45.43,95.6,98.5,IMF PortWatch Daily_Chokepoints_Data chokepoint6,high_for_chokepoint_calls_low_for_cargo_contents,"Known: daily transit calls by broad vessel class. Unknown: vessel identity, direction, AIS-dark movements, and actual cargo onboard."
2021-12-05,80,49,9,15,7,0,31,3477313,4515673,80,49.71,106.3,107.3,IMF PortWatch Daily_Chokepoints_Data chokepoint6,high_for_chokepoint_calls_low_for_cargo_contents,"Known: daily transit calls by broad vessel class. Unknown: vessel identity, direction, AIS-dark movements, and actual cargo onboard."
2021-12-06,61,42,8,9,1,1,19,2007603,2640029,76.43,48.57,81.0,91.9,IMF PortWatch Daily_Chokepoints_Data chokepoint6,high_for_chokepoint_calls_low_for_cargo_contents,"Known: daily transit calls by broad vessel class. Unknown: vessel identity, direction, AIS-dark movements, and actual cargo onboard."
2021-12-07,70,53,3,12,1,1,17,2224592,2758385,76.43,50.57,93.0,116.0,IMF PortWatch Daily_Chokepoints_Data chokepoint6,high_for_chokepoint_calls_low_for_cargo_contents,"Known: daily transit calls by broad vessel class. Unknown: vessel identity, direction, AIS-dark movements, and actual cargo onboard."
2021-12-08,51,32,6,12,0,1,19,1932357,2490867,71.29,47,67.7,70.1,IMF PortWatch Daily_Chokepoints_Data chokepoint6,high_for_chokepoint_calls_low_for_cargo_contents,"Known: daily transit calls by broad vessel class. Unknown: vessel identity, direction, AIS-dark movements, and actual cargo onboard."
2021-12-09,84,55,13,12,2,2,29,2401162,3354856,73.29,48.86,111.6,120.4,IMF PortWatch Daily_Chokepoints_Data chokepoint6,high_for_chokepoint_calls_low_for_cargo_contents,"Known: daily transit calls by broad vessel class. Unknown: vessel identity, direction, AIS-dark movements, and actual cargo onboard."
2021-12-10,87,54,12,17,2,2,33,3511157,4643178,72.14,47.14,115.6,118.2,IMF PortWatch Daily_Chokepoints_Data chokepoint6,high_for_chokepoint_calls_low_for_cargo_contents,"Known: daily transit calls by broad vessel class. Unknown: vessel identity, direction, AIS-dark movements, and actual cargo onboard."
2021-12-11,55,38,10,6,0,1,17,1745309,2236577,69.71,46.14,73.1,83.2,IMF PortWatch Daily_Chokepoints_Data chokepoint6,high_for_chokepoint_calls_low_for_cargo_contents,"Known: daily transit calls by broad vessel class. Unknown: vessel identity, direction, AIS-dark movements, and actual cargo onboard."
2021-12-12,58,41,10,5,2,0,17,2356437,3143380,66.57,45,77.0,89.8,IMF PortWatch Daily_Chokepoints_Data chokepoint6,high_for_chokepoint_calls_low_for_cargo_contents,"Known: daily transit calls by broad vessel class. Unknown: vessel identity, direction, AIS-dark movements, and actual cargo onboard."
2021-12-13,63,42,4,12,3,2,21,3665464,4186031,66.86,45,83.7,91.9,IMF PortWatch Daily_Chokepoints_Data chokepoint6,high_for_chokepoint_calls_low_for_cargo_contents,"Known: daily transit calls by broad vessel class. Unknown: vessel identity, direction, AIS-dark movements, and actual cargo onboard."
2021-12-14,74,47,11,9,4,3,27,2226477,3015052,67.43,44.14,98.3,102.9,IMF PortWatch Daily_Chokepoints_Data chokepoint6,high_for_chokepoint_calls_low_for_cargo_contents,"Known: daily transit calls by broad vessel class. Unknown: vessel identity, direction, AIS-dark movements, and actual cargo onboard."
2021-12-15,87,56,11,12,5,3,31,2760748,3737035,72.57,47.57,115.6,122.6,IMF PortWatch Daily_Chokepoints_Data chokepoint6,high_for_chokepoint_calls_low_for_cargo_contents,"Known: daily transit calls by broad vessel class. Unknown: vessel identity, direction, AIS-dark movements, and actual cargo onboard."
2021-12-16,56,34,8,13,1,0,22,1673578,2442842,68.57,44.57,74.4,74.4,IMF PortWatch Daily_Chokepoints_Data chokepoint6,high_for_chokepoint_calls_low_for_cargo_contents,"Known: daily transit calls by broad vessel class. Unknown: vessel identity, direction, AIS-dark movements, and actual cargo onboard."
2021-12-17,70,38,7,14,7,4,32,1826548,2643703,66.14,42.29,93.0,83.2,IMF PortWatch Daily_Chokepoints_Data chokepoint6,high_for_chokepoint_calls_low_for_cargo_contents,"Known: daily transit calls by broad vessel class. Unknown: vessel identity, direction, AIS-dark movements, and actual cargo onboard."
2021-12-18,98,58,14,20,4,2,40,2994636,3638577,72.29,45.14,130.2,127.0,IMF PortWatch Daily_Chokepoints_Data chokepoint6,high_for_chokepoint_calls_low_for_cargo_contents,"Known: daily transit calls by broad vessel class. Unknown: vessel identity, direction, AIS-dark movements, and actual cargo onboard."
2021-12-19,90,59,9,13,7,2,31,2671855,3836014,76.86,47.71,119.6,129.2,IMF PortWatch Daily_Chokepoints_Data chokepoint6,high_for_chokepoint_calls_low_for_cargo_contents,"Known: daily transit calls by broad vessel class. Unknown: vessel identity, direction, AIS-dark movements, and actual cargo onboard."
2021-12-20,77,48,13,12,3,1,29,1991382,3011847,78.86,48.57,102.3,105.1,IMF PortWatch Daily_Chokepoints_Data chokepoint6,high_for_chokepoint_calls_low_for_cargo_contents,"Known: daily transit calls by broad vessel class. Unknown: vessel identity, direction, AIS-dark movements, and actual cargo onboard."
2021-12-21,61,40,8,10,0,3,21,1062020,1693771,77,47.57,81.0,87.6,IMF PortWatch Daily_Chokepoints_Data chokepoint6,high_for_chokepoint_calls_low_for_cargo_contents,"Known: daily transit calls by broad vessel class. Unknown: vessel identity, direction, AIS-dark movements, and actual cargo onboard."
2021-12-22,69,41,8,17,2,1,28,3253692,4303732,74.43,45.43,91.7,89.8,IMF PortWatch Daily_Chokepoints_Data chokepoint6,high_for_chokepoint_calls_low_for_cargo_contents,"Known: daily transit calls by broad vessel class. Unknown: vessel identity, direction, AIS-dark movements, and actual cargo onboard."
2021-12-23,63,39,7,10,4,3,24,889220,1654617,75.43,46.14,83.7,85.4,IMF PortWatch Daily_Chokepoints_Data chokepoint6,high_for_chokepoint_calls_low_for_cargo_contents,"Known: daily transit calls by broad vessel class. Unknown: vessel identity, direction, AIS-dark movements, and actual cargo onboard."
2021-12-24,76,48,11,13,2,2,28,2854151,3638506,76.29,47.57,101.0,105.1,IMF PortWatch Daily_Chokepoints_Data chokepoint6,high_for_chokepoint_calls_low_for_cargo_contents,"Known: daily transit calls by broad vessel class. Unknown: vessel identity, direction, AIS-dark movements, and actual cargo onboard."
2021-12-25,102,60,19,21,1,1,42,3417295,4532875,76.86,47.86,135.5,131.3,IMF PortWatch Daily_Chokepoints_Data chokepoint6,high_for_chokepoint_calls_low_for_cargo_contents,"Known: daily transit calls by broad vessel class. Unknown: vessel identity, direction, AIS-dark movements, and actual cargo onboard."
2021-12-26,85,48,14,20,2,1,37,2453843,4080910,76.14,46.29,112.9,105.1,IMF PortWatch Daily_Chokepoints_Data chokepoint6,high_for_chokepoint_calls_low_for_cargo_contents,"Known: daily transit calls by broad vessel class. Unknown: vessel identity, direction, AIS-dark movements, and actual cargo onboard."
2021-12-27,61,42,6,10,3,0,19,1648782,2316035,73.86,45.43,81.0,91.9,IMF PortWatch Daily_Chokepoints_Data chokepoint6,high_for_chokepoint_calls_low_for_cargo_contents,"Known: daily transit calls by broad vessel class. Unknown: vessel identity, direction, AIS-dark movements, and actual cargo onboard."
2021-12-28,67,43,6,14,4,0,24,2644429,3322347,74.71,45.86,89.0,94.1,IMF PortWatch Daily_Chokepoints_Data chokepoint6,high_for_chokepoint_calls_low_for_cargo_contents,"Known: daily transit calls by broad vessel class. Unknown: vessel identity, direction, AIS-dark movements, and actual cargo onboard."
2021-12-29,60,37,10,10,2,1,23,2486769,3204807,73.43,45.29,79.7,81.0,IMF PortWatch Daily_Chokepoints_Data chokepoint6,high_for_chokepoint_calls_low_for_cargo_contents,"Known: daily transit calls by broad vessel class. Unknown: vessel identity, direction, AIS-dark movements, and actual cargo onboard."
2021-12-30,65,43,10,8,2,2,22,2880154,3494231,73.71,45.86,86.3,94.1,IMF PortWatch Daily_Chokepoints_Data chokepoint6,high_for_chokepoint_calls_low_for_cargo_contents,"Known: daily transit calls by broad vessel class. Unknown: vessel identity, direction, AIS-dark movements, and actual cargo onboard."
2021-12-31,83,55,10,13,3,2,28,1741951,2499840,74.71,46.86,110.3,120.4,IMF PortWatch Daily_Chokepoints_Data chokepoint6,high_for_chokepoint_calls_low_for_cargo_contents,"Known: daily transit calls by broad vessel class. Unknown: vessel identity, direction, AIS-dark movements, and actual cargo onboard."
2022-01-01,60,39,8,9,3,1,21,2792960,3551557,68.71,43.86,79.7,85.4,IMF PortWatch Daily_Chokepoints_Data chokepoint6,high_for_chokepoint_calls_low_for_cargo_contents,"Known: daily transit calls by broad vessel class. Unknown: vessel identity, direction, AIS-dark movements, and actual cargo onboard."
2022-01-02,74,50,9,11,1,3,24,2154226,2842083,67.14,44.14,98.3,109.5,IMF PortWatch Daily_Chokepoints_Data chokepoint6,high_for_chokepoint_calls_low_for_cargo_contents,"Known: daily transit calls by broad vessel class. Unknown: vessel identity, direction, AIS-dark movements, and actual cargo onboard."
2022-01-03,71,52,12,4,2,1,19,3817549,4458514,68.57,45.57,94.3,113.8,IMF PortWatch Daily_Chokepoints_Data chokepoint6,high_for_chokepoint_calls_low_for_cargo_contents,"Known: daily transit calls by broad vessel class. Unknown: vessel identity, direction, AIS-dark movements, and actual cargo onboard."
2022-01-04,73,47,6,14,4,2,26,2019310,2746051,69.43,46.14,97.0,102.9,IMF PortWatch Daily_Chokepoints_Data chokepoint6,high_for_chokepoint_calls_low_for_cargo_contents,"Known: daily transit calls by broad vessel class. Unknown: vessel identity, direction, AIS-dark movements, and actual cargo onboard."
2022-01-05,74,44,8,13,5,4,30,2896340,3580075,71.43,47.14,98.3,96.3,IMF PortWatch Daily_Chokepoints_Data chokepoint6,high_for_chokepoint_calls_low_for_cargo_contents,"Known: daily transit calls by broad vessel class. Unknown: vessel identity, direction, AIS-dark movements, and actual cargo onboard."
2022-01-06,70,43,13,10,2,2,27,1162995,2036278,72.14,47.14,93.0,94.1,IMF PortWatch Daily_Chokepoints_Data chokepoint6,high_for_chokepoint_calls_low_for_cargo_contents,"Known: daily transit calls by broad vessel class. Unknown: vessel identity, direction, AIS-dark movements, and actual cargo onboard."
2022-01-07,65,43,12,6,3,1,22,2818187,3591840,69.57,45.43,86.3,94.1,IMF PortWatch Daily_Chokepoints_Data chokepoint6,high_for_chokepoint_calls_low_for_cargo_contents,"Known: daily transit calls by broad vessel class. Unknown: vessel identity, direction, AIS-dark movements, and actual cargo onboard."
2022-01-08,73,46,9,17,1,0,27,2806786,3825202,71.43,46.43,97.0,100.7,IMF PortWatch Daily_Chokepoints_Data chokepoint6,high_for_chokepoint_calls_low_for_cargo_contents,"Known: daily transit calls by broad vessel class. Unknown: vessel identity, direction, AIS-dark movements, and actual cargo onboard."
2022-01-09,82,62,6,13,0,1,20,3119552,3909420,72.57,48.14,108.9,135.7,IMF PortWatch Daily_Chokepoints_Data chokepoint6,high_for_chokepoint_calls_low_for_cargo_contents,"Known: daily transit calls by broad vessel class. Unknown: vessel identity, direction, AIS-dark movements, and actual cargo onboard."
2022-01-10,89,58,10,15,3,3,31,3394777,3987896,75.14,49,118.2,127.0,IMF PortWatch Daily_Chokepoints_Data chokepoint6,high_for_chokepoint_calls_low_for_cargo_contents,"Known: daily transit calls by broad vessel class. Unknown: vessel identity, direction, AIS-dark movements, and actual cargo onboard."
2022-01-11,71,47,13,6,2,3,24,2882543,3631264,74.86,49,94.3,102.9,IMF PortWatch Daily_Chokepoints_Data chokepoint6,high_for_chokepoint_calls_low_for_cargo_contents,"Known: daily transit calls by broad vessel class. Unknown: vessel identity, direction, AIS-dark movements, and actual cargo onboard."
2022-01-12,87,47,16,18,4,2,40,2196878,3512175,76.71,49.43,115.6,102.9,IMF PortWatch Daily_Chokepoints_Data chokepoint6,high_for_chokepoint_calls_low_for_cargo_contents,"Known: daily transit calls by broad vessel class. Unknown: vessel identity, direction, AIS-dark movements, and actual cargo onboard."
2022-01-13,75,56,8,9,1,1,19,2511275,3251763,77.43,51.29,99.6,122.6,IMF PortWatch Daily_Chokepoints_Data chokepoint6,high_for_chokepoint_calls_low_for_cargo_contents,"Known: daily transit calls by broad vessel class. Unknown: vessel identity, direction, AIS-dark movements, and actual cargo onboard."
2022-01-14,88,55,9,18,4,2,33,2777756,3680775,80.71,53,116.9,120.4,IMF PortWatch Daily_Chokepoints_Data chokepoint6,high_for_chokepoint_calls_low_for_cargo_contents,"Known: daily transit calls by broad vessel class. Unknown: vessel identity, direction, AIS-dark movements, and actual cargo onboard."
2022-01-15,69,45,12,8,2,2,24,2892083,3538571,80.14,52.86,91.7,98.5,IMF PortWatch Daily_Chokepoints_Data chokepoint6,high_for_chokepoint_calls_low_for_cargo_contents,"Known: daily transit calls by broad vessel class. Unknown: vessel identity, direction, AIS-dark movements, and actual cargo onboard."
2022-01-16,85,52,12,15,4,2,33,1950887,3071999,80.57,51.43,112.9,113.8,IMF PortWatch Daily_Chokepoints_Data chokepoint6,high_for_chokepoint_calls_low_for_cargo_contents,"Known: daily transit calls by broad vessel class. Unknown: vessel identity, direction, AIS-dark movements, and actual cargo onboard."
2022-01-17,75,49,6,15,5,0,26,3410981,4230381,78.57,50.14,99.6,107.3,IMF PortWatch Daily_Chokepoints_Data chokepoint6,high_for_chokepoint_calls_low_for_cargo_contents,"Known: daily transit calls by broad vessel class. Unknown: vessel identity, direction, AIS-dark movements, and actual cargo onboard."
2022-01-18,85,55,15,11,2,2,30,2485772,3332059,80.57,51.29,112.9,120.4,IMF PortWatch Daily_Chokepoints_Data chokepoint6,high_for_chokepoint_calls_low_for_cargo_contents,"Known: daily transit calls by broad vessel class. Unknown: vessel identity, direction, AIS-dark movements, and actual cargo onboard."
2022-01-19,82,44,16,18,2,2,38,1845604,3223056,79.86,50.86,108.9,96.3,IMF PortWatch Daily_Chokepoints_Data chokepoint6,high_for_chokepoint_calls_low_for_cargo_contents,"Known: daily transit calls by broad vessel class. Unknown: vessel identity, direction, AIS-dark movements, and actual cargo onboard."
2022-01-20,83,56,13,10,1,3,27,4371885,5183992,81,50.86,110.3,122.6,IMF PortWatch Daily_Chokepoints_Data chokepoint6,high_for_chokepoint_calls_low_for_cargo_contents,"Known: daily transit calls by broad vessel class. Unknown: vessel identity, direction, AIS-dark movements, and actual cargo onboard."
2022-01-21,70,49,10,10,0,1,21,2015734,2543762,78.43,50,93.0,107.3,IMF PortWatch Daily_Chokepoints_Data chokepoint6,high_for_chokepoint_calls_low_for_cargo_contents,"Known: daily transit calls by broad vessel class. Unknown: vessel identity, direction, AIS-dark movements, and actual cargo onboard."
2022-01-22,65,37,11,13,2,2,28,2010085,3351111,77.86,48.86,86.3,81.0,IMF PortWatch Daily_Chokepoints_Data chokepoint6,high_for_chokepoint_calls_low_for_cargo_contents,"Known: daily transit calls by broad vessel class. Unknown: vessel identity, direction, AIS-dark movements, and actual cargo onboard."
2022-01-23,71,39,13,15,2,2,32,1704688,2380091,75.86,47,94.3,85.4,IMF PortWatch Daily_Chokepoints_Data chokepoint6,high_for_chokepoint_calls_low_for_cargo_contents,"Known: daily transit calls by broad vessel class. Unknown: vessel identity, direction, AIS-dark movements, and actual cargo onboard."
2022-01-24,79,50,6,20,0,3,29,2549753,3515615,76.43,47.14,104.9,109.5,IMF PortWatch Daily_Chokepoints_Data chokepoint6,high_for_chokepoint_calls_low_for_cargo_contents,"Known: daily transit calls by broad vessel class. Unknown: vessel identity, direction, AIS-dark movements, and actual cargo onboard."
2022-01-25,89,60,9,14,2,4,29,3912134,4756814,77,47.86,118.2,131.3,IMF PortWatch Daily_Chokepoints_Data chokepoint6,high_for_chokepoint_calls_low_for_cargo_contents,"Known: daily transit calls by broad vessel class. Unknown: vessel identity, direction, AIS-dark movements, and actual cargo onboard."
2022-01-26,92,57,16,15,3,1,35,2444047,3760962,78.43,49.71,122.2,124.8,IMF PortWatch Daily_Chokepoints_Data chokepoint6,high_for_chokepoint_calls_low_for_cargo_contents,"Known: daily transit calls by broad vessel class. Unknown: vessel identity, direction, AIS-dark movements, and actual cargo onboard."
2022-01-27,99,66,16,11,4,2,33,3154085,4147584,80.71,51.14,131.5,144.5,IMF PortWatch Daily_Chokepoints_Data chokepoint6,high_for_chokepoint_calls_low_for_cargo_contents,"Known: daily transit calls by broad vessel class. Unknown: vessel identity, direction, AIS-dark movements, and actual cargo onboard."
2022-01-28,61,38,7,6,7,3,23,2360933,2801895,79.43,49.57,81.0,83.2,IMF PortWatch Daily_Chokepoints_Data chokepoint6,high_for_chokepoint_calls_low_for_cargo_contents,"Known: daily transit calls by broad vessel class. Unknown: vessel identity, direction, AIS-dark movements, and actual cargo onboard."
2022-01-29,82,57,13,9,2,1,25,2280433,3095511,81.86,52.43,108.9,124.8,IMF PortWatch Daily_Chokepoints_Data chokepoint6,high_for_chokepoint_calls_low_for_cargo_contents,"Known: daily transit calls by broad vessel class. Unknown: vessel identity, direction, AIS-dark movements, and actual cargo onboard."
2022-01-30,89,53,16,18,1,1,36,2347889,3544810,84.43,54.43,118.2,116.0,IMF PortWatch Daily_Chokepoints_Data chokepoint6,high_for_chokepoint_calls_low_for_cargo_contents,"Known: daily transit calls by broad vessel class. Unknown: vessel identity, direction, AIS-dark movements, and actual cargo onboard."
2022-01-31,87,52,10,22,2,1,35,2381643,3779431,85.57,54.71,115.6,113.8,IMF PortWatch Daily_Chokepoints_Data chokepoint6,high_for_chokepoint_calls_low_for_cargo_contents,"Known: daily transit calls by broad vessel class. Unknown: vessel identity, direction, AIS-dark movements, and actual cargo onboard."
2022-02-01,93,50,19,16,6,2,43,2347361,3434353,86.14,53.29,123.5,109.5,IMF PortWatch Daily_Chokepoints_Data chokepoint6,high_for_chokepoint_calls_low_for_cargo_contents,"Known: daily transit calls by broad vessel class. Unknown: vessel identity, direction, AIS-dark movements, and actual cargo onboard."
2022-02-02,88,56,10,17,2,3,32,3235562,3999545,85.57,53.14,116.9,122.6,IMF PortWatch Daily_Chokepoints_Data chokepoint6,high_for_chokepoint_calls_low_for_cargo_contents,"Known: daily transit calls by broad vessel class. Unknown: vessel identity, direction, AIS-dark movements, and actual cargo onboard."
2022-02-03,104,66,12,18,7,1,38,3133138,4568955,86.29,53.14,138.1,144.5,IMF PortWatch Daily_Chokepoints_Data chokepoint6,high_for_chokepoint_calls_low_for_cargo_contents,"Known: daily transit calls by broad vessel class. Unknown: vessel identity, direction, AIS-dark movements, and actual cargo onboard."
2022-02-04,97,62,19,11,3,2,35,3064807,3957196,91.43,56.57,128.8,135.7,IMF PortWatch Daily_Chokepoints_Data chokepoint6,high_for_chokepoint_calls_low_for_cargo_contents,"Known: daily transit calls by broad vessel class. Unknown: vessel identity, direction, AIS-dark movements, and actual cargo onboard."
2022-02-05,102,64,13,14,7,4,38,3317494,4159533,94.29,57.57,135.5,140.1,IMF PortWatch Daily_Chokepoints_Data chokepoint6,high_for_chokepoint_calls_low_for_cargo_contents,"Known: daily transit calls by broad vessel class. Unknown: vessel identity, direction, AIS-dark movements, and actual cargo onboard."
2022-02-06,84,53,11,16,2,2,31,2930168,4038782,93.57,57.57,111.6,116.0,IMF PortWatch Daily_Chokepoints_Data chokepoint6,high_for_chokepoint_calls_low_for_cargo_contents,"Known: daily transit calls by broad vessel class. Unknown: vessel identity, direction, AIS-dark movements, and actual cargo onboard."
2022-02-07,70,48,8,13,0,1,22,1800448,2172920,91.14,57,93.0,105.1,IMF PortWatch Daily_Chokepoints_Data chokepoint6,high_for_chokepoint_calls_low_for_cargo_contents,"Known: daily transit calls by broad vessel class. Unknown: vessel identity, direction, AIS-dark movements, and actual cargo onboard."
2022-02-08,98,54,17,20,3,4,44,2004839,3245838,91.86,57.57,130.2,118.2,IMF PortWatch Daily_Chokepoints_Data chokepoint6,high_for_chokepoint_calls_low_for_cargo_contents,"Known: daily transit calls by broad vessel class. Unknown: vessel identity, direction, AIS-dark movements, and actual cargo onboard."
2022-02-09,100,62,15,18,5,0,38,4138534,5180555,93.57,58.43,132.8,135.7,IMF PortWatch Daily_Chokepoints_Data chokepoint6,high_for_chokepoint_calls_low_for_cargo_contents,"Known: daily transit calls by broad vessel class. Unknown: vessel identity, direction, AIS-dark movements, and actual cargo onboard."
2022-02-10,91,53,16,15,2,5,38,2721007,3876604,91.71,56.57,120.9,116.0,IMF PortWatch Daily_Chokepoints_Data chokepoint6,high_for_chokepoint_calls_low_for_cargo_contents,"Known: daily transit calls by broad vessel class. Unknown: vessel identity, direction, AIS-dark movements, and actual cargo onboard."
2022-02-11,107,66,14,20,2,5,41,4329925,5350060,93.14,57.14,142.1,144.5,IMF PortWatch Daily_Chokepoints_Data chokepoint6,high_for_chokepoint_calls_low_for_cargo_contents,"Known: daily transit calls by broad vessel class. Unknown: vessel identity, direction, AIS-dark movements, and actual cargo onboard."
2022-02-12,106,65,16,20,2,3,41,3328419,4718628,93.71,57.29,140.8,142.3,IMF PortWatch Daily_Chokepoints_Data chokepoint6,high_for_chokepoint_calls_low_for_cargo_contents,"Known: daily transit calls by broad vessel class. Unknown: vessel identity, direction, AIS-dark movements, and actual cargo onboard."
2022-02-13,83,47,16,14,4,2,36,2036856,3523310,93.57,56.43,110.3,102.9,IMF PortWatch Daily_Chokepoints_Data chokepoint6,high_for_chokepoint_calls_low_for_cargo_contents,"Known: daily transit calls by broad vessel class. Unknown: vessel identity, direction, AIS-dark movements, and actual cargo onboard."
2022-02-14,78,53,10,13,2,0,25,2792032,3680969,94.71,57.14,103.6,116.0,IMF PortWatch Daily_Chokepoints_Data chokepoint6,high_for_chokepoint_calls_low_for_cargo_contents,"Known: daily transit calls by broad vessel class. Unknown: vessel identity, direction, AIS-dark movements, and actual cargo onboard."
2022-02-15,90,59,9,14,5,3,31,3090961,3724589,93.57,57.86,119.6,129.2,IMF PortWatch Daily_Chokepoints_Data chokepoint6,high_for_chokepoint_calls_low_for_cargo_contents,"Known: daily transit calls by broad vessel class. Unknown: vessel identity, direction, AIS-dark movements, and actual cargo onboard."
2022-02-16,101,53,20,20,7,1,48,2552118,3793768,93.71,56.57,134.2,116.0,IMF PortWatch Daily_Chokepoints_Data chokepoint6,high_for_chokepoint_calls_low_for_cargo_contents,"Known: daily transit calls by broad vessel class. Unknown: vessel identity, direction, AIS-dark movements, and actual cargo onboard."
2022-02-17,97,59,14,18,5,1,38,3194031,4141813,94.57,57.43,128.8,129.2,IMF PortWatch Daily_Chokepoints_Data chokepoint6,high_for_chokepoint_calls_low_for_cargo_contents,"Known: daily transit calls by broad vessel class. Unknown: vessel identity, direction, AIS-dark movements, and actual cargo onboard."
2022-02-18,93,56,16,19,2,0,37,3016880,4060314,92.57,56,123.5,122.6,IMF PortWatch Daily_Chokepoints_Data chokepoint6,high_for_chokepoint_calls_low_for_cargo_contents,"Known: daily transit calls by broad vessel class. Unknown: vessel identity, direction, AIS-dark movements, and actual cargo onboard."
2022-02-19,108,54,20,22,7,5,54,2688981,4219703,92.86,54.43,143.5,118.2,IMF PortWatch Daily_Chokepoints_Data chokepoint6,high_for_chokepoint_calls_low_for_cargo_contents,"Known: daily transit calls by broad vessel class. Unknown: vessel identity, direction, AIS-dark movements, and actual cargo onboard."
2022-02-20,98,68,11,14,1,4,30,3020172,4175764,95,57.43,130.2,148.9,IMF PortWatch Daily_Chokepoints_Data chokepoint6,high_for_chokepoint_calls_low_for_cargo_contents,"Known: daily transit calls by broad vessel class. Unknown: vessel identity, direction, AIS-dark movements, and actual cargo onboard."
2022-02-21,90,65,11,11,1,2,25,3833614,4534681,96.71,59.14,119.6,142.3,IMF PortWatch Daily_Chokepoints_Data chokepoint6,high_for_chokepoint_calls_low_for_cargo_contents,"Known: daily transit calls by broad vessel class. Unknown: vessel identity, direction, AIS-dark movements, and actual cargo onboard."
2022-02-22,57,42,7,6,0,2,15,1916386,2444348,92,56.71,75.7,91.9,IMF PortWatch Daily_Chokepoints_Data chokepoint6,high_for_chokepoint_calls_low_for_cargo_contents,"Known: daily transit calls by broad vessel class. Unknown: vessel identity, direction, AIS-dark movements, and actual cargo onboard."
2022-02-23,101,63,20,12,4,2,38,2190238,3220015,92,58.14,134.2,137.9,IMF PortWatch Daily_Chokepoints_Data chokepoint6,high_for_chokepoint_calls_low_for_cargo_contents,"Known: daily transit calls by broad vessel class. Unknown: vessel identity, direction, AIS-dark movements, and actual cargo onboard."
2022-02-24,90,50,16,17,5,2,40,2228851,3396205,91,56.86,119.6,109.5,IMF PortWatch Daily_Chokepoints_Data chokepoint6,high_for_chokepoint_calls_low_for_cargo_contents,"Known: daily transit calls by broad vessel class. Unknown: vessel identity, direction, AIS-dark movements, and actual cargo onboard."
2022-02-25,114,71,12,20,6,5,43,3998315,4996618,94,59,151.4,155.4,IMF PortWatch Daily_Chokepoints_Data chokepoint6,high_for_chokepoint_calls_low_for_cargo_contents,"Known: daily transit calls by broad vessel class. Unknown: vessel identity, direction, AIS-dark movements, and actual cargo onboard."
2022-02-26,97,62,12,19,3,1,35,3419909,4519864,92.43,60.14,128.8,135.7,IMF PortWatch Daily_Chokepoints_Data chokepoint6,high_for_chokepoint_calls_low_for_cargo_contents,"Known: daily transit calls by broad vessel class. Unknown: vessel identity, direction, AIS-dark movements, and actual cargo onboard."
2022-02-27,92,59,16,11,5,1,33,2926747,3915372,91.57,58.86,122.2,129.2,IMF PortWatch Daily_Chokepoints_Data chokepoint6,high_for_chokepoint_calls_low_for_cargo_contents,"Known: daily transit calls by broad vessel class. Unknown: vessel identity, direction, AIS-dark movements, and actual cargo onboard."
2022-02-28,70,41,11,12,4,2,29,1092434,1850235,88.71,55.43,93.0,89.8,IMF PortWatch Daily_Chokepoints_Data chokepoint6,high_for_chokepoint_calls_low_for_cargo_contents,"Known: daily transit calls by broad vessel class. Unknown: vessel identity, direction, AIS-dark movements, and actual cargo onboard."
2022-03-01,77,44,13,14,3,3,33,1860683,2847650,91.57,55.71,102.3,96.3,IMF PortWatch Daily_Chokepoints_Data chokepoint6,high_for_chokepoint_calls_low_for_cargo_contents,"Known: daily transit calls by broad vessel class. Unknown: vessel identity, direction, AIS-dark movements, and actual cargo onboard."
2022-03-02,84,56,12,12,3,1,28,2441547,3100784,89.14,54.71,111.6,122.6,IMF PortWatch Daily_Chokepoints_Data chokepoint6,high_for_chokepoint_calls_low_for_cargo_contents,"Known: daily transit calls by broad vessel class. Unknown: vessel identity, direction, AIS-dark movements, and actual cargo onboard."
2022-03-03,105,68,18,15,2,2,37,5120938,5821093,91.29,57.29,139.5,148.9,IMF PortWatch Daily_Chokepoints_Data chokepoint6,high_for_chokepoint_calls_low_for_cargo_contents,"Known: daily transit calls by broad vessel class. Unknown: vessel identity, direction, AIS-dark movements, and actual cargo onboard."
2022-03-04,89,54,12,18,4,1,35,1962512,3166222,87.71,54.86,118.2,118.2,IMF PortWatch Daily_Chokepoints_Data chokepoint6,high_for_chokepoint_calls_low_for_cargo_contents,"Known: daily transit calls by broad vessel class. Unknown: vessel identity, direction, AIS-dark movements, and actual cargo onboard."
2022-03-05,82,56,9,12,2,3,26,3771276,4748943,85.57,54,108.9,122.6,IMF PortWatch Daily_Chokepoints_Data chokepoint6,high_for_chokepoint_calls_low_for_cargo_contents,"Known: daily transit calls by broad vessel class. Unknown: vessel identity, direction, AIS-dark movements, and actual cargo onboard."
2022-03-06,99,61,13,19,2,4,38,2826339,3979337,86.57,54.29,131.5,133.5,IMF PortWatch Daily_Chokepoints_Data chokepoint6,high_for_chokepoint_calls_low_for_cargo_contents,"Known: daily transit calls by broad vessel class. Unknown: vessel identity, direction, AIS-dark movements, and actual cargo onboard."
2022-03-07,83,51,12,14,5,1,32,2384077,3491226,88.43,55.71,110.3,111.6,IMF PortWatch Daily_Chokepoints_Data chokepoint6,high_for_chokepoint_calls_low_for_cargo_contents,"Known: daily transit calls by broad vessel class. Unknown: vessel identity, direction, AIS-dark movements, and actual cargo onboard."
2022-03-08,66,41,10,10,2,3,25,2321450,3258440,86.86,55.29,87.7,89.8,IMF PortWatch Daily_Chokepoints_Data chokepoint6,high_for_chokepoint_calls_low_for_cargo_contents,"Known: daily transit calls by broad vessel class. Unknown: vessel identity, direction, AIS-dark movements, and actual cargo onboard."
2022-03-09,79,49,14,11,1,4,30,3207908,3941731,86.14,54.29,104.9,107.3,IMF PortWatch Daily_Chokepoints_Data chokepoint6,high_for_chokepoint_calls_low_for_cargo_contents,"Known: daily transit calls by broad vessel class. Unknown: vessel identity, direction, AIS-dark movements, and actual cargo onboard."
2022-03-10,75,43,10,16,3,3,32,1570841,2521729,81.86,50.71,99.6,94.1,IMF PortWatch Daily_Chokepoints_Data chokepoint6,high_for_chokepoint_calls_low_for_cargo_contents,"Known: daily transit calls by broad vessel class. Unknown: vessel identity, direction, AIS-dark movements, and actual cargo onboard."
2022-03-11,71,41,11,16,2,1,30,2461892,3432594,79.29,48.86,94.3,89.8,IMF PortWatch Daily_Chokepoints_Data chokepoint6,high_for_chokepoint_calls_low_for_cargo_contents,"Known: daily transit calls by broad vessel class. Unknown: vessel identity, direction, AIS-dark movements, and actual cargo onboard."
2022-03-12,101,52,21,19,6,3,49,3154091,4237263,82,48.29,134.2,113.8,IMF PortWatch Daily_Chokepoints_Data chokepoint6,high_for_chokepoint_calls_low_for_cargo_contents,"Known: daily transit calls by broad vessel class. Unknown: vessel identity, direction, AIS-dark movements, and actual cargo onboard."
2022-03-13,112,74,12,19,3,4,38,3907554,5048297,83.86,50.14,148.8,162.0,IMF PortWatch Daily_Chokepoints_Data chokepoint6,high_for_chokepoint_calls_low_for_cargo_contents,"Known: daily transit calls by broad vessel class. Unknown: vessel identity, direction, AIS-dark movements, and actual cargo onboard."
2022-03-14,108,64,15,19,7,3,44,2640731,3867311,87.43,52,143.5,140.1,IMF PortWatch Daily_Chokepoints_Data chokepoint6,high_for_chokepoint_calls_low_for_cargo_contents,"Known: daily transit calls by broad vessel class. Unknown: vessel identity, direction, AIS-dark movements, and actual cargo onboard."
2022-03-15,93,52,17,18,4,2,41,2569070,3527847,91.29,53.57,123.5,113.8,IMF PortWatch Daily_Chokepoints_Data chokepoint6,high_for_chokepoint_calls_low_for_cargo_contents,"Known: daily transit calls by broad vessel class. Unknown: vessel identity, direction, AIS-dark movements, and actual cargo onboard."
2022-03-16,105,70,8,19,6,2,35,3746923,4801315,95,56.57,139.5,153.2,IMF PortWatch Daily_Chokepoints_Data chokepoint6,high_for_chokepoint_calls_low_for_cargo_contents,"Known: daily transit calls by broad vessel class. Unknown: vessel identity, direction, AIS-dark movements, and actual cargo onboard."
2022-03-17,82,45,14,17,4,2,37,2136689,3333146,96,56.86,108.9,98.5,IMF PortWatch Daily_Chokepoints_Data chokepoint6,high_for_chokepoint_calls_low_for_cargo_contents,"Known: daily transit calls by broad vessel class. Unknown: vessel identity, direction, AIS-dark movements, and actual cargo onboard."
2022-03-18,53,39,4,9,0,1,14,1839557,2179304,93.43,56.57,70.4,85.4,IMF PortWatch Daily_Chokepoints_Data chokepoint6,high_for_chokepoint_calls_low_for_cargo_contents,"Known: daily transit calls by broad vessel class. Unknown: vessel identity, direction, AIS-dark movements, and actual cargo onboard."
2022-03-19,83,49,16,13,3,2,34,2646137,3746518,90.86,56.14,110.3,107.3,IMF PortWatch Daily_Chokepoints_Data chokepoint6,high_for_chokepoint_calls_low_for_cargo_contents,"Known: daily transit calls by broad vessel class. Unknown: vessel identity, direction, AIS-dark movements, and actual cargo onboard."
2022-03-20,83,54,10,12,6,1,29,2176373,2732702,86.71,53.29,110.3,118.2,IMF PortWatch Daily_Chokepoints_Data chokepoint6,high_for_chokepoint_calls_low_for_cargo_contents,"Known: daily transit calls by broad vessel class. Unknown: vessel identity, direction, AIS-dark movements, and actual cargo onboard."
2022-03-21,103,62,10,24,5,2,41,2679636,4235759,86,53,136.8,135.7,IMF PortWatch Daily_Chokepoints_Data chokepoint6,high_for_chokepoint_calls_low_for_cargo_contents,"Known: daily transit calls by broad vessel class. Unknown: vessel identity, direction, AIS-dark movements, and actual cargo onboard."
2022-03-22,98,60,14,17,6,1,38,3586125,4548170,86.71,54.14,130.2,131.3,IMF PortWatch Daily_Chokepoints_Data chokepoint6,high_for_chokepoint_calls_low_for_cargo_contents,"Known: daily transit calls by broad vessel class. Unknown: vessel identity, direction, AIS-dark movements, and actual cargo onboard."
2022-03-23,112,76,14,15,3,4,36,3753455,4701864,87.71,55,148.8,166.4,IMF PortWatch Daily_Chokepoints_Data chokepoint6,high_for_chokepoint_calls_low_for_cargo_contents,"Known: daily transit calls by broad vessel class. Unknown: vessel identity, direction, AIS-dark movements, and actual cargo onboard."
2022-03-24,55,32,9,11,2,1,23,1634224,2352902,83.86,53.14,73.1,70.1,IMF PortWatch Daily_Chokepoints_Data chokepoint6,high_for_chokepoint_calls_low_for_cargo_contents,"Known: daily transit calls by broad vessel class. Unknown: vessel identity, direction, AIS-dark movements, and actual cargo onboard."
2022-03-25,99,56,15,23,5,0,43,3031282,4958877,90.43,55.57,131.5,122.6,IMF PortWatch Daily_Chokepoints_Data chokepoint6,high_for_chokepoint_calls_low_for_cargo_contents,"Known: daily transit calls by broad vessel class. Unknown: vessel identity, direction, AIS-dark movements, and actual cargo onboard."
2022-03-26,103,67,16,13,5,2,36,4177081,5099740,93.29,58.14,136.8,146.7,IMF PortWatch Daily_Chokepoints_Data chokepoint6,high_for_chokepoint_calls_low_for_cargo_contents,"Known: daily transit calls by broad vessel class. Unknown: vessel identity, direction, AIS-dark movements, and actual cargo onboard."
2022-03-27,92,59,14,8,9,2,33,2014523,2520963,94.57,58.86,122.2,129.2,IMF PortWatch Daily_Chokepoints_Data chokepoint6,high_for_chokepoint_calls_low_for_cargo_contents,"Known: daily transit calls by broad vessel class. Unknown: vessel identity, direction, AIS-dark movements, and actual cargo onboard."
2022-03-28,71,46,6,17,1,1,25,2427290,3038896,90,56.57,94.3,100.7,IMF PortWatch Daily_Chokepoints_Data chokepoint6,high_for_chokepoint_calls_low_for_cargo_contents,"Known: daily transit calls by broad vessel class. Unknown: vessel identity, direction, AIS-dark movements, and actual cargo onboard."
2022-03-29,71,44,11,13,3,0,27,1872685,2788850,86.14,54.29,94.3,96.3,IMF PortWatch Daily_Chokepoints_Data chokepoint6,high_for_chokepoint_calls_low_for_cargo_contents,"Known: daily transit calls by broad vessel class. Unknown: vessel identity, direction, AIS-dark movements, and actual cargo onboard."
2022-03-30,71,36,14,16,2,3,35,1590908,2512083,80.29,48.57,94.3,78.8,IMF PortWatch Daily_Chokepoints_Data chokepoint6,high_for_chokepoint_calls_low_for_cargo_contents,"Known: daily transit calls by broad vessel class. Unknown: vessel identity, direction, AIS-dark movements, and actual cargo onboard."
2022-03-31,105,66,15,20,2,2,39,4544680,5643918,87.43,53.43,139.5,144.5,IMF PortWatch Daily_Chokepoints_Data chokepoint6,high_for_chokepoint_calls_low_for_cargo_contents,"Known: daily transit calls by broad vessel class. Unknown: vessel identity, direction, AIS-dark movements, and actual cargo onboard."
2022-04-01,111,74,17,14,3,3,37,3535991,5123630,89.14,56,147.4,162.0,IMF PortWatch Daily_Chokepoints_Data chokepoint6,high_for_chokepoint_calls_low_for_cargo_contents,"Known: daily transit calls by broad vessel class. Unknown: vessel identity, direction, AIS-dark movements, and actual cargo onboard."
2022-04-02,65,37,12,11,3,2,28,1736264,2459131,83.71,51.71,86.3,81.0,IMF PortWatch Daily_Chokepoints_Data chokepoint6,high_for_chokepoint_calls_low_for_cargo_contents,"Known: daily transit calls by broad vessel class. Unknown: vessel identity, direction, AIS-dark movements, and actual cargo onboard."
2022-04-03,101,69,17,12,2,1,32,3422579,4438058,85,53.14,134.2,151.1,IMF PortWatch Daily_Chokepoints_Data chokepoint6,high_for_chokepoint_calls_low_for_cargo_contents,"Known: daily transit calls by broad vessel class. Unknown: vessel identity, direction, AIS-dark movements, and actual cargo onboard."
2022-04-04,103,68,7,17,7,4,35,4870628,5586388,89.57,56.29,136.8,148.9,IMF PortWatch Daily_Chokepoints_Data chokepoint6,high_for_chokepoint_calls_low_for_cargo_contents,"Known: daily transit calls by broad vessel class. Unknown: vessel identity, direction, AIS-dark movements, and actual cargo onboard."
2022-04-05,103,57,18,24,2,2,46,1738993,3043921,94.14,58.14,136.8,124.8,IMF PortWatch Daily_Chokepoints_Data chokepoint6,high_for_chokepoint_calls_low_for_cargo_contents,"Known: daily transit calls by broad vessel class. Unknown: vessel identity, direction, AIS-dark movements, and actual cargo onboard."
2022-04-06,111,71,16,21,3,0,40,3424476,4684175,99.86,63.14,147.4,155.4,IMF PortWatch Daily_Chokepoints_Data chokepoint6,high_for_chokepoint_calls_low_for_cargo_contents,"Known: daily transit calls by broad vessel class. Unknown: vessel identity, direction, AIS-dark movements, and actual cargo onboard."
2022-04-07,100,67,12,14,5,2,33,3222741,4048075,99.14,63.29,132.8,146.7,IMF PortWatch Daily_Chokepoints_Data chokepoint6,high_for_chokepoint_calls_low_for_cargo_contents,"Known: daily transit calls by broad vessel class. Unknown: vessel identity, direction, AIS-dark movements, and actual cargo onboard."
2022-04-08,90,56,16,14,3,1,34,2820187,3542514,96.14,60.71,119.6,122.6,IMF PortWatch Daily_Chokepoints_Data chokepoint6,high_for_chokepoint_calls_low_for_cargo_contents,"Known: daily transit calls by broad vessel class. Unknown: vessel identity, direction, AIS-dark movements, and actual cargo onboard."
2022-04-09,99,58,17,17,6,1,41,4216381,5458227,101,63.71,131.5,127.0,IMF PortWatch Daily_Chokepoints_Data chokepoint6,high_for_chokepoint_calls_low_for_cargo_contents,"Known: daily transit calls by broad vessel class. Unknown: vessel identity, direction, AIS-dark movements, and actual cargo onboard."
2022-04-10,81,42,14,20,4,1,39,2848159,4170663,98.14,59.86,107.6,91.9,IMF PortWatch Daily_Chokepoints_Data chokepoint6,high_for_chokepoint_calls_low_for_cargo_contents,"Known: daily transit calls by broad vessel class. Unknown: vessel identity, direction, AIS-dark movements, and actual cargo onboard."
2022-04-11,85,57,14,12,1,1,28,2508343,3338678,95.57,58.29,112.9,124.8,IMF PortWatch Daily_Chokepoints_Data chokepoint6,high_for_chokepoint_calls_low_for_cargo_contents,"Known: daily transit calls by broad vessel class. Unknown: vessel identity, direction, AIS-dark movements, and actual cargo onboard."
2022-04-12,100,66,10,21,3,0,34,2847490,3712937,95.14,59.57,132.8,144.5,IMF PortWatch Daily_Chokepoints_Data chokepoint6,high_for_chokepoint_calls_low_for_cargo_contents,"Known: daily transit calls by broad vessel class. Unknown: vessel identity, direction, AIS-dark movements, and actual cargo onboard."
2022-04-13,101,54,18,21,4,4,47,2968139,4289115,93.71,57.14,134.2,118.2,IMF PortWatch Daily_Chokepoints_Data chokepoint6,high_for_chokepoint_calls_low_for_cargo_contents,"Known: daily transit calls by broad vessel class. Unknown: vessel identity, direction, AIS-dark movements, and actual cargo onboard."
2022-04-14,108,65,15,17,8,3,43,3155548,4403914,94.86,56.86,143.5,142.3,IMF PortWatch Daily_Chokepoints_Data chokepoint6,high_for_chokepoint_calls_low_for_cargo_contents,"Known: daily transit calls by broad vessel class. Unknown: vessel identity, direction, AIS-dark movements, and actual cargo onboard."
2022-04-15,96,72,15,7,2,0,24,2420608,3080072,95.71,59.14,127.5,157.6,IMF PortWatch Daily_Chokepoints_Data chokepoint6,high_for_chokepoint_calls_low_for_cargo_contents,"Known: daily transit calls by broad vessel class. Unknown: vessel identity, direction, AIS-dark movements, and actual cargo onboard."
2022-04-16,91,57,16,8,5,5,34,2383068,3431552,94.57,59,120.9,124.8,IMF PortWatch Daily_Chokepoints_Data chokepoint6,high_for_chokepoint_calls_low_for_cargo_contents,"Known: daily transit calls by broad vessel class. Unknown: vessel identity, direction, AIS-dark movements, and actual cargo onboard."
2022-04-17,98,67,11,13,5,2,31,4736329,5713030,97,62.57,130.2,146.7,IMF PortWatch Daily_Chokepoints_Data chokepoint6,high_for_chokepoint_calls_low_for_cargo_contents,"Known: daily transit calls by broad vessel class. Unknown: vessel identity, direction, AIS-dark movements, and actual cargo onboard."
2022-04-18,93,57,11,18,3,4,36,2520414,3460201,98.14,62.57,123.5,124.8,IMF PortWatch Daily_Chokepoints_Data chokepoint6,high_for_chokepoint_calls_low_for_cargo_contents,"Known: daily transit calls by broad vessel class. Unknown: vessel identity, direction, AIS-dark movements, and actual cargo onboard."
2022-04-19,97,63,17,14,1,2,34,3610334,4537357,97.71,62.14,128.8,137.9,IMF PortWatch Daily_Chokepoints_Data chokepoint6,high_for_chokepoint_calls_low_for_cargo_contents,"Known: daily transit calls by broad vessel class. Unknown: vessel identity, direction, AIS-dark movements, and actual cargo onboard."
2022-04-20,100,67,14,11,6,2,33,3577762,4583996,97.57,64,132.8,146.7,IMF PortWatch Daily_Chokepoints_Data chokepoint6,high_for_chokepoint_calls_low_for_cargo_contents,"Known: daily transit calls by broad vessel class. Unknown: vessel identity, direction, AIS-dark movements, and actual cargo onboard."
2022-04-21,93,47,19,22,4,1,46,2287135,3246637,95.43,61.43,123.5,102.9,IMF PortWatch Daily_Chokepoints_Data chokepoint6,high_for_chokepoint_calls_low_for_cargo_contents,"Known: daily transit calls by broad vessel class. Unknown: vessel identity, direction, AIS-dark movements, and actual cargo onboard."
2022-04-22,102,66,13,20,2,1,36,3240763,4085749,96.29,60.57,135.5,144.5,IMF PortWatch Daily_Chokepoints_Data chokepoint6,high_for_chokepoint_calls_low_for_cargo_contents,"Known: daily transit calls by broad vessel class. Unknown: vessel identity, direction, AIS-dark movements, and actual cargo onboard."
2022-04-23,114,73,18,16,3,4,41,3627524,4709552,99.57,62.86,151.4,159.8,IMF PortWatch Daily_Chokepoints_Data chokepoint6,high_for_chokepoint_calls_low_for_cargo_contents,"Known: daily transit calls by broad vessel class. Unknown: vessel identity, direction, AIS-dark movements, and actual cargo onboard."
2022-04-24,90,49,16,21,3,1,41,2493985,3491588,98.43,60.29,119.6,107.3,IMF PortWatch Daily_Chokepoints_Data chokepoint6,high_for_chokepoint_calls_low_for_cargo_contents,"Known: daily transit calls by broad vessel class. Unknown: vessel identity, direction, AIS-dark movements, and actual cargo onboard."
2022-04-25,95,59,17,13,5,1,36,2996226,3977129,98.71,60.57,126.2,129.2,IMF PortWatch Daily_Chokepoints_Data chokepoint6,high_for_chokepoint_calls_low_for_cargo_contents,"Known: daily transit calls by broad vessel class. Unknown: vessel identity, direction, AIS-dark movements, and actual cargo onboard."
2022-04-26,112,74,20,12,3,3,38,3062229,4042665,100.86,62.14,148.8,162.0,IMF PortWatch Daily_Chokepoints_Data chokepoint6,high_for_chokepoint_calls_low_for_cargo_contents,"Known: daily transit calls by broad vessel class. Unknown: vessel identity, direction, AIS-dark movements, and actual cargo onboard."
2022-04-27,104,68,18,13,3,2,36,3131469,4234098,101.43,62.29,138.1,148.9,IMF PortWatch Daily_Chokepoints_Data chokepoint6,high_for_chokepoint_calls_low_for_cargo_contents,"Known: daily transit calls by broad vessel class. Unknown: vessel identity, direction, AIS-dark movements, and actual cargo onboard."
2022-04-28,99,54,24,16,4,1,45,3230740,4378820,102.29,63.29,131.5,118.2,IMF PortWatch Daily_Chokepoints_Data chokepoint6,high_for_chokepoint_calls_low_for_cargo_contents,"Known: daily transit calls by broad vessel class. Unknown: vessel identity, direction, AIS-dark movements, and actual cargo onboard."
2022-04-29,97,62,16,14,3,2,35,2908018,3839841,101.57,62.71,128.8,135.7,IMF PortWatch Daily_Chokepoints_Data chokepoint6,high_for_chokepoint_calls_low_for_cargo_contents,"Known: daily transit calls by broad vessel class. Unknown: vessel identity, direction, AIS-dark movements, and actual cargo onboard."
2022-04-30,83,54,11,14,2,2,29,2405878,3496458,97.14,60,110.3,118.2,IMF PortWatch Daily_Chokepoints_Data chokepoint6,high_for_chokepoint_calls_low_for_cargo_contents,"Known: daily transit calls by broad vessel class. Unknown: vessel identity, direction, AIS-dark movements, and actual cargo onboard."
2022-05-01,92,60,10,16,4,2,32,1917539,3014316,97.43,61.57,122.2,131.3,IMF PortWatch Daily_Chokepoints_Data chokepoint6,high_for_chokepoint_calls_low_for_cargo_contents,"Known: daily transit calls by broad vessel class. Unknown: vessel identity, direction, AIS-dark movements, and actual cargo onboard."
2022-05-02,90,53,16,17,2,2,37,2567943,3611398,96.71,60.71,119.6,116.0,IMF PortWatch Daily_Chokepoints_Data chokepoint6,high_for_chokepoint_calls_low_for_cargo_contents,"Known: daily transit calls by broad vessel class. Unknown: vessel identity, direction, AIS-dark movements, and actual cargo onboard."
2022-05-03,95,65,16,10,4,0,30,3958966,4916942,94.29,59.43,126.2,142.3,IMF PortWatch Daily_Chokepoints_Data chokepoint6,high_for_chokepoint_calls_low_for_cargo_contents,"Known: daily transit calls by broad vessel class. Unknown: vessel identity, direction, AIS-dark movements, and actual cargo onboard."
2022-05-04,84,54,13,10,2,5,30,1998280,2738595,91.43,57.43,111.6,118.2,IMF PortWatch Daily_Chokepoints_Data chokepoint6,high_for_chokepoint_calls_low_for_cargo_contents,"Known: daily transit calls by broad vessel class. Unknown: vessel identity, direction, AIS-dark movements, and actual cargo onboard."
2022-05-05,105,69,10,17,6,3,36,2765187,3674570,92.29,59.57,139.5,151.1,IMF PortWatch Daily_Chokepoints_Data chokepoint6,high_for_chokepoint_calls_low_for_cargo_contents,"Known: daily transit calls by broad vessel class. Unknown: vessel identity, direction, AIS-dark movements, and actual cargo onboard."
2022-05-06,114,59,24,25,4,2,55,3172169,4863175,94.71,59.14,151.4,129.2,IMF PortWatch Daily_Chokepoints_Data chokepoint6,high_for_chokepoint_calls_low_for_cargo_contents,"Known: daily transit calls by broad vessel class. Unknown: vessel identity, direction, AIS-dark movements, and actual cargo onboard."
2022-05-07,109,65,26,12,4,2,44,2819907,3688053,98.43,60.71,144.8,142.3,IMF PortWatch Daily_Chokepoints_Data chokepoint6,high_for_chokepoint_calls_low_for_cargo_contents,"Known: daily transit calls by broad vessel class. Unknown: vessel identity, direction, AIS-dark movements, and actual cargo onboard."
2022-05-08,101,56,18,21,3,3,45,3661890,5160831,99.71,60.14,134.2,122.6,IMF PortWatch Daily_Chokepoints_Data chokepoint6,high_for_chokepoint_calls_low_for_cargo_contents,"Known: daily transit calls by broad vessel class. Unknown: vessel identity, direction, AIS-dark movements, and actual cargo onboard."
2022-05-09,91,61,13,14,1,2,30,2662827,3367417,99.86,61.29,120.9,133.5,IMF PortWatch Daily_Chokepoints_Data chokepoint6,high_for_chokepoint_calls_low_for_cargo_contents,"Known: daily transit calls by broad vessel class. Unknown: vessel identity, direction, AIS-dark movements, and actual cargo onboard."
2022-05-10,84,45,13,20,5,1,39,2342889,3206867,98.29,58.43,111.6,98.5,IMF PortWatch Daily_Chokepoints_Data chokepoint6,high_for_chokepoint_calls_low_for_cargo_contents,"Known: daily transit calls by broad vessel class. Unknown: vessel identity, direction, AIS-dark movements, and actual cargo onboard."
2022-05-11,41,26,6,6,0,3,15,1609476,1969241,92.14,54.43,54.5,56.9,IMF PortWatch Daily_Chokepoints_Data chokepoint6,high_for_chokepoint_calls_low_for_cargo_contents,"Known: daily transit calls by broad vessel class. Unknown: vessel identity, direction, AIS-dark movements, and actual cargo onboard."
2022-05-12,52,34,10,7,1,0,18,1659017,2038240,84.57,49.43,69.1,74.4,IMF PortWatch Daily_Chokepoints_Data chokepoint6,high_for_chokepoint_calls_low_for_cargo_contents,"Known: daily transit calls by broad vessel class. Unknown: vessel identity, direction, AIS-dark movements, and actual cargo onboard."
2022-05-13,48,25,12,9,2,0,23,1513945,2316256,75.14,44.57,63.8,54.7,IMF PortWatch Daily_Chokepoints_Data chokepoint6,high_for_chokepoint_calls_low_for_cargo_contents,"Known: daily transit calls by broad vessel class. Unknown: vessel identity, direction, AIS-dark movements, and actual cargo onboard."
2022-05-14,93,58,12,14,4,5,35,2139737,3060518,72.86,43.57,123.5,127.0,IMF PortWatch Daily_Chokepoints_Data chokepoint6,high_for_chokepoint_calls_low_for_cargo_contents,"Known: daily transit calls by broad vessel class. Unknown: vessel identity, direction, AIS-dark movements, and actual cargo onboard."
2022-05-15,69,45,8,11,1,4,24,2215638,2817656,68.29,42,91.7,98.5,IMF PortWatch Daily_Chokepoints_Data chokepoint6,high_for_chokepoint_calls_low_for_cargo_contents,"Known: daily transit calls by broad vessel class. Unknown: vessel identity, direction, AIS-dark movements, and actual cargo onboard."
2022-05-16,73,45,14,11,3,0,28,1610490,2333489,65.71,39.71,97.0,98.5,IMF PortWatch Daily_Chokepoints_Data chokepoint6,high_for_chokepoint_calls_low_for_cargo_contents,"Known: daily transit calls by broad vessel class. Unknown: vessel identity, direction, AIS-dark movements, and actual cargo onboard."
2022-05-17,97,55,20,17,3,2,42,3596024,4766033,67.57,41.14,128.8,120.4,IMF PortWatch Daily_Chokepoints_Data chokepoint6,high_for_chokepoint_calls_low_for_cargo_contents,"Known: daily transit calls by broad vessel class. Unknown: vessel identity, direction, AIS-dark movements, and actual cargo onboard."
2022-05-18,96,62,11,13,5,5,34,2130367,3002297,75.43,46.29,127.5,135.7,IMF PortWatch Daily_Chokepoints_Data chokepoint6,high_for_chokepoint_calls_low_for_cargo_contents,"Known: daily transit calls by broad vessel class. Unknown: vessel identity, direction, AIS-dark movements, and actual cargo onboard."
2022-05-19,105,60,15,24,5,1,45,2978587,4221584,83,50,139.5,131.3,IMF PortWatch Daily_Chokepoints_Data chokepoint6,high_for_chokepoint_calls_low_for_cargo_contents,"Known: daily transit calls by broad vessel class. Unknown: vessel identity, direction, AIS-dark movements, and actual cargo onboard."
2022-05-20,76,43,13,7,8,5,33,1810163,2484128,87,52.57,101.0,94.1,IMF PortWatch Daily_Chokepoints_Data chokepoint6,high_for_chokepoint_calls_low_for_cargo_contents,"Known: daily transit calls by broad vessel class. Unknown: vessel identity, direction, AIS-dark movements, and actual cargo onboard."
2022-05-21,102,57,16,22,6,1,45,3104788,4440023,88.29,52.43,135.5,124.8,IMF PortWatch Daily_Chokepoints_Data chokepoint6,high_for_chokepoint_calls_low_for_cargo_contents,"Known: daily transit calls by broad vessel class. Unknown: vessel identity, direction, AIS-dark movements, and actual cargo onboard."
2022-05-22,65,49,8,5,2,1,16,3096132,3452669,87.71,53,86.3,107.3,IMF PortWatch Daily_Chokepoints_Data chokepoint6,high_for_chokepoint_calls_low_for_cargo_contents,"Known: daily transit calls by broad vessel class. Unknown: vessel identity, direction, AIS-dark movements, and actual cargo onboard."
2022-05-23,87,61,9,14,3,0,26,2886446,3587078,89.71,55.29,115.6,133.5,IMF PortWatch Daily_Chokepoints_Data chokepoint6,high_for_chokepoint_calls_low_for_cargo_contents,"Known: daily transit calls by broad vessel class. Unknown: vessel identity, direction, AIS-dark movements, and actual cargo onboard."
2022-05-24,70,43,13,13,1,0,27,3006585,3822792,85.86,53.57,93.0,94.1,IMF PortWatch Daily_Chokepoints_Data chokepoint6,high_for_chokepoint_calls_low_for_cargo_contents,"Known: daily transit calls by broad vessel class. Unknown: vessel identity, direction, AIS-dark movements, and actual cargo onboard."
2022-05-25,89,51,20,13,2,3,38,2651372,3866571,84.86,52,118.2,111.6,IMF PortWatch Daily_Chokepoints_Data chokepoint6,high_for_chokepoint_calls_low_for_cargo_contents,"Known: daily transit calls by broad vessel class. Unknown: vessel identity, direction, AIS-dark movements, and actual cargo onboard."
2022-05-26,87,58,7,16,5,1,29,1576842,2505512,82.29,51.71,115.6,127.0,IMF PortWatch Daily_Chokepoints_Data chokepoint6,high_for_chokepoint_calls_low_for_cargo_contents,"Known: daily transit calls by broad vessel class. Unknown: vessel identity, direction, AIS-dark movements, and actual cargo onboard."
2022-05-27,107,70,15,16,2,4,37,4028117,5074760,86.71,55.57,142.1,153.2,IMF PortWatch Daily_Chokepoints_Data chokepoint6,high_for_chokepoint_calls_low_for_cargo_contents,"Known: daily transit calls by broad vessel class. Unknown: vessel identity, direction, AIS-dark movements, and actual cargo onboard."
2022-05-28,98,66,16,16,0,0,32,2643847,4014380,86.14,56.86,130.2,144.5,IMF PortWatch Daily_Chokepoints_Data chokepoint6,high_for_chokepoint_calls_low_for_cargo_contents,"Known: daily transit calls by broad vessel class. Unknown: vessel identity, direction, AIS-dark movements, and actual cargo onboard."
2022-05-29,103,62,14,19,3,5,41,3193880,4117529,91.57,58.71,136.8,135.7,IMF PortWatch Daily_Chokepoints_Data chokepoint6,high_for_chokepoint_calls_low_for_cargo_contents,"Known: daily transit calls by broad vessel class. Unknown: vessel identity, direction, AIS-dark movements, and actual cargo onboard."
2022-05-30,99,64,18,11,5,1,35,2555903,3691057,93.29,59.14,131.5,140.1,IMF PortWatch Daily_Chokepoints_Data chokepoint6,high_for_chokepoint_calls_low_for_cargo_contents,"Known: daily transit calls by broad vessel class. Unknown: vessel identity, direction, AIS-dark movements, and actual cargo onboard."
2022-05-31,94,63,15,12,3,1,31,2454506,3351032,96.71,62,124.9,137.9,IMF PortWatch Daily_Chokepoints_Data chokepoint6,high_for_chokepoint_calls_low_for_cargo_contents,"Known: daily transit calls by broad vessel class. Unknown: vessel identity, direction, AIS-dark movements, and actual cargo onboard."
2022-06-01,102,61,20,15,3,3,41,2315085,3357172,98.57,63.43,135.5,133.5,IMF PortWatch Daily_Chokepoints_Data chokepoint6,high_for_chokepoint_calls_low_for_cargo_contents,"Known: daily transit calls by broad vessel class. Unknown: vessel identity, direction, AIS-dark movements, and actual cargo onboard."
2022-06-02,116,71,18,20,2,5,45,3678818,4739175,102.71,65.29,154.1,155.4,IMF PortWatch Daily_Chokepoints_Data chokepoint6,high_for_chokepoint_calls_low_for_cargo_contents,"Known: daily transit calls by broad vessel class. Unknown: vessel identity, direction, AIS-dark movements, and actual cargo onboard."
2022-06-03,101,62,12,19,4,4,39,4160358,5274993,101.86,64.14,134.2,135.7,IMF PortWatch Daily_Chokepoints_Data chokepoint6,high_for_chokepoint_calls_low_for_cargo_contents,"Known: daily transit calls by broad vessel class. Unknown: vessel identity, direction, AIS-dark movements, and actual cargo onboard."
2022-06-04,86,47,18,15,3,3,39,1626351,2827503,100.14,61.43,114.2,102.9,IMF PortWatch Daily_Chokepoints_Data chokepoint6,high_for_chokepoint_calls_low_for_cargo_contents,"Known: daily transit calls by broad vessel class. Unknown: vessel identity, direction, AIS-dark movements, and actual cargo onboard."
2022-06-05,96,61,17,15,3,0,35,3412500,4317039,99.14,61.29,127.5,133.5,IMF PortWatch Daily_Chokepoints_Data chokepoint6,high_for_chokepoint_calls_low_for_cargo_contents,"Known: daily transit calls by broad vessel class. Unknown: vessel identity, direction, AIS-dark movements, and actual cargo onboard."
2022-06-06,96,67,12,11,1,5,29,2167050,3044370,98.71,61.71,127.5,146.7,IMF PortWatch Daily_Chokepoints_Data chokepoint6,high_for_chokepoint_calls_low_for_cargo_contents,"Known: daily transit calls by broad vessel class. Unknown: vessel identity, direction, AIS-dark movements, and actual cargo onboard."
2022-06-07,90,53,20,13,3,1,37,3144377,3901014,98.14,60.29,119.6,116.0,IMF PortWatch Daily_Chokepoints_Data chokepoint6,high_for_chokepoint_calls_low_for_cargo_contents,"Known: daily transit calls by broad vessel class. Unknown: vessel identity, direction, AIS-dark movements, and actual cargo onboard."
2022-06-08,55,33,10,10,1,1,22,1222573,2117027,91.43,56.29,73.1,72.2,IMF PortWatch Daily_Chokepoints_Data chokepoint6,high_for_chokepoint_calls_low_for_cargo_contents,"Known: daily transit calls by broad vessel class. Unknown: vessel identity, direction, AIS-dark movements, and actual cargo onboard."
2022-06-09,77,55,12,7,2,1,22,1630813,2174706,85.86,54,102.3,120.4,IMF PortWatch Daily_Chokepoints_Data chokepoint6,high_for_chokepoint_calls_low_for_cargo_contents,"Known: daily transit calls by broad vessel class. Unknown: vessel identity, direction, AIS-dark movements, and actual cargo onboard."
2022-06-10,68,44,12,10,1,1,24,2504808,3118680,81.14,51.43,90.3,96.3,IMF PortWatch Daily_Chokepoints_Data chokepoint6,high_for_chokepoint_calls_low_for_cargo_contents,"Known: daily transit calls by broad vessel class. Unknown: vessel identity, direction, AIS-dark movements, and actual cargo onboard."
2022-06-11,84,52,14,14,3,1,32,3401109,4011787,80.86,52.14,111.6,113.8,IMF PortWatch Daily_Chokepoints_Data chokepoint6,high_for_chokepoint_calls_low_for_cargo_contents,"Known: daily transit calls by broad vessel class. Unknown: vessel identity, direction, AIS-dark movements, and actual cargo onboard."
2022-06-12,87,60,13,10,2,2,27,2142259,3027488,79.57,52,115.6,131.3,IMF PortWatch Daily_Chokepoints_Data chokepoint6,high_for_chokepoint_calls_low_for_cargo_contents,"Known: daily transit calls by broad vessel class. Unknown: vessel identity, direction, AIS-dark movements, and actual cargo onboard."
2022-06-13,62,40,12,8,0,2,22,2106555,2805050,74.71,48.14,82.4,87.6,IMF PortWatch Daily_Chokepoints_Data chokepoint6,high_for_chokepoint_calls_low_for_cargo_contents,"Known: daily transit calls by broad vessel class. Unknown: vessel identity, direction, AIS-dark movements, and actual cargo onboard."
2022-06-14,104,64,15,20,5,0,40,4958550,6126372,76.71,49.71,138.1,140.1,IMF PortWatch Daily_Chokepoints_Data chokepoint6,high_for_chokepoint_calls_low_for_cargo_contents,"Known: daily transit calls by broad vessel class. Unknown: vessel identity, direction, AIS-dark movements, and actual cargo onboard."
2022-06-15,53,34,10,8,1,0,19,1485380,2068497,76.43,49.86,70.4,74.4,IMF PortWatch Daily_Chokepoints_Data chokepoint6,high_for_chokepoint_calls_low_for_cargo_contents,"Known: daily transit calls by broad vessel class. Unknown: vessel identity, direction, AIS-dark movements, and actual cargo onboard."
2022-06-16,98,60,17,16,2,3,38,3118133,4425168,79.43,50.57,130.2,131.3,IMF PortWatch Daily_Chokepoints_Data chokepoint6,high_for_chokepoint_calls_low_for_cargo_contents,"Known: daily transit calls by broad vessel class. Unknown: vessel identity, direction, AIS-dark movements, and actual cargo onboard."
2022-06-17,77,48,17,6,5,1,29,2066605,2642563,80.71,51.14,102.3,105.1,IMF PortWatch Daily_Chokepoints_Data chokepoint6,high_for_chokepoint_calls_low_for_cargo_contents,"Known: daily transit calls by broad vessel class. Unknown: vessel identity, direction, AIS-dark movements, and actual cargo onboard."
2022-06-18,81,50,12,13,4,2,31,2890542,3576994,80.29,50.86,107.6,109.5,IMF PortWatch Daily_Chokepoints_Data chokepoint6,high_for_chokepoint_calls_low_for_cargo_contents,"Known: daily transit calls by broad vessel class. Unknown: vessel identity, direction, AIS-dark movements, and actual cargo onboard."
2022-06-19,101,68,9,22,1,1,33,2697006,3531951,82.29,52,134.2,148.9,IMF PortWatch Daily_Chokepoints_Data chokepoint6,high_for_chokepoint_calls_low_for_cargo_contents,"Known: daily transit calls by broad vessel class. Unknown: vessel identity, direction, AIS-dark movements, and actual cargo onboard."
2022-06-20,93,56,19,14,1,3,37,2882250,4129474,86.71,54.29,123.5,122.6,IMF PortWatch Daily_Chokepoints_Data chokepoint6,high_for_chokepoint_calls_low_for_cargo_contents,"Known: daily transit calls by broad vessel class. Unknown: vessel identity, direction, AIS-dark movements, and actual cargo onboard."
2022-06-21,85,48,18,13,2,4,37,1511933,2243832,84,52,112.9,105.1,IMF PortWatch Daily_Chokepoints_Data chokepoint6,high_for_chokepoint_calls_low_for_cargo_contents,"Known: daily transit calls by broad vessel class. Unknown: vessel identity, direction, AIS-dark movements, and actual cargo onboard."
2022-06-22,77,47,15,11,2,2,30,3104600,4072583,87.43,53.86,102.3,102.9,IMF PortWatch Daily_Chokepoints_Data chokepoint6,high_for_chokepoint_calls_low_for_cargo_contents,"Known: daily transit calls by broad vessel class. Unknown: vessel identity, direction, AIS-dark movements, and actual cargo onboard."
2022-06-23,89,47,16,19,3,4,42,2038388,3144655,86.14,52,118.2,102.9,IMF PortWatch Daily_Chokepoints_Data chokepoint6,high_for_chokepoint_calls_low_for_cargo_contents,"Known: daily transit calls by broad vessel class. Unknown: vessel identity, direction, AIS-dark movements, and actual cargo onboard."
2022-06-24,69,40,9,16,4,0,29,3059558,3673102,85,50.86,91.7,87.6,IMF PortWatch Daily_Chokepoints_Data chokepoint6,high_for_chokepoint_calls_low_for_cargo_contents,"Known: daily transit calls by broad vessel class. Unknown: vessel identity, direction, AIS-dark movements, and actual cargo onboard."
2022-06-25,88,50,15,18,3,2,38,2632387,3820965,86,50.86,116.9,109.5,IMF PortWatch Daily_Chokepoints_Data chokepoint6,high_for_chokepoint_calls_low_for_cargo_contents,"Known: daily transit calls by broad vessel class. Unknown: vessel identity, direction, AIS-dark movements, and actual cargo onboard."
2022-06-26,94,63,14,10,6,1,31,3771129,4475490,85,50.14,124.9,137.9,IMF PortWatch Daily_Chokepoints_Data chokepoint6,high_for_chokepoint_calls_low_for_cargo_contents,"Known: daily transit calls by broad vessel class. Unknown: vessel identity, direction, AIS-dark movements, and actual cargo onboard."
2022-06-27,109,72,13,20,3,1,37,3021130,3778177,87.29,52.43,144.8,157.6,IMF PortWatch Daily_Chokepoints_Data chokepoint6,high_for_chokepoint_calls_low_for_cargo_contents,"Known: daily transit calls by broad vessel class. Unknown: vessel identity, direction, AIS-dark movements, and actual cargo onboard."
2022-06-28,89,53,17,16,1,2,36,2273120,3052181,87.86,53.14,118.2,116.0,IMF PortWatch Daily_Chokepoints_Data chokepoint6,high_for_chokepoint_calls_low_for_cargo_contents,"Known: daily transit calls by broad vessel class. Unknown: vessel identity, direction, AIS-dark movements, and actual cargo onboard."
2022-06-29,99,57,17,20,3,2,42,2175875,3703184,91,54.57,131.5,124.8,IMF PortWatch Daily_Chokepoints_Data chokepoint6,high_for_chokepoint_calls_low_for_cargo_contents,"Known: daily transit calls by broad vessel class. Unknown: vessel identity, direction, AIS-dark movements, and actual cargo onboard."
2022-06-30,113,72,18,19,1,3,41,3226950,4497046,94.43,58.14,150.1,157.6,IMF PortWatch Daily_Chokepoints_Data chokepoint6,high_for_chokepoint_calls_low_for_cargo_contents,"Known: daily transit calls by broad vessel class. Unknown: vessel identity, direction, AIS-dark movements, and actual cargo onboard."
2022-07-01,88,51,15,15,4,3,37,2261545,3081572,97.14,59.71,116.9,111.6,IMF PortWatch Daily_Chokepoints_Data chokepoint6,high_for_chokepoint_calls_low_for_cargo_contents,"Known: daily transit calls by broad vessel class. Unknown: vessel identity, direction, AIS-dark movements, and actual cargo onboard."
2022-07-02,76,43,14,11,5,3,33,3133038,3953508,95.43,58.71,101.0,94.1,IMF PortWatch Daily_Chokepoints_Data chokepoint6,high_for_chokepoint_calls_low_for_cargo_contents,"Known: daily transit calls by broad vessel class. Unknown: vessel identity, direction, AIS-dark movements, and actual cargo onboard."
2022-07-03,88,59,6,17,3,3,29,4103430,4856351,94.57,58.14,116.9,129.2,IMF PortWatch Daily_Chokepoints_Data chokepoint6,high_for_chokepoint_calls_low_for_cargo_contents,"Known: daily transit calls by broad vessel class. Unknown: vessel identity, direction, AIS-dark movements, and actual cargo onboard."
2022-07-04,110,71,14,22,1,2,39,3592687,4378003,94.71,58,146.1,155.4,IMF PortWatch Daily_Chokepoints_Data chokepoint6,high_for_chokepoint_calls_low_for_cargo_contents,"Known: daily transit calls by broad vessel class. Unknown: vessel identity, direction, AIS-dark movements, and actual cargo onboard."
2022-07-05,82,57,15,8,2,0,25,3274990,3785409,93.71,58.57,108.9,124.8,IMF PortWatch Daily_Chokepoints_Data chokepoint6,high_for_chokepoint_calls_low_for_cargo_contents,"Known: daily transit calls by broad vessel class. Unknown: vessel identity, direction, AIS-dark movements, and actual cargo onboard."
2022-07-06,95,57,18,11,7,2,38,2313671,3060619,93.14,58.57,126.2,124.8,IMF PortWatch Daily_Chokepoints_Data chokepoint6,high_for_chokepoint_calls_low_for_cargo_contents,"Known: daily transit calls by broad vessel class. Unknown: vessel identity, direction, AIS-dark movements, and actual cargo onboard."
2022-07-07,78,50,9,15,1,3,28,3080036,3846867,88.14,55.43,103.6,109.5,IMF PortWatch Daily_Chokepoints_Data chokepoint6,high_for_chokepoint_calls_low_for_cargo_contents,"Known: daily transit calls by broad vessel class. Unknown: vessel identity, direction, AIS-dark movements, and actual cargo onboard."
2022-07-08,51,35,10,4,2,0,16,2245255,2737493,82.86,53.14,67.7,76.6,IMF PortWatch Daily_Chokepoints_Data chokepoint6,high_for_chokepoint_calls_low_for_cargo_contents,"Known: daily transit calls by broad vessel class. Unknown: vessel identity, direction, AIS-dark movements, and actual cargo onboard."
2022-07-09,95,54,17,18,2,4,41,2950172,3949688,85.57,54.71,126.2,118.2,IMF PortWatch Daily_Chokepoints_Data chokepoint6,high_for_chokepoint_calls_low_for_cargo_contents,"Known: daily transit calls by broad vessel class. Unknown: vessel identity, direction, AIS-dark movements, and actual cargo onboard."
2022-07-10,61,38,10,11,1,1,23,1755275,2369817,81.71,51.71,81.0,83.2,IMF PortWatch Daily_Chokepoints_Data chokepoint6,high_for_chokepoint_calls_low_for_cargo_contents,"Known: daily transit calls by broad vessel class. Unknown: vessel identity, direction, AIS-dark movements, and actual cargo onboard."
2022-07-11,83,56,8,13,3,3,27,2966754,3706577,77.86,49.57,110.3,122.6,IMF PortWatch Daily_Chokepoints_Data chokepoint6,high_for_chokepoint_calls_low_for_cargo_contents,"Known: daily transit calls by broad vessel class. Unknown: vessel identity, direction, AIS-dark movements, and actual cargo onboard."
2022-07-12,76,46,17,9,4,0,30,2279545,3442245,77,48,101.0,100.7,IMF PortWatch Daily_Chokepoints_Data chokepoint6,high_for_chokepoint_calls_low_for_cargo_contents,"Known: daily transit calls by broad vessel class. Unknown: vessel identity, direction, AIS-dark movements, and actual cargo onboard."
2022-07-13,87,48,15,18,4,2,39,2131613,3559286,75.86,46.71,115.6,105.1,IMF PortWatch Daily_Chokepoints_Data chokepoint6,high_for_chokepoint_calls_low_for_cargo_contents,"Known: daily transit calls by broad vessel class. Unknown: vessel identity, direction, AIS-dark movements, and actual cargo onboard."
2022-07-14,116,78,17,13,4,4,38,3533686,4445001,81.29,50.71,154.1,170.8,IMF PortWatch Daily_Chokepoints_Data chokepoint6,high_for_chokepoint_calls_low_for_cargo_contents,"Known: daily transit calls by broad vessel class. Unknown: vessel identity, direction, AIS-dark movements, and actual cargo onboard."
2022-07-15,106,76,15,12,2,1,30,4607232,5666417,89.14,56.57,140.8,166.4,IMF PortWatch Daily_Chokepoints_Data chokepoint6,high_for_chokepoint_calls_low_for_cargo_contents,"Known: daily transit calls by broad vessel class. Unknown: vessel identity, direction, AIS-dark movements, and actual cargo onboard."
2022-07-16,94,55,19,12,2,6,39,3083197,3897483,89,56.71,124.9,120.4,IMF PortWatch Daily_Chokepoints_Data chokepoint6,high_for_chokepoint_calls_low_for_cargo_contents,"Known: daily transit calls by broad vessel class. Unknown: vessel identity, direction, AIS-dark movements, and actual cargo onboard."
2022-07-17,93,61,12,15,5,0,32,2955510,4069554,93.57,60,123.5,133.5,IMF PortWatch Daily_Chokepoints_Data chokepoint6,high_for_chokepoint_calls_low_for_cargo_contents,"Known: daily transit calls by broad vessel class. Unknown: vessel identity, direction, AIS-dark movements, and actual cargo onboard."
2022-07-18,62,42,11,7,1,1,20,2654168,3540352,90.57,58,82.4,91.9,IMF PortWatch Daily_Chokepoints_Data chokepoint6,high_for_chokepoint_calls_low_for_cargo_contents,"Known: daily transit calls by broad vessel class. Unknown: vessel identity, direction, AIS-dark movements, and actual cargo onboard."
2022-07-19,72,47,14,9,1,1,25,2552005,3366542,90,58.14,95.6,102.9,IMF PortWatch Daily_Chokepoints_Data chokepoint6,high_for_chokepoint_calls_low_for_cargo_contents,"Known: daily transit calls by broad vessel class. Unknown: vessel identity, direction, AIS-dark movements, and actual cargo onboard."
2022-07-20,86,51,15,16,2,2,35,3239943,3918108,89.86,58.57,114.2,111.6,IMF PortWatch Daily_Chokepoints_Data chokepoint6,high_for_chokepoint_calls_low_for_cargo_contents,"Known: daily transit calls by broad vessel class. Unknown: vessel identity, direction, AIS-dark movements, and actual cargo onboard."
2022-07-21,68,44,9,12,3,0,24,1009636,1980320,83,53.71,90.3,96.3,IMF PortWatch Daily_Chokepoints_Data chokepoint6,high_for_chokepoint_calls_low_for_cargo_contents,"Known: daily transit calls by broad vessel class. Unknown: vessel identity, direction, AIS-dark movements, and actual cargo onboard."
2022-07-22,78,56,12,8,2,0,22,2961657,3630092,79,50.86,103.6,122.6,IMF PortWatch Daily_Chokepoints_Data chokepoint6,high_for_chokepoint_calls_low_for_cargo_contents,"Known: daily transit calls by broad vessel class. Unknown: vessel identity, direction, AIS-dark movements, and actual cargo onboard."
2022-07-23,85,57,12,12,1,3,28,2980929,3843207,77.71,51.14,112.9,124.8,IMF PortWatch Daily_Chokepoints_Data chokepoint6,high_for_chokepoint_calls_low_for_cargo_contents,"Known: daily transit calls by broad vessel class. Unknown: vessel identity, direction, AIS-dark movements, and actual cargo onboard."
2022-07-24,44,26,8,7,1,2,18,1026757,1360712,70.71,46.14,58.4,56.9,IMF PortWatch Daily_Chokepoints_Data chokepoint6,high_for_chokepoint_calls_low_for_cargo_contents,"Known: daily transit calls by broad vessel class. Unknown: vessel identity, direction, AIS-dark movements, and actual cargo onboard."
2022-07-25,63,42,11,7,3,0,21,2262479,2889561,70.86,46.14,83.7,91.9,IMF PortWatch Daily_Chokepoints_Data chokepoint6,high_for_chokepoint_calls_low_for_cargo_contents,"Known: daily transit calls by broad vessel class. Unknown: vessel identity, direction, AIS-dark movements, and actual cargo onboard."
2022-07-26,103,63,15,17,8,0,40,2504428,3489963,75.29,48.43,136.8,137.9,IMF PortWatch Daily_Chokepoints_Data chokepoint6,high_for_chokepoint_calls_low_for_cargo_contents,"Known: daily transit calls by broad vessel class. Unknown: vessel identity, direction, AIS-dark movements, and actual cargo onboard."
2022-07-27,88,62,10,12,1,3,26,2963686,3937505,75.57,50,116.9,135.7,IMF PortWatch Daily_Chokepoints_Data chokepoint6,high_for_chokepoint_calls_low_for_cargo_contents,"Known: daily transit calls by broad vessel class. Unknown: vessel identity, direction, AIS-dark movements, and actual cargo onboard."
2022-07-28,83,49,15,14,2,3,34,2475915,3341987,77.71,50.71,110.3,107.3,IMF PortWatch Daily_Chokepoints_Data chokepoint6,high_for_chokepoint_calls_low_for_cargo_contents,"Known: daily transit calls by broad vessel class. Unknown: vessel identity, direction, AIS-dark movements, and actual cargo onboard."
2022-07-29,80,46,15,15,4,0,34,2563885,3707693,78,49.29,106.3,100.7,IMF PortWatch Daily_Chokepoints_Data chokepoint6,high_for_chokepoint_calls_low_for_cargo_contents,"Known: daily transit calls by broad vessel class. Unknown: vessel identity, direction, AIS-dark movements, and actual cargo onboard."
2022-07-30,101,64,10,22,4,1,37,2559153,3646452,80.29,50.29,134.2,140.1,IMF PortWatch Daily_Chokepoints_Data chokepoint6,high_for_chokepoint_calls_low_for_cargo_contents,"Known: daily transit calls by broad vessel class. Unknown: vessel identity, direction, AIS-dark movements, and actual cargo onboard."
2022-07-31,99,60,18,15,4,2,39,3675096,4470427,88.14,55.14,131.5,131.3,IMF PortWatch Daily_Chokepoints_Data chokepoint6,high_for_chokepoint_calls_low_for_cargo_contents,"Known: daily transit calls by broad vessel class. Unknown: vessel identity, direction, AIS-dark movements, and actual cargo onboard."
2022-08-01,90,55,16,12,6,1,35,3466531,4366612,92,57,119.6,120.4,IMF PortWatch Daily_Chokepoints_Data chokepoint6,high_for_chokepoint_calls_low_for_cargo_contents,"Known: daily transit calls by broad vessel class. Unknown: vessel identity, direction, AIS-dark movements, and actual cargo onboard."
2022-08-02,97,50,20,21,4,2,47,2153204,3676298,91.14,55.14,128.8,109.5,IMF PortWatch Daily_Chokepoints_Data chokepoint6,high_for_chokepoint_calls_low_for_cargo_contents,"Known: daily transit calls by broad vessel class. Unknown: vessel identity, direction, AIS-dark movements, and actual cargo onboard."
2022-08-03,115,61,16,27,6,5,54,2338951,4109723,95,55,152.8,133.5,IMF PortWatch Daily_Chokepoints_Data chokepoint6,high_for_chokepoint_calls_low_for_cargo_contents,"Known: daily transit calls by broad vessel class. Unknown: vessel identity, direction, AIS-dark movements, and actual cargo onboard."
2022-08-04,102,58,17,23,4,0,44,3127695,4087909,97.71,56.29,135.5,127.0,IMF PortWatch Daily_Chokepoints_Data chokepoint6,high_for_chokepoint_calls_low_for_cargo_contents,"Known: daily transit calls by broad vessel class. Unknown: vessel identity, direction, AIS-dark movements, and actual cargo onboard."
2022-08-05,105,66,16,16,0,7,39,3198889,4407856,101.29,59.14,139.5,144.5,IMF PortWatch Daily_Chokepoints_Data chokepoint6,high_for_chokepoint_calls_low_for_cargo_contents,"Known: daily transit calls by broad vessel class. Unknown: vessel identity, direction, AIS-dark movements, and actual cargo onboard."
2022-08-06,77,53,12,10,1,1,24,3348527,4184716,97.86,57.57,102.3,116.0,IMF PortWatch Daily_Chokepoints_Data chokepoint6,high_for_chokepoint_calls_low_for_cargo_contents,"Known: daily transit calls by broad vessel class. Unknown: vessel identity, direction, AIS-dark movements, and actual cargo onboard."
2022-08-07,102,65,21,12,2,2,37,1959682,2967252,98.29,58.29,135.5,142.3,IMF PortWatch Daily_Chokepoints_Data chokepoint6,high_for_chokepoint_calls_low_for_cargo_contents,"Known: daily transit calls by broad vessel class. Unknown: vessel identity, direction, AIS-dark movements, and actual cargo onboard."
2022-08-08,94,53,15,20,3,3,41,3392709,4528710,98.86,58,124.9,116.0,IMF PortWatch Daily_Chokepoints_Data chokepoint6,high_for_chokepoint_calls_low_for_cargo_contents,"Known: daily transit calls by broad vessel class. Unknown: vessel identity, direction, AIS-dark movements, and actual cargo onboard."
2022-08-09,58,34,11,11,2,0,24,1171565,2130834,93.29,55.71,77.0,74.4,IMF PortWatch Daily_Chokepoints_Data chokepoint6,high_for_chokepoint_calls_low_for_cargo_contents,"Known: daily transit calls by broad vessel class. Unknown: vessel identity, direction, AIS-dark movements, and actual cargo onboard."
2022-08-10,109,71,17,17,2,2,38,3865102,4737600,92.43,57.14,144.8,155.4,IMF PortWatch Daily_Chokepoints_Data chokepoint6,high_for_chokepoint_calls_low_for_cargo_contents,"Known: daily transit calls by broad vessel class. Unknown: vessel identity, direction, AIS-dark movements, and actual cargo onboard."
2022-08-11,78,50,14,9,2,3,28,2360983,3160843,89,56,103.6,109.5,IMF PortWatch Daily_Chokepoints_Data chokepoint6,high_for_chokepoint_calls_low_for_cargo_contents,"Known: daily transit calls by broad vessel class. Unknown: vessel identity, direction, AIS-dark movements, and actual cargo onboard."
2022-08-12,99,65,10,19,4,1,34,2840081,3999150,88.14,55.86,131.5,142.3,IMF PortWatch Daily_Chokepoints_Data chokepoint6,high_for_chokepoint_calls_low_for_cargo_contents,"Known: daily transit calls by broad vessel class. Unknown: vessel identity, direction, AIS-dark movements, and actual cargo onboard."
2022-08-13,98,59,18,17,2,2,39,2427151,3739081,91.14,56.71,130.2,129.2,IMF PortWatch Daily_Chokepoints_Data chokepoint6,high_for_chokepoint_calls_low_for_cargo_contents,"Known: daily transit calls by broad vessel class. Unknown: vessel identity, direction, AIS-dark movements, and actual cargo onboard."
2022-08-14,85,54,11,18,2,0,31,3439456,4473211,88.71,55.14,112.9,118.2,IMF PortWatch Daily_Chokepoints_Data chokepoint6,high_for_chokepoint_calls_low_for_cargo_contents,"Known: daily transit calls by broad vessel class. Unknown: vessel identity, direction, AIS-dark movements, and actual cargo onboard."
2022-08-15,97,62,12,19,2,2,35,2384601,3867899,89.14,56.43,128.8,135.7,IMF PortWatch Daily_Chokepoints_Data chokepoint6,high_for_chokepoint_calls_low_for_cargo_contents,"Known: daily transit calls by broad vessel class. Unknown: vessel identity, direction, AIS-dark movements, and actual cargo onboard."
2022-08-16,103,62,17,16,3,5,41,3083127,4004707,95.57,60.43,136.8,135.7,IMF PortWatch Daily_Chokepoints_Data chokepoint6,high_for_chokepoint_calls_low_for_cargo_contents,"Known: daily transit calls by broad vessel class. Unknown: vessel identity, direction, AIS-dark movements, and actual cargo onboard."
2022-08-17,66,40,12,9,2,3,26,3040988,3669757,89.43,56,87.7,87.6,IMF PortWatch Daily_Chokepoints_Data chokepoint6,high_for_chokepoint_calls_low_for_cargo_contents,"Known: daily transit calls by broad vessel class. Unknown: vessel identity, direction, AIS-dark movements, and actual cargo onboard."
2022-08-18,89,56,15,9,7,2,33,2816693,3473956,91,56.86,118.2,122.6,IMF PortWatch Daily_Chokepoints_Data chokepoint6,high_for_chokepoint_calls_low_for_cargo_contents,"Known: daily transit calls by broad vessel class. Unknown: vessel identity, direction, AIS-dark movements, and actual cargo onboard."
2022-08-19,123,72,27,15,6,3,51,2542736,3985836,94.43,57.86,163.4,157.6,IMF PortWatch Daily_Chokepoints_Data chokepoint6,high_for_chokepoint_calls_low_for_cargo_contents,"Known: daily transit calls by broad vessel class. Unknown: vessel identity, direction, AIS-dark movements, and actual cargo onboard."
2022-08-20,97,65,17,13,1,1,32,2864757,3796382,94.29,58.71,128.8,142.3,IMF PortWatch Daily_Chokepoints_Data chokepoint6,high_for_chokepoint_calls_low_for_cargo_contents,"Known: daily transit calls by broad vessel class. Unknown: vessel identity, direction, AIS-dark movements, and actual cargo onboard."
2022-08-21,86,53,12,15,4,2,33,3116575,3975702,94.43,58.57,114.2,116.0,IMF PortWatch Daily_Chokepoints_Data chokepoint6,high_for_chokepoint_calls_low_for_cargo_contents,"Known: daily transit calls by broad vessel class. Unknown: vessel identity, direction, AIS-dark movements, and actual cargo onboard."
2022-08-22,90,53,15,15,6,1,37,3171139,4100164,93.43,57.29,119.6,116.0,IMF PortWatch Daily_Chokepoints_Data chokepoint6,high_for_chokepoint_calls_low_for_cargo_contents,"Known: daily transit calls by broad vessel class. Unknown: vessel identity, direction, AIS-dark movements, and actual cargo onboard."
2022-08-23,104,65,19,16,2,2,39,2441331,3300851,93.57,57.71,138.1,142.3,IMF PortWatch Daily_Chokepoints_Data chokepoint6,high_for_chokepoint_calls_low_for_cargo_contents,"Known: daily transit calls by broad vessel class. Unknown: vessel identity, direction, AIS-dark movements, and actual cargo onboard."
2022-08-24,73,43,9,14,5,2,30,2900378,3740692,94.57,58.14,97.0,94.1,IMF PortWatch Daily_Chokepoints_Data chokepoint6,high_for_chokepoint_calls_low_for_cargo_contents,"Known: daily transit calls by broad vessel class. Unknown: vessel identity, direction, AIS-dark movements, and actual cargo onboard."
2022-08-25,76,45,12,12,6,1,31,1901581,2793279,92.71,56.57,101.0,98.5,IMF PortWatch Daily_Chokepoints_Data chokepoint6,high_for_chokepoint_calls_low_for_cargo_contents,"Known: daily transit calls by broad vessel class. Unknown: vessel identity, direction, AIS-dark movements, and actual cargo onboard."
2022-08-26,107,60,20,24,3,0,47,3657810,5145821,90.43,54.86,142.1,131.3,IMF PortWatch Daily_Chokepoints_Data chokepoint6,high_for_chokepoint_calls_low_for_cargo_contents,"Known: daily transit calls by broad vessel class. Unknown: vessel identity, direction, AIS-dark movements, and actual cargo onboard."
2022-08-27,87,43,16,23,4,1,44,2496993,3822373,89,51.71,115.6,94.1,IMF PortWatch Daily_Chokepoints_Data chokepoint6,high_for_chokepoint_calls_low_for_cargo_contents,"Known: daily transit calls by broad vessel class. Unknown: vessel identity, direction, AIS-dark movements, and actual cargo onboard."
2022-08-28,87,53,14,14,3,3,34,2529953,3315465,89.14,51.71,115.6,116.0,IMF PortWatch Daily_Chokepoints_Data chokepoint6,high_for_chokepoint_calls_low_for_cargo_contents,"Known: daily transit calls by broad vessel class. Unknown: vessel identity, direction, AIS-dark movements, and actual cargo onboard."
2022-08-29,66,36,13,14,1,2,30,2007362,2822035,85.71,49.29,87.7,78.8,IMF PortWatch Daily_Chokepoints_Data chokepoint6,high_for_chokepoint_calls_low_for_cargo_contents,"Known: daily transit calls by broad vessel class. Unknown: vessel identity, direction, AIS-dark movements, and actual cargo onboard."
2022-08-30,78,45,11,18,4,0,33,1712252,2847212,82,46.43,103.6,98.5,IMF PortWatch Daily_Chokepoints_Data chokepoint6,high_for_chokepoint_calls_low_for_cargo_contents,"Known: daily transit calls by broad vessel class. Unknown: vessel identity, direction, AIS-dark movements, and actual cargo onboard."
2022-08-31,100,63,14,17,4,2,37,5053925,6067546,85.86,49.29,132.8,137.9,IMF PortWatch Daily_Chokepoints_Data chokepoint6,high_for_chokepoint_calls_low_for_cargo_contents,"Known: daily transit calls by broad vessel class. Unknown: vessel identity, direction, AIS-dark movements, and actual cargo onboard."
2022-09-01,116,68,17,23,5,3,48,3261814,4405787,91.57,52.57,154.1,148.9,IMF PortWatch Daily_Chokepoints_Data chokepoint6,high_for_chokepoint_calls_low_for_cargo_contents,"Known: daily transit calls by broad vessel class. Unknown: vessel identity, direction, AIS-dark movements, and actual cargo onboard."
2022-09-02,100,65,18,11,3,3,35,3327977,4308063,90.57,53.29,132.8,142.3,IMF PortWatch Daily_Chokepoints_Data chokepoint6,high_for_chokepoint_calls_low_for_cargo_contents,"Known: daily transit calls by broad vessel class. Unknown: vessel identity, direction, AIS-dark movements, and actual cargo onboard."
2022-09-03,107,64,11,22,8,2,43,3930097,4872790,93.43,56.29,142.1,140.1,IMF PortWatch Daily_Chokepoints_Data chokepoint6,high_for_chokepoint_calls_low_for_cargo_contents,"Known: daily transit calls by broad vessel class. Unknown: vessel identity, direction, AIS-dark movements, and actual cargo onboard."
2022-09-04,102,62,19,16,4,1,40,4230721,5700252,95.57,57.57,135.5,135.7,IMF PortWatch Daily_Chokepoints_Data chokepoint6,high_for_chokepoint_calls_low_for_cargo_contents,"Known: daily transit calls by broad vessel class. Unknown: vessel identity, direction, AIS-dark movements, and actual cargo onboard."
2022-09-05,92,63,11,11,4,3,29,4302572,5100565,99.29,61.43,122.2,137.9,IMF PortWatch Daily_Chokepoints_Data chokepoint6,high_for_chokepoint_calls_low_for_cargo_contents,"Known: daily transit calls by broad vessel class. Unknown: vessel identity, direction, AIS-dark movements, and actual cargo onboard."
2022-09-06,93,51,16,21,2,3,42,1525854,2873768,101.43,62.29,123.5,111.6,IMF PortWatch Daily_Chokepoints_Data chokepoint6,high_for_chokepoint_calls_low_for_cargo_contents,"Known: daily transit calls by broad vessel class. Unknown: vessel identity, direction, AIS-dark movements, and actual cargo onboard."
2022-09-07,80,45,16,15,4,0,35,2431216,3592779,98.57,59.71,106.3,98.5,IMF PortWatch Daily_Chokepoints_Data chokepoint6,high_for_chokepoint_calls_low_for_cargo_contents,"Known: daily transit calls by broad vessel class. Unknown: vessel identity, direction, AIS-dark movements, and actual cargo onboard."
2022-09-08,80,48,10,14,6,2,32,3678096,4671892,93.43,56.86,106.3,105.1,IMF PortWatch Daily_Chokepoints_Data chokepoint6,high_for_chokepoint_calls_low_for_cargo_contents,"Known: daily transit calls by broad vessel class. Unknown: vessel identity, direction, AIS-dark movements, and actual cargo onboard."
2022-09-09,58,31,12,11,3,1,27,1375303,2013913,87.43,52,77.0,67.9,IMF PortWatch Daily_Chokepoints_Data chokepoint6,high_for_chokepoint_calls_low_for_cargo_contents,"Known: daily transit calls by broad vessel class. Unknown: vessel identity, direction, AIS-dark movements, and actual cargo onboard."
2022-09-10,53,37,6,9,0,1,16,2173164,2793124,79.71,48.14,70.4,81.0,IMF PortWatch Daily_Chokepoints_Data chokepoint6,high_for_chokepoint_calls_low_for_cargo_contents,"Known: daily transit calls by broad vessel class. Unknown: vessel identity, direction, AIS-dark movements, and actual cargo onboard."
2022-09-11,94,69,10,12,2,1,25,3497274,4086471,78.57,49.14,124.9,151.1,IMF PortWatch Daily_Chokepoints_Data chokepoint6,high_for_chokepoint_calls_low_for_cargo_contents,"Known: daily transit calls by broad vessel class. Unknown: vessel identity, direction, AIS-dark movements, and actual cargo onboard."
2022-09-12,74,44,14,12,1,3,30,2078473,3142949,76,46.43,98.3,96.3,IMF PortWatch Daily_Chokepoints_Data chokepoint6,high_for_chokepoint_calls_low_for_cargo_contents,"Known: daily transit calls by broad vessel class. Unknown: vessel identity, direction, AIS-dark movements, and actual cargo onboard."
2022-09-13,96,60,18,14,3,1,36,2962287,3799809,76.43,47.71,127.5,131.3,IMF PortWatch Daily_Chokepoints_Data chokepoint6,high_for_chokepoint_calls_low_for_cargo_contents,"Known: daily transit calls by broad vessel class. Unknown: vessel identity, direction, AIS-dark movements, and actual cargo onboard."
2022-09-14,112,55,20,23,12,2,57,3102888,4465664,81,49.14,148.8,120.4,IMF PortWatch Daily_Chokepoints_Data chokepoint6,high_for_chokepoint_calls_low_for_cargo_contents,"Known: daily transit calls by broad vessel class. Unknown: vessel identity, direction, AIS-dark movements, and actual cargo onboard."
2022-09-15,80,46,14,14,4,2,34,2501464,3277389,81,48.86,106.3,100.7,IMF PortWatch Daily_Chokepoints_Data chokepoint6,high_for_chokepoint_calls_low_for_cargo_contents,"Known: daily transit calls by broad vessel class. Unknown: vessel identity, direction, AIS-dark movements, and actual cargo onboard."
2022-09-16,106,69,18,13,5,1,37,2222365,3160987,87.86,54.29,140.8,151.1,IMF PortWatch Daily_Chokepoints_Data chokepoint6,high_for_chokepoint_calls_low_for_cargo_contents,"Known: daily transit calls by broad vessel class. Unknown: vessel identity, direction, AIS-dark movements, and actual cargo onboard."
2022-09-17,85,57,15,9,1,3,28,2370902,2793428,92.43,57.14,112.9,124.8,IMF PortWatch Daily_Chokepoints_Data chokepoint6,high_for_chokepoint_calls_low_for_cargo_contents,"Known: daily transit calls by broad vessel class. Unknown: vessel identity, direction, AIS-dark movements, and actual cargo onboard."
2022-09-18,85,46,13,25,1,0,39,2767317,3925832,91.14,53.86,112.9,100.7,IMF PortWatch Daily_Chokepoints_Data chokepoint6,high_for_chokepoint_calls_low_for_cargo_contents,"Known: daily transit calls by broad vessel class. Unknown: vessel identity, direction, AIS-dark movements, and actual cargo onboard."
2022-09-19,57,34,10,10,2,1,23,1520022,2104977,88.71,52.43,75.7,74.4,IMF PortWatch Daily_Chokepoints_Data chokepoint6,high_for_chokepoint_calls_low_for_cargo_contents,"Known: daily transit calls by broad vessel class. Unknown: vessel identity, direction, AIS-dark movements, and actual cargo onboard."
2022-09-20,101,60,17,15,6,3,41,3187709,4230122,89.43,52.43,134.2,131.3,IMF PortWatch Daily_Chokepoints_Data chokepoint6,high_for_chokepoint_calls_low_for_cargo_contents,"Known: daily transit calls by broad vessel class. Unknown: vessel identity, direction, AIS-dark movements, and actual cargo onboard."
2022-09-21,57,33,9,10,4,1,24,1661220,2396230,81.57,49.29,75.7,72.2,IMF PortWatch Daily_Chokepoints_Data chokepoint6,high_for_chokepoint_calls_low_for_cargo_contents,"Known: daily transit calls by broad vessel class. Unknown: vessel identity, direction, AIS-dark movements, and actual cargo onboard."
2022-09-22,90,60,18,9,2,1,30,2594417,3380160,83,51.29,119.6,131.3,IMF PortWatch Daily_Chokepoints_Data chokepoint6,high_for_chokepoint_calls_low_for_cargo_contents,"Known: daily transit calls by broad vessel class. Unknown: vessel identity, direction, AIS-dark movements, and actual cargo onboard."
2022-09-23,72,51,13,8,0,0,21,1723353,2665152,78.14,48.71,95.6,111.6,IMF PortWatch Daily_Chokepoints_Data chokepoint6,high_for_chokepoint_calls_low_for_cargo_contents,"Known: daily transit calls by broad vessel class. Unknown: vessel identity, direction, AIS-dark movements, and actual cargo onboard."
2022-09-24,63,30,6,17,6,4,33,1094347,1832408,75,44.86,83.7,65.7,IMF PortWatch Daily_Chokepoints_Data chokepoint6,high_for_chokepoint_calls_low_for_cargo_contents,"Known: daily transit calls by broad vessel class. Unknown: vessel identity, direction, AIS-dark movements, and actual cargo onboard."
2022-09-25,107,72,17,12,5,1,35,3911321,4940107,78.14,48.57,142.1,157.6,IMF PortWatch Daily_Chokepoints_Data chokepoint6,high_for_chokepoint_calls_low_for_cargo_contents,"Known: daily transit calls by broad vessel class. Unknown: vessel identity, direction, AIS-dark movements, and actual cargo onboard."
2022-09-26,99,51,18,27,3,0,48,1540557,3019762,84.14,51,131.5,111.6,IMF PortWatch Daily_Chokepoints_Data chokepoint6,high_for_chokepoint_calls_low_for_cargo_contents,"Known: daily transit calls by broad vessel class. Unknown: vessel identity, direction, AIS-dark movements, and actual cargo onboard."
2022-09-27,79,48,16,12,3,0,31,2049142,3031707,81,49.29,104.9,105.1,IMF PortWatch Daily_Chokepoints_Data chokepoint6,high_for_chokepoint_calls_low_for_cargo_contents,"Known: daily transit calls by broad vessel class. Unknown: vessel identity, direction, AIS-dark movements, and actual cargo onboard."
2022-09-28,66,43,9,10,1,3,23,2029264,2980576,82.29,50.71,87.7,94.1,IMF PortWatch Daily_Chokepoints_Data chokepoint6,high_for_chokepoint_calls_low_for_cargo_contents,"Known: daily transit calls by broad vessel class. Unknown: vessel identity, direction, AIS-dark movements, and actual cargo onboard."
2022-09-29,90,61,5,21,3,0,29,2707847,3332064,82.29,50.86,119.6,133.5,IMF PortWatch Daily_Chokepoints_Data chokepoint6,high_for_chokepoint_calls_low_for_cargo_contents,"Known: daily transit calls by broad vessel class. Unknown: vessel identity, direction, AIS-dark movements, and actual cargo onboard."
2022-09-30,67,42,13,10,2,0,25,2051985,2723794,81.57,49.57,89.0,91.9,IMF PortWatch Daily_Chokepoints_Data chokepoint6,high_for_chokepoint_calls_low_for_cargo_contents,"Known: daily transit calls by broad vessel class. Unknown: vessel identity, direction, AIS-dark movements, and actual cargo onboard."
2022-10-01,94,61,13,15,2,3,33,3620718,4470785,86,54,124.9,133.5,IMF PortWatch Daily_Chokepoints_Data chokepoint6,high_for_chokepoint_calls_low_for_cargo_contents,"Known: daily transit calls by broad vessel class. Unknown: vessel identity, direction, AIS-dark movements, and actual cargo onboard."
2022-10-02,91,54,12,19,4,2,37,2173620,3286085,83.71,51.43,120.9,118.2,IMF PortWatch Daily_Chokepoints_Data chokepoint6,high_for_chokepoint_calls_low_for_cargo_contents,"Known: daily transit calls by broad vessel class. Unknown: vessel identity, direction, AIS-dark movements, and actual cargo onboard."
2022-10-03,82,55,11,14,0,2,27,4019379,4621396,81.29,52,108.9,120.4,IMF PortWatch Daily_Chokepoints_Data chokepoint6,high_for_chokepoint_calls_low_for_cargo_contents,"Known: daily transit calls by broad vessel class. Unknown: vessel identity, direction, AIS-dark movements, and actual cargo onboard."
2022-10-04,88,56,13,14,3,2,32,4039750,4709250,82.57,53.14,116.9,122.6,IMF PortWatch Daily_Chokepoints_Data chokepoint6,high_for_chokepoint_calls_low_for_cargo_contents,"Known: daily transit calls by broad vessel class. Unknown: vessel identity, direction, AIS-dark movements, and actual cargo onboard."
2022-10-05,108,66,14,21,3,4,42,3352375,4815391,88.57,56.43,143.5,144.5,IMF PortWatch Daily_Chokepoints_Data chokepoint6,high_for_chokepoint_calls_low_for_cargo_contents,"Known: daily transit calls by broad vessel class. Unknown: vessel identity, direction, AIS-dark movements, and actual cargo onboard."
2022-10-06,85,50,14,15,4,2,35,1949122,3023931,87.86,54.86,112.9,109.5,IMF PortWatch Daily_Chokepoints_Data chokepoint6,high_for_chokepoint_calls_low_for_cargo_contents,"Known: daily transit calls by broad vessel class. Unknown: vessel identity, direction, AIS-dark movements, and actual cargo onboard."
2022-10-07,74,46,12,14,1,1,28,2108128,3301609,88.86,55.43,98.3,100.7,IMF PortWatch Daily_Chokepoints_Data chokepoint6,high_for_chokepoint_calls_low_for_cargo_contents,"Known: daily transit calls by broad vessel class. Unknown: vessel identity, direction, AIS-dark movements, and actual cargo onboard."
2022-10-08,98,60,15,16,4,3,38,2478850,3417431,89.43,55.29,130.2,131.3,IMF PortWatch Daily_Chokepoints_Data chokepoint6,high_for_chokepoint_calls_low_for_cargo_contents,"Known: daily transit calls by broad vessel class. Unknown: vessel identity, direction, AIS-dark movements, and actual cargo onboard."
2022-10-09,96,59,19,15,3,0,37,2501148,3678152,90.14,56,127.5,129.2,IMF PortWatch Daily_Chokepoints_Data chokepoint6,high_for_chokepoint_calls_low_for_cargo_contents,"Known: daily transit calls by broad vessel class. Unknown: vessel identity, direction, AIS-dark movements, and actual cargo onboard."
2022-10-10,94,51,21,18,2,2,43,2333721,3864639,91.86,55.43,124.9,111.6,IMF PortWatch Daily_Chokepoints_Data chokepoint6,high_for_chokepoint_calls_low_for_cargo_contents,"Known: daily transit calls by broad vessel class. Unknown: vessel identity, direction, AIS-dark movements, and actual cargo onboard."
2022-10-11,94,56,15,16,5,2,38,1949614,2887486,92.71,55.43,124.9,122.6,IMF PortWatch Daily_Chokepoints_Data chokepoint6,high_for_chokepoint_calls_low_for_cargo_contents,"Known: daily transit calls by broad vessel class. Unknown: vessel identity, direction, AIS-dark movements, and actual cargo onboard."
2022-10-12,81,50,14,11,2,4,31,2740740,3642855,88.86,53.14,107.6,109.5,IMF PortWatch Daily_Chokepoints_Data chokepoint6,high_for_chokepoint_calls_low_for_cargo_contents,"Known: daily transit calls by broad vessel class. Unknown: vessel identity, direction, AIS-dark movements, and actual cargo onboard."
2022-10-13,78,55,8,11,3,1,23,2800788,3147311,87.86,53.86,103.6,120.4,IMF PortWatch Daily_Chokepoints_Data chokepoint6,high_for_chokepoint_calls_low_for_cargo_contents,"Known: daily transit calls by broad vessel class. Unknown: vessel identity, direction, AIS-dark movements, and actual cargo onboard."
2022-10-14,103,57,18,20,5,3,46,2269104,3354573,92,55.43,136.8,124.8,IMF PortWatch Daily_Chokepoints_Data chokepoint6,high_for_chokepoint_calls_low_for_cargo_contents,"Known: daily transit calls by broad vessel class. Unknown: vessel identity, direction, AIS-dark movements, and actual cargo onboard."
2022-10-15,105,65,17,16,5,2,40,3381621,4667040,93,56.14,139.5,142.3,IMF PortWatch Daily_Chokepoints_Data chokepoint6,high_for_chokepoint_calls_low_for_cargo_contents,"Known: daily transit calls by broad vessel class. Unknown: vessel identity, direction, AIS-dark movements, and actual cargo onboard."
2022-10-16,95,61,17,14,2,1,34,3671928,4725370,92.86,56.43,126.2,133.5,IMF PortWatch Daily_Chokepoints_Data chokepoint6,high_for_chokepoint_calls_low_for_cargo_contents,"Known: daily transit calls by broad vessel class. Unknown: vessel identity, direction, AIS-dark movements, and actual cargo onboard."
2022-10-17,99,61,15,15,5,3,38,3960853,4939049,93.57,57.86,131.5,133.5,IMF PortWatch Daily_Chokepoints_Data chokepoint6,high_for_chokepoint_calls_low_for_cargo_contents,"Known: daily transit calls by broad vessel class. Unknown: vessel identity, direction, AIS-dark movements, and actual cargo onboard."
2022-10-18,62,35,10,14,1,2,27,1950112,2605599,89,54.86,82.4,76.6,IMF PortWatch Daily_Chokepoints_Data chokepoint6,high_for_chokepoint_calls_low_for_cargo_contents,"Known: daily transit calls by broad vessel class. Unknown: vessel identity, direction, AIS-dark movements, and actual cargo onboard."
2022-10-19,101,61,16,15,7,2,40,2761930,4208621,91.86,56.43,134.2,133.5,IMF PortWatch Daily_Chokepoints_Data chokepoint6,high_for_chokepoint_calls_low_for_cargo_contents,"Known: daily transit calls by broad vessel class. Unknown: vessel identity, direction, AIS-dark movements, and actual cargo onboard."
2022-10-20,60,37,9,10,2,2,23,1581329,2139408,89.29,53.86,79.7,81.0,IMF PortWatch Daily_Chokepoints_Data chokepoint6,high_for_chokepoint_calls_low_for_cargo_contents,"Known: daily transit calls by broad vessel class. Unknown: vessel identity, direction, AIS-dark movements, and actual cargo onboard."
2022-10-21,107,65,18,13,7,4,42,2696272,3707050,89.86,55,142.1,142.3,IMF PortWatch Daily_Chokepoints_Data chokepoint6,high_for_chokepoint_calls_low_for_cargo_contents,"Known: daily transit calls by broad vessel class. Unknown: vessel identity, direction, AIS-dark movements, and actual cargo onboard."
2022-10-22,97,60,16,17,4,0,37,2954589,3865794,88.71,54.29,128.8,131.3,IMF PortWatch Daily_Chokepoints_Data chokepoint6,high_for_chokepoint_calls_low_for_cargo_contents,"Known: daily transit calls by broad vessel class. Unknown: vessel identity, direction, AIS-dark movements, and actual cargo onboard."
2022-10-23,116,69,18,20,7,2,47,1805379,2977392,91.71,55.43,154.1,151.1,IMF PortWatch Daily_Chokepoints_Data chokepoint6,high_for_chokepoint_calls_low_for_cargo_contents,"Known: daily transit calls by broad vessel class. Unknown: vessel identity, direction, AIS-dark movements, and actual cargo onboard."
2022-10-24,79,56,10,9,2,2,23,2881058,3399897,88.86,54.71,104.9,122.6,IMF PortWatch Daily_Chokepoints_Data chokepoint6,high_for_chokepoint_calls_low_for_cargo_contents,"Known: daily transit calls by broad vessel class. Unknown: vessel identity, direction, AIS-dark movements, and actual cargo onboard."
2022-10-25,82,46,16,16,1,3,36,2489390,3298187,91.71,56.29,108.9,100.7,IMF PortWatch Daily_Chokepoints_Data chokepoint6,high_for_chokepoint_calls_low_for_cargo_contents,"Known: daily transit calls by broad vessel class. Unknown: vessel identity, direction, AIS-dark movements, and actual cargo onboard."
2022-10-26,75,49,7,12,4,3,26,2019801,2568582,88,54.57,99.6,107.3,IMF PortWatch Daily_Chokepoints_Data chokepoint6,high_for_chokepoint_calls_low_for_cargo_contents,"Known: daily transit calls by broad vessel class. Unknown: vessel identity, direction, AIS-dark movements, and actual cargo onboard."
2022-10-27,111,69,20,15,5,2,42,3174477,4220217,95.29,59.14,147.4,151.1,IMF PortWatch Daily_Chokepoints_Data chokepoint6,high_for_chokepoint_calls_low_for_cargo_contents,"Known: daily transit calls by broad vessel class. Unknown: vessel identity, direction, AIS-dark movements, and actual cargo onboard."
2022-10-28,123,77,14,23,1,8,46,3651303,4780573,97.57,60.86,163.4,168.6,IMF PortWatch Daily_Chokepoints_Data chokepoint6,high_for_chokepoint_calls_low_for_cargo_contents,"Known: daily transit calls by broad vessel class. Unknown: vessel identity, direction, AIS-dark movements, and actual cargo onboard."
2022-10-29,85,58,8,17,1,1,27,2892501,3570698,95.86,60.57,112.9,127.0,IMF PortWatch Daily_Chokepoints_Data chokepoint6,high_for_chokepoint_calls_low_for_cargo_contents,"Known: daily transit calls by broad vessel class. Unknown: vessel identity, direction, AIS-dark movements, and actual cargo onboard."
2022-10-30,74,36,17,16,4,1,38,2525128,3699082,89.86,55.86,98.3,78.8,IMF PortWatch Daily_Chokepoints_Data chokepoint6,high_for_chokepoint_calls_low_for_cargo_contents,"Known: daily transit calls by broad vessel class. Unknown: vessel identity, direction, AIS-dark movements, and actual cargo onboard."
2022-10-31,72,46,10,11,4,1,26,2324696,2843901,88.86,54.43,95.6,100.7,IMF PortWatch Daily_Chokepoints_Data chokepoint6,high_for_chokepoint_calls_low_for_cargo_contents,"Known: daily transit calls by broad vessel class. Unknown: vessel identity, direction, AIS-dark movements, and actual cargo onboard."
2022-11-01,95,54,21,17,1,2,41,3623551,4579270,90.71,55.57,126.2,118.2,IMF PortWatch Daily_Chokepoints_Data chokepoint6,high_for_chokepoint_calls_low_for_cargo_contents,"Known: daily transit calls by broad vessel class. Unknown: vessel identity, direction, AIS-dark movements, and actual cargo onboard."
2022-11-02,87,59,14,10,3,1,28,3735233,4606322,92.43,57,115.6,129.2,IMF PortWatch Daily_Chokepoints_Data chokepoint6,high_for_chokepoint_calls_low_for_cargo_contents,"Known: daily transit calls by broad vessel class. Unknown: vessel identity, direction, AIS-dark movements, and actual cargo onboard."
2022-11-03,82,45,15,12,4,6,37,2580061,3454778,88.29,53.57,108.9,98.5,IMF PortWatch Daily_Chokepoints_Data chokepoint6,high_for_chokepoint_calls_low_for_cargo_contents,"Known: daily transit calls by broad vessel class. Unknown: vessel identity, direction, AIS-dark movements, and actual cargo onboard."
2022-11-04,71,43,10,15,1,2,28,2941586,3953076,80.86,48.71,94.3,94.1,IMF PortWatch Daily_Chokepoints_Data chokepoint6,high_for_chokepoint_calls_low_for_cargo_contents,"Known: daily transit calls by broad vessel class. Unknown: vessel identity, direction, AIS-dark movements, and actual cargo onboard."
2022-11-05,62,39,12,6,2,3,23,2411091,2943179,77.57,46,82.4,85.4,IMF PortWatch Daily_Chokepoints_Data chokepoint6,high_for_chokepoint_calls_low_for_cargo_contents,"Known: daily transit calls by broad vessel class. Unknown: vessel identity, direction, AIS-dark movements, and actual cargo onboard."
2022-11-06,76,44,12,16,3,1,32,2863904,3492314,77.86,47.14,101.0,96.3,IMF PortWatch Daily_Chokepoints_Data chokepoint6,high_for_chokepoint_calls_low_for_cargo_contents,"Known: daily transit calls by broad vessel class. Unknown: vessel identity, direction, AIS-dark movements, and actual cargo onboard."
2022-11-07,87,52,11,21,3,0,35,2595177,3556512,80,48,115.6,113.8,IMF PortWatch Daily_Chokepoints_Data chokepoint6,high_for_chokepoint_calls_low_for_cargo_contents,"Known: daily transit calls by broad vessel class. Unknown: vessel identity, direction, AIS-dark movements, and actual cargo onboard."
2022-11-08,73,44,8,18,1,2,29,1671346,2569148,76.86,46.57,97.0,96.3,IMF PortWatch Daily_Chokepoints_Data chokepoint6,high_for_chokepoint_calls_low_for_cargo_contents,"Known: daily transit calls by broad vessel class. Unknown: vessel identity, direction, AIS-dark movements, and actual cargo onboard."
2022-11-09,43,27,10,5,0,1,16,1906716,2477207,70.57,42,57.1,59.1,IMF PortWatch Daily_Chokepoints_Data chokepoint6,high_for_chokepoint_calls_low_for_cargo_contents,"Known: daily transit calls by broad vessel class. Unknown: vessel identity, direction, AIS-dark movements, and actual cargo onboard."
2022-11-10,59,36,7,10,4,2,23,2569097,3379520,67.29,40.71,78.4,78.8,IMF PortWatch Daily_Chokepoints_Data chokepoint6,high_for_chokepoint_calls_low_for_cargo_contents,"Known: daily transit calls by broad vessel class. Unknown: vessel identity, direction, AIS-dark movements, and actual cargo onboard."
2022-11-11,89,56,10,18,3,2,33,2987005,3779409,69.86,42.57,118.2,122.6,IMF PortWatch Daily_Chokepoints_Data chokepoint6,high_for_chokepoint_calls_low_for_cargo_contents,"Known: daily transit calls by broad vessel class. Unknown: vessel identity, direction, AIS-dark movements, and actual cargo onboard."
2022-11-12,89,46,12,22,8,1,43,2142064,3111248,73.71,43.57,118.2,100.7,IMF PortWatch Daily_Chokepoints_Data chokepoint6,high_for_chokepoint_calls_low_for_cargo_contents,"Known: daily transit calls by broad vessel class. Unknown: vessel identity, direction, AIS-dark movements, and actual cargo onboard."
2022-11-13,55,35,8,8,4,0,20,2622270,3405574,70.71,42.29,73.1,76.6,IMF PortWatch Daily_Chokepoints_Data chokepoint6,high_for_chokepoint_calls_low_for_cargo_contents,"Known: daily transit calls by broad vessel class. Unknown: vessel identity, direction, AIS-dark movements, and actual cargo onboard."
2022-11-14,57,34,11,8,2,2,23,1186104,2116885,66.43,39.71,75.7,74.4,IMF PortWatch Daily_Chokepoints_Data chokepoint6,high_for_chokepoint_calls_low_for_cargo_contents,"Known: daily transit calls by broad vessel class. Unknown: vessel identity, direction, AIS-dark movements, and actual cargo onboard."
2022-11-15,70,47,10,7,3,3,23,2515694,2853518,66,40.14,93.0,102.9,IMF PortWatch Daily_Chokepoints_Data chokepoint6,high_for_chokepoint_calls_low_for_cargo_contents,"Known: daily transit calls by broad vessel class. Unknown: vessel identity, direction, AIS-dark movements, and actual cargo onboard."
2022-11-16,68,36,14,10,4,4,32,2473229,3515644,69.57,41.43,90.3,78.8,IMF PortWatch Daily_Chokepoints_Data chokepoint6,high_for_chokepoint_calls_low_for_cargo_contents,"Known: daily transit calls by broad vessel class. Unknown: vessel identity, direction, AIS-dark movements, and actual cargo onboard."
2022-11-17,98,65,21,9,2,1,33,3998417,4741844,75.14,45.57,130.2,142.3,IMF PortWatch Daily_Chokepoints_Data chokepoint6,high_for_chokepoint_calls_low_for_cargo_contents,"Known: daily transit calls by broad vessel class. Unknown: vessel identity, direction, AIS-dark movements, and actual cargo onboard."
2022-11-18,100,59,17,15,4,5,41,2605425,3683170,76.71,46,132.8,129.2,IMF PortWatch Daily_Chokepoints_Data chokepoint6,high_for_chokepoint_calls_low_for_cargo_contents,"Known: daily transit calls by broad vessel class. Unknown: vessel identity, direction, AIS-dark movements, and actual cargo onboard."
2022-11-19,27,16,2,7,1,1,11,685621,962675,67.86,41.71,35.9,35.0,IMF PortWatch Daily_Chokepoints_Data chokepoint6,high_for_chokepoint_calls_low_for_cargo_contents,"Known: daily transit calls by broad vessel class. Unknown: vessel identity, direction, AIS-dark movements, and actual cargo onboard."
2022-11-20,88,59,12,13,2,2,29,2270513,3248675,72.57,45.14,116.9,129.2,IMF PortWatch Daily_Chokepoints_Data chokepoint6,high_for_chokepoint_calls_low_for_cargo_contents,"Known: daily transit calls by broad vessel class. Unknown: vessel identity, direction, AIS-dark movements, and actual cargo onboard."
2022-11-21,62,37,13,9,1,2,25,1880843,2568168,73.29,45.57,82.4,81.0,IMF PortWatch Daily_Chokepoints_Data chokepoint6,high_for_chokepoint_calls_low_for_cargo_contents,"Known: daily transit calls by broad vessel class. Unknown: vessel identity, direction, AIS-dark movements, and actual cargo onboard."
2022-11-22,55,36,11,6,1,1,19,1157813,1991789,71.14,44,73.1,78.8,IMF PortWatch Daily_Chokepoints_Data chokepoint6,high_for_chokepoint_calls_low_for_cargo_contents,"Known: daily transit calls by broad vessel class. Unknown: vessel identity, direction, AIS-dark movements, and actual cargo onboard."
2022-11-23,64,32,11,16,2,3,32,1920956,2828240,70.57,43.43,85.0,70.1,IMF PortWatch Daily_Chokepoints_Data chokepoint6,high_for_chokepoint_calls_low_for_cargo_contents,"Known: daily transit calls by broad vessel class. Unknown: vessel identity, direction, AIS-dark movements, and actual cargo onboard."
2022-11-24,64,40,10,5,6,3,24,2839910,3205549,65.71,39.86,85.0,87.6,IMF PortWatch Daily_Chokepoints_Data chokepoint6,high_for_chokepoint_calls_low_for_cargo_contents,"Known: daily transit calls by broad vessel class. Unknown: vessel identity, direction, AIS-dark movements, and actual cargo onboard."
2022-11-25,57,37,10,6,4,0,20,1139437,1893480,59.57,36.71,75.7,81.0,IMF PortWatch Daily_Chokepoints_Data chokepoint6,high_for_chokepoint_calls_low_for_cargo_contents,"Known: daily transit calls by broad vessel class. Unknown: vessel identity, direction, AIS-dark movements, and actual cargo onboard."
2022-11-26,39,27,4,4,3,1,12,1212367,1473293,61.29,38.29,51.8,59.1,IMF PortWatch Daily_Chokepoints_Data chokepoint6,high_for_chokepoint_calls_low_for_cargo_contents,"Known: daily transit calls by broad vessel class. Unknown: vessel identity, direction, AIS-dark movements, and actual cargo onboard."
2022-11-27,90,56,13,14,6,1,34,2641411,3637609,61.57,37.86,119.6,122.6,IMF PortWatch Daily_Chokepoints_Data chokepoint6,high_for_chokepoint_calls_low_for_cargo_contents,"Known: daily transit calls by broad vessel class. Unknown: vessel identity, direction, AIS-dark movements, and actual cargo onboard."
2022-11-28,96,57,14,18,3,4,39,1770692,2694778,66.43,40.71,127.5,124.8,IMF PortWatch Daily_Chokepoints_Data chokepoint6,high_for_chokepoint_calls_low_for_cargo_contents,"Known: daily transit calls by broad vessel class. Unknown: vessel identity, direction, AIS-dark movements, and actual cargo onboard."
2022-11-29,98,56,20,14,4,4,42,2453160,3295341,72.57,43.57,130.2,122.6,IMF PortWatch Daily_Chokepoints_Data chokepoint6,high_for_chokepoint_calls_low_for_cargo_contents,"Known: daily transit calls by broad vessel class. Unknown: vessel identity, direction, AIS-dark movements, and actual cargo onboard."
2022-11-30,76,53,8,13,2,0,23,3056393,3512998,74.29,46.57,101.0,116.0,IMF PortWatch Daily_Chokepoints_Data chokepoint6,high_for_chokepoint_calls_low_for_cargo_contents,"Known: daily transit calls by broad vessel class. Unknown: vessel identity, direction, AIS-dark movements, and actual cargo onboard."
2022-12-01,63,37,11,10,2,3,26,1731781,2313156,74.14,46.14,83.7,81.0,IMF PortWatch Daily_Chokepoints_Data chokepoint6,high_for_chokepoint_calls_low_for_cargo_contents,"Known: daily transit calls by broad vessel class. Unknown: vessel identity, direction, AIS-dark movements, and actual cargo onboard."
2022-12-02,73,45,10,12,3,3,28,2349489,2946309,76.43,47.29,97.0,98.5,IMF PortWatch Daily_Chokepoints_Data chokepoint6,high_for_chokepoint_calls_low_for_cargo_contents,"Known: daily transit calls by broad vessel class. Unknown: vessel identity, direction, AIS-dark movements, and actual cargo onboard."
2022-12-03,63,39,9,10,2,3,24,2165541,3010345,79.86,49,83.7,85.4,IMF PortWatch Daily_Chokepoints_Data chokepoint6,high_for_chokepoint_calls_low_for_cargo_contents,"Known: daily transit calls by broad vessel class. Unknown: vessel identity, direction, AIS-dark movements, and actual cargo onboard."
2022-12-04,76,50,9,12,4,1,26,3020762,3760461,77.86,48.14,101.0,109.5,IMF PortWatch Daily_Chokepoints_Data chokepoint6,high_for_chokepoint_calls_low_for_cargo_contents,"Known: daily transit calls by broad vessel class. Unknown: vessel identity, direction, AIS-dark movements, and actual cargo onboard."
2022-12-05,77,48,17,8,3,1,29,2375601,2925495,75.14,46.86,102.3,105.1,IMF PortWatch Daily_Chokepoints_Data chokepoint6,high_for_chokepoint_calls_low_for_cargo_contents,"Known: daily transit calls by broad vessel class. Unknown: vessel identity, direction, AIS-dark movements, and actual cargo onboard."
2022-12-06,64,32,14,15,2,1,32,982634,2154688,70.29,43.43,85.0,70.1,IMF PortWatch Daily_Chokepoints_Data chokepoint6,high_for_chokepoint_calls_low_for_cargo_contents,"Known: daily transit calls by broad vessel class. Unknown: vessel identity, direction, AIS-dark movements, and actual cargo onboard."
2022-12-07,81,49,7,19,3,3,32,3510004,4503749,71,42.86,107.6,107.3,IMF PortWatch Daily_Chokepoints_Data chokepoint6,high_for_chokepoint_calls_low_for_cargo_contents,"Known: daily transit calls by broad vessel class. Unknown: vessel identity, direction, AIS-dark movements, and actual cargo onboard."
2022-12-08,57,36,8,7,4,2,21,1887275,2359682,70.14,42.71,75.7,78.8,IMF PortWatch Daily_Chokepoints_Data chokepoint6,high_for_chokepoint_calls_low_for_cargo_contents,"Known: daily transit calls by broad vessel class. Unknown: vessel identity, direction, AIS-dark movements, and actual cargo onboard."
2022-12-09,58,32,8,12,4,2,26,1709488,2508272,68,40.86,77.0,70.1,IMF PortWatch Daily_Chokepoints_Data chokepoint6,high_for_chokepoint_calls_low_for_cargo_contents,"Known: daily transit calls by broad vessel class. Unknown: vessel identity, direction, AIS-dark movements, and actual cargo onboard."
2022-12-10,74,42,16,15,1,0,32,2250433,3101594,69.57,41.29,98.3,91.9,IMF PortWatch Daily_Chokepoints_Data chokepoint6,high_for_chokepoint_calls_low_for_cargo_contents,"Known: daily transit calls by broad vessel class. Unknown: vessel identity, direction, AIS-dark movements, and actual cargo onboard."
2022-12-11,74,40,11,15,6,2,34,1826703,2735895,69.29,39.86,98.3,87.6,IMF PortWatch Daily_Chokepoints_Data chokepoint6,high_for_chokepoint_calls_low_for_cargo_contents,"Known: daily transit calls by broad vessel class. Unknown: vessel identity, direction, AIS-dark movements, and actual cargo onboard."
2022-12-12,85,49,13,15,4,4,36,3221438,4095378,70.43,40,112.9,107.3,IMF PortWatch Daily_Chokepoints_Data chokepoint6,high_for_chokepoint_calls_low_for_cargo_contents,"Known: daily transit calls by broad vessel class. Unknown: vessel identity, direction, AIS-dark movements, and actual cargo onboard."
2022-12-13,76,50,11,14,0,1,26,1512575,2234848,72.14,42.57,101.0,109.5,IMF PortWatch Daily_Chokepoints_Data chokepoint6,high_for_chokepoint_calls_low_for_cargo_contents,"Known: daily transit calls by broad vessel class. Unknown: vessel identity, direction, AIS-dark movements, and actual cargo onboard."
2022-12-14,69,40,11,14,1,3,29,3408085,3999257,70.43,41.29,91.7,87.6,IMF PortWatch Daily_Chokepoints_Data chokepoint6,high_for_chokepoint_calls_low_for_cargo_contents,"Known: daily transit calls by broad vessel class. Unknown: vessel identity, direction, AIS-dark movements, and actual cargo onboard."
2022-12-15,84,53,14,8,6,3,31,3017803,3339978,74.29,43.71,111.6,116.0,IMF PortWatch Daily_Chokepoints_Data chokepoint6,high_for_chokepoint_calls_low_for_cargo_contents,"Known: daily transit calls by broad vessel class. Unknown: vessel identity, direction, AIS-dark movements, and actual cargo onboard."
2022-12-16,69,41,14,12,1,1,28,2372259,3364013,75.86,45,91.7,89.8,IMF PortWatch Daily_Chokepoints_Data chokepoint6,high_for_chokepoint_calls_low_for_cargo_contents,"Known: daily transit calls by broad vessel class. Unknown: vessel identity, direction, AIS-dark movements, and actual cargo onboard."
2022-12-17,88,55,11,16,5,1,33,2906387,3889998,77.86,46.86,116.9,120.4,IMF PortWatch Daily_Chokepoints_Data chokepoint6,high_for_chokepoint_calls_low_for_cargo_contents,"Known: daily transit calls by broad vessel class. Unknown: vessel identity, direction, AIS-dark movements, and actual cargo onboard."
2022-12-18,93,56,11,22,2,2,37,2324320,3629296,80.57,49.14,123.5,122.6,IMF PortWatch Daily_Chokepoints_Data chokepoint6,high_for_chokepoint_calls_low_for_cargo_contents,"Known: daily transit calls by broad vessel class. Unknown: vessel identity, direction, AIS-dark movements, and actual cargo onboard."
2022-12-19,66,35,13,17,1,0,31,1638193,2855274,77.86,47.14,87.7,76.6,IMF PortWatch Daily_Chokepoints_Data chokepoint6,high_for_chokepoint_calls_low_for_cargo_contents,"Known: daily transit calls by broad vessel class. Unknown: vessel identity, direction, AIS-dark movements, and actual cargo onboard."
2022-12-20,60,36,9,10,4,1,24,2180122,2901471,75.57,45.14,79.7,78.8,IMF PortWatch Daily_Chokepoints_Data chokepoint6,high_for_chokepoint_calls_low_for_cargo_contents,"Known: daily transit calls by broad vessel class. Unknown: vessel identity, direction, AIS-dark movements, and actual cargo onboard."
2022-12-21,73,46,11,11,3,2,27,2500624,3152744,76.14,46,97.0,100.7,IMF PortWatch Daily_Chokepoints_Data chokepoint6,high_for_chokepoint_calls_low_for_cargo_contents,"Known: daily transit calls by broad vessel class. Unknown: vessel identity, direction, AIS-dark movements, and actual cargo onboard."
2022-12-22,90,63,8,11,5,3,27,2449582,3058187,77,47.43,119.6,137.9,IMF PortWatch Daily_Chokepoints_Data chokepoint6,high_for_chokepoint_calls_low_for_cargo_contents,"Known: daily transit calls by broad vessel class. Unknown: vessel identity, direction, AIS-dark movements, and actual cargo onboard."
2022-12-23,76,49,14,6,4,3,27,2293719,3085582,78,48.57,101.0,107.3,IMF PortWatch Daily_Chokepoints_Data chokepoint6,high_for_chokepoint_calls_low_for_cargo_contents,"Known: daily transit calls by broad vessel class. Unknown: vessel identity, direction, AIS-dark movements, and actual cargo onboard."
2022-12-24,56,34,8,10,4,0,22,1121824,1851366,73.43,45.57,74.4,74.4,IMF PortWatch Daily_Chokepoints_Data chokepoint6,high_for_chokepoint_calls_low_for_cargo_contents,"Known: daily transit calls by broad vessel class. Unknown: vessel identity, direction, AIS-dark movements, and actual cargo onboard."
2022-12-25,57,34,9,9,4,1,23,2244532,2975712,68.29,42.43,75.7,74.4,IMF PortWatch Daily_Chokepoints_Data chokepoint6,high_for_chokepoint_calls_low_for_cargo_contents,"Known: daily transit calls by broad vessel class. Unknown: vessel identity, direction, AIS-dark movements, and actual cargo onboard."
2022-12-26,56,36,8,10,1,1,20,2005633,2405501,66.86,42.57,74.4,78.8,IMF PortWatch Daily_Chokepoints_Data chokepoint6,high_for_chokepoint_calls_low_for_cargo_contents,"Known: daily transit calls by broad vessel class. Unknown: vessel identity, direction, AIS-dark movements, and actual cargo onboard."
2022-12-27,55,29,11,10,3,2,26,605160,1310103,66.14,41.57,73.1,63.5,IMF PortWatch Daily_Chokepoints_Data chokepoint6,high_for_chokepoint_calls_low_for_cargo_contents,"Known: daily transit calls by broad vessel class. Unknown: vessel identity, direction, AIS-dark movements, and actual cargo onboard."
2022-12-28,79,53,17,7,2,0,26,2692653,3568951,67,42.57,104.9,116.0,IMF PortWatch Daily_Chokepoints_Data chokepoint6,high_for_chokepoint_calls_low_for_cargo_contents,"Known: daily transit calls by broad vessel class. Unknown: vessel identity, direction, AIS-dark movements, and actual cargo onboard."
2022-12-29,63,36,11,10,5,1,27,1809004,2506047,63.14,38.71,83.7,78.8,IMF PortWatch Daily_Chokepoints_Data chokepoint6,high_for_chokepoint_calls_low_for_cargo_contents,"Known: daily transit calls by broad vessel class. Unknown: vessel identity, direction, AIS-dark movements, and actual cargo onboard."
2022-12-30,42,32,5,4,0,1,10,1203188,1584678,58.29,36.29,55.8,70.1,IMF PortWatch Daily_Chokepoints_Data chokepoint6,high_for_chokepoint_calls_low_for_cargo_contents,"Known: daily transit calls by broad vessel class. Unknown: vessel identity, direction, AIS-dark movements, and actual cargo onboard."
2022-12-31,54,31,6,14,2,1,23,1947513,2524713,58,35.86,71.7,67.9,IMF PortWatch Daily_Chokepoints_Data chokepoint6,high_for_chokepoint_calls_low_for_cargo_contents,"Known: daily transit calls by broad vessel class. Unknown: vessel identity, direction, AIS-dark movements, and actual cargo onboard."
2023-01-01,74,39,12,14,2,7,35,2748188,3836476,60.43,36.57,98.3,85.4,IMF PortWatch Daily_Chokepoints_Data chokepoint6,high_for_chokepoint_calls_low_for_cargo_contents,"Known: daily transit calls by broad vessel class. Unknown: vessel identity, direction, AIS-dark movements, and actual cargo onboard."
2023-01-02,86,52,13,16,3,2,34,2447189,3394889,64.71,38.86,114.2,113.8,IMF PortWatch Daily_Chokepoints_Data chokepoint6,high_for_chokepoint_calls_low_for_cargo_contents,"Known: daily transit calls by broad vessel class. Unknown: vessel identity, direction, AIS-dark movements, and actual cargo onboard."
2023-01-03,86,51,19,12,3,1,35,2760422,3604271,69.14,42,114.2,111.6,IMF PortWatch Daily_Chokepoints_Data chokepoint6,high_for_chokepoint_calls_low_for_cargo_contents,"Known: daily transit calls by broad vessel class. Unknown: vessel identity, direction, AIS-dark movements, and actual cargo onboard."
2023-01-04,80,51,15,11,2,1,29,4001385,4772967,69.29,41.71,106.3,111.6,IMF PortWatch Daily_Chokepoints_Data chokepoint6,high_for_chokepoint_calls_low_for_cargo_contents,"Known: daily transit calls by broad vessel class. Unknown: vessel identity, direction, AIS-dark movements, and actual cargo onboard."
2023-01-05,77,41,19,12,2,3,36,1528222,2809279,71.29,42.43,102.3,89.8,IMF PortWatch Daily_Chokepoints_Data chokepoint6,high_for_chokepoint_calls_low_for_cargo_contents,"Known: daily transit calls by broad vessel class. Unknown: vessel identity, direction, AIS-dark movements, and actual cargo onboard."
2023-01-06,53,35,7,7,2,2,18,1935599,2588930,72.86,42.86,70.4,76.6,IMF PortWatch Daily_Chokepoints_Data chokepoint6,high_for_chokepoint_calls_low_for_cargo_contents,"Known: daily transit calls by broad vessel class. Unknown: vessel identity, direction, AIS-dark movements, and actual cargo onboard."
2023-01-07,87,58,14,11,2,2,29,2877337,3560070,77.57,46.71,115.6,127.0,IMF PortWatch Daily_Chokepoints_Data chokepoint6,high_for_chokepoint_calls_low_for_cargo_contents,"Known: daily transit calls by broad vessel class. Unknown: vessel identity, direction, AIS-dark movements, and actual cargo onboard."
2023-01-08,76,43,11,16,4,2,33,2480918,3318430,77.86,47.29,101.0,94.1,IMF PortWatch Daily_Chokepoints_Data chokepoint6,high_for_chokepoint_calls_low_for_cargo_contents,"Known: daily transit calls by broad vessel class. Unknown: vessel identity, direction, AIS-dark movements, and actual cargo onboard."
2023-01-09,73,47,12,10,3,1,26,1681841,2481799,76,46.57,97.0,102.9,IMF PortWatch Daily_Chokepoints_Data chokepoint6,high_for_chokepoint_calls_low_for_cargo_contents,"Known: daily transit calls by broad vessel class. Unknown: vessel identity, direction, AIS-dark movements, and actual cargo onboard."
2023-01-10,77,44,11,15,6,1,33,1588923,2516253,74.71,45.57,102.3,96.3,IMF PortWatch Daily_Chokepoints_Data chokepoint6,high_for_chokepoint_calls_low_for_cargo_contents,"Known: daily transit calls by broad vessel class. Unknown: vessel identity, direction, AIS-dark movements, and actual cargo onboard."
2023-01-11,61,31,14,9,5,2,30,1688075,2341997,72,42.71,81.0,67.9,IMF PortWatch Daily_Chokepoints_Data chokepoint6,high_for_chokepoint_calls_low_for_cargo_contents,"Known: daily transit calls by broad vessel class. Unknown: vessel identity, direction, AIS-dark movements, and actual cargo onboard."
2023-01-12,66,38,13,13,2,0,28,1835785,2404914,70.43,42.29,87.7,83.2,IMF PortWatch Daily_Chokepoints_Data chokepoint6,high_for_chokepoint_calls_low_for_cargo_contents,"Known: daily transit calls by broad vessel class. Unknown: vessel identity, direction, AIS-dark movements, and actual cargo onboard."
2023-01-13,55,33,8,13,1,0,22,2119947,2632598,70.71,42,73.1,72.2,IMF PortWatch Daily_Chokepoints_Data chokepoint6,high_for_chokepoint_calls_low_for_cargo_contents,"Known: daily transit calls by broad vessel class. Unknown: vessel identity, direction, AIS-dark movements, and actual cargo onboard."
2023-01-14,80,49,12,12,4,3,31,4030262,4733290,69.71,40.71,106.3,107.3,IMF PortWatch Daily_Chokepoints_Data chokepoint6,high_for_chokepoint_calls_low_for_cargo_contents,"Known: daily transit calls by broad vessel class. Unknown: vessel identity, direction, AIS-dark movements, and actual cargo onboard."
2023-01-15,54,25,12,12,5,0,29,1324579,2303421,66.57,38.14,71.7,54.7,IMF PortWatch Daily_Chokepoints_Data chokepoint6,high_for_chokepoint_calls_low_for_cargo_contents,"Known: daily transit calls by broad vessel class. Unknown: vessel identity, direction, AIS-dark movements, and actual cargo onboard."
2023-01-16,65,41,10,11,2,1,24,2834564,3361912,65.43,37.29,86.3,89.8,IMF PortWatch Daily_Chokepoints_Data chokepoint6,high_for_chokepoint_calls_low_for_cargo_contents,"Known: daily transit calls by broad vessel class. Unknown: vessel identity, direction, AIS-dark movements, and actual cargo onboard."
2023-01-17,71,44,16,6,3,2,27,2699024,3301068,64.57,37.29,94.3,96.3,IMF PortWatch Daily_Chokepoints_Data chokepoint6,high_for_chokepoint_calls_low_for_cargo_contents,"Known: daily transit calls by broad vessel class. Unknown: vessel identity, direction, AIS-dark movements, and actual cargo onboard."
2023-01-18,81,50,13,17,0,1,31,2676557,3521235,67.43,40,107.6,109.5,IMF PortWatch Daily_Chokepoints_Data chokepoint6,high_for_chokepoint_calls_low_for_cargo_contents,"Known: daily transit calls by broad vessel class. Unknown: vessel identity, direction, AIS-dark movements, and actual cargo onboard."
2023-01-19,75,40,12,15,3,5,35,1609742,2491591,68.71,40.29,99.6,87.6,IMF PortWatch Daily_Chokepoints_Data chokepoint6,high_for_chokepoint_calls_low_for_cargo_contents,"Known: daily transit calls by broad vessel class. Unknown: vessel identity, direction, AIS-dark movements, and actual cargo onboard."
2023-01-20,69,45,10,12,2,0,24,2004156,2920147,70.71,42,91.7,98.5,IMF PortWatch Daily_Chokepoints_Data chokepoint6,high_for_chokepoint_calls_low_for_cargo_contents,"Known: daily transit calls by broad vessel class. Unknown: vessel identity, direction, AIS-dark movements, and actual cargo onboard."
2023-01-21,79,51,7,16,2,3,28,2517756,3249469,70.57,42.29,104.9,111.6,IMF PortWatch Daily_Chokepoints_Data chokepoint6,high_for_chokepoint_calls_low_for_cargo_contents,"Known: daily transit calls by broad vessel class. Unknown: vessel identity, direction, AIS-dark movements, and actual cargo onboard."
2023-01-22,84,54,13,12,3,2,30,3309586,4213567,74.86,46.43,111.6,118.2,IMF PortWatch Daily_Chokepoints_Data chokepoint6,high_for_chokepoint_calls_low_for_cargo_contents,"Known: daily transit calls by broad vessel class. Unknown: vessel identity, direction, AIS-dark movements, and actual cargo onboard."
2023-01-23,74,47,12,10,2,3,27,2619409,3418556,76.14,47.29,98.3,102.9,IMF PortWatch Daily_Chokepoints_Data chokepoint6,high_for_chokepoint_calls_low_for_cargo_contents,"Known: daily transit calls by broad vessel class. Unknown: vessel identity, direction, AIS-dark movements, and actual cargo onboard."
2023-01-24,81,45,18,8,6,4,36,2250382,3216173,77.57,47.43,107.6,98.5,IMF PortWatch Daily_Chokepoints_Data chokepoint6,high_for_chokepoint_calls_low_for_cargo_contents,"Known: daily transit calls by broad vessel class. Unknown: vessel identity, direction, AIS-dark movements, and actual cargo onboard."
2023-01-25,94,58,18,15,2,1,36,4119432,5172223,79.43,48.57,124.9,127.0,IMF PortWatch Daily_Chokepoints_Data chokepoint6,high_for_chokepoint_calls_low_for_cargo_contents,"Known: daily transit calls by broad vessel class. Unknown: vessel identity, direction, AIS-dark movements, and actual cargo onboard."
2023-01-26,79,51,15,11,1,1,28,2418100,3345458,80,50.14,104.9,111.6,IMF PortWatch Daily_Chokepoints_Data chokepoint6,high_for_chokepoint_calls_low_for_cargo_contents,"Known: daily transit calls by broad vessel class. Unknown: vessel identity, direction, AIS-dark movements, and actual cargo onboard."
2023-01-27,78,49,14,11,3,1,29,1725033,2453363,81.29,50.71,103.6,107.3,IMF PortWatch Daily_Chokepoints_Data chokepoint6,high_for_chokepoint_calls_low_for_cargo_contents,"Known: daily transit calls by broad vessel class. Unknown: vessel identity, direction, AIS-dark movements, and actual cargo onboard."
2023-01-28,84,54,15,13,2,0,30,2352473,3087648,82,51.14,111.6,118.2,IMF PortWatch Daily_Chokepoints_Data chokepoint6,high_for_chokepoint_calls_low_for_cargo_contents,"Known: daily transit calls by broad vessel class. Unknown: vessel identity, direction, AIS-dark movements, and actual cargo onboard."
2023-01-29,73,48,10,11,2,2,25,2369726,3297190,80.43,50.29,97.0,105.1,IMF PortWatch Daily_Chokepoints_Data chokepoint6,high_for_chokepoint_calls_low_for_cargo_contents,"Known: daily transit calls by broad vessel class. Unknown: vessel identity, direction, AIS-dark movements, and actual cargo onboard."
2023-01-30,71,44,9,13,2,3,27,2030859,2716906,80,49.86,94.3,96.3,IMF PortWatch Daily_Chokepoints_Data chokepoint6,high_for_chokepoint_calls_low_for_cargo_contents,"Known: daily transit calls by broad vessel class. Unknown: vessel identity, direction, AIS-dark movements, and actual cargo onboard."
2023-01-31,83,50,18,13,2,0,33,2315180,3295474,80.29,50.57,110.3,109.5,IMF PortWatch Daily_Chokepoints_Data chokepoint6,high_for_chokepoint_calls_low_for_cargo_contents,"Known: daily transit calls by broad vessel class. Unknown: vessel identity, direction, AIS-dark movements, and actual cargo onboard."
2023-02-01,75,53,12,6,4,0,22,2455712,3090314,77.57,49.86,99.6,116.0,IMF PortWatch Daily_Chokepoints_Data chokepoint6,high_for_chokepoint_calls_low_for_cargo_contents,"Known: daily transit calls by broad vessel class. Unknown: vessel identity, direction, AIS-dark movements, and actual cargo onboard."
2023-02-02,64,43,10,5,1,5,21,2404618,2803468,75.43,48.71,85.0,94.1,IMF PortWatch Daily_Chokepoints_Data chokepoint6,high_for_chokepoint_calls_low_for_cargo_contents,"Known: daily transit calls by broad vessel class. Unknown: vessel identity, direction, AIS-dark movements, and actual cargo onboard."
2023-02-03,91,55,5,25,5,1,36,2674702,3575565,77.29,49.57,120.9,120.4,IMF PortWatch Daily_Chokepoints_Data chokepoint6,high_for_chokepoint_calls_low_for_cargo_contents,"Known: daily transit calls by broad vessel class. Unknown: vessel identity, direction, AIS-dark movements, and actual cargo onboard."
2023-02-04,80,55,11,13,1,0,25,2949458,3796432,76.71,49.71,106.3,120.4,IMF PortWatch Daily_Chokepoints_Data chokepoint6,high_for_chokepoint_calls_low_for_cargo_contents,"Known: daily transit calls by broad vessel class. Unknown: vessel identity, direction, AIS-dark movements, and actual cargo onboard."
2023-02-05,64,39,8,11,5,1,25,2475180,3521767,75.43,48.43,85.0,85.4,IMF PortWatch Daily_Chokepoints_Data chokepoint6,high_for_chokepoint_calls_low_for_cargo_contents,"Known: daily transit calls by broad vessel class. Unknown: vessel identity, direction, AIS-dark movements, and actual cargo onboard."
2023-02-06,78,47,13,15,2,1,31,2640582,3466913,76.43,48.86,103.6,102.9,IMF PortWatch Daily_Chokepoints_Data chokepoint6,high_for_chokepoint_calls_low_for_cargo_contents,"Known: daily transit calls by broad vessel class. Unknown: vessel identity, direction, AIS-dark movements, and actual cargo onboard."
2023-02-07,92,52,12,17,7,4,40,1916394,2893915,77.71,49.14,122.2,113.8,IMF PortWatch Daily_Chokepoints_Data chokepoint6,high_for_chokepoint_calls_low_for_cargo_contents,"Known: daily transit calls by broad vessel class. Unknown: vessel identity, direction, AIS-dark movements, and actual cargo onboard."
2023-02-08,80,49,17,8,4,2,31,2762781,3692026,78.43,48.57,106.3,107.3,IMF PortWatch Daily_Chokepoints_Data chokepoint6,high_for_chokepoint_calls_low_for_cargo_contents,"Known: daily transit calls by broad vessel class. Unknown: vessel identity, direction, AIS-dark movements, and actual cargo onboard."
2023-02-09,80,44,17,14,3,2,36,2884548,4138205,80.71,48.71,106.3,96.3,IMF PortWatch Daily_Chokepoints_Data chokepoint6,high_for_chokepoint_calls_low_for_cargo_contents,"Known: daily transit calls by broad vessel class. Unknown: vessel identity, direction, AIS-dark movements, and actual cargo onboard."
2023-02-10,56,35,10,9,2,0,21,1831528,2532540,75.71,45.86,74.4,76.6,IMF PortWatch Daily_Chokepoints_Data chokepoint6,high_for_chokepoint_calls_low_for_cargo_contents,"Known: daily transit calls by broad vessel class. Unknown: vessel identity, direction, AIS-dark movements, and actual cargo onboard."
2023-02-11,46,29,6,8,2,1,17,1236670,1666818,70.86,42.14,61.1,63.5,IMF PortWatch Daily_Chokepoints_Data chokepoint6,high_for_chokepoint_calls_low_for_cargo_contents,"Known: daily transit calls by broad vessel class. Unknown: vessel identity, direction, AIS-dark movements, and actual cargo onboard."
2023-02-12,105,62,14,23,3,3,43,2377257,3278896,76.71,45.43,139.5,135.7,IMF PortWatch Daily_Chokepoints_Data chokepoint6,high_for_chokepoint_calls_low_for_cargo_contents,"Known: daily transit calls by broad vessel class. Unknown: vessel identity, direction, AIS-dark movements, and actual cargo onboard."
2023-02-13,99,64,16,8,7,4,35,3185822,3886512,79.71,47.86,131.5,140.1,IMF PortWatch Daily_Chokepoints_Data chokepoint6,high_for_chokepoint_calls_low_for_cargo_contents,"Known: daily transit calls by broad vessel class. Unknown: vessel identity, direction, AIS-dark movements, and actual cargo onboard."
2023-02-14,61,42,7,8,3,1,19,1443521,1982969,75.29,46.43,81.0,91.9,IMF PortWatch Daily_Chokepoints_Data chokepoint6,high_for_chokepoint_calls_low_for_cargo_contents,"Known: daily transit calls by broad vessel class. Unknown: vessel identity, direction, AIS-dark movements, and actual cargo onboard."
2023-02-15,46,24,14,5,2,1,22,1035551,1493892,70.43,42.86,61.1,52.5,IMF PortWatch Daily_Chokepoints_Data chokepoint6,high_for_chokepoint_calls_low_for_cargo_contents,"Known: daily transit calls by broad vessel class. Unknown: vessel identity, direction, AIS-dark movements, and actual cargo onboard."
2023-02-16,124,71,26,22,3,2,53,3496850,4847819,76.71,46.71,164.7,155.4,IMF PortWatch Daily_Chokepoints_Data chokepoint6,high_for_chokepoint_calls_low_for_cargo_contents,"Known: daily transit calls by broad vessel class. Unknown: vessel identity, direction, AIS-dark movements, and actual cargo onboard."
2023-02-17,97,55,18,15,7,2,42,2947001,4089635,82.57,49.57,128.8,120.4,IMF PortWatch Daily_Chokepoints_Data chokepoint6,high_for_chokepoint_calls_low_for_cargo_contents,"Known: daily transit calls by broad vessel class. Unknown: vessel identity, direction, AIS-dark movements, and actual cargo onboard."
2023-02-18,68,40,8,16,3,1,28,2356472,2905401,85.71,51.14,90.3,87.6,IMF PortWatch Daily_Chokepoints_Data chokepoint6,high_for_chokepoint_calls_low_for_cargo_contents,"Known: daily transit calls by broad vessel class. Unknown: vessel identity, direction, AIS-dark movements, and actual cargo onboard."
2023-02-19,69,40,13,12,3,1,29,1963693,3020976,80.57,48,91.7,87.6,IMF PortWatch Daily_Chokepoints_Data chokepoint6,high_for_chokepoint_calls_low_for_cargo_contents,"Known: daily transit calls by broad vessel class. Unknown: vessel identity, direction, AIS-dark movements, and actual cargo onboard."
2023-02-20,88,50,16,16,3,3,38,1660972,2544394,79,46,116.9,109.5,IMF PortWatch Daily_Chokepoints_Data chokepoint6,high_for_chokepoint_calls_low_for_cargo_contents,"Known: daily transit calls by broad vessel class. Unknown: vessel identity, direction, AIS-dark movements, and actual cargo onboard."
2023-02-21,77,38,17,11,7,4,39,1330551,2187810,81.29,45.43,102.3,83.2,IMF PortWatch Daily_Chokepoints_Data chokepoint6,high_for_chokepoint_calls_low_for_cargo_contents,"Known: daily transit calls by broad vessel class. Unknown: vessel identity, direction, AIS-dark movements, and actual cargo onboard."
2023-02-22,109,70,14,16,5,4,39,3395079,4411302,90.29,52,144.8,153.2,IMF PortWatch Daily_Chokepoints_Data chokepoint6,high_for_chokepoint_calls_low_for_cargo_contents,"Known: daily transit calls by broad vessel class. Unknown: vessel identity, direction, AIS-dark movements, and actual cargo onboard."
2023-02-23,68,41,12,10,2,3,27,2506606,3369141,82.29,47.71,90.3,89.8,IMF PortWatch Daily_Chokepoints_Data chokepoint6,high_for_chokepoint_calls_low_for_cargo_contents,"Known: daily transit calls by broad vessel class. Unknown: vessel identity, direction, AIS-dark movements, and actual cargo onboard."
2023-02-24,120,77,15,19,7,2,43,4536489,5878456,85.57,50.86,159.4,168.6,IMF PortWatch Daily_Chokepoints_Data chokepoint6,high_for_chokepoint_calls_low_for_cargo_contents,"Known: daily transit calls by broad vessel class. Unknown: vessel identity, direction, AIS-dark movements, and actual cargo onboard."
2023-02-25,92,49,16,19,6,2,43,2320098,3501668,89,52.14,122.2,107.3,IMF PortWatch Daily_Chokepoints_Data chokepoint6,high_for_chokepoint_calls_low_for_cargo_contents,"Known: daily transit calls by broad vessel class. Unknown: vessel identity, direction, AIS-dark movements, and actual cargo onboard."
2023-02-26,107,65,16,18,4,4,42,3280424,4625658,94.43,55.71,142.1,142.3,IMF PortWatch Daily_Chokepoints_Data chokepoint6,high_for_chokepoint_calls_low_for_cargo_contents,"Known: daily transit calls by broad vessel class. Unknown: vessel identity, direction, AIS-dark movements, and actual cargo onboard."
2023-02-27,82,57,12,10,1,2,25,2588254,3282409,93.57,56.71,108.9,124.8,IMF PortWatch Daily_Chokepoints_Data chokepoint6,high_for_chokepoint_calls_low_for_cargo_contents,"Known: daily transit calls by broad vessel class. Unknown: vessel identity, direction, AIS-dark movements, and actual cargo onboard."
2023-02-28,85,46,20,10,4,5,39,3378321,4428854,94.71,57.86,112.9,100.7,IMF PortWatch Daily_Chokepoints_Data chokepoint6,high_for_chokepoint_calls_low_for_cargo_contents,"Known: daily transit calls by broad vessel class. Unknown: vessel identity, direction, AIS-dark movements, and actual cargo onboard."
2023-03-01,76,45,13,13,3,2,31,1720946,2618584,90,54.29,101.0,98.5,IMF PortWatch Daily_Chokepoints_Data chokepoint6,high_for_chokepoint_calls_low_for_cargo_contents,"Known: daily transit calls by broad vessel class. Unknown: vessel identity, direction, AIS-dark movements, and actual cargo onboard."
2023-03-02,71,42,10,14,3,2,29,2078829,2821163,90.43,54.43,94.3,91.9,IMF PortWatch Daily_Chokepoints_Data chokepoint6,high_for_chokepoint_calls_low_for_cargo_contents,"Known: daily transit calls by broad vessel class. Unknown: vessel identity, direction, AIS-dark movements, and actual cargo onboard."
2023-03-03,76,46,16,9,3,2,30,3359562,4256114,84.14,50,101.0,100.7,IMF PortWatch Daily_Chokepoints_Data chokepoint6,high_for_chokepoint_calls_low_for_cargo_contents,"Known: daily transit calls by broad vessel class. Unknown: vessel identity, direction, AIS-dark movements, and actual cargo onboard."
2023-03-04,60,36,11,6,4,3,24,2235352,2917122,79.57,48.14,79.7,78.8,IMF PortWatch Daily_Chokepoints_Data chokepoint6,high_for_chokepoint_calls_low_for_cargo_contents,"Known: daily transit calls by broad vessel class. Unknown: vessel identity, direction, AIS-dark movements, and actual cargo onboard."
2023-03-05,86,63,9,9,1,4,23,4084677,4736799,76.57,47.86,114.2,137.9,IMF PortWatch Daily_Chokepoints_Data chokepoint6,high_for_chokepoint_calls_low_for_cargo_contents,"Known: daily transit calls by broad vessel class. Unknown: vessel identity, direction, AIS-dark movements, and actual cargo onboard."
2023-03-06,108,56,20,25,2,5,52,1521640,3100939,80.29,47.71,143.5,122.6,IMF PortWatch Daily_Chokepoints_Data chokepoint6,high_for_chokepoint_calls_low_for_cargo_contents,"Known: daily transit calls by broad vessel class. Unknown: vessel identity, direction, AIS-dark movements, and actual cargo onboard."
2023-03-07,108,67,15,16,6,4,41,3345950,4263403,83.57,50.71,143.5,146.7,IMF PortWatch Daily_Chokepoints_Data chokepoint6,high_for_chokepoint_calls_low_for_cargo_contents,"Known: daily transit calls by broad vessel class. Unknown: vessel identity, direction, AIS-dark movements, and actual cargo onboard."
2023-03-08,100,58,22,13,3,4,42,2689598,4047066,87,52.57,132.8,127.0,IMF PortWatch Daily_Chokepoints_Data chokepoint6,high_for_chokepoint_calls_low_for_cargo_contents,"Known: daily transit calls by broad vessel class. Unknown: vessel identity, direction, AIS-dark movements, and actual cargo onboard."
2023-03-09,99,55,18,20,3,3,44,2332181,3312890,91,54.43,131.5,120.4,IMF PortWatch Daily_Chokepoints_Data chokepoint6,high_for_chokepoint_calls_low_for_cargo_contents,"Known: daily transit calls by broad vessel class. Unknown: vessel identity, direction, AIS-dark movements, and actual cargo onboard."
2023-03-10,89,48,18,21,2,0,41,1664945,2790593,92.86,54.71,118.2,105.1,IMF PortWatch Daily_Chokepoints_Data chokepoint6,high_for_chokepoint_calls_low_for_cargo_contents,"Known: daily transit calls by broad vessel class. Unknown: vessel identity, direction, AIS-dark movements, and actual cargo onboard."
2023-03-11,109,68,21,14,2,4,41,3526742,4360722,99.86,59.29,144.8,148.9,IMF PortWatch Daily_Chokepoints_Data chokepoint6,high_for_chokepoint_calls_low_for_cargo_contents,"Known: daily transit calls by broad vessel class. Unknown: vessel identity, direction, AIS-dark movements, and actual cargo onboard."
2023-03-12,100,62,13,19,4,2,38,3197648,3979233,101.86,59.14,132.8,135.7,IMF PortWatch Daily_Chokepoints_Data chokepoint6,high_for_chokepoint_calls_low_for_cargo_contents,"Known: daily transit calls by broad vessel class. Unknown: vessel identity, direction, AIS-dark movements, and actual cargo onboard."
2023-03-13,81,47,19,10,3,2,34,2260893,3220201,98,57.86,107.6,102.9,IMF PortWatch Daily_Chokepoints_Data chokepoint6,high_for_chokepoint_calls_low_for_cargo_contents,"Known: daily transit calls by broad vessel class. Unknown: vessel identity, direction, AIS-dark movements, and actual cargo onboard."
2023-03-14,89,53,16,12,7,1,36,2372084,3176814,95.29,55.86,118.2,116.0,IMF PortWatch Daily_Chokepoints_Data chokepoint6,high_for_chokepoint_calls_low_for_cargo_contents,"Known: daily transit calls by broad vessel class. Unknown: vessel identity, direction, AIS-dark movements, and actual cargo onboard."
2023-03-15,52,33,8,6,3,2,19,2262442,2753303,88.43,52.29,69.1,72.2,IMF PortWatch Daily_Chokepoints_Data chokepoint6,high_for_chokepoint_calls_low_for_cargo_contents,"Known: daily transit calls by broad vessel class. Unknown: vessel identity, direction, AIS-dark movements, and actual cargo onboard."
2023-03-16,89,51,17,15,2,4,38,2638048,3670381,87,51.71,118.2,111.6,IMF PortWatch Daily_Chokepoints_Data chokepoint6,high_for_chokepoint_calls_low_for_cargo_contents,"Known: daily transit calls by broad vessel class. Unknown: vessel identity, direction, AIS-dark movements, and actual cargo onboard."
2023-03-17,77,43,15,16,3,0,34,1407541,2799802,85.29,51,102.3,94.1,IMF PortWatch Daily_Chokepoints_Data chokepoint6,high_for_chokepoint_calls_low_for_cargo_contents,"Known: daily transit calls by broad vessel class. Unknown: vessel identity, direction, AIS-dark movements, and actual cargo onboard."
2023-03-18,84,53,12,13,3,3,31,2579106,3207571,81.71,48.86,111.6,116.0,IMF PortWatch Daily_Chokepoints_Data chokepoint6,high_for_chokepoint_calls_low_for_cargo_contents,"Known: daily transit calls by broad vessel class. Unknown: vessel identity, direction, AIS-dark movements, and actual cargo onboard."
2023-03-19,95,59,16,15,4,1,36,2973065,3829584,81,48.43,126.2,129.2,IMF PortWatch Daily_Chokepoints_Data chokepoint6,high_for_chokepoint_calls_low_for_cargo_contents,"Known: daily transit calls by broad vessel class. Unknown: vessel identity, direction, AIS-dark movements, and actual cargo onboard."
2023-03-20,74,44,12,14,3,1,30,2831003,3587806,80,48,98.3,96.3,IMF PortWatch Daily_Chokepoints_Data chokepoint6,high_for_chokepoint_calls_low_for_cargo_contents,"Known: daily transit calls by broad vessel class. Unknown: vessel identity, direction, AIS-dark movements, and actual cargo onboard."
2023-03-21,66,40,14,7,5,0,26,1460983,2334793,76.71,46.14,87.7,87.6,IMF PortWatch Daily_Chokepoints_Data chokepoint6,high_for_chokepoint_calls_low_for_cargo_contents,"Known: daily transit calls by broad vessel class. Unknown: vessel identity, direction, AIS-dark movements, and actual cargo onboard."
2023-03-22,62,33,9,9,6,5,29,1957068,2771216,78.14,46.14,82.4,72.2,IMF PortWatch Daily_Chokepoints_Data chokepoint6,high_for_chokepoint_calls_low_for_cargo_contents,"Known: daily transit calls by broad vessel class. Unknown: vessel identity, direction, AIS-dark movements, and actual cargo onboard."
2023-03-23,60,37,12,8,2,1,23,2091884,2650071,74,44.14,79.7,81.0,IMF PortWatch Daily_Chokepoints_Data chokepoint6,high_for_chokepoint_calls_low_for_cargo_contents,"Known: daily transit calls by broad vessel class. Unknown: vessel identity, direction, AIS-dark movements, and actual cargo onboard."
2023-03-24,42,30,5,6,1,0,12,2271504,2871675,69,42.29,55.8,65.7,IMF PortWatch Daily_Chokepoints_Data chokepoint6,high_for_chokepoint_calls_low_for_cargo_contents,"Known: daily transit calls by broad vessel class. Unknown: vessel identity, direction, AIS-dark movements, and actual cargo onboard."
2023-03-25,62,36,10,11,4,1,26,976561,1530089,65.86,39.86,82.4,78.8,IMF PortWatch Daily_Chokepoints_Data chokepoint6,high_for_chokepoint_calls_low_for_cargo_contents,"Known: daily transit calls by broad vessel class. Unknown: vessel identity, direction, AIS-dark movements, and actual cargo onboard."
2023-03-26,80,51,13,14,2,0,29,2766816,4086105,63.71,38.71,106.3,111.6,IMF PortWatch Daily_Chokepoints_Data chokepoint6,high_for_chokepoint_calls_low_for_cargo_contents,"Known: daily transit calls by broad vessel class. Unknown: vessel identity, direction, AIS-dark movements, and actual cargo onboard."
2023-03-27,53,33,8,5,6,1,20,1438465,1750014,60.71,37.14,70.4,72.2,IMF PortWatch Daily_Chokepoints_Data chokepoint6,high_for_chokepoint_calls_low_for_cargo_contents,"Known: daily transit calls by broad vessel class. Unknown: vessel identity, direction, AIS-dark movements, and actual cargo onboard."
2023-03-28,56,36,11,6,0,3,20,2240622,2685084,59.29,36.57,74.4,78.8,IMF PortWatch Daily_Chokepoints_Data chokepoint6,high_for_chokepoint_calls_low_for_cargo_contents,"Known: daily transit calls by broad vessel class. Unknown: vessel identity, direction, AIS-dark movements, and actual cargo onboard."
2023-03-29,67,36,11,14,2,4,31,1902366,2722535,60,37,89.0,78.8,IMF PortWatch Daily_Chokepoints_Data chokepoint6,high_for_chokepoint_calls_low_for_cargo_contents,"Known: daily transit calls by broad vessel class. Unknown: vessel identity, direction, AIS-dark movements, and actual cargo onboard."
2023-03-30,91,54,17,15,4,1,37,2747875,3585438,64.43,39.43,120.9,118.2,IMF PortWatch Daily_Chokepoints_Data chokepoint6,high_for_chokepoint_calls_low_for_cargo_contents,"Known: daily transit calls by broad vessel class. Unknown: vessel identity, direction, AIS-dark movements, and actual cargo onboard."
2023-03-31,103,62,13,21,5,2,41,3549102,4914725,73.14,44,136.8,135.7,IMF PortWatch Daily_Chokepoints_Data chokepoint6,high_for_chokepoint_calls_low_for_cargo_contents,"Known: daily transit calls by broad vessel class. Unknown: vessel identity, direction, AIS-dark movements, and actual cargo onboard."
2023-04-01,105,58,23,15,6,3,47,2295116,3624321,79.29,47.14,139.5,127.0,IMF PortWatch Daily_Chokepoints_Data chokepoint6,high_for_chokepoint_calls_low_for_cargo_contents,"Known: daily transit calls by broad vessel class. Unknown: vessel identity, direction, AIS-dark movements, and actual cargo onboard."
2023-04-02,63,44,8,8,2,1,19,2285307,2806487,76.86,46.14,83.7,96.3,IMF PortWatch Daily_Chokepoints_Data chokepoint6,high_for_chokepoint_calls_low_for_cargo_contents,"Known: daily transit calls by broad vessel class. Unknown: vessel identity, direction, AIS-dark movements, and actual cargo onboard."
2023-04-03,59,35,15,5,3,1,24,2127859,2982750,77.71,46.43,78.4,76.6,IMF PortWatch Daily_Chokepoints_Data chokepoint6,high_for_chokepoint_calls_low_for_cargo_contents,"Known: daily transit calls by broad vessel class. Unknown: vessel identity, direction, AIS-dark movements, and actual cargo onboard."
2023-04-04,65,35,11,8,6,5,30,1724040,2292657,79,46.29,86.3,76.6,IMF PortWatch Daily_Chokepoints_Data chokepoint6,high_for_chokepoint_calls_low_for_cargo_contents,"Known: daily transit calls by broad vessel class. Unknown: vessel identity, direction, AIS-dark movements, and actual cargo onboard."
2023-04-05,71,43,15,11,2,0,28,2409198,3038706,79.57,47.29,94.3,94.1,IMF PortWatch Daily_Chokepoints_Data chokepoint6,high_for_chokepoint_calls_low_for_cargo_contents,"Known: daily transit calls by broad vessel class. Unknown: vessel identity, direction, AIS-dark movements, and actual cargo onboard."
2023-04-06,115,70,16,22,5,2,45,3821765,4724772,83,49.57,152.8,153.2,IMF PortWatch Daily_Chokepoints_Data chokepoint6,high_for_chokepoint_calls_low_for_cargo_contents,"Known: daily transit calls by broad vessel class. Unknown: vessel identity, direction, AIS-dark movements, and actual cargo onboard."
2023-04-07,86,49,18,11,6,2,37,2782762,3787119,80.57,47.71,114.2,107.3,IMF PortWatch Daily_Chokepoints_Data chokepoint6,high_for_chokepoint_calls_low_for_cargo_contents,"Known: daily transit calls by broad vessel class. Unknown: vessel identity, direction, AIS-dark movements, and actual cargo onboard."
2023-04-08,92,58,14,13,5,2,34,2929317,3653222,78.71,47.71,122.2,127.0,IMF PortWatch Daily_Chokepoints_Data chokepoint6,high_for_chokepoint_calls_low_for_cargo_contents,"Known: daily transit calls by broad vessel class. Unknown: vessel identity, direction, AIS-dark movements, and actual cargo onboard."
2023-04-09,102,68,15,15,1,3,34,3024580,3996780,84.29,51.14,135.5,148.9,IMF PortWatch Daily_Chokepoints_Data chokepoint6,high_for_chokepoint_calls_low_for_cargo_contents,"Known: daily transit calls by broad vessel class. Unknown: vessel identity, direction, AIS-dark movements, and actual cargo onboard."
2023-04-10,97,55,12,23,5,2,42,2415503,3534466,89.71,54,128.8,120.4,IMF PortWatch Daily_Chokepoints_Data chokepoint6,high_for_chokepoint_calls_low_for_cargo_contents,"Known: daily transit calls by broad vessel class. Unknown: vessel identity, direction, AIS-dark movements, and actual cargo onboard."
2023-04-11,109,59,19,20,4,7,50,3733960,4977311,96,57.43,144.8,129.2,IMF PortWatch Daily_Chokepoints_Data chokepoint6,high_for_chokepoint_calls_low_for_cargo_contents,"Known: daily transit calls by broad vessel class. Unknown: vessel identity, direction, AIS-dark movements, and actual cargo onboard."
2023-04-12,84,57,11,8,5,3,27,2346069,3058685,97.86,59.43,111.6,124.8,IMF PortWatch Daily_Chokepoints_Data chokepoint6,high_for_chokepoint_calls_low_for_cargo_contents,"Known: daily transit calls by broad vessel class. Unknown: vessel identity, direction, AIS-dark movements, and actual cargo onboard."
2023-04-13,102,65,19,14,4,0,37,3716447,4466242,96,58.71,135.5,142.3,IMF PortWatch Daily_Chokepoints_Data chokepoint6,high_for_chokepoint_calls_low_for_cargo_contents,"Known: daily transit calls by broad vessel class. Unknown: vessel identity, direction, AIS-dark movements, and actual cargo onboard."
2023-04-14,82,51,10,14,5,2,31,2515871,3454806,95.43,59,108.9,111.6,IMF PortWatch Daily_Chokepoints_Data chokepoint6,high_for_chokepoint_calls_low_for_cargo_contents,"Known: daily transit calls by broad vessel class. Unknown: vessel identity, direction, AIS-dark movements, and actual cargo onboard."
2023-04-15,74,43,17,9,4,1,31,1908054,2952846,92.86,56.86,98.3,94.1,IMF PortWatch Daily_Chokepoints_Data chokepoint6,high_for_chokepoint_calls_low_for_cargo_contents,"Known: daily transit calls by broad vessel class. Unknown: vessel identity, direction, AIS-dark movements, and actual cargo onboard."
2023-04-16,71,41,10,18,0,2,30,2840778,3642035,88.43,53,94.3,89.8,IMF PortWatch Daily_Chokepoints_Data chokepoint6,high_for_chokepoint_calls_low_for_cargo_contents,"Known: daily transit calls by broad vessel class. Unknown: vessel identity, direction, AIS-dark movements, and actual cargo onboard."
2023-04-17,77,48,14,11,1,3,29,2320403,3096957,85.57,52,102.3,105.1,IMF PortWatch Daily_Chokepoints_Data chokepoint6,high_for_chokepoint_calls_low_for_cargo_contents,"Known: daily transit calls by broad vessel class. Unknown: vessel identity, direction, AIS-dark movements, and actual cargo onboard."
2023-04-18,82,46,15,11,6,4,36,2872856,3594489,81.71,50.14,108.9,100.7,IMF PortWatch Daily_Chokepoints_Data chokepoint6,high_for_chokepoint_calls_low_for_cargo_contents,"Known: daily transit calls by broad vessel class. Unknown: vessel identity, direction, AIS-dark movements, and actual cargo onboard."
2023-04-19,90,57,10,13,6,4,33,2566346,3378445,82.57,50.14,119.6,124.8,IMF PortWatch Daily_Chokepoints_Data chokepoint6,high_for_chokepoint_calls_low_for_cargo_contents,"Known: daily transit calls by broad vessel class. Unknown: vessel identity, direction, AIS-dark movements, and actual cargo onboard."
2023-04-20,127,80,19,24,3,1,47,3592200,4638579,86.14,52.29,168.7,175.1,IMF PortWatch Daily_Chokepoints_Data chokepoint6,high_for_chokepoint_calls_low_for_cargo_contents,"Known: daily transit calls by broad vessel class. Unknown: vessel identity, direction, AIS-dark movements, and actual cargo onboard."
2023-04-21,96,52,20,16,5,3,44,2740239,3792187,88.14,52.43,127.5,113.8,IMF PortWatch Daily_Chokepoints_Data chokepoint6,high_for_chokepoint_calls_low_for_cargo_contents,"Known: daily transit calls by broad vessel class. Unknown: vessel identity, direction, AIS-dark movements, and actual cargo onboard."
2023-04-22,121,73,27,16,4,1,48,3806009,5303125,94.86,56.71,160.7,159.8,IMF PortWatch Daily_Chokepoints_Data chokepoint6,high_for_chokepoint_calls_low_for_cargo_contents,"Known: daily transit calls by broad vessel class. Unknown: vessel identity, direction, AIS-dark movements, and actual cargo onboard."
2023-04-23,90,53,16,14,6,1,37,2798769,3705440,97.57,58.43,119.6,116.0,IMF PortWatch Daily_Chokepoints_Data chokepoint6,high_for_chokepoint_calls_low_for_cargo_contents,"Known: daily transit calls by broad vessel class. Unknown: vessel identity, direction, AIS-dark movements, and actual cargo onboard."
2023-04-24,83,53,17,9,2,2,30,2343592,2917529,98.43,59.14,110.3,116.0,IMF PortWatch Daily_Chokepoints_Data chokepoint6,high_for_chokepoint_calls_low_for_cargo_contents,"Known: daily transit calls by broad vessel class. Unknown: vessel identity, direction, AIS-dark movements, and actual cargo onboard."
2023-04-25,86,54,13,13,3,3,32,2670440,3506464,99,60.29,114.2,118.2,IMF PortWatch Daily_Chokepoints_Data chokepoint6,high_for_chokepoint_calls_low_for_cargo_contents,"Known: daily transit calls by broad vessel class. Unknown: vessel identity, direction, AIS-dark movements, and actual cargo onboard."
2023-04-26,79,49,14,9,3,4,30,2135096,2778829,97.43,59.14,104.9,107.3,IMF PortWatch Daily_Chokepoints_Data chokepoint6,high_for_chokepoint_calls_low_for_cargo_contents,"Known: daily transit calls by broad vessel class. Unknown: vessel identity, direction, AIS-dark movements, and actual cargo onboard."
2023-04-27,84,51,14,15,2,2,33,2759433,3672959,91.29,55,111.6,111.6,IMF PortWatch Daily_Chokepoints_Data chokepoint6,high_for_chokepoint_calls_low_for_cargo_contents,"Known: daily transit calls by broad vessel class. Unknown: vessel identity, direction, AIS-dark movements, and actual cargo onboard."
2023-04-28,80,46,20,8,4,2,34,1564958,2403387,89,54.14,106.3,100.7,IMF PortWatch Daily_Chokepoints_Data chokepoint6,high_for_chokepoint_calls_low_for_cargo_contents,"Known: daily transit calls by broad vessel class. Unknown: vessel identity, direction, AIS-dark movements, and actual cargo onboard."
2023-04-29,94,62,14,14,3,1,32,3728574,4586422,85.14,52.57,124.9,135.7,IMF PortWatch Daily_Chokepoints_Data chokepoint6,high_for_chokepoint_calls_low_for_cargo_contents,"Known: daily transit calls by broad vessel class. Unknown: vessel identity, direction, AIS-dark movements, and actual cargo onboard."
2023-04-30,75,46,14,8,3,4,29,1821541,2771761,83,51.57,99.6,100.7,IMF PortWatch Daily_Chokepoints_Data chokepoint6,high_for_chokepoint_calls_low_for_cargo_contents,"Known: daily transit calls by broad vessel class. Unknown: vessel identity, direction, AIS-dark movements, and actual cargo onboard."
2023-05-01,86,52,13,14,4,3,34,3943975,4613042,83.43,51.43,114.2,113.8,IMF PortWatch Daily_Chokepoints_Data chokepoint6,high_for_chokepoint_calls_low_for_cargo_contents,"Known: daily transit calls by broad vessel class. Unknown: vessel identity, direction, AIS-dark movements, and actual cargo onboard."
2023-05-02,86,47,20,14,4,1,39,1882760,3228495,83.43,50.43,114.2,102.9,IMF PortWatch Daily_Chokepoints_Data chokepoint6,high_for_chokepoint_calls_low_for_cargo_contents,"Known: daily transit calls by broad vessel class. Unknown: vessel identity, direction, AIS-dark movements, and actual cargo onboard."
2023-05-03,74,46,11,12,3,2,28,3002866,3923983,82.71,50,98.3,100.7,IMF PortWatch Daily_Chokepoints_Data chokepoint6,high_for_chokepoint_calls_low_for_cargo_contents,"Known: daily transit calls by broad vessel class. Unknown: vessel identity, direction, AIS-dark movements, and actual cargo onboard."
2023-05-04,67,40,11,11,2,3,27,1166603,1892946,80.29,48.43,89.0,87.6,IMF PortWatch Daily_Chokepoints_Data chokepoint6,high_for_chokepoint_calls_low_for_cargo_contents,"Known: daily transit calls by broad vessel class. Unknown: vessel identity, direction, AIS-dark movements, and actual cargo onboard."
2023-05-05,79,47,14,14,1,3,32,2577017,3480919,80.14,48.57,104.9,102.9,IMF PortWatch Daily_Chokepoints_Data chokepoint6,high_for_chokepoint_calls_low_for_cargo_contents,"Known: daily transit calls by broad vessel class. Unknown: vessel identity, direction, AIS-dark movements, and actual cargo onboard."
2023-05-06,115,63,22,21,6,3,52,3611896,5038127,83.14,48.71,152.8,137.9,IMF PortWatch Daily_Chokepoints_Data chokepoint6,high_for_chokepoint_calls_low_for_cargo_contents,"Known: daily transit calls by broad vessel class. Unknown: vessel identity, direction, AIS-dark movements, and actual cargo onboard."
2023-05-07,99,55,20,12,9,3,44,2447056,3925241,86.57,50,131.5,120.4,IMF PortWatch Daily_Chokepoints_Data chokepoint6,high_for_chokepoint_calls_low_for_cargo_contents,"Known: daily transit calls by broad vessel class. Unknown: vessel identity, direction, AIS-dark movements, and actual cargo onboard."
2023-05-08,109,60,25,17,6,1,49,3797974,4986969,89.86,51.14,144.8,131.3,IMF PortWatch Daily_Chokepoints_Data chokepoint6,high_for_chokepoint_calls_low_for_cargo_contents,"Known: daily transit calls by broad vessel class. Unknown: vessel identity, direction, AIS-dark movements, and actual cargo onboard."
2023-05-09,75,48,15,10,2,0,27,1952700,2834105,88.29,51.29,99.6,105.1,IMF PortWatch Daily_Chokepoints_Data chokepoint6,high_for_chokepoint_calls_low_for_cargo_contents,"Known: daily transit calls by broad vessel class. Unknown: vessel identity, direction, AIS-dark movements, and actual cargo onboard."
2023-05-10,100,56,18,18,4,4,44,2954955,4545565,92,52.71,132.8,122.6,IMF PortWatch Daily_Chokepoints_Data chokepoint6,high_for_chokepoint_calls_low_for_cargo_contents,"Known: daily transit calls by broad vessel class. Unknown: vessel identity, direction, AIS-dark movements, and actual cargo onboard."
2023-05-11,113,71,20,16,5,1,42,3890952,5399397,98.57,57.14,150.1,155.4,IMF PortWatch Daily_Chokepoints_Data chokepoint6,high_for_chokepoint_calls_low_for_cargo_contents,"Known: daily transit calls by broad vessel class. Unknown: vessel identity, direction, AIS-dark movements, and actual cargo onboard."
2023-05-12,88,59,10,13,4,2,29,2336175,3039822,99.86,58.86,116.9,129.2,IMF PortWatch Daily_Chokepoints_Data chokepoint6,high_for_chokepoint_calls_low_for_cargo_contents,"Known: daily transit calls by broad vessel class. Unknown: vessel identity, direction, AIS-dark movements, and actual cargo onboard."
2023-05-13,97,58,19,14,2,4,39,2564001,3487566,97.29,58.14,128.8,127.0,IMF PortWatch Daily_Chokepoints_Data chokepoint6,high_for_chokepoint_calls_low_for_cargo_contents,"Known: daily transit calls by broad vessel class. Unknown: vessel identity, direction, AIS-dark movements, and actual cargo onboard."
2023-05-14,104,62,19,19,3,1,42,3605431,4812786,98,59.14,138.1,135.7,IMF PortWatch Daily_Chokepoints_Data chokepoint6,high_for_chokepoint_calls_low_for_cargo_contents,"Known: daily transit calls by broad vessel class. Unknown: vessel identity, direction, AIS-dark movements, and actual cargo onboard."
2023-05-15,77,48,11,11,4,3,29,2174791,2687589,93.43,57.43,102.3,105.1,IMF PortWatch Daily_Chokepoints_Data chokepoint6,high_for_chokepoint_calls_low_for_cargo_contents,"Known: daily transit calls by broad vessel class. Unknown: vessel identity, direction, AIS-dark movements, and actual cargo onboard."
2023-05-16,55,28,10,13,1,3,27,1228506,1952192,90.57,54.57,73.1,61.3,IMF PortWatch Daily_Chokepoints_Data chokepoint6,high_for_chokepoint_calls_low_for_cargo_contents,"Known: daily transit calls by broad vessel class. Unknown: vessel identity, direction, AIS-dark movements, and actual cargo onboard."
2023-05-17,88,53,15,17,3,0,35,3930619,4945002,88.86,54.14,116.9,116.0,IMF PortWatch Daily_Chokepoints_Data chokepoint6,high_for_chokepoint_calls_low_for_cargo_contents,"Known: daily transit calls by broad vessel class. Unknown: vessel identity, direction, AIS-dark movements, and actual cargo onboard."
2023-05-18,97,58,14,15,5,5,39,2805906,3547686,86.57,52.29,128.8,127.0,IMF PortWatch Daily_Chokepoints_Data chokepoint6,high_for_chokepoint_calls_low_for_cargo_contents,"Known: daily transit calls by broad vessel class. Unknown: vessel identity, direction, AIS-dark movements, and actual cargo onboard."
2023-05-19,116,76,21,14,3,2,40,3151356,4045489,90.57,54.71,154.1,166.4,IMF PortWatch Daily_Chokepoints_Data chokepoint6,high_for_chokepoint_calls_low_for_cargo_contents,"Known: daily transit calls by broad vessel class. Unknown: vessel identity, direction, AIS-dark movements, and actual cargo onboard."
2023-05-20,113,75,19,13,4,2,38,3842275,5020712,92.86,57.14,150.1,164.2,IMF PortWatch Daily_Chokepoints_Data chokepoint6,high_for_chokepoint_calls_low_for_cargo_contents,"Known: daily transit calls by broad vessel class. Unknown: vessel identity, direction, AIS-dark movements, and actual cargo onboard."
2023-05-21,41,31,4,6,0,0,10,930681,1277699,83.86,52.71,54.5,67.9,IMF PortWatch Daily_Chokepoints_Data chokepoint6,high_for_chokepoint_calls_low_for_cargo_contents,"Known: daily transit calls by broad vessel class. Unknown: vessel identity, direction, AIS-dark movements, and actual cargo onboard."
2023-05-22,92,57,16,11,3,5,35,2344953,2951048,86,54,122.2,124.8,IMF PortWatch Daily_Chokepoints_Data chokepoint6,high_for_chokepoint_calls_low_for_cargo_contents,"Known: daily transit calls by broad vessel class. Unknown: vessel identity, direction, AIS-dark movements, and actual cargo onboard."
2023-05-23,95,53,20,11,9,2,42,1002554,1820439,91.71,57.57,126.2,116.0,IMF PortWatch Daily_Chokepoints_Data chokepoint6,high_for_chokepoint_calls_low_for_cargo_contents,"Known: daily transit calls by broad vessel class. Unknown: vessel identity, direction, AIS-dark movements, and actual cargo onboard."
2023-05-24,84,56,16,8,1,3,28,2142295,2848018,91.14,58,111.6,122.6,IMF PortWatch Daily_Chokepoints_Data chokepoint6,high_for_chokepoint_calls_low_for_cargo_contents,"Known: daily transit calls by broad vessel class. Unknown: vessel identity, direction, AIS-dark movements, and actual cargo onboard."
2023-05-25,81,47,14,14,6,0,34,2671119,3559248,88.86,56.43,107.6,102.9,IMF PortWatch Daily_Chokepoints_Data chokepoint6,high_for_chokepoint_calls_low_for_cargo_contents,"Known: daily transit calls by broad vessel class. Unknown: vessel identity, direction, AIS-dark movements, and actual cargo onboard."
2023-05-26,103,59,17,21,4,2,44,1757987,2979470,87,54,136.8,129.2,IMF PortWatch Daily_Chokepoints_Data chokepoint6,high_for_chokepoint_calls_low_for_cargo_contents,"Known: daily transit calls by broad vessel class. Unknown: vessel identity, direction, AIS-dark movements, and actual cargo onboard."
2023-05-27,81,48,16,12,2,3,33,2206941,3196875,82.43,50.14,107.6,105.1,IMF PortWatch Daily_Chokepoints_Data chokepoint6,high_for_chokepoint_calls_low_for_cargo_contents,"Known: daily transit calls by broad vessel class. Unknown: vessel identity, direction, AIS-dark movements, and actual cargo onboard."
2023-05-28,73,40,16,12,5,0,33,1941381,2780239,87,51.43,97.0,87.6,IMF PortWatch Daily_Chokepoints_Data chokepoint6,high_for_chokepoint_calls_low_for_cargo_contents,"Known: daily transit calls by broad vessel class. Unknown: vessel identity, direction, AIS-dark movements, and actual cargo onboard."
2023-05-29,93,59,12,17,4,1,34,3080315,4180905,87.14,51.71,123.5,129.2,IMF PortWatch Daily_Chokepoints_Data chokepoint6,high_for_chokepoint_calls_low_for_cargo_contents,"Known: daily transit calls by broad vessel class. Unknown: vessel identity, direction, AIS-dark movements, and actual cargo onboard."
2023-05-30,78,52,16,7,2,1,26,2610977,3097730,84.71,51.57,103.6,113.8,IMF PortWatch Daily_Chokepoints_Data chokepoint6,high_for_chokepoint_calls_low_for_cargo_contents,"Known: daily transit calls by broad vessel class. Unknown: vessel identity, direction, AIS-dark movements, and actual cargo onboard."
2023-05-31,103,60,23,12,3,5,43,2910429,4150637,87.43,52.14,136.8,131.3,IMF PortWatch Daily_Chokepoints_Data chokepoint6,high_for_chokepoint_calls_low_for_cargo_contents,"Known: daily transit calls by broad vessel class. Unknown: vessel identity, direction, AIS-dark movements, and actual cargo onboard."
2023-06-01,83,57,16,4,5,1,26,2085232,2503641,87.71,53.57,110.3,124.8,IMF PortWatch Daily_Chokepoints_Data chokepoint6,high_for_chokepoint_calls_low_for_cargo_contents,"Known: daily transit calls by broad vessel class. Unknown: vessel identity, direction, AIS-dark movements, and actual cargo onboard."
2023-06-02,86,44,13,24,5,0,42,2215474,3427710,85.29,51.43,114.2,96.3,IMF PortWatch Daily_Chokepoints_Data chokepoint6,high_for_chokepoint_calls_low_for_cargo_contents,"Known: daily transit calls by broad vessel class. Unknown: vessel identity, direction, AIS-dark movements, and actual cargo onboard."
2023-06-03,32,18,6,5,3,0,14,1525001,1804127,78.29,47.14,42.5,39.4,IMF PortWatch Daily_Chokepoints_Data chokepoint6,high_for_chokepoint_calls_low_for_cargo_contents,"Known: daily transit calls by broad vessel class. Unknown: vessel identity, direction, AIS-dark movements, and actual cargo onboard."
2023-06-04,89,59,11,16,3,0,30,3945078,4925178,80.57,49.86,118.2,129.2,IMF PortWatch Daily_Chokepoints_Data chokepoint6,high_for_chokepoint_calls_low_for_cargo_contents,"Known: daily transit calls by broad vessel class. Unknown: vessel identity, direction, AIS-dark movements, and actual cargo onboard."
2023-06-05,115,69,18,22,6,0,46,4126490,5659504,83.71,51.29,152.8,151.1,IMF PortWatch Daily_Chokepoints_Data chokepoint6,high_for_chokepoint_calls_low_for_cargo_contents,"Known: daily transit calls by broad vessel class. Unknown: vessel identity, direction, AIS-dark movements, and actual cargo onboard."
2023-06-06,91,44,20,21,3,3,47,1896731,2991223,85.57,50.14,120.9,96.3,IMF PortWatch Daily_Chokepoints_Data chokepoint6,high_for_chokepoint_calls_low_for_cargo_contents,"Known: daily transit calls by broad vessel class. Unknown: vessel identity, direction, AIS-dark movements, and actual cargo onboard."
2023-06-07,79,55,10,11,1,2,24,2755701,3496399,82.14,49.43,104.9,120.4,IMF PortWatch Daily_Chokepoints_Data chokepoint6,high_for_chokepoint_calls_low_for_cargo_contents,"Known: daily transit calls by broad vessel class. Unknown: vessel identity, direction, AIS-dark movements, and actual cargo onboard."
2023-06-08,86,47,17,16,4,2,39,2559305,3374801,82.57,48,114.2,102.9,IMF PortWatch Daily_Chokepoints_Data chokepoint6,high_for_chokepoint_calls_low_for_cargo_contents,"Known: daily transit calls by broad vessel class. Unknown: vessel identity, direction, AIS-dark movements, and actual cargo onboard."
2023-06-09,102,61,15,18,5,3,41,2921213,3988911,84.86,50.43,135.5,133.5,IMF PortWatch Daily_Chokepoints_Data chokepoint6,high_for_chokepoint_calls_low_for_cargo_contents,"Known: daily transit calls by broad vessel class. Unknown: vessel identity, direction, AIS-dark movements, and actual cargo onboard."
2023-06-10,96,57,20,16,3,0,39,3406319,4466748,94,56,127.5,124.8,IMF PortWatch Daily_Chokepoints_Data chokepoint6,high_for_chokepoint_calls_low_for_cargo_contents,"Known: daily transit calls by broad vessel class. Unknown: vessel identity, direction, AIS-dark movements, and actual cargo onboard."
2023-06-11,99,63,12,19,4,1,36,2685732,4065694,95.43,56.57,131.5,137.9,IMF PortWatch Daily_Chokepoints_Data chokepoint6,high_for_chokepoint_calls_low_for_cargo_contents,"Known: daily transit calls by broad vessel class. Unknown: vessel identity, direction, AIS-dark movements, and actual cargo onboard."
2023-06-12,45,24,6,11,3,1,21,2219859,2583401,85.43,50.14,59.8,52.5,IMF PortWatch Daily_Chokepoints_Data chokepoint6,high_for_chokepoint_calls_low_for_cargo_contents,"Known: daily transit calls by broad vessel class. Unknown: vessel identity, direction, AIS-dark movements, and actual cargo onboard."
2023-06-13,43,22,9,7,4,1,21,1303256,1866195,78.57,47,57.1,48.2,IMF PortWatch Daily_Chokepoints_Data chokepoint6,high_for_chokepoint_calls_low_for_cargo_contents,"Known: daily transit calls by broad vessel class. Unknown: vessel identity, direction, AIS-dark movements, and actual cargo onboard."
2023-06-14,76,41,19,8,2,6,35,2331178,3087519,78.14,45,101.0,89.8,IMF PortWatch Daily_Chokepoints_Data chokepoint6,high_for_chokepoint_calls_low_for_cargo_contents,"Known: daily transit calls by broad vessel class. Unknown: vessel identity, direction, AIS-dark movements, and actual cargo onboard."
2023-06-15,78,48,17,10,2,1,30,4011677,4912354,77,45.14,103.6,105.1,IMF PortWatch Daily_Chokepoints_Data chokepoint6,high_for_chokepoint_calls_low_for_cargo_contents,"Known: daily transit calls by broad vessel class. Unknown: vessel identity, direction, AIS-dark movements, and actual cargo onboard."
2023-06-16,74,53,10,9,1,1,21,3308531,3904740,73,44,98.3,116.0,IMF PortWatch Daily_Chokepoints_Data chokepoint6,high_for_chokepoint_calls_low_for_cargo_contents,"Known: daily transit calls by broad vessel class. Unknown: vessel identity, direction, AIS-dark movements, and actual cargo onboard."
2023-06-17,91,57,14,17,3,0,34,2461700,3529654,72.29,44,120.9,124.8,IMF PortWatch Daily_Chokepoints_Data chokepoint6,high_for_chokepoint_calls_low_for_cargo_contents,"Known: daily transit calls by broad vessel class. Unknown: vessel identity, direction, AIS-dark movements, and actual cargo onboard."
2023-06-18,90,54,15,18,3,0,36,3181731,4534352,71,42.71,119.6,118.2,IMF PortWatch Daily_Chokepoints_Data chokepoint6,high_for_chokepoint_calls_low_for_cargo_contents,"Known: daily transit calls by broad vessel class. Unknown: vessel identity, direction, AIS-dark movements, and actual cargo onboard."
2023-06-19,83,52,8,14,6,3,31,2107547,2689377,76.43,46.71,110.3,113.8,IMF PortWatch Daily_Chokepoints_Data chokepoint6,high_for_chokepoint_calls_low_for_cargo_contents,"Known: daily transit calls by broad vessel class. Unknown: vessel identity, direction, AIS-dark movements, and actual cargo onboard."
2023-06-20,76,39,14,14,7,2,37,1765052,2815136,81.14,49.14,101.0,85.4,IMF PortWatch Daily_Chokepoints_Data chokepoint6,high_for_chokepoint_calls_low_for_cargo_contents,"Known: daily transit calls by broad vessel class. Unknown: vessel identity, direction, AIS-dark movements, and actual cargo onboard."
2023-06-21,98,59,16,14,5,4,39,1813963,2716489,84.29,51.71,130.2,129.2,IMF PortWatch Daily_Chokepoints_Data chokepoint6,high_for_chokepoint_calls_low_for_cargo_contents,"Known: daily transit calls by broad vessel class. Unknown: vessel identity, direction, AIS-dark movements, and actual cargo onboard."
2023-06-22,98,56,21,14,5,2,42,4043483,5321885,87.14,52.86,130.2,122.6,IMF PortWatch Daily_Chokepoints_Data chokepoint6,high_for_chokepoint_calls_low_for_cargo_contents,"Known: daily transit calls by broad vessel class. Unknown: vessel identity, direction, AIS-dark movements, and actual cargo onboard."
2023-06-23,77,44,17,9,5,2,33,2366135,3139897,87.57,51.57,102.3,96.3,IMF PortWatch Daily_Chokepoints_Data chokepoint6,high_for_chokepoint_calls_low_for_cargo_contents,"Known: daily transit calls by broad vessel class. Unknown: vessel identity, direction, AIS-dark movements, and actual cargo onboard."
2023-06-24,114,76,16,18,4,0,38,3989870,4934876,90.86,54.29,151.4,166.4,IMF PortWatch Daily_Chokepoints_Data chokepoint6,high_for_chokepoint_calls_low_for_cargo_contents,"Known: daily transit calls by broad vessel class. Unknown: vessel identity, direction, AIS-dark movements, and actual cargo onboard."
2023-06-25,84,45,20,11,5,3,39,2813275,3954352,90,53,111.6,98.5,IMF PortWatch Daily_Chokepoints_Data chokepoint6,high_for_chokepoint_calls_low_for_cargo_contents,"Known: daily transit calls by broad vessel class. Unknown: vessel identity, direction, AIS-dark movements, and actual cargo onboard."
2023-06-26,78,52,14,8,3,1,26,2499830,3229676,89.29,53,103.6,113.8,IMF PortWatch Daily_Chokepoints_Data chokepoint6,high_for_chokepoint_calls_low_for_cargo_contents,"Known: daily transit calls by broad vessel class. Unknown: vessel identity, direction, AIS-dark movements, and actual cargo onboard."
2023-06-27,82,45,19,12,1,5,37,2067081,3202619,90.14,53.86,108.9,98.5,IMF PortWatch Daily_Chokepoints_Data chokepoint6,high_for_chokepoint_calls_low_for_cargo_contents,"Known: daily transit calls by broad vessel class. Unknown: vessel identity, direction, AIS-dark movements, and actual cargo onboard."
2023-06-28,97,62,15,15,0,5,35,2606646,3595164,90,54.29,128.8,135.7,IMF PortWatch Daily_Chokepoints_Data chokepoint6,high_for_chokepoint_calls_low_for_cargo_contents,"Known: daily transit calls by broad vessel class. Unknown: vessel identity, direction, AIS-dark movements, and actual cargo onboard."
2023-06-29,102,64,16,13,8,1,38,3528259,4255985,90.57,55.43,135.5,140.1,IMF PortWatch Daily_Chokepoints_Data chokepoint6,high_for_chokepoint_calls_low_for_cargo_contents,"Known: daily transit calls by broad vessel class. Unknown: vessel identity, direction, AIS-dark movements, and actual cargo onboard."
2023-06-30,77,45,17,12,1,2,32,1336632,2304149,90.57,55.57,102.3,98.5,IMF PortWatch Daily_Chokepoints_Data chokepoint6,high_for_chokepoint_calls_low_for_cargo_contents,"Known: daily transit calls by broad vessel class. Unknown: vessel identity, direction, AIS-dark movements, and actual cargo onboard."
2023-07-01,91,58,12,13,7,1,33,2072342,3006788,87.29,53,120.9,127.0,IMF PortWatch Daily_Chokepoints_Data chokepoint6,high_for_chokepoint_calls_low_for_cargo_contents,"Known: daily transit calls by broad vessel class. Unknown: vessel identity, direction, AIS-dark movements, and actual cargo onboard."
2023-07-02,89,58,13,13,5,0,31,3366768,4239714,88,54.86,118.2,127.0,IMF PortWatch Daily_Chokepoints_Data chokepoint6,high_for_chokepoint_calls_low_for_cargo_contents,"Known: daily transit calls by broad vessel class. Unknown: vessel identity, direction, AIS-dark movements, and actual cargo onboard."
2023-07-03,77,48,12,10,3,4,29,3585114,4348250,87.86,54.29,102.3,105.1,IMF PortWatch Daily_Chokepoints_Data chokepoint6,high_for_chokepoint_calls_low_for_cargo_contents,"Known: daily transit calls by broad vessel class. Unknown: vessel identity, direction, AIS-dark movements, and actual cargo onboard."
2023-07-04,67,38,15,9,4,1,29,1819740,2793115,85.71,53.29,89.0,83.2,IMF PortWatch Daily_Chokepoints_Data chokepoint6,high_for_chokepoint_calls_low_for_cargo_contents,"Known: daily transit calls by broad vessel class. Unknown: vessel identity, direction, AIS-dark movements, and actual cargo onboard."
2023-07-05,119,78,16,16,6,3,41,4231787,5668278,88.86,55.57,158.1,170.8,IMF PortWatch Daily_Chokepoints_Data chokepoint6,high_for_chokepoint_calls_low_for_cargo_contents,"Known: daily transit calls by broad vessel class. Unknown: vessel identity, direction, AIS-dark movements, and actual cargo onboard."
2023-07-06,72,44,14,11,0,3,28,2189080,2587367,84.57,52.71,95.6,96.3,IMF PortWatch Daily_Chokepoints_Data chokepoint6,high_for_chokepoint_calls_low_for_cargo_contents,"Known: daily transit calls by broad vessel class. Unknown: vessel identity, direction, AIS-dark movements, and actual cargo onboard."
2023-07-07,101,66,11,15,6,3,35,2919795,3839039,88,55.71,134.2,144.5,IMF PortWatch Daily_Chokepoints_Data chokepoint6,high_for_chokepoint_calls_low_for_cargo_contents,"Known: daily transit calls by broad vessel class. Unknown: vessel identity, direction, AIS-dark movements, and actual cargo onboard."
2023-07-08,61,37,8,9,7,0,24,1965943,2513981,83.71,52.71,81.0,81.0,IMF PortWatch Daily_Chokepoints_Data chokepoint6,high_for_chokepoint_calls_low_for_cargo_contents,"Known: daily transit calls by broad vessel class. Unknown: vessel identity, direction, AIS-dark movements, and actual cargo onboard."
2023-07-09,68,48,12,6,2,0,20,1997862,2630064,80.71,51.29,90.3,105.1,IMF PortWatch Daily_Chokepoints_Data chokepoint6,high_for_chokepoint_calls_low_for_cargo_contents,"Known: daily transit calls by broad vessel class. Unknown: vessel identity, direction, AIS-dark movements, and actual cargo onboard."
2023-07-10,100,61,22,13,4,0,39,3382011,4758634,84,53.14,132.8,133.5,IMF PortWatch Daily_Chokepoints_Data chokepoint6,high_for_chokepoint_calls_low_for_cargo_contents,"Known: daily transit calls by broad vessel class. Unknown: vessel identity, direction, AIS-dark movements, and actual cargo onboard."
2023-07-11,95,62,9,18,5,1,33,3299897,4329677,88,56.57,126.2,135.7,IMF PortWatch Daily_Chokepoints_Data chokepoint6,high_for_chokepoint_calls_low_for_cargo_contents,"Known: daily transit calls by broad vessel class. Unknown: vessel identity, direction, AIS-dark movements, and actual cargo onboard."
2023-07-12,55,30,8,11,4,2,25,1556771,1879594,78.86,49.71,73.1,65.7,IMF PortWatch Daily_Chokepoints_Data chokepoint6,high_for_chokepoint_calls_low_for_cargo_contents,"Known: daily transit calls by broad vessel class. Unknown: vessel identity, direction, AIS-dark movements, and actual cargo onboard."
2023-07-13,108,64,22,16,3,3,44,3673023,5020002,84,52.57,143.5,140.1,IMF PortWatch Daily_Chokepoints_Data chokepoint6,high_for_chokepoint_calls_low_for_cargo_contents,"Known: daily transit calls by broad vessel class. Unknown: vessel identity, direction, AIS-dark movements, and actual cargo onboard."
2023-07-14,109,67,17,19,5,1,42,2264490,3528239,85.14,52.71,144.8,146.7,IMF PortWatch Daily_Chokepoints_Data chokepoint6,high_for_chokepoint_calls_low_for_cargo_contents,"Known: daily transit calls by broad vessel class. Unknown: vessel identity, direction, AIS-dark movements, and actual cargo onboard."
2023-07-15,98,63,15,15,3,2,35,3074416,3598307,90.43,56.43,130.2,137.9,IMF PortWatch Daily_Chokepoints_Data chokepoint6,high_for_chokepoint_calls_low_for_cargo_contents,"Known: daily transit calls by broad vessel class. Unknown: vessel identity, direction, AIS-dark movements, and actual cargo onboard."
2023-07-16,73,50,8,9,5,1,23,2246368,2886127,91.14,56.71,97.0,109.5,IMF PortWatch Daily_Chokepoints_Data chokepoint6,high_for_chokepoint_calls_low_for_cargo_contents,"Known: daily transit calls by broad vessel class. Unknown: vessel identity, direction, AIS-dark movements, and actual cargo onboard."
2023-07-17,98,58,19,13,6,2,40,3317411,4284927,90.86,56.29,130.2,127.0,IMF PortWatch Daily_Chokepoints_Data chokepoint6,high_for_chokepoint_calls_low_for_cargo_contents,"Known: daily transit calls by broad vessel class. Unknown: vessel identity, direction, AIS-dark movements, and actual cargo onboard."
2023-07-18,83,54,13,13,2,1,29,2210845,3197376,89.14,55.14,110.3,118.2,IMF PortWatch Daily_Chokepoints_Data chokepoint6,high_for_chokepoint_calls_low_for_cargo_contents,"Known: daily transit calls by broad vessel class. Unknown: vessel identity, direction, AIS-dark movements, and actual cargo onboard."
2023-07-19,50,30,7,9,1,3,20,1551371,2135065,88.43,55.14,66.4,65.7,IMF PortWatch Daily_Chokepoints_Data chokepoint6,high_for_chokepoint_calls_low_for_cargo_contents,"Known: daily transit calls by broad vessel class. Unknown: vessel identity, direction, AIS-dark movements, and actual cargo onboard."
2023-07-20,115,74,20,16,3,2,41,4073676,4956444,89.43,56.57,152.8,162.0,IMF PortWatch Daily_Chokepoints_Data chokepoint6,high_for_chokepoint_calls_low_for_cargo_contents,"Known: daily transit calls by broad vessel class. Unknown: vessel identity, direction, AIS-dark movements, and actual cargo onboard."
2023-07-21,98,60,16,13,8,1,38,1848376,2949813,87.86,55.57,130.2,131.3,IMF PortWatch Daily_Chokepoints_Data chokepoint6,high_for_chokepoint_calls_low_for_cargo_contents,"Known: daily transit calls by broad vessel class. Unknown: vessel identity, direction, AIS-dark movements, and actual cargo onboard."
2023-07-22,69,44,9,13,2,1,25,1876296,2305901,83.71,52.86,91.7,96.3,IMF PortWatch Daily_Chokepoints_Data chokepoint6,high_for_chokepoint_calls_low_for_cargo_contents,"Known: daily transit calls by broad vessel class. Unknown: vessel identity, direction, AIS-dark movements, and actual cargo onboard."
2023-07-23,85,50,20,8,4,3,35,2536515,3418278,85.43,52.86,112.9,109.5,IMF PortWatch Daily_Chokepoints_Data chokepoint6,high_for_chokepoint_calls_low_for_cargo_contents,"Known: daily transit calls by broad vessel class. Unknown: vessel identity, direction, AIS-dark movements, and actual cargo onboard."
2023-07-24,88,61,11,15,1,0,27,3203299,4254023,84,53.29,116.9,133.5,IMF PortWatch Daily_Chokepoints_Data chokepoint6,high_for_chokepoint_calls_low_for_cargo_contents,"Known: daily transit calls by broad vessel class. Unknown: vessel identity, direction, AIS-dark movements, and actual cargo onboard."
2023-07-25,63,39,11,8,2,3,24,1826394,2606203,81.14,51.14,83.7,85.4,IMF PortWatch Daily_Chokepoints_Data chokepoint6,high_for_chokepoint_calls_low_for_cargo_contents,"Known: daily transit calls by broad vessel class. Unknown: vessel identity, direction, AIS-dark movements, and actual cargo onboard."
2023-07-26,64,35,10,14,4,1,29,1459955,2314047,83.14,51.86,85.0,76.6,IMF PortWatch Daily_Chokepoints_Data chokepoint6,high_for_chokepoint_calls_low_for_cargo_contents,"Known: daily transit calls by broad vessel class. Unknown: vessel identity, direction, AIS-dark movements, and actual cargo onboard."
2023-07-27,69,39,13,10,3,4,30,2380274,3181961,76.57,46.86,91.7,85.4,IMF PortWatch Daily_Chokepoints_Data chokepoint6,high_for_chokepoint_calls_low_for_cargo_contents,"Known: daily transit calls by broad vessel class. Unknown: vessel identity, direction, AIS-dark movements, and actual cargo onboard."
2023-07-28,67,43,10,10,3,1,24,2242730,2832693,72.14,44.43,89.0,94.1,IMF PortWatch Daily_Chokepoints_Data chokepoint6,high_for_chokepoint_calls_low_for_cargo_contents,"Known: daily transit calls by broad vessel class. Unknown: vessel identity, direction, AIS-dark movements, and actual cargo onboard."
2023-07-29,50,26,8,13,1,2,24,1086570,1685278,69.43,41.86,66.4,56.9,IMF PortWatch Daily_Chokepoints_Data chokepoint6,high_for_chokepoint_calls_low_for_cargo_contents,"Known: daily transit calls by broad vessel class. Unknown: vessel identity, direction, AIS-dark movements, and actual cargo onboard."
2023-07-30,90,54,13,16,4,3,36,1948593,2833921,70.14,42.43,119.6,118.2,IMF PortWatch Daily_Chokepoints_Data chokepoint6,high_for_chokepoint_calls_low_for_cargo_contents,"Known: daily transit calls by broad vessel class. Unknown: vessel identity, direction, AIS-dark movements, and actual cargo onboard."
2023-07-31,116,76,17,21,2,0,40,3840000,5150703,74.14,44.57,154.1,166.4,IMF PortWatch Daily_Chokepoints_Data chokepoint6,high_for_chokepoint_calls_low_for_cargo_contents,"Known: daily transit calls by broad vessel class. Unknown: vessel identity, direction, AIS-dark movements, and actual cargo onboard."
2023-08-01,71,49,12,8,2,0,22,2143684,2769535,75.29,46,94.3,107.3,IMF PortWatch Daily_Chokepoints_Data chokepoint6,high_for_chokepoint_calls_low_for_cargo_contents,"Known: daily transit calls by broad vessel class. Unknown: vessel identity, direction, AIS-dark movements, and actual cargo onboard."
2023-08-02,81,52,10,13,3,3,29,1567682,2349086,77.71,48.43,107.6,113.8,IMF PortWatch Daily_Chokepoints_Data chokepoint6,high_for_chokepoint_calls_low_for_cargo_contents,"Known: daily transit calls by broad vessel class. Unknown: vessel identity, direction, AIS-dark movements, and actual cargo onboard."
2023-08-03,105,56,25,18,4,2,49,3257195,4699102,82.86,50.86,139.5,122.6,IMF PortWatch Daily_Chokepoints_Data chokepoint6,high_for_chokepoint_calls_low_for_cargo_contents,"Known: daily transit calls by broad vessel class. Unknown: vessel identity, direction, AIS-dark movements, and actual cargo onboard."
2023-08-04,98,63,17,14,1,3,35,2433320,3288940,87.29,53.71,130.2,137.9,IMF PortWatch Daily_Chokepoints_Data chokepoint6,high_for_chokepoint_calls_low_for_cargo_contents,"Known: daily transit calls by broad vessel class. Unknown: vessel identity, direction, AIS-dark movements, and actual cargo onboard."
2023-08-05,75,43,17,10,3,2,32,2350642,3144063,90.86,56.14,99.6,94.1,IMF PortWatch Daily_Chokepoints_Data chokepoint6,high_for_chokepoint_calls_low_for_cargo_contents,"Known: daily transit calls by broad vessel class. Unknown: vessel identity, direction, AIS-dark movements, and actual cargo onboard."
2023-08-06,93,57,15,16,4,1,36,3146756,4239669,91.29,56.57,123.5,124.8,IMF PortWatch Daily_Chokepoints_Data chokepoint6,high_for_chokepoint_calls_low_for_cargo_contents,"Known: daily transit calls by broad vessel class. Unknown: vessel identity, direction, AIS-dark movements, and actual cargo onboard."
2023-08-07,75,45,10,19,1,0,30,2077459,2947993,85.43,52.14,99.6,98.5,IMF PortWatch Daily_Chokepoints_Data chokepoint6,high_for_chokepoint_calls_low_for_cargo_contents,"Known: daily transit calls by broad vessel class. Unknown: vessel identity, direction, AIS-dark movements, and actual cargo onboard."
2023-08-08,93,55,16,11,8,3,38,2742057,3526360,88.57,53,123.5,120.4,IMF PortWatch Daily_Chokepoints_Data chokepoint6,high_for_chokepoint_calls_low_for_cargo_contents,"Known: daily transit calls by broad vessel class. Unknown: vessel identity, direction, AIS-dark movements, and actual cargo onboard."
2023-08-09,69,38,9,17,4,1,31,1749580,2606107,86.86,51,91.7,83.2,IMF PortWatch Daily_Chokepoints_Data chokepoint6,high_for_chokepoint_calls_low_for_cargo_contents,"Known: daily transit calls by broad vessel class. Unknown: vessel identity, direction, AIS-dark movements, and actual cargo onboard."
2023-08-10,103,62,21,13,6,1,41,2647579,3945180,86.57,51.86,136.8,135.7,IMF PortWatch Daily_Chokepoints_Data chokepoint6,high_for_chokepoint_calls_low_for_cargo_contents,"Known: daily transit calls by broad vessel class. Unknown: vessel identity, direction, AIS-dark movements, and actual cargo onboard."
2023-08-11,110,66,23,14,7,0,44,2590232,3777182,88.29,52.29,146.1,144.5,IMF PortWatch Daily_Chokepoints_Data chokepoint6,high_for_chokepoint_calls_low_for_cargo_contents,"Known: daily transit calls by broad vessel class. Unknown: vessel identity, direction, AIS-dark movements, and actual cargo onboard."
2023-08-12,113,74,15,18,3,3,39,3734057,4894922,93.71,56.71,150.1,162.0,IMF PortWatch Daily_Chokepoints_Data chokepoint6,high_for_chokepoint_calls_low_for_cargo_contents,"Known: daily transit calls by broad vessel class. Unknown: vessel identity, direction, AIS-dark movements, and actual cargo onboard."
2023-08-13,113,65,16,22,7,3,48,3093383,4251052,96.57,57.86,150.1,142.3,IMF PortWatch Daily_Chokepoints_Data chokepoint6,high_for_chokepoint_calls_low_for_cargo_contents,"Known: daily transit calls by broad vessel class. Unknown: vessel identity, direction, AIS-dark movements, and actual cargo onboard."
2023-08-14,102,61,25,11,2,3,41,2361750,3472720,100.43,60.14,135.5,133.5,IMF PortWatch Daily_Chokepoints_Data chokepoint6,high_for_chokepoint_calls_low_for_cargo_contents,"Known: daily transit calls by broad vessel class. Unknown: vessel identity, direction, AIS-dark movements, and actual cargo onboard."
2023-08-15,59,32,13,10,2,2,27,1739549,2271452,95.57,56.86,78.4,70.1,IMF PortWatch Daily_Chokepoints_Data chokepoint6,high_for_chokepoint_calls_low_for_cargo_contents,"Known: daily transit calls by broad vessel class. Unknown: vessel identity, direction, AIS-dark movements, and actual cargo onboard."
2023-08-16,110,61,16,20,9,4,49,2338417,3387230,101.43,60.14,146.1,133.5,IMF PortWatch Daily_Chokepoints_Data chokepoint6,high_for_chokepoint_calls_low_for_cargo_contents,"Known: daily transit calls by broad vessel class. Unknown: vessel identity, direction, AIS-dark movements, and actual cargo onboard."
2023-08-17,76,52,15,9,0,0,24,2478710,3060201,97.57,58.71,101.0,113.8,IMF PortWatch Daily_Chokepoints_Data chokepoint6,high_for_chokepoint_calls_low_for_cargo_contents,"Known: daily transit calls by broad vessel class. Unknown: vessel identity, direction, AIS-dark movements, and actual cargo onboard."
2023-08-18,101,57,16,17,8,3,44,2708982,3902500,96.29,57.43,134.2,124.8,IMF PortWatch Daily_Chokepoints_Data chokepoint6,high_for_chokepoint_calls_low_for_cargo_contents,"Known: daily transit calls by broad vessel class. Unknown: vessel identity, direction, AIS-dark movements, and actual cargo onboard."
2023-08-19,106,64,14,17,7,4,42,3181506,4424393,95.29,56,140.8,140.1,IMF PortWatch Daily_Chokepoints_Data chokepoint6,high_for_chokepoint_calls_low_for_cargo_contents,"Known: daily transit calls by broad vessel class. Unknown: vessel identity, direction, AIS-dark movements, and actual cargo onboard."
2023-08-20,104,61,23,15,3,2,43,3604527,5002249,94,55.43,138.1,133.5,IMF PortWatch Daily_Chokepoints_Data chokepoint6,high_for_chokepoint_calls_low_for_cargo_contents,"Known: daily transit calls by broad vessel class. Unknown: vessel identity, direction, AIS-dark movements, and actual cargo onboard."
2023-08-21,74,47,17,5,2,3,27,2250041,2704991,90,53.43,98.3,102.9,IMF PortWatch Daily_Chokepoints_Data chokepoint6,high_for_chokepoint_calls_low_for_cargo_contents,"Known: daily transit calls by broad vessel class. Unknown: vessel identity, direction, AIS-dark movements, and actual cargo onboard."
2023-08-22,92,59,15,12,3,3,33,2525962,3739836,94.71,57.29,122.2,129.2,IMF PortWatch Daily_Chokepoints_Data chokepoint6,high_for_chokepoint_calls_low_for_cargo_contents,"Known: daily transit calls by broad vessel class. Unknown: vessel identity, direction, AIS-dark movements, and actual cargo onboard."
2023-08-23,84,48,15,14,2,5,36,2721323,3912574,91,55.43,111.6,105.1,IMF PortWatch Daily_Chokepoints_Data chokepoint6,high_for_chokepoint_calls_low_for_cargo_contents,"Known: daily transit calls by broad vessel class. Unknown: vessel identity, direction, AIS-dark movements, and actual cargo onboard."
2023-08-24,38,25,9,4,0,0,13,2118221,2728245,85.57,51.57,50.5,54.7,IMF PortWatch Daily_Chokepoints_Data chokepoint6,high_for_chokepoint_calls_low_for_cargo_contents,"Known: daily transit calls by broad vessel class. Unknown: vessel identity, direction, AIS-dark movements, and actual cargo onboard."
2023-08-25,98,48,24,19,6,1,50,1556946,2927947,85.14,50.29,130.2,105.1,IMF PortWatch Daily_Chokepoints_Data chokepoint6,high_for_chokepoint_calls_low_for_cargo_contents,"Known: daily transit calls by broad vessel class. Unknown: vessel identity, direction, AIS-dark movements, and actual cargo onboard."
2023-08-26,81,54,12,9,4,2,27,2564569,3253134,81.57,48.86,107.6,118.2,IMF PortWatch Daily_Chokepoints_Data chokepoint6,high_for_chokepoint_calls_low_for_cargo_contents,"Known: daily transit calls by broad vessel class. Unknown: vessel identity, direction, AIS-dark movements, and actual cargo onboard."
2023-08-27,89,46,17,18,7,1,43,1507810,2571718,79.43,46.71,118.2,100.7,IMF PortWatch Daily_Chokepoints_Data chokepoint6,high_for_chokepoint_calls_low_for_cargo_contents,"Known: daily transit calls by broad vessel class. Unknown: vessel identity, direction, AIS-dark movements, and actual cargo onboard."
2023-08-28,100,60,19,17,2,2,40,3367156,4289871,83.14,48.57,132.8,131.3,IMF PortWatch Daily_Chokepoints_Data chokepoint6,high_for_chokepoint_calls_low_for_cargo_contents,"Known: daily transit calls by broad vessel class. Unknown: vessel identity, direction, AIS-dark movements, and actual cargo onboard."
2023-08-29,106,71,23,9,2,1,35,2418458,3628099,85.14,50.29,140.8,155.4,IMF PortWatch Daily_Chokepoints_Data chokepoint6,high_for_chokepoint_calls_low_for_cargo_contents,"Known: daily transit calls by broad vessel class. Unknown: vessel identity, direction, AIS-dark movements, and actual cargo onboard."
2023-08-30,81,42,16,15,7,1,39,2075034,3062241,84.71,49.43,107.6,91.9,IMF PortWatch Daily_Chokepoints_Data chokepoint6,high_for_chokepoint_calls_low_for_cargo_contents,"Known: daily transit calls by broad vessel class. Unknown: vessel identity, direction, AIS-dark movements, and actual cargo onboard."
2023-08-31,71,40,12,13,5,1,31,1676887,2370673,89.43,51.57,94.3,87.6,IMF PortWatch Daily_Chokepoints_Data chokepoint6,high_for_chokepoint_calls_low_for_cargo_contents,"Known: daily transit calls by broad vessel class. Unknown: vessel identity, direction, AIS-dark movements, and actual cargo onboard."
2023-09-01,52,28,10,11,1,2,24,1231557,2058992,82.86,48.71,69.1,61.3,IMF PortWatch Daily_Chokepoints_Data chokepoint6,high_for_chokepoint_calls_low_for_cargo_contents,"Known: daily transit calls by broad vessel class. Unknown: vessel identity, direction, AIS-dark movements, and actual cargo onboard."
2023-09-02,49,24,8,14,2,1,25,1851674,2414132,78.29,44.43,65.1,52.5,IMF PortWatch Daily_Chokepoints_Data chokepoint6,high_for_chokepoint_calls_low_for_cargo_contents,"Known: daily transit calls by broad vessel class. Unknown: vessel identity, direction, AIS-dark movements, and actual cargo onboard."
2023-09-03,90,59,9,16,4,2,31,2417880,3528974,78.43,46.29,119.6,129.2,IMF PortWatch Daily_Chokepoints_Data chokepoint6,high_for_chokepoint_calls_low_for_cargo_contents,"Known: daily transit calls by broad vessel class. Unknown: vessel identity, direction, AIS-dark movements, and actual cargo onboard."
2023-09-04,67,49,4,10,4,0,18,2193777,2635232,73.71,44.71,89.0,107.3,IMF PortWatch Daily_Chokepoints_Data chokepoint6,high_for_chokepoint_calls_low_for_cargo_contents,"Known: daily transit calls by broad vessel class. Unknown: vessel identity, direction, AIS-dark movements, and actual cargo onboard."
2023-09-05,104,59,23,15,7,0,45,3319471,4505837,73.43,43,138.1,129.2,IMF PortWatch Daily_Chokepoints_Data chokepoint6,high_for_chokepoint_calls_low_for_cargo_contents,"Known: daily transit calls by broad vessel class. Unknown: vessel identity, direction, AIS-dark movements, and actual cargo onboard."
2023-09-06,107,67,18,12,9,1,40,3177813,4174675,77.14,46.57,142.1,146.7,IMF PortWatch Daily_Chokepoints_Data chokepoint6,high_for_chokepoint_calls_low_for_cargo_contents,"Known: daily transit calls by broad vessel class. Unknown: vessel identity, direction, AIS-dark movements, and actual cargo onboard."
2023-09-07,107,62,16,16,5,8,45,3152075,4091129,82.29,49.71,142.1,135.7,IMF PortWatch Daily_Chokepoints_Data chokepoint6,high_for_chokepoint_calls_low_for_cargo_contents,"Known: daily transit calls by broad vessel class. Unknown: vessel identity, direction, AIS-dark movements, and actual cargo onboard."
2023-09-08,101,66,18,13,4,0,35,2984164,4116727,89.29,55.14,134.2,144.5,IMF PortWatch Daily_Chokepoints_Data chokepoint6,high_for_chokepoint_calls_low_for_cargo_contents,"Known: daily transit calls by broad vessel class. Unknown: vessel identity, direction, AIS-dark movements, and actual cargo onboard."
2023-09-09,71,43,13,10,2,3,28,1905283,2695936,92.43,57.86,94.3,94.1,IMF PortWatch Daily_Chokepoints_Data chokepoint6,high_for_chokepoint_calls_low_for_cargo_contents,"Known: daily transit calls by broad vessel class. Unknown: vessel identity, direction, AIS-dark movements, and actual cargo onboard."
2023-09-10,69,45,12,10,1,1,24,1905318,2796678,89.43,55.86,91.7,98.5,IMF PortWatch Daily_Chokepoints_Data chokepoint6,high_for_chokepoint_calls_low_for_cargo_contents,"Known: daily transit calls by broad vessel class. Unknown: vessel identity, direction, AIS-dark movements, and actual cargo onboard."
2023-09-11,97,45,25,22,4,1,52,3088151,4701883,93.71,55.29,128.8,98.5,IMF PortWatch Daily_Chokepoints_Data chokepoint6,high_for_chokepoint_calls_low_for_cargo_contents,"Known: daily transit calls by broad vessel class. Unknown: vessel identity, direction, AIS-dark movements, and actual cargo onboard."
2023-09-12,62,35,10,13,3,1,27,1714855,2341632,87.71,51.86,82.4,76.6,IMF PortWatch Daily_Chokepoints_Data chokepoint6,high_for_chokepoint_calls_low_for_cargo_contents,"Known: daily transit calls by broad vessel class. Unknown: vessel identity, direction, AIS-dark movements, and actual cargo onboard."
2023-09-13,103,66,17,14,3,3,37,2664219,3562679,87.14,51.71,136.8,144.5,IMF PortWatch Daily_Chokepoints_Data chokepoint6,high_for_chokepoint_calls_low_for_cargo_contents,"Known: daily transit calls by broad vessel class. Unknown: vessel identity, direction, AIS-dark movements, and actual cargo onboard."
2023-09-14,123,81,20,14,4,4,42,4676122,5460154,89.43,54.43,163.4,177.3,IMF PortWatch Daily_Chokepoints_Data chokepoint6,high_for_chokepoint_calls_low_for_cargo_contents,"Known: daily transit calls by broad vessel class. Unknown: vessel identity, direction, AIS-dark movements, and actual cargo onboard."
2023-09-15,79,46,15,15,2,1,33,1280775,2342906,86.29,51.57,104.9,100.7,IMF PortWatch Daily_Chokepoints_Data chokepoint6,high_for_chokepoint_calls_low_for_cargo_contents,"Known: daily transit calls by broad vessel class. Unknown: vessel identity, direction, AIS-dark movements, and actual cargo onboard."
2023-09-16,84,47,17,14,2,4,37,2008349,3004999,88.14,52.14,111.6,102.9,IMF PortWatch Daily_Chokepoints_Data chokepoint6,high_for_chokepoint_calls_low_for_cargo_contents,"Known: daily transit calls by broad vessel class. Unknown: vessel identity, direction, AIS-dark movements, and actual cargo onboard."
2023-09-17,69,40,10,12,5,2,29,2221555,2883176,88.14,51.43,91.7,87.6,IMF PortWatch Daily_Chokepoints_Data chokepoint6,high_for_chokepoint_calls_low_for_cargo_contents,"Known: daily transit calls by broad vessel class. Unknown: vessel identity, direction, AIS-dark movements, and actual cargo onboard."
2023-09-18,97,60,14,17,3,3,37,1843771,3133225,88.14,53.57,128.8,131.3,IMF PortWatch Daily_Chokepoints_Data chokepoint6,high_for_chokepoint_calls_low_for_cargo_contents,"Known: daily transit calls by broad vessel class. Unknown: vessel identity, direction, AIS-dark movements, and actual cargo onboard."
2023-09-19,106,67,17,19,1,2,39,3430783,4224052,94.43,58.14,140.8,146.7,IMF PortWatch Daily_Chokepoints_Data chokepoint6,high_for_chokepoint_calls_low_for_cargo_contents,"Known: daily transit calls by broad vessel class. Unknown: vessel identity, direction, AIS-dark movements, and actual cargo onboard."
2023-09-20,97,57,22,12,5,1,40,3363423,4539465,93.57,56.86,128.8,124.8,IMF PortWatch Daily_Chokepoints_Data chokepoint6,high_for_chokepoint_calls_low_for_cargo_contents,"Known: daily transit calls by broad vessel class. Unknown: vessel identity, direction, AIS-dark movements, and actual cargo onboard."
2023-09-21,102,59,15,19,5,4,43,1913004,3232759,90.57,53.71,135.5,129.2,IMF PortWatch Daily_Chokepoints_Data chokepoint6,high_for_chokepoint_calls_low_for_cargo_contents,"Known: daily transit calls by broad vessel class. Unknown: vessel identity, direction, AIS-dark movements, and actual cargo onboard."
2023-09-22,48,33,6,7,0,2,15,1467733,1850585,86.14,51.86,63.8,72.2,IMF PortWatch Daily_Chokepoints_Data chokepoint6,high_for_chokepoint_calls_low_for_cargo_contents,"Known: daily transit calls by broad vessel class. Unknown: vessel identity, direction, AIS-dark movements, and actual cargo onboard."
2023-09-23,60,34,8,11,5,2,26,1501943,2194146,82.71,50,79.7,74.4,IMF PortWatch Daily_Chokepoints_Data chokepoint6,high_for_chokepoint_calls_low_for_cargo_contents,"Known: daily transit calls by broad vessel class. Unknown: vessel identity, direction, AIS-dark movements, and actual cargo onboard."
2023-09-24,66,42,17,7,0,0,24,1434994,2039337,82.29,50.29,87.7,91.9,IMF PortWatch Daily_Chokepoints_Data chokepoint6,high_for_chokepoint_calls_low_for_cargo_contents,"Known: daily transit calls by broad vessel class. Unknown: vessel identity, direction, AIS-dark movements, and actual cargo onboard."
2023-09-25,72,46,12,9,3,2,26,2827977,3442442,78.71,48.29,95.6,100.7,IMF PortWatch Daily_Chokepoints_Data chokepoint6,high_for_chokepoint_calls_low_for_cargo_contents,"Known: daily transit calls by broad vessel class. Unknown: vessel identity, direction, AIS-dark movements, and actual cargo onboard."
2023-09-26,72,48,10,7,5,2,24,2156887,2722739,73.86,45.57,95.6,105.1,IMF PortWatch Daily_Chokepoints_Data chokepoint6,high_for_chokepoint_calls_low_for_cargo_contents,"Known: daily transit calls by broad vessel class. Unknown: vessel identity, direction, AIS-dark movements, and actual cargo onboard."
2023-09-27,107,62,16,18,6,5,45,2889925,3732312,75.29,46.29,142.1,135.7,IMF PortWatch Daily_Chokepoints_Data chokepoint6,high_for_chokepoint_calls_low_for_cargo_contents,"Known: daily transit calls by broad vessel class. Unknown: vessel identity, direction, AIS-dark movements, and actual cargo onboard."
2023-09-28,86,51,17,14,2,2,35,2105446,3072947,73,45.14,114.2,111.6,IMF PortWatch Daily_Chokepoints_Data chokepoint6,high_for_chokepoint_calls_low_for_cargo_contents,"Known: daily transit calls by broad vessel class. Unknown: vessel identity, direction, AIS-dark movements, and actual cargo onboard."
2023-09-29,111,67,18,15,8,3,44,2775835,3779708,82,50,147.4,146.7,IMF PortWatch Daily_Chokepoints_Data chokepoint6,high_for_chokepoint_calls_low_for_cargo_contents,"Known: daily transit calls by broad vessel class. Unknown: vessel identity, direction, AIS-dark movements, and actual cargo onboard."
2023-09-30,81,43,12,14,10,2,38,1934309,2942036,85,51.29,107.6,94.1,IMF PortWatch Daily_Chokepoints_Data chokepoint6,high_for_chokepoint_calls_low_for_cargo_contents,"Known: daily transit calls by broad vessel class. Unknown: vessel identity, direction, AIS-dark movements, and actual cargo onboard."
2023-10-01,102,63,14,19,4,2,39,2754864,3837596,90.14,54.29,135.5,137.9,IMF PortWatch Daily_Chokepoints_Data chokepoint6,high_for_chokepoint_calls_low_for_cargo_contents,"Known: daily transit calls by broad vessel class. Unknown: vessel identity, direction, AIS-dark movements, and actual cargo onboard."
2023-10-02,63,38,12,10,0,3,25,2473863,3051062,88.86,53.14,83.7,83.2,IMF PortWatch Daily_Chokepoints_Data chokepoint6,high_for_chokepoint_calls_low_for_cargo_contents,"Known: daily transit calls by broad vessel class. Unknown: vessel identity, direction, AIS-dark movements, and actual cargo onboard."
2023-10-03,72,45,12,10,4,1,27,2540309,3513331,88.86,52.71,95.6,98.5,IMF PortWatch Daily_Chokepoints_Data chokepoint6,high_for_chokepoint_calls_low_for_cargo_contents,"Known: daily transit calls by broad vessel class. Unknown: vessel identity, direction, AIS-dark movements, and actual cargo onboard."
2023-10-04,56,35,10,7,2,2,21,1389070,2023447,81.57,48.86,74.4,76.6,IMF PortWatch Daily_Chokepoints_Data chokepoint6,high_for_chokepoint_calls_low_for_cargo_contents,"Known: daily transit calls by broad vessel class. Unknown: vessel identity, direction, AIS-dark movements, and actual cargo onboard."
2023-10-05,109,66,21,12,7,3,43,2747803,3599304,84.86,51,144.8,144.5,IMF PortWatch Daily_Chokepoints_Data chokepoint6,high_for_chokepoint_calls_low_for_cargo_contents,"Known: daily transit calls by broad vessel class. Unknown: vessel identity, direction, AIS-dark movements, and actual cargo onboard."
2023-10-06,107,73,12,12,7,3,34,3658016,4409316,84.29,51.86,142.1,159.8,IMF PortWatch Daily_Chokepoints_Data chokepoint6,high_for_chokepoint_calls_low_for_cargo_contents,"Known: daily transit calls by broad vessel class. Unknown: vessel identity, direction, AIS-dark movements, and actual cargo onboard."
2023-10-07,85,42,18,17,7,1,43,2057247,3598813,84.86,51.71,112.9,91.9,IMF PortWatch Daily_Chokepoints_Data chokepoint6,high_for_chokepoint_calls_low_for_cargo_contents,"Known: daily transit calls by broad vessel class. Unknown: vessel identity, direction, AIS-dark movements, and actual cargo onboard."
2023-10-08,105,73,13,10,4,5,32,3373814,4066171,85.29,53.14,139.5,159.8,IMF PortWatch Daily_Chokepoints_Data chokepoint6,high_for_chokepoint_calls_low_for_cargo_contents,"Known: daily transit calls by broad vessel class. Unknown: vessel identity, direction, AIS-dark movements, and actual cargo onboard."
2023-10-09,104,63,17,20,3,1,41,2828967,3820943,91.14,56.71,138.1,137.9,IMF PortWatch Daily_Chokepoints_Data chokepoint6,high_for_chokepoint_calls_low_for_cargo_contents,"Known: daily transit calls by broad vessel class. Unknown: vessel identity, direction, AIS-dark movements, and actual cargo onboard."
2023-10-10,55,33,11,9,2,0,22,2389704,3379639,88.71,55,73.1,72.2,IMF PortWatch Daily_Chokepoints_Data chokepoint6,high_for_chokepoint_calls_low_for_cargo_contents,"Known: daily transit calls by broad vessel class. Unknown: vessel identity, direction, AIS-dark movements, and actual cargo onboard."
2023-10-11,90,53,14,14,5,4,37,2519862,3058345,93.57,57.57,119.6,116.0,IMF PortWatch Daily_Chokepoints_Data chokepoint6,high_for_chokepoint_calls_low_for_cargo_contents,"Known: daily transit calls by broad vessel class. Unknown: vessel identity, direction, AIS-dark movements, and actual cargo onboard."
2023-10-12,61,34,9,16,2,0,27,1371590,2094815,86.71,53,81.0,74.4,IMF PortWatch Daily_Chokepoints_Data chokepoint6,high_for_chokepoint_calls_low_for_cargo_contents,"Known: daily transit calls by broad vessel class. Unknown: vessel identity, direction, AIS-dark movements, and actual cargo onboard."
2023-10-13,83,46,21,4,9,3,37,790381,1476245,83.29,49.14,110.3,100.7,IMF PortWatch Daily_Chokepoints_Data chokepoint6,high_for_chokepoint_calls_low_for_cargo_contents,"Known: daily transit calls by broad vessel class. Unknown: vessel identity, direction, AIS-dark movements, and actual cargo onboard."
2023-10-14,100,55,23,10,9,3,45,3093042,4421676,85.43,51,132.8,120.4,IMF PortWatch Daily_Chokepoints_Data chokepoint6,high_for_chokepoint_calls_low_for_cargo_contents,"Known: daily transit calls by broad vessel class. Unknown: vessel identity, direction, AIS-dark movements, and actual cargo onboard."
2023-10-15,91,58,11,15,4,3,33,3005508,3766104,83.43,48.86,120.9,127.0,IMF PortWatch Daily_Chokepoints_Data chokepoint6,high_for_chokepoint_calls_low_for_cargo_contents,"Known: daily transit calls by broad vessel class. Unknown: vessel identity, direction, AIS-dark movements, and actual cargo onboard."
2023-10-16,82,41,20,20,0,1,41,2419071,3591945,80.29,45.71,108.9,89.8,IMF PortWatch Daily_Chokepoints_Data chokepoint6,high_for_chokepoint_calls_low_for_cargo_contents,"Known: daily transit calls by broad vessel class. Unknown: vessel identity, direction, AIS-dark movements, and actual cargo onboard."
2023-10-17,74,46,12,12,2,2,28,1162278,1866762,83,47.57,98.3,100.7,IMF PortWatch Daily_Chokepoints_Data chokepoint6,high_for_chokepoint_calls_low_for_cargo_contents,"Known: daily transit calls by broad vessel class. Unknown: vessel identity, direction, AIS-dark movements, and actual cargo onboard."
2023-10-18,48,34,3,9,1,1,14,2623980,3145461,77,44.86,63.8,74.4,IMF PortWatch Daily_Chokepoints_Data chokepoint6,high_for_chokepoint_calls_low_for_cargo_contents,"Known: daily transit calls by broad vessel class. Unknown: vessel identity, direction, AIS-dark movements, and actual cargo onboard."
2023-10-19,91,49,19,16,5,2,42,3028015,4220110,81.29,47,120.9,107.3,IMF PortWatch Daily_Chokepoints_Data chokepoint6,high_for_chokepoint_calls_low_for_cargo_contents,"Known: daily transit calls by broad vessel class. Unknown: vessel identity, direction, AIS-dark movements, and actual cargo onboard."
2023-10-20,103,64,20,15,3,1,39,2746392,3831405,84.14,49.57,136.8,140.1,IMF PortWatch Daily_Chokepoints_Data chokepoint6,high_for_chokepoint_calls_low_for_cargo_contents,"Known: daily transit calls by broad vessel class. Unknown: vessel identity, direction, AIS-dark movements, and actual cargo onboard."
2023-10-21,81,47,10,16,6,2,34,2007536,3033406,81.43,48.43,107.6,102.9,IMF PortWatch Daily_Chokepoints_Data chokepoint6,high_for_chokepoint_calls_low_for_cargo_contents,"Known: daily transit calls by broad vessel class. Unknown: vessel identity, direction, AIS-dark movements, and actual cargo onboard."
2023-10-22,64,30,15,12,4,3,34,2010908,2643136,77.57,44.43,85.0,65.7,IMF PortWatch Daily_Chokepoints_Data chokepoint6,high_for_chokepoint_calls_low_for_cargo_contents,"Known: daily transit calls by broad vessel class. Unknown: vessel identity, direction, AIS-dark movements, and actual cargo onboard."
2023-10-23,80,50,14,12,3,1,30,1620702,2610823,77.29,45.71,106.3,109.5,IMF PortWatch Daily_Chokepoints_Data chokepoint6,high_for_chokepoint_calls_low_for_cargo_contents,"Known: daily transit calls by broad vessel class. Unknown: vessel identity, direction, AIS-dark movements, and actual cargo onboard."
2023-10-24,83,51,15,11,4,2,32,2240799,3237608,78.57,46.43,110.3,111.6,IMF PortWatch Daily_Chokepoints_Data chokepoint6,high_for_chokepoint_calls_low_for_cargo_contents,"Known: daily transit calls by broad vessel class. Unknown: vessel identity, direction, AIS-dark movements, and actual cargo onboard."
2023-10-25,84,47,17,10,6,4,37,1967881,2955511,83.71,48.29,111.6,102.9,IMF PortWatch Daily_Chokepoints_Data chokepoint6,high_for_chokepoint_calls_low_for_cargo_contents,"Known: daily transit calls by broad vessel class. Unknown: vessel identity, direction, AIS-dark movements, and actual cargo onboard."
2023-10-26,51,32,9,5,4,1,19,766242,1178386,78,45.86,67.7,70.1,IMF PortWatch Daily_Chokepoints_Data chokepoint6,high_for_chokepoint_calls_low_for_cargo_contents,"Known: daily transit calls by broad vessel class. Unknown: vessel identity, direction, AIS-dark movements, and actual cargo onboard."
2023-10-27,75,41,12,18,1,3,34,1735667,2847957,74,42.57,99.6,89.8,IMF PortWatch Daily_Chokepoints_Data chokepoint6,high_for_chokepoint_calls_low_for_cargo_contents,"Known: daily transit calls by broad vessel class. Unknown: vessel identity, direction, AIS-dark movements, and actual cargo onboard."
2023-10-28,60,32,8,14,2,4,28,1277855,2012967,71,40.43,79.7,70.1,IMF PortWatch Daily_Chokepoints_Data chokepoint6,high_for_chokepoint_calls_low_for_cargo_contents,"Known: daily transit calls by broad vessel class. Unknown: vessel identity, direction, AIS-dark movements, and actual cargo onboard."
2023-10-29,53,29,10,8,4,2,24,1787540,2579965,69.43,40.29,70.4,63.5,IMF PortWatch Daily_Chokepoints_Data chokepoint6,high_for_chokepoint_calls_low_for_cargo_contents,"Known: daily transit calls by broad vessel class. Unknown: vessel identity, direction, AIS-dark movements, and actual cargo onboard."
2023-10-30,109,71,12,21,3,2,38,3108422,4599597,73.57,43.29,144.8,155.4,IMF PortWatch Daily_Chokepoints_Data chokepoint6,high_for_chokepoint_calls_low_for_cargo_contents,"Known: daily transit calls by broad vessel class. Unknown: vessel identity, direction, AIS-dark movements, and actual cargo onboard."
2023-10-31,92,54,16,18,2,2,38,3084244,4239204,74.86,43.71,122.2,118.2,IMF PortWatch Daily_Chokepoints_Data chokepoint6,high_for_chokepoint_calls_low_for_cargo_contents,"Known: daily transit calls by broad vessel class. Unknown: vessel identity, direction, AIS-dark movements, and actual cargo onboard."
2023-11-01,90,60,13,10,5,2,30,2387930,3259151,75.71,45.57,119.6,131.3,IMF PortWatch Daily_Chokepoints_Data chokepoint6,high_for_chokepoint_calls_low_for_cargo_contents,"Known: daily transit calls by broad vessel class. Unknown: vessel identity, direction, AIS-dark movements, and actual cargo onboard."
2023-11-02,69,44,13,9,1,2,25,1543361,2087226,78.29,47.29,91.7,96.3,IMF PortWatch Daily_Chokepoints_Data chokepoint6,high_for_chokepoint_calls_low_for_cargo_contents,"Known: daily transit calls by broad vessel class. Unknown: vessel identity, direction, AIS-dark movements, and actual cargo onboard."
2023-11-03,78,52,11,10,4,1,26,1913694,2668720,78.71,48.86,103.6,113.8,IMF PortWatch Daily_Chokepoints_Data chokepoint6,high_for_chokepoint_calls_low_for_cargo_contents,"Known: daily transit calls by broad vessel class. Unknown: vessel identity, direction, AIS-dark movements, and actual cargo onboard."
2023-11-04,38,17,9,8,4,0,21,1273522,2162271,75.57,46.71,50.5,37.2,IMF PortWatch Daily_Chokepoints_Data chokepoint6,high_for_chokepoint_calls_low_for_cargo_contents,"Known: daily transit calls by broad vessel class. Unknown: vessel identity, direction, AIS-dark movements, and actual cargo onboard."
2023-11-05,66,40,7,14,4,1,26,1756049,2563455,77.43,48.29,87.7,87.6,IMF PortWatch Daily_Chokepoints_Data chokepoint6,high_for_chokepoint_calls_low_for_cargo_contents,"Known: daily transit calls by broad vessel class. Unknown: vessel identity, direction, AIS-dark movements, and actual cargo onboard."
2023-11-06,37,25,6,4,2,0,12,1744480,2143318,67.14,41.71,49.1,54.7,IMF PortWatch Daily_Chokepoints_Data chokepoint6,high_for_chokepoint_calls_low_for_cargo_contents,"Known: daily transit calls by broad vessel class. Unknown: vessel identity, direction, AIS-dark movements, and actual cargo onboard."
2023-11-07,51,27,13,8,2,1,24,967891,1601423,61.29,37.86,67.7,59.1,IMF PortWatch Daily_Chokepoints_Data chokepoint6,high_for_chokepoint_calls_low_for_cargo_contents,"Known: daily transit calls by broad vessel class. Unknown: vessel identity, direction, AIS-dark movements, and actual cargo onboard."
2023-11-08,66,39,6,15,4,2,27,2224178,3005055,57.86,34.86,87.7,85.4,IMF PortWatch Daily_Chokepoints_Data chokepoint6,high_for_chokepoint_calls_low_for_cargo_contents,"Known: daily transit calls by broad vessel class. Unknown: vessel identity, direction, AIS-dark movements, and actual cargo onboard."
2023-11-09,48,30,8,4,3,3,18,1636985,1848252,54.86,32.86,63.8,65.7,IMF PortWatch Daily_Chokepoints_Data chokepoint6,high_for_chokepoint_calls_low_for_cargo_contents,"Known: daily transit calls by broad vessel class. Unknown: vessel identity, direction, AIS-dark movements, and actual cargo onboard."
2023-11-10,92,50,19,18,4,1,42,2713702,3661555,56.86,32.57,122.2,109.5,IMF PortWatch Daily_Chokepoints_Data chokepoint6,high_for_chokepoint_calls_low_for_cargo_contents,"Known: daily transit calls by broad vessel class. Unknown: vessel identity, direction, AIS-dark movements, and actual cargo onboard."
2023-11-11,99,66,11,14,5,3,33,3016682,3815394,65.57,39.57,131.5,144.5,IMF PortWatch Daily_Chokepoints_Data chokepoint6,high_for_chokepoint_calls_low_for_cargo_contents,"Known: daily transit calls by broad vessel class. Unknown: vessel identity, direction, AIS-dark movements, and actual cargo onboard."
2023-11-12,109,67,14,18,7,3,42,3053686,3742415,71.71,43.43,144.8,146.7,IMF PortWatch Daily_Chokepoints_Data chokepoint6,high_for_chokepoint_calls_low_for_cargo_contents,"Known: daily transit calls by broad vessel class. Unknown: vessel identity, direction, AIS-dark movements, and actual cargo onboard."
2023-11-13,104,66,12,18,5,3,38,2113282,3130440,81.29,49.29,138.1,144.5,IMF PortWatch Daily_Chokepoints_Data chokepoint6,high_for_chokepoint_calls_low_for_cargo_contents,"Known: daily transit calls by broad vessel class. Unknown: vessel identity, direction, AIS-dark movements, and actual cargo onboard."
2023-11-14,86,56,13,11,3,3,30,3210859,3943995,86.29,53.43,114.2,122.6,IMF PortWatch Daily_Chokepoints_Data chokepoint6,high_for_chokepoint_calls_low_for_cargo_contents,"Known: daily transit calls by broad vessel class. Unknown: vessel identity, direction, AIS-dark movements, and actual cargo onboard."
2023-11-15,64,41,9,12,2,0,23,1241862,2026413,86,53.71,85.0,89.8,IMF PortWatch Daily_Chokepoints_Data chokepoint6,high_for_chokepoint_calls_low_for_cargo_contents,"Known: daily transit calls by broad vessel class. Unknown: vessel identity, direction, AIS-dark movements, and actual cargo onboard."
2023-11-16,58,30,10,12,2,4,28,2250287,3099058,87.43,53.71,77.0,65.7,IMF PortWatch Daily_Chokepoints_Data chokepoint6,high_for_chokepoint_calls_low_for_cargo_contents,"Known: daily transit calls by broad vessel class. Unknown: vessel identity, direction, AIS-dark movements, and actual cargo onboard."
2023-11-17,69,42,12,14,1,0,27,2345772,3219160,84.14,52.57,91.7,91.9,IMF PortWatch Daily_Chokepoints_Data chokepoint6,high_for_chokepoint_calls_low_for_cargo_contents,"Known: daily transit calls by broad vessel class. Unknown: vessel identity, direction, AIS-dark movements, and actual cargo onboard."
2023-11-18,79,52,9,11,7,0,27,2199689,2792387,81.29,50.57,104.9,113.8,IMF PortWatch Daily_Chokepoints_Data chokepoint6,high_for_chokepoint_calls_low_for_cargo_contents,"Known: daily transit calls by broad vessel class. Unknown: vessel identity, direction, AIS-dark movements, and actual cargo onboard."
2023-11-19,57,24,11,14,4,4,33,1093630,2005630,73.86,44.43,75.7,52.5,IMF PortWatch Daily_Chokepoints_Data chokepoint6,high_for_chokepoint_calls_low_for_cargo_contents,"Known: daily transit calls by broad vessel class. Unknown: vessel identity, direction, AIS-dark movements, and actual cargo onboard."
2023-11-20,67,44,10,11,1,1,23,1102085,1912399,68.57,41.29,89.0,96.3,IMF PortWatch Daily_Chokepoints_Data chokepoint6,high_for_chokepoint_calls_low_for_cargo_contents,"Known: daily transit calls by broad vessel class. Unknown: vessel identity, direction, AIS-dark movements, and actual cargo onboard."
2023-11-21,68,42,10,10,3,3,26,2124712,3204946,66,39.29,90.3,91.9,IMF PortWatch Daily_Chokepoints_Data chokepoint6,high_for_chokepoint_calls_low_for_cargo_contents,"Known: daily transit calls by broad vessel class. Unknown: vessel identity, direction, AIS-dark movements, and actual cargo onboard."
2023-11-22,61,37,7,14,1,2,24,1011297,1778143,65.57,38.71,81.0,81.0,IMF PortWatch Daily_Chokepoints_Data chokepoint6,high_for_chokepoint_calls_low_for_cargo_contents,"Known: daily transit calls by broad vessel class. Unknown: vessel identity, direction, AIS-dark movements, and actual cargo onboard."
2023-11-23,38,20,9,7,1,1,18,756435,1110072,62.71,37.29,50.5,43.8,IMF PortWatch Daily_Chokepoints_Data chokepoint6,high_for_chokepoint_calls_low_for_cargo_contents,"Known: daily transit calls by broad vessel class. Unknown: vessel identity, direction, AIS-dark movements, and actual cargo onboard."
2023-11-24,79,47,11,16,3,2,32,1492290,2467543,64.14,38,104.9,102.9,IMF PortWatch Daily_Chokepoints_Data chokepoint6,high_for_chokepoint_calls_low_for_cargo_contents,"Known: daily transit calls by broad vessel class. Unknown: vessel identity, direction, AIS-dark movements, and actual cargo onboard."
2023-11-25,60,36,11,9,4,0,24,1960633,2743950,61.43,35.71,79.7,78.8,IMF PortWatch Daily_Chokepoints_Data chokepoint6,high_for_chokepoint_calls_low_for_cargo_contents,"Known: daily transit calls by broad vessel class. Unknown: vessel identity, direction, AIS-dark movements, and actual cargo onboard."
2023-11-26,54,41,7,5,1,0,13,3124322,3554475,61,38.14,71.7,89.8,IMF PortWatch Daily_Chokepoints_Data chokepoint6,high_for_chokepoint_calls_low_for_cargo_contents,"Known: daily transit calls by broad vessel class. Unknown: vessel identity, direction, AIS-dark movements, and actual cargo onboard."
2023-11-27,59,36,9,8,4,2,23,2330865,2913437,59.86,37,78.4,78.8,IMF PortWatch Daily_Chokepoints_Data chokepoint6,high_for_chokepoint_calls_low_for_cargo_contents,"Known: daily transit calls by broad vessel class. Unknown: vessel identity, direction, AIS-dark movements, and actual cargo onboard."
2023-11-28,65,39,12,11,2,1,26,1826233,2481182,59.43,36.57,86.3,85.4,IMF PortWatch Daily_Chokepoints_Data chokepoint6,high_for_chokepoint_calls_low_for_cargo_contents,"Known: daily transit calls by broad vessel class. Unknown: vessel identity, direction, AIS-dark movements, and actual cargo onboard."
2023-11-29,68,37,13,12,3,3,31,2203502,2991865,60.43,36.57,90.3,81.0,IMF PortWatch Daily_Chokepoints_Data chokepoint6,high_for_chokepoint_calls_low_for_cargo_contents,"Known: daily transit calls by broad vessel class. Unknown: vessel identity, direction, AIS-dark movements, and actual cargo onboard."
2023-11-30,59,41,6,10,1,1,18,2029393,2598905,63.43,39.57,78.4,89.8,IMF PortWatch Daily_Chokepoints_Data chokepoint6,high_for_chokepoint_calls_low_for_cargo_contents,"Known: daily transit calls by broad vessel class. Unknown: vessel identity, direction, AIS-dark movements, and actual cargo onboard."
2023-12-01,51,31,9,6,2,3,20,1723047,2067777,59.43,37.29,67.7,67.9,IMF PortWatch Daily_Chokepoints_Data chokepoint6,high_for_chokepoint_calls_low_for_cargo_contents,"Known: daily transit calls by broad vessel class. Unknown: vessel identity, direction, AIS-dark movements, and actual cargo onboard."
2023-12-02,42,25,8,6,1,2,17,1773753,2178345,56.86,35.71,55.8,54.7,IMF PortWatch Daily_Chokepoints_Data chokepoint6,high_for_chokepoint_calls_low_for_cargo_contents,"Known: daily transit calls by broad vessel class. Unknown: vessel identity, direction, AIS-dark movements, and actual cargo onboard."
2023-12-03,84,52,10,16,5,1,32,3036334,4128678,61.14,37.29,111.6,113.8,IMF PortWatch Daily_Chokepoints_Data chokepoint6,high_for_chokepoint_calls_low_for_cargo_contents,"Known: daily transit calls by broad vessel class. Unknown: vessel identity, direction, AIS-dark movements, and actual cargo onboard."
2023-12-04,86,50,8,20,4,4,36,2657501,3679862,65,39.29,114.2,109.5,IMF PortWatch Daily_Chokepoints_Data chokepoint6,high_for_chokepoint_calls_low_for_cargo_contents,"Known: daily transit calls by broad vessel class. Unknown: vessel identity, direction, AIS-dark movements, and actual cargo onboard."
2023-12-05,85,53,14,9,5,4,32,2485838,3191503,67.86,41.29,112.9,116.0,IMF PortWatch Daily_Chokepoints_Data chokepoint6,high_for_chokepoint_calls_low_for_cargo_contents,"Known: daily transit calls by broad vessel class. Unknown: vessel identity, direction, AIS-dark movements, and actual cargo onboard."
2023-12-06,80,54,19,2,3,2,26,2117551,2673780,69.57,43.71,106.3,118.2,IMF PortWatch Daily_Chokepoints_Data chokepoint6,high_for_chokepoint_calls_low_for_cargo_contents,"Known: daily transit calls by broad vessel class. Unknown: vessel identity, direction, AIS-dark movements, and actual cargo onboard."
2023-12-07,83,47,14,17,2,3,36,2912445,3928612,73,44.57,110.3,102.9,IMF PortWatch Daily_Chokepoints_Data chokepoint6,high_for_chokepoint_calls_low_for_cargo_contents,"Known: daily transit calls by broad vessel class. Unknown: vessel identity, direction, AIS-dark movements, and actual cargo onboard."
2023-12-08,43,26,6,9,2,0,17,692665,1204465,71.86,43.86,57.1,56.9,IMF PortWatch Daily_Chokepoints_Data chokepoint6,high_for_chokepoint_calls_low_for_cargo_contents,"Known: daily transit calls by broad vessel class. Unknown: vessel identity, direction, AIS-dark movements, and actual cargo onboard."
2023-12-09,51,33,9,7,2,0,18,2160244,2538656,73.14,45,67.7,72.2,IMF PortWatch Daily_Chokepoints_Data chokepoint6,high_for_chokepoint_calls_low_for_cargo_contents,"Known: daily transit calls by broad vessel class. Unknown: vessel identity, direction, AIS-dark movements, and actual cargo onboard."
2023-12-10,72,45,9,12,3,3,27,1264158,1771438,71.43,44,95.6,98.5,IMF PortWatch Daily_Chokepoints_Data chokepoint6,high_for_chokepoint_calls_low_for_cargo_contents,"Known: daily transit calls by broad vessel class. Unknown: vessel identity, direction, AIS-dark movements, and actual cargo onboard."
2023-12-11,61,38,14,7,2,0,23,1637915,2466636,67.86,42.29,81.0,83.2,IMF PortWatch Daily_Chokepoints_Data chokepoint6,high_for_chokepoint_calls_low_for_cargo_contents,"Known: daily transit calls by broad vessel class. Unknown: vessel identity, direction, AIS-dark movements, and actual cargo onboard."
2023-12-12,75,45,10,14,3,3,30,1776043,2861772,66.43,41.14,99.6,98.5,IMF PortWatch Daily_Chokepoints_Data chokepoint6,high_for_chokepoint_calls_low_for_cargo_contents,"Known: daily transit calls by broad vessel class. Unknown: vessel identity, direction, AIS-dark movements, and actual cargo onboard."
2023-12-13,53,28,8,12,4,1,25,764133,1258309,62.57,37.43,70.4,61.3,IMF PortWatch Daily_Chokepoints_Data chokepoint6,high_for_chokepoint_calls_low_for_cargo_contents,"Known: daily transit calls by broad vessel class. Unknown: vessel identity, direction, AIS-dark movements, and actual cargo onboard."
2023-12-14,59,31,10,9,5,4,28,1965214,2583960,59.14,35.14,78.4,67.9,IMF PortWatch Daily_Chokepoints_Data chokepoint6,high_for_chokepoint_calls_low_for_cargo_contents,"Known: daily transit calls by broad vessel class. Unknown: vessel identity, direction, AIS-dark movements, and actual cargo onboard."
2023-12-15,70,45,12,10,2,1,25,2418811,3178044,63,37.86,93.0,98.5,IMF PortWatch Daily_Chokepoints_Data chokepoint6,high_for_chokepoint_calls_low_for_cargo_contents,"Known: daily transit calls by broad vessel class. Unknown: vessel identity, direction, AIS-dark movements, and actual cargo onboard."
2023-12-16,31,16,8,6,1,0,15,806787,1243543,60.14,35.43,41.2,35.0,IMF PortWatch Daily_Chokepoints_Data chokepoint6,high_for_chokepoint_calls_low_for_cargo_contents,"Known: daily transit calls by broad vessel class. Unknown: vessel identity, direction, AIS-dark movements, and actual cargo onboard."
2023-12-17,54,32,7,8,4,3,22,1412198,1791452,57.57,33.57,71.7,70.1,IMF PortWatch Daily_Chokepoints_Data chokepoint6,high_for_chokepoint_calls_low_for_cargo_contents,"Known: daily transit calls by broad vessel class. Unknown: vessel identity, direction, AIS-dark movements, and actual cargo onboard."
2023-12-18,56,33,12,6,3,2,23,1590582,2332771,56.86,32.86,74.4,72.2,IMF PortWatch Daily_Chokepoints_Data chokepoint6,high_for_chokepoint_calls_low_for_cargo_contents,"Known: daily transit calls by broad vessel class. Unknown: vessel identity, direction, AIS-dark movements, and actual cargo onboard."
2023-12-19,57,33,7,12,2,3,24,587397,1246812,54.29,31.14,75.7,72.2,IMF PortWatch Daily_Chokepoints_Data chokepoint6,high_for_chokepoint_calls_low_for_cargo_contents,"Known: daily transit calls by broad vessel class. Unknown: vessel identity, direction, AIS-dark movements, and actual cargo onboard."
2023-12-20,73,43,9,16,3,2,30,2179269,2899905,57.14,33.29,97.0,94.1,IMF PortWatch Daily_Chokepoints_Data chokepoint6,high_for_chokepoint_calls_low_for_cargo_contents,"Known: daily transit calls by broad vessel class. Unknown: vessel identity, direction, AIS-dark movements, and actual cargo onboard."
2023-12-21,57,26,14,12,2,3,31,1178036,2087772,56.86,32.57,75.7,56.9,IMF PortWatch Daily_Chokepoints_Data chokepoint6,high_for_chokepoint_calls_low_for_cargo_contents,"Known: daily transit calls by broad vessel class. Unknown: vessel identity, direction, AIS-dark movements, and actual cargo onboard."
2023-12-22,60,31,11,11,7,0,29,1253646,1959102,55.43,30.57,79.7,67.9,IMF PortWatch Daily_Chokepoints_Data chokepoint6,high_for_chokepoint_calls_low_for_cargo_contents,"Known: daily transit calls by broad vessel class. Unknown: vessel identity, direction, AIS-dark movements, and actual cargo onboard."
2023-12-23,77,55,8,9,2,3,22,1855039,2435447,62,36.14,102.3,120.4,IMF PortWatch Daily_Chokepoints_Data chokepoint6,high_for_chokepoint_calls_low_for_cargo_contents,"Known: daily transit calls by broad vessel class. Unknown: vessel identity, direction, AIS-dark movements, and actual cargo onboard."
2023-12-24,67,39,11,11,5,1,28,1826548,2589832,63.86,37.14,89.0,85.4,IMF PortWatch Daily_Chokepoints_Data chokepoint6,high_for_chokepoint_calls_low_for_cargo_contents,"Known: daily transit calls by broad vessel class. Unknown: vessel identity, direction, AIS-dark movements, and actual cargo onboard."
2023-12-25,84,51,9,13,9,2,33,2643843,3510284,67.86,39.71,111.6,111.6,IMF PortWatch Daily_Chokepoints_Data chokepoint6,high_for_chokepoint_calls_low_for_cargo_contents,"Known: daily transit calls by broad vessel class. Unknown: vessel identity, direction, AIS-dark movements, and actual cargo onboard."
2023-12-26,50,37,5,6,1,1,13,2434930,2795545,66.86,40.29,66.4,81.0,IMF PortWatch Daily_Chokepoints_Data chokepoint6,high_for_chokepoint_calls_low_for_cargo_contents,"Known: daily transit calls by broad vessel class. Unknown: vessel identity, direction, AIS-dark movements, and actual cargo onboard."
2023-12-27,71,42,15,11,2,1,29,1170022,2126058,66.57,40.14,94.3,91.9,IMF PortWatch Daily_Chokepoints_Data chokepoint6,high_for_chokepoint_calls_low_for_cargo_contents,"Known: daily transit calls by broad vessel class. Unknown: vessel identity, direction, AIS-dark movements, and actual cargo onboard."
2023-12-28,95,59,18,12,4,2,36,3076405,4064874,72,44.86,126.2,129.2,IMF PortWatch Daily_Chokepoints_Data chokepoint6,high_for_chokepoint_calls_low_for_cargo_contents,"Known: daily transit calls by broad vessel class. Unknown: vessel identity, direction, AIS-dark movements, and actual cargo onboard."
2023-12-29,55,33,8,9,4,1,22,1649184,2194397,71.29,45.14,73.1,72.2,IMF PortWatch Daily_Chokepoints_Data chokepoint6,high_for_chokepoint_calls_low_for_cargo_contents,"Known: daily transit calls by broad vessel class. Unknown: vessel identity, direction, AIS-dark movements, and actual cargo onboard."
2023-12-30,51,29,8,10,3,1,22,1240632,1979502,67.57,41.43,67.7,63.5,IMF PortWatch Daily_Chokepoints_Data chokepoint6,high_for_chokepoint_calls_low_for_cargo_contents,"Known: daily transit calls by broad vessel class. Unknown: vessel identity, direction, AIS-dark movements, and actual cargo onboard."
2023-12-31,68,45,13,10,0,0,23,2891584,3388424,67.71,42.29,90.3,98.5,IMF PortWatch Daily_Chokepoints_Data chokepoint6,high_for_chokepoint_calls_low_for_cargo_contents,"Known: daily transit calls by broad vessel class. Unknown: vessel identity, direction, AIS-dark movements, and actual cargo onboard."
2024-01-01,60,39,5,11,2,3,21,2237537,2655306,64.29,40.57,79.7,85.4,IMF PortWatch Daily_Chokepoints_Data chokepoint6,high_for_chokepoint_calls_low_for_cargo_contents,"Known: daily transit calls by broad vessel class. Unknown: vessel identity, direction, AIS-dark movements, and actual cargo onboard."
2024-01-02,72,47,9,11,2,3,25,2308302,3154542,67.43,42,95.6,102.9,IMF PortWatch Daily_Chokepoints_Data chokepoint6,high_for_chokepoint_calls_low_for_cargo_contents,"Known: daily transit calls by broad vessel class. Unknown: vessel identity, direction, AIS-dark movements, and actual cargo onboard."
2024-01-03,74,38,17,13,3,3,36,2902755,3793387,67.86,41.43,98.3,83.2,IMF PortWatch Daily_Chokepoints_Data chokepoint6,high_for_chokepoint_calls_low_for_cargo_contents,"Known: daily transit calls by broad vessel class. Unknown: vessel identity, direction, AIS-dark movements, and actual cargo onboard."
2024-01-04,79,47,9,16,5,2,32,2229185,3221271,65.57,39.71,104.9,102.9,IMF PortWatch Daily_Chokepoints_Data chokepoint6,high_for_chokepoint_calls_low_for_cargo_contents,"Known: daily transit calls by broad vessel class. Unknown: vessel identity, direction, AIS-dark movements, and actual cargo onboard."
2024-01-05,76,48,9,10,7,2,28,2499608,3001399,68.57,41.86,101.0,105.1,IMF PortWatch Daily_Chokepoints_Data chokepoint6,high_for_chokepoint_calls_low_for_cargo_contents,"Known: daily transit calls by broad vessel class. Unknown: vessel identity, direction, AIS-dark movements, and actual cargo onboard."
2024-01-06,72,45,12,12,1,2,27,2324709,3017093,71.57,44.14,95.6,98.5,IMF PortWatch Daily_Chokepoints_Data chokepoint6,high_for_chokepoint_calls_low_for_cargo_contents,"Known: daily transit calls by broad vessel class. Unknown: vessel identity, direction, AIS-dark movements, and actual cargo onboard."
2024-01-07,66,41,11,11,2,1,25,2537313,3235534,71.29,43.57,87.7,89.8,IMF PortWatch Daily_Chokepoints_Data chokepoint6,high_for_chokepoint_calls_low_for_cargo_contents,"Known: daily transit calls by broad vessel class. Unknown: vessel identity, direction, AIS-dark movements, and actual cargo onboard."
2024-01-08,68,43,7,12,3,3,25,1696204,2501795,72.43,44.14,90.3,94.1,IMF PortWatch Daily_Chokepoints_Data chokepoint6,high_for_chokepoint_calls_low_for_cargo_contents,"Known: daily transit calls by broad vessel class. Unknown: vessel identity, direction, AIS-dark movements, and actual cargo onboard."
2024-01-09,48,34,4,8,1,1,14,1554657,1899867,69,42.29,63.8,74.4,IMF PortWatch Daily_Chokepoints_Data chokepoint6,high_for_chokepoint_calls_low_for_cargo_contents,"Known: daily transit calls by broad vessel class. Unknown: vessel identity, direction, AIS-dark movements, and actual cargo onboard."
2024-01-10,60,34,12,10,2,2,26,1049313,2074489,67,41.71,79.7,74.4,IMF PortWatch Daily_Chokepoints_Data chokepoint6,high_for_chokepoint_calls_low_for_cargo_contents,"Known: daily transit calls by broad vessel class. Unknown: vessel identity, direction, AIS-dark movements, and actual cargo onboard."
2024-01-11,74,52,6,8,6,2,22,3447433,3854937,66.29,42.43,98.3,113.8,IMF PortWatch Daily_Chokepoints_Data chokepoint6,high_for_chokepoint_calls_low_for_cargo_contents,"Known: daily transit calls by broad vessel class. Unknown: vessel identity, direction, AIS-dark movements, and actual cargo onboard."
2024-01-12,75,49,8,11,4,3,26,2120832,2631381,66.14,42.57,99.6,107.3,IMF PortWatch Daily_Chokepoints_Data chokepoint6,high_for_chokepoint_calls_low_for_cargo_contents,"Known: daily transit calls by broad vessel class. Unknown: vessel identity, direction, AIS-dark movements, and actual cargo onboard."
2024-01-13,69,44,11,9,5,0,25,1946603,2706104,65.71,42.43,91.7,96.3,IMF PortWatch Daily_Chokepoints_Data chokepoint6,high_for_chokepoint_calls_low_for_cargo_contents,"Known: daily transit calls by broad vessel class. Unknown: vessel identity, direction, AIS-dark movements, and actual cargo onboard."
2024-01-14,85,52,12,14,6,1,33,2153034,3049499,68.43,44,112.9,113.8,IMF PortWatch Daily_Chokepoints_Data chokepoint6,high_for_chokepoint_calls_low_for_cargo_contents,"Known: daily transit calls by broad vessel class. Unknown: vessel identity, direction, AIS-dark movements, and actual cargo onboard."
2024-01-15,100,68,11,17,3,1,32,3925997,4768936,73,47.57,132.8,148.9,IMF PortWatch Daily_Chokepoints_Data chokepoint6,high_for_chokepoint_calls_low_for_cargo_contents,"Known: daily transit calls by broad vessel class. Unknown: vessel identity, direction, AIS-dark movements, and actual cargo onboard."
2024-01-16,87,54,14,12,3,4,33,2759801,3673948,78.57,50.43,115.6,118.2,IMF PortWatch Daily_Chokepoints_Data chokepoint6,high_for_chokepoint_calls_low_for_cargo_contents,"Known: daily transit calls by broad vessel class. Unknown: vessel identity, direction, AIS-dark movements, and actual cargo onboard."
2024-01-17,74,40,18,9,4,3,34,2691610,3521648,80.57,51.29,98.3,87.6,IMF PortWatch Daily_Chokepoints_Data chokepoint6,high_for_chokepoint_calls_low_for_cargo_contents,"Known: daily transit calls by broad vessel class. Unknown: vessel identity, direction, AIS-dark movements, and actual cargo onboard."
2024-01-18,63,42,9,8,2,2,21,1344347,1736825,79,49.86,83.7,91.9,IMF PortWatch Daily_Chokepoints_Data chokepoint6,high_for_chokepoint_calls_low_for_cargo_contents,"Known: daily transit calls by broad vessel class. Unknown: vessel identity, direction, AIS-dark movements, and actual cargo onboard."
2024-01-19,57,32,10,10,3,2,25,1473983,2133595,76.43,47.43,75.7,70.1,IMF PortWatch Daily_Chokepoints_Data chokepoint6,high_for_chokepoint_calls_low_for_cargo_contents,"Known: daily transit calls by broad vessel class. Unknown: vessel identity, direction, AIS-dark movements, and actual cargo onboard."
2024-01-20,85,43,17,19,4,2,42,1529902,2826682,78.71,47.29,112.9,94.1,IMF PortWatch Daily_Chokepoints_Data chokepoint6,high_for_chokepoint_calls_low_for_cargo_contents,"Known: daily transit calls by broad vessel class. Unknown: vessel identity, direction, AIS-dark movements, and actual cargo onboard."
2024-01-21,68,44,11,10,1,2,24,1597183,2299502,76.29,46.14,90.3,96.3,IMF PortWatch Daily_Chokepoints_Data chokepoint6,high_for_chokepoint_calls_low_for_cargo_contents,"Known: daily transit calls by broad vessel class. Unknown: vessel identity, direction, AIS-dark movements, and actual cargo onboard."
2024-01-22,75,42,15,10,4,4,33,2309697,3322027,72.71,42.43,99.6,91.9,IMF PortWatch Daily_Chokepoints_Data chokepoint6,high_for_chokepoint_calls_low_for_cargo_contents,"Known: daily transit calls by broad vessel class. Unknown: vessel identity, direction, AIS-dark movements, and actual cargo onboard."
2024-01-23,91,43,19,20,5,4,48,1674978,3000140,73.29,40.86,120.9,94.1,IMF PortWatch Daily_Chokepoints_Data chokepoint6,high_for_chokepoint_calls_low_for_cargo_contents,"Known: daily transit calls by broad vessel class. Unknown: vessel identity, direction, AIS-dark movements, and actual cargo onboard."
2024-01-24,85,54,12,9,6,4,31,2620662,3236589,74.86,42.86,112.9,118.2,IMF PortWatch Daily_Chokepoints_Data chokepoint6,high_for_chokepoint_calls_low_for_cargo_contents,"Known: daily transit calls by broad vessel class. Unknown: vessel identity, direction, AIS-dark movements, and actual cargo onboard."
2024-01-25,47,31,8,5,2,1,16,1940385,2512986,72.57,41.29,62.4,67.9,IMF PortWatch Daily_Chokepoints_Data chokepoint6,high_for_chokepoint_calls_low_for_cargo_contents,"Known: daily transit calls by broad vessel class. Unknown: vessel identity, direction, AIS-dark movements, and actual cargo onboard."
2024-01-26,82,51,13,8,8,2,31,1551296,2157335,76.14,44,108.9,111.6,IMF PortWatch Daily_Chokepoints_Data chokepoint6,high_for_chokepoint_calls_low_for_cargo_contents,"Known: daily transit calls by broad vessel class. Unknown: vessel identity, direction, AIS-dark movements, and actual cargo onboard."
2024-01-27,67,40,9,14,2,2,27,2638859,3510281,73.57,43.57,89.0,87.6,IMF PortWatch Daily_Chokepoints_Data chokepoint6,high_for_chokepoint_calls_low_for_cargo_contents,"Known: daily transit calls by broad vessel class. Unknown: vessel identity, direction, AIS-dark movements, and actual cargo onboard."
2024-01-28,84,40,16,14,10,4,44,2395012,2994750,75.86,43,111.6,87.6,IMF PortWatch Daily_Chokepoints_Data chokepoint6,high_for_chokepoint_calls_low_for_cargo_contents,"Known: daily transit calls by broad vessel class. Unknown: vessel identity, direction, AIS-dark movements, and actual cargo onboard."
2024-01-29,62,34,10,13,3,2,28,2166534,2901831,74,41.86,82.4,74.4,IMF PortWatch Daily_Chokepoints_Data chokepoint6,high_for_chokepoint_calls_low_for_cargo_contents,"Known: daily transit calls by broad vessel class. Unknown: vessel identity, direction, AIS-dark movements, and actual cargo onboard."
2024-01-30,56,34,8,9,4,1,22,2451394,2965083,69,40.57,74.4,74.4,IMF PortWatch Daily_Chokepoints_Data chokepoint6,high_for_chokepoint_calls_low_for_cargo_contents,"Known: daily transit calls by broad vessel class. Unknown: vessel identity, direction, AIS-dark movements, and actual cargo onboard."
2024-01-31,71,48,10,10,0,3,23,1812511,2881765,67,39.71,94.3,105.1,IMF PortWatch Daily_Chokepoints_Data chokepoint6,high_for_chokepoint_calls_low_for_cargo_contents,"Known: daily transit calls by broad vessel class. Unknown: vessel identity, direction, AIS-dark movements, and actual cargo onboard."
2024-02-01,82,49,15,11,4,3,33,3033161,3750942,72,42.29,108.9,107.3,IMF PortWatch Daily_Chokepoints_Data chokepoint6,high_for_chokepoint_calls_low_for_cargo_contents,"Known: daily transit calls by broad vessel class. Unknown: vessel identity, direction, AIS-dark movements, and actual cargo onboard."
2024-02-02,58,32,10,12,1,3,26,3229953,3928077,68.57,39.57,77.0,70.1,IMF PortWatch Daily_Chokepoints_Data chokepoint6,high_for_chokepoint_calls_low_for_cargo_contents,"Known: daily transit calls by broad vessel class. Unknown: vessel identity, direction, AIS-dark movements, and actual cargo onboard."
2024-02-03,64,33,14,13,3,1,31,1463719,2157742,68.14,38.57,85.0,72.2,IMF PortWatch Daily_Chokepoints_Data chokepoint6,high_for_chokepoint_calls_low_for_cargo_contents,"Known: daily transit calls by broad vessel class. Unknown: vessel identity, direction, AIS-dark movements, and actual cargo onboard."
2024-02-04,61,32,14,12,3,0,29,1463247,2281407,64.86,37.43,81.0,70.1,IMF PortWatch Daily_Chokepoints_Data chokepoint6,high_for_chokepoint_calls_low_for_cargo_contents,"Known: daily transit calls by broad vessel class. Unknown: vessel identity, direction, AIS-dark movements, and actual cargo onboard."
2024-02-05,65,42,7,12,2,2,23,2399504,2843145,65.29,38.57,86.3,91.9,IMF PortWatch Daily_Chokepoints_Data chokepoint6,high_for_chokepoint_calls_low_for_cargo_contents,"Known: daily transit calls by broad vessel class. Unknown: vessel identity, direction, AIS-dark movements, and actual cargo onboard."
2024-02-06,49,22,13,12,0,2,27,1177277,1791079,64.29,36.86,65.1,48.2,IMF PortWatch Daily_Chokepoints_Data chokepoint6,high_for_chokepoint_calls_low_for_cargo_contents,"Known: daily transit calls by broad vessel class. Unknown: vessel identity, direction, AIS-dark movements, and actual cargo onboard."
2024-02-07,79,45,15,14,4,1,34,1809302,2706657,65.43,36.43,104.9,98.5,IMF PortWatch Daily_Chokepoints_Data chokepoint6,high_for_chokepoint_calls_low_for_cargo_contents,"Known: daily transit calls by broad vessel class. Unknown: vessel identity, direction, AIS-dark movements, and actual cargo onboard."
2024-02-08,78,51,11,11,3,2,27,2462308,2835890,64.86,36.71,103.6,111.6,IMF PortWatch Daily_Chokepoints_Data chokepoint6,high_for_chokepoint_calls_low_for_cargo_contents,"Known: daily transit calls by broad vessel class. Unknown: vessel identity, direction, AIS-dark movements, and actual cargo onboard."
2024-02-09,67,35,17,11,2,2,32,1043391,2007418,66.14,37.14,89.0,76.6,IMF PortWatch Daily_Chokepoints_Data chokepoint6,high_for_chokepoint_calls_low_for_cargo_contents,"Known: daily transit calls by broad vessel class. Unknown: vessel identity, direction, AIS-dark movements, and actual cargo onboard."
2024-02-10,77,44,13,17,2,1,33,2357111,3549888,68,38.71,102.3,96.3,IMF PortWatch Daily_Chokepoints_Data chokepoint6,high_for_chokepoint_calls_low_for_cargo_contents,"Known: daily transit calls by broad vessel class. Unknown: vessel identity, direction, AIS-dark movements, and actual cargo onboard."
2024-02-11,78,48,11,14,3,2,30,2464580,3397472,70.43,41,103.6,105.1,IMF PortWatch Daily_Chokepoints_Data chokepoint6,high_for_chokepoint_calls_low_for_cargo_contents,"Known: daily transit calls by broad vessel class. Unknown: vessel identity, direction, AIS-dark movements, and actual cargo onboard."
2024-02-12,74,48,12,10,4,0,26,1918590,2760221,71.71,41.86,98.3,105.1,IMF PortWatch Daily_Chokepoints_Data chokepoint6,high_for_chokepoint_calls_low_for_cargo_contents,"Known: daily transit calls by broad vessel class. Unknown: vessel identity, direction, AIS-dark movements, and actual cargo onboard."
2024-02-13,62,32,12,12,4,2,30,2099381,2994408,73.57,43.29,82.4,70.1,IMF PortWatch Daily_Chokepoints_Data chokepoint6,high_for_chokepoint_calls_low_for_cargo_contents,"Known: daily transit calls by broad vessel class. Unknown: vessel identity, direction, AIS-dark movements, and actual cargo onboard."
2024-02-14,66,43,14,5,2,2,23,2042412,2765923,71.71,43,87.7,94.1,IMF PortWatch Daily_Chokepoints_Data chokepoint6,high_for_chokepoint_calls_low_for_cargo_contents,"Known: daily transit calls by broad vessel class. Unknown: vessel identity, direction, AIS-dark movements, and actual cargo onboard."
2024-02-15,93,55,16,15,4,3,38,1910793,2998547,73.86,43.57,123.5,120.4,IMF PortWatch Daily_Chokepoints_Data chokepoint6,high_for_chokepoint_calls_low_for_cargo_contents,"Known: daily transit calls by broad vessel class. Unknown: vessel identity, direction, AIS-dark movements, and actual cargo onboard."
2024-02-16,88,56,13,16,1,2,32,3094401,4135794,76.86,46.57,116.9,122.6,IMF PortWatch Daily_Chokepoints_Data chokepoint6,high_for_chokepoint_calls_low_for_cargo_contents,"Known: daily transit calls by broad vessel class. Unknown: vessel identity, direction, AIS-dark movements, and actual cargo onboard."
2024-02-17,48,30,7,7,4,0,18,2138061,2638855,72.71,44.57,63.8,65.7,IMF PortWatch Daily_Chokepoints_Data chokepoint6,high_for_chokepoint_calls_low_for_cargo_contents,"Known: daily transit calls by broad vessel class. Unknown: vessel identity, direction, AIS-dark movements, and actual cargo onboard."
2024-02-18,65,35,16,10,0,4,30,1463955,2174536,70.86,42.71,86.3,76.6,IMF PortWatch Daily_Chokepoints_Data chokepoint6,high_for_chokepoint_calls_low_for_cargo_contents,"Known: daily transit calls by broad vessel class. Unknown: vessel identity, direction, AIS-dark movements, and actual cargo onboard."
2024-02-19,65,39,13,6,5,2,26,2265698,2887044,69.57,41.43,86.3,85.4,IMF PortWatch Daily_Chokepoints_Data chokepoint6,high_for_chokepoint_calls_low_for_cargo_contents,"Known: daily transit calls by broad vessel class. Unknown: vessel identity, direction, AIS-dark movements, and actual cargo onboard."
2024-02-20,49,28,6,11,3,1,21,1429217,1893783,67.71,40.86,65.1,61.3,IMF PortWatch Daily_Chokepoints_Data chokepoint6,high_for_chokepoint_calls_low_for_cargo_contents,"Known: daily transit calls by broad vessel class. Unknown: vessel identity, direction, AIS-dark movements, and actual cargo onboard."
2024-02-21,70,42,10,15,2,1,28,2232936,3201489,68.29,40.71,93.0,91.9,IMF PortWatch Daily_Chokepoints_Data chokepoint6,high_for_chokepoint_calls_low_for_cargo_contents,"Known: daily transit calls by broad vessel class. Unknown: vessel identity, direction, AIS-dark movements, and actual cargo onboard."
2024-02-22,56,35,11,6,2,2,21,1939589,2456560,63,37.86,74.4,76.6,IMF PortWatch Daily_Chokepoints_Data chokepoint6,high_for_chokepoint_calls_low_for_cargo_contents,"Known: daily transit calls by broad vessel class. Unknown: vessel identity, direction, AIS-dark movements, and actual cargo onboard."
2024-02-23,56,25,14,11,4,2,31,519901,1408163,58.43,33.43,74.4,54.7,IMF PortWatch Daily_Chokepoints_Data chokepoint6,high_for_chokepoint_calls_low_for_cargo_contents,"Known: daily transit calls by broad vessel class. Unknown: vessel identity, direction, AIS-dark movements, and actual cargo onboard."
2024-02-24,79,54,11,11,2,1,25,3020490,3773709,62.86,36.86,104.9,118.2,IMF PortWatch Daily_Chokepoints_Data chokepoint6,high_for_chokepoint_calls_low_for_cargo_contents,"Known: daily transit calls by broad vessel class. Unknown: vessel identity, direction, AIS-dark movements, and actual cargo onboard."
2024-02-25,52,31,10,8,1,2,21,1390862,1869376,61,36.29,69.1,67.9,IMF PortWatch Daily_Chokepoints_Data chokepoint6,high_for_chokepoint_calls_low_for_cargo_contents,"Known: daily transit calls by broad vessel class. Unknown: vessel identity, direction, AIS-dark movements, and actual cargo onboard."
2024-02-26,77,42,16,17,1,1,35,2604242,3437938,62.71,36.71,102.3,91.9,IMF PortWatch Daily_Chokepoints_Data chokepoint6,high_for_chokepoint_calls_low_for_cargo_contents,"Known: daily transit calls by broad vessel class. Unknown: vessel identity, direction, AIS-dark movements, and actual cargo onboard."
2024-02-27,62,41,4,11,4,2,21,1728595,2434764,64.57,38.57,82.4,89.8,IMF PortWatch Daily_Chokepoints_Data chokepoint6,high_for_chokepoint_calls_low_for_cargo_contents,"Known: daily transit calls by broad vessel class. Unknown: vessel identity, direction, AIS-dark movements, and actual cargo onboard."
2024-02-28,75,41,15,14,3,2,34,1176609,2282634,65.29,38.43,99.6,89.8,IMF PortWatch Daily_Chokepoints_Data chokepoint6,high_for_chokepoint_calls_low_for_cargo_contents,"Known: daily transit calls by broad vessel class. Unknown: vessel identity, direction, AIS-dark movements, and actual cargo onboard."
2024-02-29,67,36,17,11,3,0,31,1279320,2222920,66.86,38.57,89.0,78.8,IMF PortWatch Daily_Chokepoints_Data chokepoint6,high_for_chokepoint_calls_low_for_cargo_contents,"Known: daily transit calls by broad vessel class. Unknown: vessel identity, direction, AIS-dark movements, and actual cargo onboard."
2024-03-01,76,42,20,12,0,2,34,2667248,3563258,69.71,41,101.0,91.9,IMF PortWatch Daily_Chokepoints_Data chokepoint6,high_for_chokepoint_calls_low_for_cargo_contents,"Known: daily transit calls by broad vessel class. Unknown: vessel identity, direction, AIS-dark movements, and actual cargo onboard."
2024-03-02,58,29,9,12,4,4,29,742773,1712937,66.71,37.43,77.0,63.5,IMF PortWatch Daily_Chokepoints_Data chokepoint6,high_for_chokepoint_calls_low_for_cargo_contents,"Known: daily transit calls by broad vessel class. Unknown: vessel identity, direction, AIS-dark movements, and actual cargo onboard."
2024-03-03,91,52,13,15,6,5,39,2165151,3181353,72.29,40.43,120.9,113.8,IMF PortWatch Daily_Chokepoints_Data chokepoint6,high_for_chokepoint_calls_low_for_cargo_contents,"Known: daily transit calls by broad vessel class. Unknown: vessel identity, direction, AIS-dark movements, and actual cargo onboard."
2024-03-04,88,64,11,9,2,2,24,3232756,4342337,73.86,43.57,116.9,140.1,IMF PortWatch Daily_Chokepoints_Data chokepoint6,high_for_chokepoint_calls_low_for_cargo_contents,"Known: daily transit calls by broad vessel class. Unknown: vessel identity, direction, AIS-dark movements, and actual cargo onboard."
2024-03-05,72,44,13,8,5,2,28,2262691,2929138,75.29,44,95.6,96.3,IMF PortWatch Daily_Chokepoints_Data chokepoint6,high_for_chokepoint_calls_low_for_cargo_contents,"Known: daily transit calls by broad vessel class. Unknown: vessel identity, direction, AIS-dark movements, and actual cargo onboard."
2024-03-06,47,28,6,9,2,2,19,1708787,2388879,71.29,42.14,62.4,61.3,IMF PortWatch Daily_Chokepoints_Data chokepoint6,high_for_chokepoint_calls_low_for_cargo_contents,"Known: daily transit calls by broad vessel class. Unknown: vessel identity, direction, AIS-dark movements, and actual cargo onboard."
2024-03-07,68,38,11,14,4,1,30,1637470,2381642,71.43,42.43,90.3,83.2,IMF PortWatch Daily_Chokepoints_Data chokepoint6,high_for_chokepoint_calls_low_for_cargo_contents,"Known: daily transit calls by broad vessel class. Unknown: vessel identity, direction, AIS-dark movements, and actual cargo onboard."
2024-03-08,101,61,18,15,6,1,40,2866200,3930231,75,45.14,134.2,133.5,IMF PortWatch Daily_Chokepoints_Data chokepoint6,high_for_chokepoint_calls_low_for_cargo_contents,"Known: daily transit calls by broad vessel class. Unknown: vessel identity, direction, AIS-dark movements, and actual cargo onboard."
2024-03-09,59,34,11,9,2,3,25,1104294,1768355,75.14,45.86,78.4,74.4,IMF PortWatch Daily_Chokepoints_Data chokepoint6,high_for_chokepoint_calls_low_for_cargo_contents,"Known: daily transit calls by broad vessel class. Unknown: vessel identity, direction, AIS-dark movements, and actual cargo onboard."
2024-03-10,64,35,14,11,4,0,29,2555138,3461470,71.29,43.43,85.0,76.6,IMF PortWatch Daily_Chokepoints_Data chokepoint6,high_for_chokepoint_calls_low_for_cargo_contents,"Known: daily transit calls by broad vessel class. Unknown: vessel identity, direction, AIS-dark movements, and actual cargo onboard."
2024-03-11,100,60,14,21,3,2,40,2461118,3333919,73,42.86,132.8,131.3,IMF PortWatch Daily_Chokepoints_Data chokepoint6,high_for_chokepoint_calls_low_for_cargo_contents,"Known: daily transit calls by broad vessel class. Unknown: vessel identity, direction, AIS-dark movements, and actual cargo onboard."
2024-03-12,110,68,17,14,6,5,42,3301612,4354586,78.43,46.29,146.1,148.9,IMF PortWatch Daily_Chokepoints_Data chokepoint6,high_for_chokepoint_calls_low_for_cargo_contents,"Known: daily transit calls by broad vessel class. Unknown: vessel identity, direction, AIS-dark movements, and actual cargo onboard."
2024-03-13,84,46,19,11,5,3,38,2536299,3602246,83.71,48.86,111.6,100.7,IMF PortWatch Daily_Chokepoints_Data chokepoint6,high_for_chokepoint_calls_low_for_cargo_contents,"Known: daily transit calls by broad vessel class. Unknown: vessel identity, direction, AIS-dark movements, and actual cargo onboard."
2024-03-14,57,37,8,9,2,1,20,2011142,2528772,82.14,48.71,75.7,81.0,IMF PortWatch Daily_Chokepoints_Data chokepoint6,high_for_chokepoint_calls_low_for_cargo_contents,"Known: daily transit calls by broad vessel class. Unknown: vessel identity, direction, AIS-dark movements, and actual cargo onboard."
2024-03-15,104,62,13,20,5,4,42,3088515,4172506,82.57,48.86,138.1,135.7,IMF PortWatch Daily_Chokepoints_Data chokepoint6,high_for_chokepoint_calls_low_for_cargo_contents,"Known: daily transit calls by broad vessel class. Unknown: vessel identity, direction, AIS-dark movements, and actual cargo onboard."
2024-03-16,123,69,28,21,4,1,54,3625962,5275009,91.71,53.86,163.4,151.1,IMF PortWatch Daily_Chokepoints_Data chokepoint6,high_for_chokepoint_calls_low_for_cargo_contents,"Known: daily transit calls by broad vessel class. Unknown: vessel identity, direction, AIS-dark movements, and actual cargo onboard."
2024-03-17,99,65,13,14,5,2,34,3487795,4416263,96.71,58.14,131.5,142.3,IMF PortWatch Daily_Chokepoints_Data chokepoint6,high_for_chokepoint_calls_low_for_cargo_contents,"Known: daily transit calls by broad vessel class. Unknown: vessel identity, direction, AIS-dark movements, and actual cargo onboard."
2024-03-18,105,59,20,19,5,2,46,2393652,3803253,97.43,58,139.5,129.2,IMF PortWatch Daily_Chokepoints_Data chokepoint6,high_for_chokepoint_calls_low_for_cargo_contents,"Known: daily transit calls by broad vessel class. Unknown: vessel identity, direction, AIS-dark movements, and actual cargo onboard."
2024-03-19,84,38,19,15,5,7,46,2141627,3240221,93.71,53.71,111.6,83.2,IMF PortWatch Daily_Chokepoints_Data chokepoint6,high_for_chokepoint_calls_low_for_cargo_contents,"Known: daily transit calls by broad vessel class. Unknown: vessel identity, direction, AIS-dark movements, and actual cargo onboard."
2024-03-20,103,60,18,17,4,4,43,4174837,5727635,96.43,55.71,136.8,131.3,IMF PortWatch Daily_Chokepoints_Data chokepoint6,high_for_chokepoint_calls_low_for_cargo_contents,"Known: daily transit calls by broad vessel class. Unknown: vessel identity, direction, AIS-dark movements, and actual cargo onboard."
2024-03-21,91,53,18,15,2,3,38,2473544,3365036,101.29,58,120.9,116.0,IMF PortWatch Daily_Chokepoints_Data chokepoint6,high_for_chokepoint_calls_low_for_cargo_contents,"Known: daily transit calls by broad vessel class. Unknown: vessel identity, direction, AIS-dark movements, and actual cargo onboard."
2024-03-22,99,61,18,15,4,1,38,3001079,3998577,100.57,57.86,131.5,133.5,IMF PortWatch Daily_Chokepoints_Data chokepoint6,high_for_chokepoint_calls_low_for_cargo_contents,"Known: daily transit calls by broad vessel class. Unknown: vessel identity, direction, AIS-dark movements, and actual cargo onboard."
2024-03-23,95,49,12,25,6,3,46,2109141,3513468,96.57,55,126.2,107.3,IMF PortWatch Daily_Chokepoints_Data chokepoint6,high_for_chokepoint_calls_low_for_cargo_contents,"Known: daily transit calls by broad vessel class. Unknown: vessel identity, direction, AIS-dark movements, and actual cargo onboard."
2024-03-24,92,56,17,14,4,1,36,1694836,2660915,95.57,53.71,122.2,122.6,IMF PortWatch Daily_Chokepoints_Data chokepoint6,high_for_chokepoint_calls_low_for_cargo_contents,"Known: daily transit calls by broad vessel class. Unknown: vessel identity, direction, AIS-dark movements, and actual cargo onboard."
2024-03-25,102,61,14,20,6,1,41,3319580,4482761,95.14,54,135.5,133.5,IMF PortWatch Daily_Chokepoints_Data chokepoint6,high_for_chokepoint_calls_low_for_cargo_contents,"Known: daily transit calls by broad vessel class. Unknown: vessel identity, direction, AIS-dark movements, and actual cargo onboard."
2024-03-26,78,45,20,9,2,2,33,1618296,2570273,94.29,55,103.6,98.5,IMF PortWatch Daily_Chokepoints_Data chokepoint6,high_for_chokepoint_calls_low_for_cargo_contents,"Known: daily transit calls by broad vessel class. Unknown: vessel identity, direction, AIS-dark movements, and actual cargo onboard."
2024-03-27,94,59,16,9,5,5,35,2413485,3095966,93,54.86,124.9,129.2,IMF PortWatch Daily_Chokepoints_Data chokepoint6,high_for_chokepoint_calls_low_for_cargo_contents,"Known: daily transit calls by broad vessel class. Unknown: vessel identity, direction, AIS-dark movements, and actual cargo onboard."
2024-03-28,82,51,13,11,5,2,31,2422788,3220572,91.71,54.57,108.9,111.6,IMF PortWatch Daily_Chokepoints_Data chokepoint6,high_for_chokepoint_calls_low_for_cargo_contents,"Known: daily transit calls by broad vessel class. Unknown: vessel identity, direction, AIS-dark movements, and actual cargo onboard."
2024-03-29,94,64,10,14,5,1,30,4024373,4779619,91,55,124.9,140.1,IMF PortWatch Daily_Chokepoints_Data chokepoint6,high_for_chokepoint_calls_low_for_cargo_contents,"Known: daily transit calls by broad vessel class. Unknown: vessel identity, direction, AIS-dark movements, and actual cargo onboard."
2024-03-30,92,54,17,14,6,1,38,3867294,5132129,90.57,55.71,122.2,118.2,IMF PortWatch Daily_Chokepoints_Data chokepoint6,high_for_chokepoint_calls_low_for_cargo_contents,"Known: daily transit calls by broad vessel class. Unknown: vessel identity, direction, AIS-dark movements, and actual cargo onboard."
2024-03-31,105,68,13,17,4,3,37,3403246,4413066,92.43,57.43,139.5,148.9,IMF PortWatch Daily_Chokepoints_Data chokepoint6,high_for_chokepoint_calls_low_for_cargo_contents,"Known: daily transit calls by broad vessel class. Unknown: vessel identity, direction, AIS-dark movements, and actual cargo onboard."
2024-04-01,94,59,17,11,4,3,35,2318689,3078137,91.29,57.14,124.9,129.2,IMF PortWatch Daily_Chokepoints_Data chokepoint6,high_for_chokepoint_calls_low_for_cargo_contents,"Known: daily transit calls by broad vessel class. Unknown: vessel identity, direction, AIS-dark movements, and actual cargo onboard."
2024-04-02,84,44,12,20,2,6,40,2033759,3291580,92.14,57,111.6,96.3,IMF PortWatch Daily_Chokepoints_Data chokepoint6,high_for_chokepoint_calls_low_for_cargo_contents,"Known: daily transit calls by broad vessel class. Unknown: vessel identity, direction, AIS-dark movements, and actual cargo onboard."
2024-04-03,79,47,15,12,4,1,32,2106082,3141521,90,55.29,104.9,102.9,IMF PortWatch Daily_Chokepoints_Data chokepoint6,high_for_chokepoint_calls_low_for_cargo_contents,"Known: daily transit calls by broad vessel class. Unknown: vessel identity, direction, AIS-dark movements, and actual cargo onboard."
2024-04-04,60,42,10,4,2,2,18,1340855,1675420,86.86,54,79.7,91.9,IMF PortWatch Daily_Chokepoints_Data chokepoint6,high_for_chokepoint_calls_low_for_cargo_contents,"Known: daily transit calls by broad vessel class. Unknown: vessel identity, direction, AIS-dark movements, and actual cargo onboard."
2024-04-05,68,36,9,13,7,3,32,2068295,2679336,83.14,50,90.3,78.8,IMF PortWatch Daily_Chokepoints_Data chokepoint6,high_for_chokepoint_calls_low_for_cargo_contents,"Known: daily transit calls by broad vessel class. Unknown: vessel identity, direction, AIS-dark movements, and actual cargo onboard."
2024-04-06,122,70,18,30,2,2,52,3883284,5321499,87.43,52.29,162.1,153.2,IMF PortWatch Daily_Chokepoints_Data chokepoint6,high_for_chokepoint_calls_low_for_cargo_contents,"Known: daily transit calls by broad vessel class. Unknown: vessel identity, direction, AIS-dark movements, and actual cargo onboard."
2024-04-07,73,43,16,11,2,1,30,2376011,3083085,82.86,48.71,97.0,94.1,IMF PortWatch Daily_Chokepoints_Data chokepoint6,high_for_chokepoint_calls_low_for_cargo_contents,"Known: daily transit calls by broad vessel class. Unknown: vessel identity, direction, AIS-dark movements, and actual cargo onboard."
2024-04-08,115,65,17,18,8,7,50,2257948,3284124,85.86,49.57,152.8,142.3,IMF PortWatch Daily_Chokepoints_Data chokepoint6,high_for_chokepoint_calls_low_for_cargo_contents,"Known: daily transit calls by broad vessel class. Unknown: vessel identity, direction, AIS-dark movements, and actual cargo onboard."
2024-04-09,107,66,17,14,8,2,41,2796706,3673816,89.14,52.71,142.1,144.5,IMF PortWatch Daily_Chokepoints_Data chokepoint6,high_for_chokepoint_calls_low_for_cargo_contents,"Known: daily transit calls by broad vessel class. Unknown: vessel identity, direction, AIS-dark movements, and actual cargo onboard."
2024-04-10,108,67,19,19,2,1,41,3504215,4964756,93.29,55.57,143.5,146.7,IMF PortWatch Daily_Chokepoints_Data chokepoint6,high_for_chokepoint_calls_low_for_cargo_contents,"Known: daily transit calls by broad vessel class. Unknown: vessel identity, direction, AIS-dark movements, and actual cargo onboard."
2024-04-11,95,61,12,13,5,4,34,2735143,3558536,98.29,58.29,126.2,133.5,IMF PortWatch Daily_Chokepoints_Data chokepoint6,high_for_chokepoint_calls_low_for_cargo_contents,"Known: daily transit calls by broad vessel class. Unknown: vessel identity, direction, AIS-dark movements, and actual cargo onboard."
2024-04-12,75,37,23,9,4,2,38,1295228,2194365,99.29,58.43,99.6,81.0,IMF PortWatch Daily_Chokepoints_Data chokepoint6,high_for_chokepoint_calls_low_for_cargo_contents,"Known: daily transit calls by broad vessel class. Unknown: vessel identity, direction, AIS-dark movements, and actual cargo onboard."
2024-04-13,89,61,12,14,2,0,28,2670879,3488828,94.57,57.14,118.2,133.5,IMF PortWatch Daily_Chokepoints_Data chokepoint6,high_for_chokepoint_calls_low_for_cargo_contents,"Known: daily transit calls by broad vessel class. Unknown: vessel identity, direction, AIS-dark movements, and actual cargo onboard."
2024-04-14,97,62,13,17,3,2,35,3634521,4698521,98,59.86,128.8,135.7,IMF PortWatch Daily_Chokepoints_Data chokepoint6,high_for_chokepoint_calls_low_for_cargo_contents,"Known: daily transit calls by broad vessel class. Unknown: vessel identity, direction, AIS-dark movements, and actual cargo onboard."
2024-04-15,93,55,9,19,4,6,38,2755806,3783754,94.86,58.43,123.5,120.4,IMF PortWatch Daily_Chokepoints_Data chokepoint6,high_for_chokepoint_calls_low_for_cargo_contents,"Known: daily transit calls by broad vessel class. Unknown: vessel identity, direction, AIS-dark movements, and actual cargo onboard."
2024-04-16,78,48,14,9,2,5,30,3193904,3764807,90.71,55.86,103.6,105.1,IMF PortWatch Daily_Chokepoints_Data chokepoint6,high_for_chokepoint_calls_low_for_cargo_contents,"Known: daily transit calls by broad vessel class. Unknown: vessel identity, direction, AIS-dark movements, and actual cargo onboard."
2024-04-17,68,42,10,11,4,1,26,1184755,1888462,85,52.29,90.3,91.9,IMF PortWatch Daily_Chokepoints_Data chokepoint6,high_for_chokepoint_calls_low_for_cargo_contents,"Known: daily transit calls by broad vessel class. Unknown: vessel identity, direction, AIS-dark movements, and actual cargo onboard."
2024-04-18,75,48,8,15,0,4,27,2051320,2777921,82.14,50.43,99.6,105.1,IMF PortWatch Daily_Chokepoints_Data chokepoint6,high_for_chokepoint_calls_low_for_cargo_contents,"Known: daily transit calls by broad vessel class. Unknown: vessel identity, direction, AIS-dark movements, and actual cargo onboard."
2024-04-19,53,32,11,8,1,1,21,2201137,2993019,79,49.71,70.4,70.1,IMF PortWatch Daily_Chokepoints_Data chokepoint6,high_for_chokepoint_calls_low_for_cargo_contents,"Known: daily transit calls by broad vessel class. Unknown: vessel identity, direction, AIS-dark movements, and actual cargo onboard."
2024-04-20,104,65,14,21,4,0,39,3156322,4330130,81.14,50.29,138.1,142.3,IMF PortWatch Daily_Chokepoints_Data chokepoint6,high_for_chokepoint_calls_low_for_cargo_contents,"Known: daily transit calls by broad vessel class. Unknown: vessel identity, direction, AIS-dark movements, and actual cargo onboard."
2024-04-21,104,66,18,14,5,1,38,3458394,4460959,82.14,50.86,138.1,144.5,IMF PortWatch Daily_Chokepoints_Data chokepoint6,high_for_chokepoint_calls_low_for_cargo_contents,"Known: daily transit calls by broad vessel class. Unknown: vessel identity, direction, AIS-dark movements, and actual cargo onboard."
2024-04-22,77,49,7,13,5,3,28,1763483,2245807,79.86,50,102.3,107.3,IMF PortWatch Daily_Chokepoints_Data chokepoint6,high_for_chokepoint_calls_low_for_cargo_contents,"Known: daily transit calls by broad vessel class. Unknown: vessel identity, direction, AIS-dark movements, and actual cargo onboard."
2024-04-23,108,64,17,21,5,1,44,2426852,3866815,84.14,52.29,143.5,140.1,IMF PortWatch Daily_Chokepoints_Data chokepoint6,high_for_chokepoint_calls_low_for_cargo_contents,"Known: daily transit calls by broad vessel class. Unknown: vessel identity, direction, AIS-dark movements, and actual cargo onboard."
2024-04-24,79,45,19,10,3,2,34,2554824,3652886,85.71,52.71,104.9,98.5,IMF PortWatch Daily_Chokepoints_Data chokepoint6,high_for_chokepoint_calls_low_for_cargo_contents,"Known: daily transit calls by broad vessel class. Unknown: vessel identity, direction, AIS-dark movements, and actual cargo onboard."
2024-04-25,65,36,13,10,3,3,29,2169304,2820205,84.29,51,86.3,78.8,IMF PortWatch Daily_Chokepoints_Data chokepoint6,high_for_chokepoint_calls_low_for_cargo_contents,"Known: daily transit calls by broad vessel class. Unknown: vessel identity, direction, AIS-dark movements, and actual cargo onboard."
2024-04-26,93,49,23,18,0,3,44,2338700,3726302,90,53.43,123.5,107.3,IMF PortWatch Daily_Chokepoints_Data chokepoint6,high_for_chokepoint_calls_low_for_cargo_contents,"Known: daily transit calls by broad vessel class. Unknown: vessel identity, direction, AIS-dark movements, and actual cargo onboard."
2024-04-27,102,69,17,14,1,1,33,2548414,3389007,89.71,54,135.5,151.1,IMF PortWatch Daily_Chokepoints_Data chokepoint6,high_for_chokepoint_calls_low_for_cargo_contents,"Known: daily transit calls by broad vessel class. Unknown: vessel identity, direction, AIS-dark movements, and actual cargo onboard."
2024-04-28,64,43,5,12,1,3,21,2483435,3080234,84,50.71,85.0,94.1,IMF PortWatch Daily_Chokepoints_Data chokepoint6,high_for_chokepoint_calls_low_for_cargo_contents,"Known: daily transit calls by broad vessel class. Unknown: vessel identity, direction, AIS-dark movements, and actual cargo onboard."
2024-04-29,81,44,14,18,2,3,37,1491754,2619268,84.57,50,107.6,96.3,IMF PortWatch Daily_Chokepoints_Data chokepoint6,high_for_chokepoint_calls_low_for_cargo_contents,"Known: daily transit calls by broad vessel class. Unknown: vessel identity, direction, AIS-dark movements, and actual cargo onboard."
2024-04-30,123,72,22,21,4,4,51,2365738,3780623,86.71,51.14,163.4,157.6,IMF PortWatch Daily_Chokepoints_Data chokepoint6,high_for_chokepoint_calls_low_for_cargo_contents,"Known: daily transit calls by broad vessel class. Unknown: vessel identity, direction, AIS-dark movements, and actual cargo onboard."
2024-05-01,78,47,12,13,2,4,31,2807363,3659107,86.57,51.43,103.6,102.9,IMF PortWatch Daily_Chokepoints_Data chokepoint6,high_for_chokepoint_calls_low_for_cargo_contents,"Known: daily transit calls by broad vessel class. Unknown: vessel identity, direction, AIS-dark movements, and actual cargo onboard."
2024-05-02,65,37,12,12,4,0,28,1633914,2348504,86.57,51.57,86.3,81.0,IMF PortWatch Daily_Chokepoints_Data chokepoint6,high_for_chokepoint_calls_low_for_cargo_contents,"Known: daily transit calls by broad vessel class. Unknown: vessel identity, direction, AIS-dark movements, and actual cargo onboard."
2024-05-03,77,44,18,12,1,2,33,2463153,3427520,84.29,50.86,102.3,96.3,IMF PortWatch Daily_Chokepoints_Data chokepoint6,high_for_chokepoint_calls_low_for_cargo_contents,"Known: daily transit calls by broad vessel class. Unknown: vessel identity, direction, AIS-dark movements, and actual cargo onboard."
2024-05-04,84,55,11,10,5,3,29,2720295,3397804,81.71,48.86,111.6,120.4,IMF PortWatch Daily_Chokepoints_Data chokepoint6,high_for_chokepoint_calls_low_for_cargo_contents,"Known: daily transit calls by broad vessel class. Unknown: vessel identity, direction, AIS-dark movements, and actual cargo onboard."
2024-05-05,109,70,20,14,3,2,39,3846099,4724833,88.14,52.71,144.8,153.2,IMF PortWatch Daily_Chokepoints_Data chokepoint6,high_for_chokepoint_calls_low_for_cargo_contents,"Known: daily transit calls by broad vessel class. Unknown: vessel identity, direction, AIS-dark movements, and actual cargo onboard."
2024-05-06,102,59,24,11,7,1,43,3294131,4359626,91.14,54.86,135.5,129.2,IMF PortWatch Daily_Chokepoints_Data chokepoint6,high_for_chokepoint_calls_low_for_cargo_contents,"Known: daily transit calls by broad vessel class. Unknown: vessel identity, direction, AIS-dark movements, and actual cargo onboard."
2024-05-07,106,69,16,14,4,3,37,3531027,4809163,88.71,54.43,140.8,151.1,IMF PortWatch Daily_Chokepoints_Data chokepoint6,high_for_chokepoint_calls_low_for_cargo_contents,"Known: daily transit calls by broad vessel class. Unknown: vessel identity, direction, AIS-dark movements, and actual cargo onboard."
2024-05-08,64,32,11,15,2,4,32,1600801,2177111,86.71,52.29,85.0,70.1,IMF PortWatch Daily_Chokepoints_Data chokepoint6,high_for_chokepoint_calls_low_for_cargo_contents,"Known: daily transit calls by broad vessel class. Unknown: vessel identity, direction, AIS-dark movements, and actual cargo onboard."
2024-05-09,102,63,14,16,8,1,39,2978688,3982282,92,56,135.5,137.9,IMF PortWatch Daily_Chokepoints_Data chokepoint6,high_for_chokepoint_calls_low_for_cargo_contents,"Known: daily transit calls by broad vessel class. Unknown: vessel identity, direction, AIS-dark movements, and actual cargo onboard."
2024-05-10,92,49,14,20,3,6,43,3627434,4523971,94.14,56.71,122.2,107.3,IMF PortWatch Daily_Chokepoints_Data chokepoint6,high_for_chokepoint_calls_low_for_cargo_contents,"Known: daily transit calls by broad vessel class. Unknown: vessel identity, direction, AIS-dark movements, and actual cargo onboard."
2024-05-11,87,52,13,11,8,3,35,2163723,2790165,94.57,56.29,115.6,113.8,IMF PortWatch Daily_Chokepoints_Data chokepoint6,high_for_chokepoint_calls_low_for_cargo_contents,"Known: daily transit calls by broad vessel class. Unknown: vessel identity, direction, AIS-dark movements, and actual cargo onboard."
2024-05-12,96,53,19,19,4,1,43,1464233,2849904,92.71,53.86,127.5,116.0,IMF PortWatch Daily_Chokepoints_Data chokepoint6,high_for_chokepoint_calls_low_for_cargo_contents,"Known: daily transit calls by broad vessel class. Unknown: vessel identity, direction, AIS-dark movements, and actual cargo onboard."
2024-05-13,124,77,21,17,6,3,47,5507350,6576418,95.86,56.43,164.7,168.6,IMF PortWatch Daily_Chokepoints_Data chokepoint6,high_for_chokepoint_calls_low_for_cargo_contents,"Known: daily transit calls by broad vessel class. Unknown: vessel identity, direction, AIS-dark movements, and actual cargo onboard."
2024-05-14,85,55,14,13,3,0,30,2598019,3426837,92.86,54.43,112.9,120.4,IMF PortWatch Daily_Chokepoints_Data chokepoint6,high_for_chokepoint_calls_low_for_cargo_contents,"Known: daily transit calls by broad vessel class. Unknown: vessel identity, direction, AIS-dark movements, and actual cargo onboard."
2024-05-15,109,63,20,15,7,4,46,2339785,3384735,99.29,58.86,144.8,137.9,IMF PortWatch Daily_Chokepoints_Data chokepoint6,high_for_chokepoint_calls_low_for_cargo_contents,"Known: daily transit calls by broad vessel class. Unknown: vessel identity, direction, AIS-dark movements, and actual cargo onboard."
2024-05-16,105,63,18,16,3,5,42,2253933,3459895,99.71,58.86,139.5,137.9,IMF PortWatch Daily_Chokepoints_Data chokepoint6,high_for_chokepoint_calls_low_for_cargo_contents,"Known: daily transit calls by broad vessel class. Unknown: vessel identity, direction, AIS-dark movements, and actual cargo onboard."
2024-05-17,102,61,15,21,3,2,41,2626881,4008913,101.14,60.57,135.5,133.5,IMF PortWatch Daily_Chokepoints_Data chokepoint6,high_for_chokepoint_calls_low_for_cargo_contents,"Known: daily transit calls by broad vessel class. Unknown: vessel identity, direction, AIS-dark movements, and actual cargo onboard."
2024-05-18,56,29,12,10,3,2,27,1487059,2175854,96.71,57.29,74.4,63.5,IMF PortWatch Daily_Chokepoints_Data chokepoint6,high_for_chokepoint_calls_low_for_cargo_contents,"Known: daily transit calls by broad vessel class. Unknown: vessel identity, direction, AIS-dark movements, and actual cargo onboard."
2024-05-19,99,63,15,18,1,2,36,3075316,4074980,97.14,58.71,131.5,137.9,IMF PortWatch Daily_Chokepoints_Data chokepoint6,high_for_chokepoint_calls_low_for_cargo_contents,"Known: daily transit calls by broad vessel class. Unknown: vessel identity, direction, AIS-dark movements, and actual cargo onboard."
2024-05-20,59,32,15,7,2,3,27,2082301,2831004,87.86,52.29,78.4,70.1,IMF PortWatch Daily_Chokepoints_Data chokepoint6,high_for_chokepoint_calls_low_for_cargo_contents,"Known: daily transit calls by broad vessel class. Unknown: vessel identity, direction, AIS-dark movements, and actual cargo onboard."
2024-05-21,102,69,13,14,4,2,33,3536713,4600466,90.29,54.29,135.5,151.1,IMF PortWatch Daily_Chokepoints_Data chokepoint6,high_for_chokepoint_calls_low_for_cargo_contents,"Known: daily transit calls by broad vessel class. Unknown: vessel identity, direction, AIS-dark movements, and actual cargo onboard."
2024-05-22,105,59,16,24,6,0,46,2002467,3312139,89.71,53.71,139.5,129.2,IMF PortWatch Daily_Chokepoints_Data chokepoint6,high_for_chokepoint_calls_low_for_cargo_contents,"Known: daily transit calls by broad vessel class. Unknown: vessel identity, direction, AIS-dark movements, and actual cargo onboard."
2024-05-23,105,67,20,13,3,2,38,3488093,4361290,89.71,54.29,139.5,146.7,IMF PortWatch Daily_Chokepoints_Data chokepoint6,high_for_chokepoint_calls_low_for_cargo_contents,"Known: daily transit calls by broad vessel class. Unknown: vessel identity, direction, AIS-dark movements, and actual cargo onboard."
2024-05-24,88,46,13,20,6,3,42,2421868,3635609,87.71,52.14,116.9,100.7,IMF PortWatch Daily_Chokepoints_Data chokepoint6,high_for_chokepoint_calls_low_for_cargo_contents,"Known: daily transit calls by broad vessel class. Unknown: vessel identity, direction, AIS-dark movements, and actual cargo onboard."
2024-05-25,72,43,13,10,5,1,29,1421421,2243973,90,54.14,95.6,94.1,IMF PortWatch Daily_Chokepoints_Data chokepoint6,high_for_chokepoint_calls_low_for_cargo_contents,"Known: daily transit calls by broad vessel class. Unknown: vessel identity, direction, AIS-dark movements, and actual cargo onboard."
2024-05-26,113,69,21,17,3,3,44,2057396,3370506,92,55,150.1,151.1,IMF PortWatch Daily_Chokepoints_Data chokepoint6,high_for_chokepoint_calls_low_for_cargo_contents,"Known: daily transit calls by broad vessel class. Unknown: vessel identity, direction, AIS-dark movements, and actual cargo onboard."
2024-05-27,102,63,17,15,5,2,39,3161042,4375215,98.14,59.43,135.5,137.9,IMF PortWatch Daily_Chokepoints_Data chokepoint6,high_for_chokepoint_calls_low_for_cargo_contents,"Known: daily transit calls by broad vessel class. Unknown: vessel identity, direction, AIS-dark movements, and actual cargo onboard."
2024-05-28,120,71,20,19,5,5,49,4066590,5270446,100.71,59.71,159.4,155.4,IMF PortWatch Daily_Chokepoints_Data chokepoint6,high_for_chokepoint_calls_low_for_cargo_contents,"Known: daily transit calls by broad vessel class. Unknown: vessel identity, direction, AIS-dark movements, and actual cargo onboard."
2024-05-29,108,58,17,20,8,5,50,2897457,4151366,101.14,59.57,143.5,127.0,IMF PortWatch Daily_Chokepoints_Data chokepoint6,high_for_chokepoint_calls_low_for_cargo_contents,"Known: daily transit calls by broad vessel class. Unknown: vessel identity, direction, AIS-dark movements, and actual cargo onboard."
2024-05-30,69,42,10,9,7,1,27,1384677,1933206,96,56,91.7,91.9,IMF PortWatch Daily_Chokepoints_Data chokepoint6,high_for_chokepoint_calls_low_for_cargo_contents,"Known: daily transit calls by broad vessel class. Unknown: vessel identity, direction, AIS-dark movements, and actual cargo onboard."
2024-05-31,90,51,11,16,7,5,39,2717395,3646640,96.29,56.71,119.6,111.6,IMF PortWatch Daily_Chokepoints_Data chokepoint6,high_for_chokepoint_calls_low_for_cargo_contents,"Known: daily transit calls by broad vessel class. Unknown: vessel identity, direction, AIS-dark movements, and actual cargo onboard."
2024-06-01,64,36,16,10,1,1,28,1916052,2756269,95.14,55.71,85.0,78.8,IMF PortWatch Daily_Chokepoints_Data chokepoint6,high_for_chokepoint_calls_low_for_cargo_contents,"Known: daily transit calls by broad vessel class. Unknown: vessel identity, direction, AIS-dark movements, and actual cargo onboard."
2024-06-02,112,77,14,16,4,1,35,3524088,4608637,95,56.86,148.8,168.6,IMF PortWatch Daily_Chokepoints_Data chokepoint6,high_for_chokepoint_calls_low_for_cargo_contents,"Known: daily transit calls by broad vessel class. Unknown: vessel identity, direction, AIS-dark movements, and actual cargo onboard."
2024-06-03,105,64,17,17,4,3,41,3517393,4531519,95.43,57,139.5,140.1,IMF PortWatch Daily_Chokepoints_Data chokepoint6,high_for_chokepoint_calls_low_for_cargo_contents,"Known: daily transit calls by broad vessel class. Unknown: vessel identity, direction, AIS-dark movements, and actual cargo onboard."
2024-06-04,105,61,21,14,5,4,44,2636285,3806703,93.29,55.57,139.5,133.5,IMF PortWatch Daily_Chokepoints_Data chokepoint6,high_for_chokepoint_calls_low_for_cargo_contents,"Known: daily transit calls by broad vessel class. Unknown: vessel identity, direction, AIS-dark movements, and actual cargo onboard."
2024-06-05,68,38,18,7,2,3,30,2024032,2971308,87.57,52.71,90.3,83.2,IMF PortWatch Daily_Chokepoints_Data chokepoint6,high_for_chokepoint_calls_low_for_cargo_contents,"Known: daily transit calls by broad vessel class. Unknown: vessel identity, direction, AIS-dark movements, and actual cargo onboard."
2024-06-06,87,43,18,16,5,5,44,2285333,3152903,90.14,52.86,115.6,94.1,IMF PortWatch Daily_Chokepoints_Data chokepoint6,high_for_chokepoint_calls_low_for_cargo_contents,"Known: daily transit calls by broad vessel class. Unknown: vessel identity, direction, AIS-dark movements, and actual cargo onboard."
2024-06-07,86,51,15,15,4,1,35,1701025,2777521,89.57,52.86,114.2,111.6,IMF PortWatch Daily_Chokepoints_Data chokepoint6,high_for_chokepoint_calls_low_for_cargo_contents,"Known: daily transit calls by broad vessel class. Unknown: vessel identity, direction, AIS-dark movements, and actual cargo onboard."
2024-06-08,74,48,13,10,2,1,26,2559041,3221700,91,54.57,98.3,105.1,IMF PortWatch Daily_Chokepoints_Data chokepoint6,high_for_chokepoint_calls_low_for_cargo_contents,"Known: daily transit calls by broad vessel class. Unknown: vessel identity, direction, AIS-dark movements, and actual cargo onboard."
2024-06-09,50,33,7,8,1,1,17,1868540,2309949,82.14,48.29,66.4,72.2,IMF PortWatch Daily_Chokepoints_Data chokepoint6,high_for_chokepoint_calls_low_for_cargo_contents,"Known: daily transit calls by broad vessel class. Unknown: vessel identity, direction, AIS-dark movements, and actual cargo onboard."
2024-06-10,119,67,23,23,5,1,52,2249839,3737251,84.14,48.71,158.1,146.7,IMF PortWatch Daily_Chokepoints_Data chokepoint6,high_for_chokepoint_calls_low_for_cargo_contents,"Known: daily transit calls by broad vessel class. Unknown: vessel identity, direction, AIS-dark movements, and actual cargo onboard."
2024-06-11,64,35,8,14,4,3,29,1678078,1952339,78.29,45,85.0,76.6,IMF PortWatch Daily_Chokepoints_Data chokepoint6,high_for_chokepoint_calls_low_for_cargo_contents,"Known: daily transit calls by broad vessel class. Unknown: vessel identity, direction, AIS-dark movements, and actual cargo onboard."
2024-06-12,75,38,19,8,7,3,37,1837254,2839443,79.29,45,99.6,83.2,IMF PortWatch Daily_Chokepoints_Data chokepoint6,high_for_chokepoint_calls_low_for_cargo_contents,"Known: daily transit calls by broad vessel class. Unknown: vessel identity, direction, AIS-dark movements, and actual cargo onboard."
2024-06-13,85,41,24,13,3,4,44,2055390,3387419,79,44.71,112.9,89.8,IMF PortWatch Daily_Chokepoints_Data chokepoint6,high_for_chokepoint_calls_low_for_cargo_contents,"Known: daily transit calls by broad vessel class. Unknown: vessel identity, direction, AIS-dark movements, and actual cargo onboard."
2024-06-14,99,55,17,19,3,5,44,3217531,4289715,80.86,45.29,131.5,120.4,IMF PortWatch Daily_Chokepoints_Data chokepoint6,high_for_chokepoint_calls_low_for_cargo_contents,"Known: daily transit calls by broad vessel class. Unknown: vessel identity, direction, AIS-dark movements, and actual cargo onboard."
2024-06-15,113,66,14,22,7,4,47,2876943,3999894,86.43,47.86,150.1,144.5,IMF PortWatch Daily_Chokepoints_Data chokepoint6,high_for_chokepoint_calls_low_for_cargo_contents,"Known: daily transit calls by broad vessel class. Unknown: vessel identity, direction, AIS-dark movements, and actual cargo onboard."
2024-06-16,94,52,15,17,8,2,42,2878976,3956245,92.71,50.57,124.9,113.8,IMF PortWatch Daily_Chokepoints_Data chokepoint6,high_for_chokepoint_calls_low_for_cargo_contents,"Known: daily transit calls by broad vessel class. Unknown: vessel identity, direction, AIS-dark movements, and actual cargo onboard."
2024-06-17,96,66,17,8,2,3,30,2704315,4014287,89.43,50.43,127.5,144.5,IMF PortWatch Daily_Chokepoints_Data chokepoint6,high_for_chokepoint_calls_low_for_cargo_contents,"Known: daily transit calls by broad vessel class. Unknown: vessel identity, direction, AIS-dark movements, and actual cargo onboard."
2024-06-18,69,35,17,11,5,1,34,1415780,2258404,90.14,50.43,91.7,76.6,IMF PortWatch Daily_Chokepoints_Data chokepoint6,high_for_chokepoint_calls_low_for_cargo_contents,"Known: daily transit calls by broad vessel class. Unknown: vessel identity, direction, AIS-dark movements, and actual cargo onboard."
2024-06-19,103,59,20,18,3,3,44,3533785,4820327,94.14,53.43,136.8,129.2,IMF PortWatch Daily_Chokepoints_Data chokepoint6,high_for_chokepoint_calls_low_for_cargo_contents,"Known: daily transit calls by broad vessel class. Unknown: vessel identity, direction, AIS-dark movements, and actual cargo onboard."
2024-06-20,75,44,9,18,1,3,31,1708034,2519379,92.71,53.86,99.6,96.3,IMF PortWatch Daily_Chokepoints_Data chokepoint6,high_for_chokepoint_calls_low_for_cargo_contents,"Known: daily transit calls by broad vessel class. Unknown: vessel identity, direction, AIS-dark movements, and actual cargo onboard."
2024-06-21,84,52,14,9,3,6,32,2045005,3030951,90.57,53.43,111.6,113.8,IMF PortWatch Daily_Chokepoints_Data chokepoint6,high_for_chokepoint_calls_low_for_cargo_contents,"Known: daily transit calls by broad vessel class. Unknown: vessel identity, direction, AIS-dark movements, and actual cargo onboard."
2024-06-22,102,56,17,21,5,3,46,2457743,3416989,89,52,135.5,122.6,IMF PortWatch Daily_Chokepoints_Data chokepoint6,high_for_chokepoint_calls_low_for_cargo_contents,"Known: daily transit calls by broad vessel class. Unknown: vessel identity, direction, AIS-dark movements, and actual cargo onboard."
2024-06-23,94,56,20,14,2,2,38,2462698,3235439,89,52.57,124.9,122.6,IMF PortWatch Daily_Chokepoints_Data chokepoint6,high_for_chokepoint_calls_low_for_cargo_contents,"Known: daily transit calls by broad vessel class. Unknown: vessel identity, direction, AIS-dark movements, and actual cargo onboard."
2024-06-24,117,66,18,27,3,3,51,3052044,4739893,92,52.57,155.4,144.5,IMF PortWatch Daily_Chokepoints_Data chokepoint6,high_for_chokepoint_calls_low_for_cargo_contents,"Known: daily transit calls by broad vessel class. Unknown: vessel identity, direction, AIS-dark movements, and actual cargo onboard."
2024-06-25,75,48,13,9,2,3,27,2029990,2723062,92.86,54.43,99.6,105.1,IMF PortWatch Daily_Chokepoints_Data chokepoint6,high_for_chokepoint_calls_low_for_cargo_contents,"Known: daily transit calls by broad vessel class. Unknown: vessel identity, direction, AIS-dark movements, and actual cargo onboard."
2024-06-26,95,55,14,21,2,3,40,2212870,3168996,91.71,53.86,126.2,120.4,IMF PortWatch Daily_Chokepoints_Data chokepoint6,high_for_chokepoint_calls_low_for_cargo_contents,"Known: daily transit calls by broad vessel class. Unknown: vessel identity, direction, AIS-dark movements, and actual cargo onboard."
2024-06-27,117,79,15,14,6,3,38,2852129,3970536,97.71,58.86,155.4,172.9,IMF PortWatch Daily_Chokepoints_Data chokepoint6,high_for_chokepoint_calls_low_for_cargo_contents,"Known: daily transit calls by broad vessel class. Unknown: vessel identity, direction, AIS-dark movements, and actual cargo onboard."
2024-06-28,96,57,18,9,8,4,39,3321805,4211583,99.43,59.57,127.5,124.8,IMF PortWatch Daily_Chokepoints_Data chokepoint6,high_for_chokepoint_calls_low_for_cargo_contents,"Known: daily transit calls by broad vessel class. Unknown: vessel identity, direction, AIS-dark movements, and actual cargo onboard."
2024-06-29,67,41,12,14,0,0,26,1291188,2177829,94.43,57.43,89.0,89.8,IMF PortWatch Daily_Chokepoints_Data chokepoint6,high_for_chokepoint_calls_low_for_cargo_contents,"Known: daily transit calls by broad vessel class. Unknown: vessel identity, direction, AIS-dark movements, and actual cargo onboard."
2024-06-30,78,50,13,8,6,1,28,2541516,3325992,92.14,56.57,103.6,109.5,IMF PortWatch Daily_Chokepoints_Data chokepoint6,high_for_chokepoint_calls_low_for_cargo_contents,"Known: daily transit calls by broad vessel class. Unknown: vessel identity, direction, AIS-dark movements, and actual cargo onboard."
2024-07-01,64,32,18,11,1,2,32,1613715,2503649,84.57,51.71,85.0,70.1,IMF PortWatch Daily_Chokepoints_Data chokepoint6,high_for_chokepoint_calls_low_for_cargo_contents,"Known: daily transit calls by broad vessel class. Unknown: vessel identity, direction, AIS-dark movements, and actual cargo onboard."
2024-07-02,54,34,9,8,1,2,20,1228196,1772071,81.57,49.71,71.7,74.4,IMF PortWatch Daily_Chokepoints_Data chokepoint6,high_for_chokepoint_calls_low_for_cargo_contents,"Known: daily transit calls by broad vessel class. Unknown: vessel identity, direction, AIS-dark movements, and actual cargo onboard."
2024-07-03,106,62,19,18,3,4,44,2902267,3890546,83.14,50.71,140.8,135.7,IMF PortWatch Daily_Chokepoints_Data chokepoint6,high_for_chokepoint_calls_low_for_cargo_contents,"Known: daily transit calls by broad vessel class. Unknown: vessel identity, direction, AIS-dark movements, and actual cargo onboard."
2024-07-04,110,73,15,12,8,2,37,2357218,3340608,82.14,49.86,146.1,159.8,IMF PortWatch Daily_Chokepoints_Data chokepoint6,high_for_chokepoint_calls_low_for_cargo_contents,"Known: daily transit calls by broad vessel class. Unknown: vessel identity, direction, AIS-dark movements, and actual cargo onboard."
2024-07-05,88,53,16,13,3,3,35,2413545,3479957,81,49.29,116.9,116.0,IMF PortWatch Daily_Chokepoints_Data chokepoint6,high_for_chokepoint_calls_low_for_cargo_contents,"Known: daily transit calls by broad vessel class. Unknown: vessel identity, direction, AIS-dark movements, and actual cargo onboard."
2024-07-06,108,60,20,17,6,5,48,3278915,4475076,86.86,52,143.5,131.3,IMF PortWatch Daily_Chokepoints_Data chokepoint6,high_for_chokepoint_calls_low_for_cargo_contents,"Known: daily transit calls by broad vessel class. Unknown: vessel identity, direction, AIS-dark movements, and actual cargo onboard."
2024-07-07,102,68,16,10,5,3,34,3623801,4245061,90.29,54.57,135.5,148.9,IMF PortWatch Daily_Chokepoints_Data chokepoint6,high_for_chokepoint_calls_low_for_cargo_contents,"Known: daily transit calls by broad vessel class. Unknown: vessel identity, direction, AIS-dark movements, and actual cargo onboard."
2024-07-08,99,60,25,9,3,2,39,2050220,3160580,95.29,58.57,131.5,131.3,IMF PortWatch Daily_Chokepoints_Data chokepoint6,high_for_chokepoint_calls_low_for_cargo_contents,"Known: daily transit calls by broad vessel class. Unknown: vessel identity, direction, AIS-dark movements, and actual cargo onboard."
2024-07-09,127,76,25,15,5,6,51,3864638,4961708,105.71,64.57,168.7,166.4,IMF PortWatch Daily_Chokepoints_Data chokepoint6,high_for_chokepoint_calls_low_for_cargo_contents,"Known: daily transit calls by broad vessel class. Unknown: vessel identity, direction, AIS-dark movements, and actual cargo onboard."
2024-07-10,95,60,17,9,4,5,35,2550532,3240215,104.14,64.29,126.2,131.3,IMF PortWatch Daily_Chokepoints_Data chokepoint6,high_for_chokepoint_calls_low_for_cargo_contents,"Known: daily transit calls by broad vessel class. Unknown: vessel identity, direction, AIS-dark movements, and actual cargo onboard."
2024-07-11,130,70,25,23,8,4,60,3107431,4704940,107,63.86,172.7,153.2,IMF PortWatch Daily_Chokepoints_Data chokepoint6,high_for_chokepoint_calls_low_for_cargo_contents,"Known: daily transit calls by broad vessel class. Unknown: vessel identity, direction, AIS-dark movements, and actual cargo onboard."
2024-07-12,96,62,18,11,3,2,34,2756554,4118279,108.14,65.14,127.5,135.7,IMF PortWatch Daily_Chokepoints_Data chokepoint6,high_for_chokepoint_calls_low_for_cargo_contents,"Known: daily transit calls by broad vessel class. Unknown: vessel identity, direction, AIS-dark movements, and actual cargo onboard."
2024-07-13,105,57,20,19,8,1,48,2715252,3776023,107.71,64.71,139.5,124.8,IMF PortWatch Daily_Chokepoints_Data chokepoint6,high_for_chokepoint_calls_low_for_cargo_contents,"Known: daily transit calls by broad vessel class. Unknown: vessel identity, direction, AIS-dark movements, and actual cargo onboard."
2024-07-14,109,69,18,12,7,3,40,3411519,4224860,108.71,64.86,144.8,151.1,IMF PortWatch Daily_Chokepoints_Data chokepoint6,high_for_chokepoint_calls_low_for_cargo_contents,"Known: daily transit calls by broad vessel class. Unknown: vessel identity, direction, AIS-dark movements, and actual cargo onboard."
2024-07-15,97,64,11,14,5,3,33,2488111,3231193,108.43,65.43,128.8,140.1,IMF PortWatch Daily_Chokepoints_Data chokepoint6,high_for_chokepoint_calls_low_for_cargo_contents,"Known: daily transit calls by broad vessel class. Unknown: vessel identity, direction, AIS-dark movements, and actual cargo onboard."
2024-07-16,107,64,16,14,7,6,43,2175990,3067775,105.57,63.71,142.1,140.1,IMF PortWatch Daily_Chokepoints_Data chokepoint6,high_for_chokepoint_calls_low_for_cargo_contents,"Known: daily transit calls by broad vessel class. Unknown: vessel identity, direction, AIS-dark movements, and actual cargo onboard."
2024-07-17,119,68,17,22,8,4,51,4483491,5757670,109,64.86,158.1,148.9,IMF PortWatch Daily_Chokepoints_Data chokepoint6,high_for_chokepoint_calls_low_for_cargo_contents,"Known: daily transit calls by broad vessel class. Unknown: vessel identity, direction, AIS-dark movements, and actual cargo onboard."
2024-07-18,55,33,8,7,6,1,22,1751899,2260688,98.29,59.57,73.1,72.2,IMF PortWatch Daily_Chokepoints_Data chokepoint6,high_for_chokepoint_calls_low_for_cargo_contents,"Known: daily transit calls by broad vessel class. Unknown: vessel identity, direction, AIS-dark movements, and actual cargo onboard."
2024-07-19,84,51,15,13,5,0,33,3162276,4020964,96.57,58,111.6,111.6,IMF PortWatch Daily_Chokepoints_Data chokepoint6,high_for_chokepoint_calls_low_for_cargo_contents,"Known: daily transit calls by broad vessel class. Unknown: vessel identity, direction, AIS-dark movements, and actual cargo onboard."
2024-07-20,95,58,18,15,2,2,37,1559767,2554355,95.14,58.14,126.2,127.0,IMF PortWatch Daily_Chokepoints_Data chokepoint6,high_for_chokepoint_calls_low_for_cargo_contents,"Known: daily transit calls by broad vessel class. Unknown: vessel identity, direction, AIS-dark movements, and actual cargo onboard."
2024-07-21,100,59,17,17,4,3,41,3570772,4841808,93.86,56.71,132.8,129.2,IMF PortWatch Daily_Chokepoints_Data chokepoint6,high_for_chokepoint_calls_low_for_cargo_contents,"Known: daily transit calls by broad vessel class. Unknown: vessel identity, direction, AIS-dark movements, and actual cargo onboard."
2024-07-22,80,49,14,11,6,0,31,2221199,3245991,91.43,54.57,106.3,107.3,IMF PortWatch Daily_Chokepoints_Data chokepoint6,high_for_chokepoint_calls_low_for_cargo_contents,"Known: daily transit calls by broad vessel class. Unknown: vessel identity, direction, AIS-dark movements, and actual cargo onboard."
2024-07-23,83,46,18,16,2,1,37,2355601,3541418,88,52,110.3,100.7,IMF PortWatch Daily_Chokepoints_Data chokepoint6,high_for_chokepoint_calls_low_for_cargo_contents,"Known: daily transit calls by broad vessel class. Unknown: vessel identity, direction, AIS-dark movements, and actual cargo onboard."
2024-07-24,71,43,13,9,3,3,28,2373126,3205069,81.14,48.43,94.3,94.1,IMF PortWatch Daily_Chokepoints_Data chokepoint6,high_for_chokepoint_calls_low_for_cargo_contents,"Known: daily transit calls by broad vessel class. Unknown: vessel identity, direction, AIS-dark movements, and actual cargo onboard."
2024-07-25,104,67,13,14,4,6,37,3657922,4289031,88.14,53.29,138.1,146.7,IMF PortWatch Daily_Chokepoints_Data chokepoint6,high_for_chokepoint_calls_low_for_cargo_contents,"Known: daily transit calls by broad vessel class. Unknown: vessel identity, direction, AIS-dark movements, and actual cargo onboard."
2024-07-26,78,42,17,10,5,4,36,2086094,2864104,87.29,52,103.6,91.9,IMF PortWatch Daily_Chokepoints_Data chokepoint6,high_for_chokepoint_calls_low_for_cargo_contents,"Known: daily transit calls by broad vessel class. Unknown: vessel identity, direction, AIS-dark movements, and actual cargo onboard."
2024-07-27,78,51,16,5,2,4,27,2503618,3293598,84.86,51,103.6,111.6,IMF PortWatch Daily_Chokepoints_Data chokepoint6,high_for_chokepoint_calls_low_for_cargo_contents,"Known: daily transit calls by broad vessel class. Unknown: vessel identity, direction, AIS-dark movements, and actual cargo onboard."
2024-07-28,102,59,21,16,4,2,43,2642613,3751534,85.14,51,135.5,129.2,IMF PortWatch Daily_Chokepoints_Data chokepoint6,high_for_chokepoint_calls_low_for_cargo_contents,"Known: daily transit calls by broad vessel class. Unknown: vessel identity, direction, AIS-dark movements, and actual cargo onboard."
2024-07-29,100,61,17,14,5,3,39,3209615,4398875,88,52.71,132.8,133.5,IMF PortWatch Daily_Chokepoints_Data chokepoint6,high_for_chokepoint_calls_low_for_cargo_contents,"Known: daily transit calls by broad vessel class. Unknown: vessel identity, direction, AIS-dark movements, and actual cargo onboard."
2024-07-30,94,50,18,20,3,3,44,2330792,3568057,89.57,53.29,124.9,109.5,IMF PortWatch Daily_Chokepoints_Data chokepoint6,high_for_chokepoint_calls_low_for_cargo_contents,"Known: daily transit calls by broad vessel class. Unknown: vessel identity, direction, AIS-dark movements, and actual cargo onboard."
2024-07-31,93,64,14,9,3,3,29,2704215,3483167,92.71,56.29,123.5,140.1,IMF PortWatch Daily_Chokepoints_Data chokepoint6,high_for_chokepoint_calls_low_for_cargo_contents,"Known: daily transit calls by broad vessel class. Unknown: vessel identity, direction, AIS-dark movements, and actual cargo onboard."
2024-08-01,92,46,20,14,6,6,46,1782297,2633807,91,53.29,122.2,100.7,IMF PortWatch Daily_Chokepoints_Data chokepoint6,high_for_chokepoint_calls_low_for_cargo_contents,"Known: daily transit calls by broad vessel class. Unknown: vessel identity, direction, AIS-dark movements, and actual cargo onboard."
2024-08-02,62,44,8,7,1,2,18,2193246,2728950,88.71,53.57,82.4,96.3,IMF PortWatch Daily_Chokepoints_Data chokepoint6,high_for_chokepoint_calls_low_for_cargo_contents,"Known: daily transit calls by broad vessel class. Unknown: vessel identity, direction, AIS-dark movements, and actual cargo onboard."
2024-08-03,75,39,15,15,4,2,36,1891697,2773606,88.29,51.86,99.6,85.4,IMF PortWatch Daily_Chokepoints_Data chokepoint6,high_for_chokepoint_calls_low_for_cargo_contents,"Known: daily transit calls by broad vessel class. Unknown: vessel identity, direction, AIS-dark movements, and actual cargo onboard."
2024-08-04,99,57,20,12,4,6,42,1823616,2760105,87.86,51.57,131.5,124.8,IMF PortWatch Daily_Chokepoints_Data chokepoint6,high_for_chokepoint_calls_low_for_cargo_contents,"Known: daily transit calls by broad vessel class. Unknown: vessel identity, direction, AIS-dark movements, and actual cargo onboard."
2024-08-05,88,48,17,17,4,2,40,2317004,3731668,86.14,49.71,116.9,105.1,IMF PortWatch Daily_Chokepoints_Data chokepoint6,high_for_chokepoint_calls_low_for_cargo_contents,"Known: daily transit calls by broad vessel class. Unknown: vessel identity, direction, AIS-dark movements, and actual cargo onboard."
2024-08-06,70,46,12,7,2,3,24,2171109,2743184,82.71,49.14,93.0,100.7,IMF PortWatch Daily_Chokepoints_Data chokepoint6,high_for_chokepoint_calls_low_for_cargo_contents,"Known: daily transit calls by broad vessel class. Unknown: vessel identity, direction, AIS-dark movements, and actual cargo onboard."
2024-08-07,48,30,7,8,1,2,18,1599188,1965344,76.29,44.29,63.8,65.7,IMF PortWatch Daily_Chokepoints_Data chokepoint6,high_for_chokepoint_calls_low_for_cargo_contents,"Known: daily transit calls by broad vessel class. Unknown: vessel identity, direction, AIS-dark movements, and actual cargo onboard."
2024-08-08,89,61,16,8,0,4,28,2700370,3773799,75.86,46.43,118.2,133.5,IMF PortWatch Daily_Chokepoints_Data chokepoint6,high_for_chokepoint_calls_low_for_cargo_contents,"Known: daily transit calls by broad vessel class. Unknown: vessel identity, direction, AIS-dark movements, and actual cargo onboard."
2024-08-09,91,55,10,19,5,2,36,3024404,3987478,80,48,120.9,120.4,IMF PortWatch Daily_Chokepoints_Data chokepoint6,high_for_chokepoint_calls_low_for_cargo_contents,"Known: daily transit calls by broad vessel class. Unknown: vessel identity, direction, AIS-dark movements, and actual cargo onboard."
2024-08-10,79,42,16,13,7,1,37,2293163,3479207,80.57,48.43,104.9,91.9,IMF PortWatch Daily_Chokepoints_Data chokepoint6,high_for_chokepoint_calls_low_for_cargo_contents,"Known: daily transit calls by broad vessel class. Unknown: vessel identity, direction, AIS-dark movements, and actual cargo onboard."
2024-08-11,95,51,21,19,2,2,44,2214531,3283445,80,47.57,126.2,111.6,IMF PortWatch Daily_Chokepoints_Data chokepoint6,high_for_chokepoint_calls_low_for_cargo_contents,"Known: daily transit calls by broad vessel class. Unknown: vessel identity, direction, AIS-dark movements, and actual cargo onboard."
2024-08-12,97,67,8,15,5,2,30,2651168,3430421,81.29,50.29,128.8,146.7,IMF PortWatch Daily_Chokepoints_Data chokepoint6,high_for_chokepoint_calls_low_for_cargo_contents,"Known: daily transit calls by broad vessel class. Unknown: vessel identity, direction, AIS-dark movements, and actual cargo onboard."
2024-08-13,60,34,11,6,7,2,26,1824802,2459268,79.86,48.57,79.7,74.4,IMF PortWatch Daily_Chokepoints_Data chokepoint6,high_for_chokepoint_calls_low_for_cargo_contents,"Known: daily transit calls by broad vessel class. Unknown: vessel identity, direction, AIS-dark movements, and actual cargo onboard."
2024-08-14,62,33,14,9,5,1,29,2070842,2870106,81.86,49,82.4,72.2,IMF PortWatch Daily_Chokepoints_Data chokepoint6,high_for_chokepoint_calls_low_for_cargo_contents,"Known: daily transit calls by broad vessel class. Unknown: vessel identity, direction, AIS-dark movements, and actual cargo onboard."
2024-08-15,41,27,10,1,0,3,14,1435696,1816755,75,44.14,54.5,59.1,IMF PortWatch Daily_Chokepoints_Data chokepoint6,high_for_chokepoint_calls_low_for_cargo_contents,"Known: daily transit calls by broad vessel class. Unknown: vessel identity, direction, AIS-dark movements, and actual cargo onboard."
2024-08-16,68,35,15,11,6,1,33,1702156,2745273,71.71,41.29,90.3,76.6,IMF PortWatch Daily_Chokepoints_Data chokepoint6,high_for_chokepoint_calls_low_for_cargo_contents,"Known: daily transit calls by broad vessel class. Unknown: vessel identity, direction, AIS-dark movements, and actual cargo onboard."
2024-08-17,60,38,7,12,1,2,22,2806202,3260471,69,40.71,79.7,83.2,IMF PortWatch Daily_Chokepoints_Data chokepoint6,high_for_chokepoint_calls_low_for_cargo_contents,"Known: daily transit calls by broad vessel class. Unknown: vessel identity, direction, AIS-dark movements, and actual cargo onboard."
2024-08-18,52,35,12,4,0,1,17,1934681,2425919,62.86,38.43,69.1,76.6,IMF PortWatch Daily_Chokepoints_Data chokepoint6,high_for_chokepoint_calls_low_for_cargo_contents,"Known: daily transit calls by broad vessel class. Unknown: vessel identity, direction, AIS-dark movements, and actual cargo onboard."
2024-08-19,65,37,13,11,3,1,28,1266453,1925020,58.29,34.14,86.3,81.0,IMF PortWatch Daily_Chokepoints_Data chokepoint6,high_for_chokepoint_calls_low_for_cargo_contents,"Known: daily transit calls by broad vessel class. Unknown: vessel identity, direction, AIS-dark movements, and actual cargo onboard."
2024-08-20,59,33,16,9,1,0,26,2079408,2974810,58.14,34,78.4,72.2,IMF PortWatch Daily_Chokepoints_Data chokepoint6,high_for_chokepoint_calls_low_for_cargo_contents,"Known: daily transit calls by broad vessel class. Unknown: vessel identity, direction, AIS-dark movements, and actual cargo onboard."
2024-08-21,65,37,10,12,5,1,28,2289353,2944813,58.57,34.57,86.3,81.0,IMF PortWatch Daily_Chokepoints_Data chokepoint6,high_for_chokepoint_calls_low_for_cargo_contents,"Known: daily transit calls by broad vessel class. Unknown: vessel identity, direction, AIS-dark movements, and actual cargo onboard."
2024-08-22,82,40,20,13,6,3,42,956008,2166093,64.43,36.43,108.9,87.6,IMF PortWatch Daily_Chokepoints_Data chokepoint6,high_for_chokepoint_calls_low_for_cargo_contents,"Known: daily transit calls by broad vessel class. Unknown: vessel identity, direction, AIS-dark movements, and actual cargo onboard."
2024-08-23,92,45,24,14,4,5,47,2713620,3938675,67.86,37.86,122.2,98.5,IMF PortWatch Daily_Chokepoints_Data chokepoint6,high_for_chokepoint_calls_low_for_cargo_contents,"Known: daily transit calls by broad vessel class. Unknown: vessel identity, direction, AIS-dark movements, and actual cargo onboard."
2024-08-24,91,61,15,11,3,1,30,2339726,3215075,72.29,41.14,120.9,133.5,IMF PortWatch Daily_Chokepoints_Data chokepoint6,high_for_chokepoint_calls_low_for_cargo_contents,"Known: daily transit calls by broad vessel class. Unknown: vessel identity, direction, AIS-dark movements, and actual cargo onboard."
2024-08-25,95,54,14,18,5,4,41,2662249,3876454,78.43,43.86,126.2,118.2,IMF PortWatch Daily_Chokepoints_Data chokepoint6,high_for_chokepoint_calls_low_for_cargo_contents,"Known: daily transit calls by broad vessel class. Unknown: vessel identity, direction, AIS-dark movements, and actual cargo onboard."
2024-08-26,115,64,17,21,8,5,51,3121183,4444247,85.57,47.71,152.8,140.1,IMF PortWatch Daily_Chokepoints_Data chokepoint6,high_for_chokepoint_calls_low_for_cargo_contents,"Known: daily transit calls by broad vessel class. Unknown: vessel identity, direction, AIS-dark movements, and actual cargo onboard."
2024-08-27,88,54,24,6,2,2,34,1753444,2503095,89.71,50.71,116.9,118.2,IMF PortWatch Daily_Chokepoints_Data chokepoint6,high_for_chokepoint_calls_low_for_cargo_contents,"Known: daily transit calls by broad vessel class. Unknown: vessel identity, direction, AIS-dark movements, and actual cargo onboard."
2024-08-28,84,50,13,16,2,3,34,2665125,3729748,92.43,52.57,111.6,109.5,IMF PortWatch Daily_Chokepoints_Data chokepoint6,high_for_chokepoint_calls_low_for_cargo_contents,"Known: daily transit calls by broad vessel class. Unknown: vessel identity, direction, AIS-dark movements, and actual cargo onboard."
2024-08-29,79,48,16,12,2,1,31,1155338,1812779,92,53.71,104.9,105.1,IMF PortWatch Daily_Chokepoints_Data chokepoint6,high_for_chokepoint_calls_low_for_cargo_contents,"Known: daily transit calls by broad vessel class. Unknown: vessel identity, direction, AIS-dark movements, and actual cargo onboard."
2024-08-30,79,46,12,17,2,2,33,1537127,2497965,90.14,53.86,104.9,100.7,IMF PortWatch Daily_Chokepoints_Data chokepoint6,high_for_chokepoint_calls_low_for_cargo_contents,"Known: daily transit calls by broad vessel class. Unknown: vessel identity, direction, AIS-dark movements, and actual cargo onboard."
2024-08-31,79,51,13,10,4,1,28,2247768,2719274,88.43,52.43,104.9,111.6,IMF PortWatch Daily_Chokepoints_Data chokepoint6,high_for_chokepoint_calls_low_for_cargo_contents,"Known: daily transit calls by broad vessel class. Unknown: vessel identity, direction, AIS-dark movements, and actual cargo onboard."
2024-09-01,84,43,22,12,4,3,41,1364152,2331722,86.86,50.86,111.6,94.1,IMF PortWatch Daily_Chokepoints_Data chokepoint6,high_for_chokepoint_calls_low_for_cargo_contents,"Known: daily transit calls by broad vessel class. Unknown: vessel identity, direction, AIS-dark movements, and actual cargo onboard."
2024-09-02,88,51,15,16,2,4,37,2438684,3413730,83,49,116.9,111.6,IMF PortWatch Daily_Chokepoints_Data chokepoint6,high_for_chokepoint_calls_low_for_cargo_contents,"Known: daily transit calls by broad vessel class. Unknown: vessel identity, direction, AIS-dark movements, and actual cargo onboard."
2024-09-03,87,52,17,10,4,4,35,2562859,3356478,82.86,48.71,115.6,113.8,IMF PortWatch Daily_Chokepoints_Data chokepoint6,high_for_chokepoint_calls_low_for_cargo_contents,"Known: daily transit calls by broad vessel class. Unknown: vessel identity, direction, AIS-dark movements, and actual cargo onboard."
2024-09-04,95,61,15,15,2,2,34,2928266,3756535,84.43,50.29,126.2,133.5,IMF PortWatch Daily_Chokepoints_Data chokepoint6,high_for_chokepoint_calls_low_for_cargo_contents,"Known: daily transit calls by broad vessel class. Unknown: vessel identity, direction, AIS-dark movements, and actual cargo onboard."
2024-09-05,84,51,18,13,1,1,33,2803910,3662469,85.14,50.71,111.6,111.6,IMF PortWatch Daily_Chokepoints_Data chokepoint6,high_for_chokepoint_calls_low_for_cargo_contents,"Known: daily transit calls by broad vessel class. Unknown: vessel identity, direction, AIS-dark movements, and actual cargo onboard."
2024-09-06,104,55,26,15,4,4,49,3177309,4714278,88.71,52,138.1,120.4,IMF PortWatch Daily_Chokepoints_Data chokepoint6,high_for_chokepoint_calls_low_for_cargo_contents,"Known: daily transit calls by broad vessel class. Unknown: vessel identity, direction, AIS-dark movements, and actual cargo onboard."
2024-09-07,65,45,7,8,3,2,20,860863,1473795,86.71,51.14,86.3,98.5,IMF PortWatch Daily_Chokepoints_Data chokepoint6,high_for_chokepoint_calls_low_for_cargo_contents,"Known: daily transit calls by broad vessel class. Unknown: vessel identity, direction, AIS-dark movements, and actual cargo onboard."
2024-09-08,68,36,15,16,0,1,32,1246355,2739278,84.43,50.14,90.3,78.8,IMF PortWatch Daily_Chokepoints_Data chokepoint6,high_for_chokepoint_calls_low_for_cargo_contents,"Known: daily transit calls by broad vessel class. Unknown: vessel identity, direction, AIS-dark movements, and actual cargo onboard."
2024-09-09,91,56,13,15,3,4,35,3162106,4066601,84.86,50.86,120.9,122.6,IMF PortWatch Daily_Chokepoints_Data chokepoint6,high_for_chokepoint_calls_low_for_cargo_contents,"Known: daily transit calls by broad vessel class. Unknown: vessel identity, direction, AIS-dark movements, and actual cargo onboard."
2024-09-10,110,63,20,15,8,4,47,3064101,4529012,88.14,52.43,146.1,137.9,IMF PortWatch Daily_Chokepoints_Data chokepoint6,high_for_chokepoint_calls_low_for_cargo_contents,"Known: daily transit calls by broad vessel class. Unknown: vessel identity, direction, AIS-dark movements, and actual cargo onboard."
2024-09-11,98,56,16,15,7,4,42,2402009,3329352,88.57,51.71,130.2,122.6,IMF PortWatch Daily_Chokepoints_Data chokepoint6,high_for_chokepoint_calls_low_for_cargo_contents,"Known: daily transit calls by broad vessel class. Unknown: vessel identity, direction, AIS-dark movements, and actual cargo onboard."
2024-09-12,104,59,19,21,4,1,45,2531908,4084309,91.43,52.86,138.1,129.2,IMF PortWatch Daily_Chokepoints_Data chokepoint6,high_for_chokepoint_calls_low_for_cargo_contents,"Known: daily transit calls by broad vessel class. Unknown: vessel identity, direction, AIS-dark movements, and actual cargo onboard."
2024-09-13,77,45,13,13,3,3,32,1189542,2141740,87.57,51.43,102.3,98.5,IMF PortWatch Daily_Chokepoints_Data chokepoint6,high_for_chokepoint_calls_low_for_cargo_contents,"Known: daily transit calls by broad vessel class. Unknown: vessel identity, direction, AIS-dark movements, and actual cargo onboard."
2024-09-14,90,52,16,16,4,2,38,2434011,3303967,91.14,52.43,119.6,113.8,IMF PortWatch Daily_Chokepoints_Data chokepoint6,high_for_chokepoint_calls_low_for_cargo_contents,"Known: daily transit calls by broad vessel class. Unknown: vessel identity, direction, AIS-dark movements, and actual cargo onboard."
2024-09-15,55,28,12,5,7,3,27,1297708,1908487,89.29,51.29,73.1,61.3,IMF PortWatch Daily_Chokepoints_Data chokepoint6,high_for_chokepoint_calls_low_for_cargo_contents,"Known: daily transit calls by broad vessel class. Unknown: vessel identity, direction, AIS-dark movements, and actual cargo onboard."
2024-09-16,91,53,15,14,7,2,38,2779312,3749886,89.29,50.86,120.9,116.0,IMF PortWatch Daily_Chokepoints_Data chokepoint6,high_for_chokepoint_calls_low_for_cargo_contents,"Known: daily transit calls by broad vessel class. Unknown: vessel identity, direction, AIS-dark movements, and actual cargo onboard."
2024-09-17,71,37,14,9,7,4,34,1717941,2596217,83.71,47.14,94.3,81.0,IMF PortWatch Daily_Chokepoints_Data chokepoint6,high_for_chokepoint_calls_low_for_cargo_contents,"Known: daily transit calls by broad vessel class. Unknown: vessel identity, direction, AIS-dark movements, and actual cargo onboard."
2024-09-18,84,46,17,16,4,1,38,2943457,4050247,81.71,45.71,111.6,100.7,IMF PortWatch Daily_Chokepoints_Data chokepoint6,high_for_chokepoint_calls_low_for_cargo_contents,"Known: daily transit calls by broad vessel class. Unknown: vessel identity, direction, AIS-dark movements, and actual cargo onboard."
2024-09-19,87,55,14,11,4,3,32,3193526,4016099,79.29,45.14,115.6,120.4,IMF PortWatch Daily_Chokepoints_Data chokepoint6,high_for_chokepoint_calls_low_for_cargo_contents,"Known: daily transit calls by broad vessel class. Unknown: vessel identity, direction, AIS-dark movements, and actual cargo onboard."
2024-09-20,88,54,17,11,3,3,34,1488189,2258702,80.86,46.43,116.9,118.2,IMF PortWatch Daily_Chokepoints_Data chokepoint6,high_for_chokepoint_calls_low_for_cargo_contents,"Known: daily transit calls by broad vessel class. Unknown: vessel identity, direction, AIS-dark movements, and actual cargo onboard."
2024-09-21,92,53,15,14,8,2,39,2239836,3275017,81.14,46.57,122.2,116.0,IMF PortWatch Daily_Chokepoints_Data chokepoint6,high_for_chokepoint_calls_low_for_cargo_contents,"Known: daily transit calls by broad vessel class. Unknown: vessel identity, direction, AIS-dark movements, and actual cargo onboard."
2024-09-22,75,39,13,14,7,2,36,1801620,2311749,84,48.14,99.6,85.4,IMF PortWatch Daily_Chokepoints_Data chokepoint6,high_for_chokepoint_calls_low_for_cargo_contents,"Known: daily transit calls by broad vessel class. Unknown: vessel identity, direction, AIS-dark movements, and actual cargo onboard."
2024-09-23,62,40,11,5,3,3,22,2627399,3196567,79.86,46.29,82.4,87.6,IMF PortWatch Daily_Chokepoints_Data chokepoint6,high_for_chokepoint_calls_low_for_cargo_contents,"Known: daily transit calls by broad vessel class. Unknown: vessel identity, direction, AIS-dark movements, and actual cargo onboard."
2024-09-24,89,54,15,10,4,6,35,2019202,3141503,82.43,48.71,118.2,118.2,IMF PortWatch Daily_Chokepoints_Data chokepoint6,high_for_chokepoint_calls_low_for_cargo_contents,"Known: daily transit calls by broad vessel class. Unknown: vessel identity, direction, AIS-dark movements, and actual cargo onboard."
2024-09-25,54,32,9,9,4,0,22,2482472,3213465,78.14,46.71,71.7,70.1,IMF PortWatch Daily_Chokepoints_Data chokepoint6,high_for_chokepoint_calls_low_for_cargo_contents,"Known: daily transit calls by broad vessel class. Unknown: vessel identity, direction, AIS-dark movements, and actual cargo onboard."
2024-09-26,64,38,11,9,3,3,26,1048728,1626151,74.86,44.29,85.0,83.2,IMF PortWatch Daily_Chokepoints_Data chokepoint6,high_for_chokepoint_calls_low_for_cargo_contents,"Known: daily transit calls by broad vessel class. Unknown: vessel identity, direction, AIS-dark movements, and actual cargo onboard."
2024-09-27,89,39,22,16,7,5,50,1901683,3169123,75,42.14,118.2,85.4,IMF PortWatch Daily_Chokepoints_Data chokepoint6,high_for_chokepoint_calls_low_for_cargo_contents,"Known: daily transit calls by broad vessel class. Unknown: vessel identity, direction, AIS-dark movements, and actual cargo onboard."
2024-09-28,74,40,18,11,3,2,34,1258362,2091433,72.43,40.29,98.3,87.6,IMF PortWatch Daily_Chokepoints_Data chokepoint6,high_for_chokepoint_calls_low_for_cargo_contents,"Known: daily transit calls by broad vessel class. Unknown: vessel identity, direction, AIS-dark movements, and actual cargo onboard."
2024-09-29,78,41,15,19,3,0,37,2546166,3897001,72.86,40.57,103.6,89.8,IMF PortWatch Daily_Chokepoints_Data chokepoint6,high_for_chokepoint_calls_low_for_cargo_contents,"Known: daily transit calls by broad vessel class. Unknown: vessel identity, direction, AIS-dark movements, and actual cargo onboard."
2024-09-30,46,32,9,4,1,0,14,1903908,2405803,70.57,39.43,61.1,70.1,IMF PortWatch Daily_Chokepoints_Data chokepoint6,high_for_chokepoint_calls_low_for_cargo_contents,"Known: daily transit calls by broad vessel class. Unknown: vessel identity, direction, AIS-dark movements, and actual cargo onboard."
2024-10-01,61,31,11,14,3,2,30,1219508,2066151,66.57,36.14,81.0,67.9,IMF PortWatch Daily_Chokepoints_Data chokepoint6,high_for_chokepoint_calls_low_for_cargo_contents,"Known: daily transit calls by broad vessel class. Unknown: vessel identity, direction, AIS-dark movements, and actual cargo onboard."
2024-10-02,104,52,22,17,7,6,52,2416388,3635173,73.71,39,138.1,113.8,IMF PortWatch Daily_Chokepoints_Data chokepoint6,high_for_chokepoint_calls_low_for_cargo_contents,"Known: daily transit calls by broad vessel class. Unknown: vessel identity, direction, AIS-dark movements, and actual cargo onboard."
2024-10-03,83,47,14,12,5,5,36,1471970,2344347,76.43,40.29,110.3,102.9,IMF PortWatch Daily_Chokepoints_Data chokepoint6,high_for_chokepoint_calls_low_for_cargo_contents,"Known: daily transit calls by broad vessel class. Unknown: vessel identity, direction, AIS-dark movements, and actual cargo onboard."
2024-10-04,87,52,18,12,4,1,35,2887064,3878445,76.14,42.14,115.6,113.8,IMF PortWatch Daily_Chokepoints_Data chokepoint6,high_for_chokepoint_calls_low_for_cargo_contents,"Known: daily transit calls by broad vessel class. Unknown: vessel identity, direction, AIS-dark movements, and actual cargo onboard."
2024-10-05,77,46,14,12,0,5,31,2887029,3770309,76.57,43,102.3,100.7,IMF PortWatch Daily_Chokepoints_Data chokepoint6,high_for_chokepoint_calls_low_for_cargo_contents,"Known: daily transit calls by broad vessel class. Unknown: vessel identity, direction, AIS-dark movements, and actual cargo onboard."
2024-10-06,48,27,10,6,4,1,21,1544656,1801729,72.29,41,63.8,59.1,IMF PortWatch Daily_Chokepoints_Data chokepoint6,high_for_chokepoint_calls_low_for_cargo_contents,"Known: daily transit calls by broad vessel class. Unknown: vessel identity, direction, AIS-dark movements, and actual cargo onboard."
2024-10-07,85,52,13,15,3,2,33,2665081,3654590,77.86,43.86,112.9,113.8,IMF PortWatch Daily_Chokepoints_Data chokepoint6,high_for_chokepoint_calls_low_for_cargo_contents,"Known: daily transit calls by broad vessel class. Unknown: vessel identity, direction, AIS-dark movements, and actual cargo onboard."
2024-10-08,93,53,17,12,8,3,40,2623729,3705047,82.43,47,123.5,116.0,IMF PortWatch Daily_Chokepoints_Data chokepoint6,high_for_chokepoint_calls_low_for_cargo_contents,"Known: daily transit calls by broad vessel class. Unknown: vessel identity, direction, AIS-dark movements, and actual cargo onboard."
2024-10-09,64,28,16,12,5,3,36,888019,1806129,76.71,43.57,85.0,61.3,IMF PortWatch Daily_Chokepoints_Data chokepoint6,high_for_chokepoint_calls_low_for_cargo_contents,"Known: daily transit calls by broad vessel class. Unknown: vessel identity, direction, AIS-dark movements, and actual cargo onboard."
2024-10-10,76,38,15,17,4,2,38,1954182,3002266,75.71,42.29,101.0,83.2,IMF PortWatch Daily_Chokepoints_Data chokepoint6,high_for_chokepoint_calls_low_for_cargo_contents,"Known: daily transit calls by broad vessel class. Unknown: vessel identity, direction, AIS-dark movements, and actual cargo onboard."
2024-10-11,67,40,12,10,4,1,27,1601889,2134751,72.86,40.57,89.0,87.6,IMF PortWatch Daily_Chokepoints_Data chokepoint6,high_for_chokepoint_calls_low_for_cargo_contents,"Known: daily transit calls by broad vessel class. Unknown: vessel identity, direction, AIS-dark movements, and actual cargo onboard."
2024-10-12,77,41,20,9,3,4,36,2190976,2838861,72.86,39.86,102.3,89.8,IMF PortWatch Daily_Chokepoints_Data chokepoint6,high_for_chokepoint_calls_low_for_cargo_contents,"Known: daily transit calls by broad vessel class. Unknown: vessel identity, direction, AIS-dark movements, and actual cargo onboard."
2024-10-13,50,30,10,6,0,4,20,1435379,2163999,73.14,40.29,66.4,65.7,IMF PortWatch Daily_Chokepoints_Data chokepoint6,high_for_chokepoint_calls_low_for_cargo_contents,"Known: daily transit calls by broad vessel class. Unknown: vessel identity, direction, AIS-dark movements, and actual cargo onboard."
2024-10-14,77,45,16,11,4,1,32,2497227,3339030,72,39.29,102.3,98.5,IMF PortWatch Daily_Chokepoints_Data chokepoint6,high_for_chokepoint_calls_low_for_cargo_contents,"Known: daily transit calls by broad vessel class. Unknown: vessel identity, direction, AIS-dark movements, and actual cargo onboard."
2024-10-15,62,32,14,10,1,5,30,1161594,2018148,67.57,36.29,82.4,70.1,IMF PortWatch Daily_Chokepoints_Data chokepoint6,high_for_chokepoint_calls_low_for_cargo_contents,"Known: daily transit calls by broad vessel class. Unknown: vessel identity, direction, AIS-dark movements, and actual cargo onboard."
2024-10-16,72,46,14,5,6,1,26,1554570,2115850,68.71,38.86,95.6,100.7,IMF PortWatch Daily_Chokepoints_Data chokepoint6,high_for_chokepoint_calls_low_for_cargo_contents,"Known: daily transit calls by broad vessel class. Unknown: vessel identity, direction, AIS-dark movements, and actual cargo onboard."
2024-10-17,85,48,18,7,8,4,37,1801042,2454901,70,40.29,112.9,105.1,IMF PortWatch Daily_Chokepoints_Data chokepoint6,high_for_chokepoint_calls_low_for_cargo_contents,"Known: daily transit calls by broad vessel class. Unknown: vessel identity, direction, AIS-dark movements, and actual cargo onboard."
2024-10-18,71,43,11,11,5,1,28,3194806,3714166,70.57,40.71,94.3,94.1,IMF PortWatch Daily_Chokepoints_Data chokepoint6,high_for_chokepoint_calls_low_for_cargo_contents,"Known: daily transit calls by broad vessel class. Unknown: vessel identity, direction, AIS-dark movements, and actual cargo onboard."
2024-10-19,97,55,24,13,2,3,42,2277944,3237038,73.43,42.71,128.8,120.4,IMF PortWatch Daily_Chokepoints_Data chokepoint6,high_for_chokepoint_calls_low_for_cargo_contents,"Known: daily transit calls by broad vessel class. Unknown: vessel identity, direction, AIS-dark movements, and actual cargo onboard."
2024-10-20,105,55,22,22,2,4,50,2289650,3943602,81.29,46.29,139.5,120.4,IMF PortWatch Daily_Chokepoints_Data chokepoint6,high_for_chokepoint_calls_low_for_cargo_contents,"Known: daily transit calls by broad vessel class. Unknown: vessel identity, direction, AIS-dark movements, and actual cargo onboard."
2024-10-21,75,46,12,9,4,4,29,1296895,1947827,81,46.43,99.6,100.7,IMF PortWatch Daily_Chokepoints_Data chokepoint6,high_for_chokepoint_calls_low_for_cargo_contents,"Known: daily transit calls by broad vessel class. Unknown: vessel identity, direction, AIS-dark movements, and actual cargo onboard."
2024-10-22,68,38,15,9,1,5,30,1743660,2647756,81.86,47.29,90.3,83.2,IMF PortWatch Daily_Chokepoints_Data chokepoint6,high_for_chokepoint_calls_low_for_cargo_contents,"Known: daily transit calls by broad vessel class. Unknown: vessel identity, direction, AIS-dark movements, and actual cargo onboard."
2024-10-23,66,34,18,9,3,2,32,2419883,3439572,81,45.57,87.7,74.4,IMF PortWatch Daily_Chokepoints_Data chokepoint6,high_for_chokepoint_calls_low_for_cargo_contents,"Known: daily transit calls by broad vessel class. Unknown: vessel identity, direction, AIS-dark movements, and actual cargo onboard."
2024-10-24,46,29,7,5,1,4,17,1309216,1835518,75.43,42.86,61.1,63.5,IMF PortWatch Daily_Chokepoints_Data chokepoint6,high_for_chokepoint_calls_low_for_cargo_contents,"Known: daily transit calls by broad vessel class. Unknown: vessel identity, direction, AIS-dark movements, and actual cargo onboard."
2024-10-25,98,57,19,15,4,3,41,3263339,4274852,79.29,44.86,130.2,124.8,IMF PortWatch Daily_Chokepoints_Data chokepoint6,high_for_chokepoint_calls_low_for_cargo_contents,"Known: daily transit calls by broad vessel class. Unknown: vessel identity, direction, AIS-dark movements, and actual cargo onboard."
2024-10-26,82,40,25,5,6,6,42,1957650,2627440,77.14,42.71,108.9,87.6,IMF PortWatch Daily_Chokepoints_Data chokepoint6,high_for_chokepoint_calls_low_for_cargo_contents,"Known: daily transit calls by broad vessel class. Unknown: vessel identity, direction, AIS-dark movements, and actual cargo onboard."
2024-10-27,87,47,21,13,2,4,40,1616458,2851382,74.57,41.57,115.6,102.9,IMF PortWatch Daily_Chokepoints_Data chokepoint6,high_for_chokepoint_calls_low_for_cargo_contents,"Known: daily transit calls by broad vessel class. Unknown: vessel identity, direction, AIS-dark movements, and actual cargo onboard."
2024-10-28,59,38,8,10,3,0,21,1536959,2269789,72.29,40.43,78.4,83.2,IMF PortWatch Daily_Chokepoints_Data chokepoint6,high_for_chokepoint_calls_low_for_cargo_contents,"Known: daily transit calls by broad vessel class. Unknown: vessel identity, direction, AIS-dark movements, and actual cargo onboard."
2024-10-29,70,38,11,10,5,6,32,1223132,1994998,72.57,40.43,93.0,83.2,IMF PortWatch Daily_Chokepoints_Data chokepoint6,high_for_chokepoint_calls_low_for_cargo_contents,"Known: daily transit calls by broad vessel class. Unknown: vessel identity, direction, AIS-dark movements, and actual cargo onboard."
2024-10-30,70,38,14,12,2,4,32,742883,1469117,73.14,41,93.0,83.2,IMF PortWatch Daily_Chokepoints_Data chokepoint6,high_for_chokepoint_calls_low_for_cargo_contents,"Known: daily transit calls by broad vessel class. Unknown: vessel identity, direction, AIS-dark movements, and actual cargo onboard."
2024-10-31,38,19,8,9,2,0,19,798081,1249034,72,39.57,50.5,41.6,IMF PortWatch Daily_Chokepoints_Data chokepoint6,high_for_chokepoint_calls_low_for_cargo_contents,"Known: daily transit calls by broad vessel class. Unknown: vessel identity, direction, AIS-dark movements, and actual cargo onboard."
2024-11-01,80,47,20,9,4,0,33,1687448,2563842,69.43,38.14,106.3,102.9,IMF PortWatch Daily_Chokepoints_Data chokepoint6,high_for_chokepoint_calls_low_for_cargo_contents,"Known: daily transit calls by broad vessel class. Unknown: vessel identity, direction, AIS-dark movements, and actual cargo onboard."
2024-11-02,70,42,12,9,5,2,28,2169063,2615891,67.71,38.43,93.0,91.9,IMF PortWatch Daily_Chokepoints_Data chokepoint6,high_for_chokepoint_calls_low_for_cargo_contents,"Known: daily transit calls by broad vessel class. Unknown: vessel identity, direction, AIS-dark movements, and actual cargo onboard."
2024-11-03,67,44,7,11,2,3,23,2183528,2924062,64.86,38,89.0,96.3,IMF PortWatch Daily_Chokepoints_Data chokepoint6,high_for_chokepoint_calls_low_for_cargo_contents,"Known: daily transit calls by broad vessel class. Unknown: vessel identity, direction, AIS-dark movements, and actual cargo onboard."
2024-11-04,85,45,20,9,7,4,40,2355782,3401850,68.57,39,112.9,98.5,IMF PortWatch Daily_Chokepoints_Data chokepoint6,high_for_chokepoint_calls_low_for_cargo_contents,"Known: daily transit calls by broad vessel class. Unknown: vessel identity, direction, AIS-dark movements, and actual cargo onboard."
2024-11-05,61,33,12,7,3,6,28,1384120,1883891,67.29,38.29,81.0,72.2,IMF PortWatch Daily_Chokepoints_Data chokepoint6,high_for_chokepoint_calls_low_for_cargo_contents,"Known: daily transit calls by broad vessel class. Unknown: vessel identity, direction, AIS-dark movements, and actual cargo onboard."
2024-11-06,90,52,20,15,2,1,38,3235603,4291074,70.14,40.29,119.6,113.8,IMF PortWatch Daily_Chokepoints_Data chokepoint6,high_for_chokepoint_calls_low_for_cargo_contents,"Known: daily transit calls by broad vessel class. Unknown: vessel identity, direction, AIS-dark movements, and actual cargo onboard."
2024-11-07,81,44,20,13,2,2,37,2180294,3236374,76.29,43.86,107.6,96.3,IMF PortWatch Daily_Chokepoints_Data chokepoint6,high_for_chokepoint_calls_low_for_cargo_contents,"Known: daily transit calls by broad vessel class. Unknown: vessel identity, direction, AIS-dark movements, and actual cargo onboard."
2024-11-08,52,29,12,8,2,1,23,1537930,2298537,72.29,41.29,69.1,63.5,IMF PortWatch Daily_Chokepoints_Data chokepoint6,high_for_chokepoint_calls_low_for_cargo_contents,"Known: daily transit calls by broad vessel class. Unknown: vessel identity, direction, AIS-dark movements, and actual cargo onboard."
2024-11-09,65,39,15,8,1,2,26,1565863,2283408,71.57,40.86,86.3,85.4,IMF PortWatch Daily_Chokepoints_Data chokepoint6,high_for_chokepoint_calls_low_for_cargo_contents,"Known: daily transit calls by broad vessel class. Unknown: vessel identity, direction, AIS-dark movements, and actual cargo onboard."
2024-11-10,71,37,18,11,4,1,34,1988077,2800616,72.14,39.86,94.3,81.0,IMF PortWatch Daily_Chokepoints_Data chokepoint6,high_for_chokepoint_calls_low_for_cargo_contents,"Known: daily transit calls by broad vessel class. Unknown: vessel identity, direction, AIS-dark movements, and actual cargo onboard."
2024-11-11,83,50,16,8,2,7,33,3050759,3588122,71.86,40.57,110.3,109.5,IMF PortWatch Daily_Chokepoints_Data chokepoint6,high_for_chokepoint_calls_low_for_cargo_contents,"Known: daily transit calls by broad vessel class. Unknown: vessel identity, direction, AIS-dark movements, and actual cargo onboard."
2024-11-12,78,43,13,16,4,2,35,2606223,3556935,74.29,42,103.6,94.1,IMF PortWatch Daily_Chokepoints_Data chokepoint6,high_for_chokepoint_calls_low_for_cargo_contents,"Known: daily transit calls by broad vessel class. Unknown: vessel identity, direction, AIS-dark movements, and actual cargo onboard."
2024-11-13,58,32,13,8,3,2,26,1418912,1889027,69.71,39.14,77.0,70.1,IMF PortWatch Daily_Chokepoints_Data chokepoint6,high_for_chokepoint_calls_low_for_cargo_contents,"Known: daily transit calls by broad vessel class. Unknown: vessel identity, direction, AIS-dark movements, and actual cargo onboard."
2024-11-14,69,35,14,8,7,5,34,1316521,2002975,68,37.86,91.7,76.6,IMF PortWatch Daily_Chokepoints_Data chokepoint6,high_for_chokepoint_calls_low_for_cargo_contents,"Known: daily transit calls by broad vessel class. Unknown: vessel identity, direction, AIS-dark movements, and actual cargo onboard."
2024-11-15,59,36,9,12,2,0,23,1240291,2134854,69,38.86,78.4,78.8,IMF PortWatch Daily_Chokepoints_Data chokepoint6,high_for_chokepoint_calls_low_for_cargo_contents,"Known: daily transit calls by broad vessel class. Unknown: vessel identity, direction, AIS-dark movements, and actual cargo onboard."
2024-11-16,48,25,12,9,2,0,23,1309518,1952840,66.57,36.86,63.8,54.7,IMF PortWatch Daily_Chokepoints_Data chokepoint6,high_for_chokepoint_calls_low_for_cargo_contents,"Known: daily transit calls by broad vessel class. Unknown: vessel identity, direction, AIS-dark movements, and actual cargo onboard."
2024-11-17,67,32,20,13,0,2,35,1490807,2427679,66,36.14,89.0,70.1,IMF PortWatch Daily_Chokepoints_Data chokepoint6,high_for_chokepoint_calls_low_for_cargo_contents,"Known: daily transit calls by broad vessel class. Unknown: vessel identity, direction, AIS-dark movements, and actual cargo onboard."
2024-11-18,81,48,14,12,3,4,33,2567880,3116595,65.71,35.86,107.6,105.1,IMF PortWatch Daily_Chokepoints_Data chokepoint6,high_for_chokepoint_calls_low_for_cargo_contents,"Known: daily transit calls by broad vessel class. Unknown: vessel identity, direction, AIS-dark movements, and actual cargo onboard."
2024-11-19,53,27,10,6,8,2,26,1794618,2234284,62.14,33.57,70.4,59.1,IMF PortWatch Daily_Chokepoints_Data chokepoint6,high_for_chokepoint_calls_low_for_cargo_contents,"Known: daily transit calls by broad vessel class. Unknown: vessel identity, direction, AIS-dark movements, and actual cargo onboard."
2024-11-20,58,31,10,11,3,3,27,1193705,1939403,62.14,33.43,77.0,67.9,IMF PortWatch Daily_Chokepoints_Data chokepoint6,high_for_chokepoint_calls_low_for_cargo_contents,"Known: daily transit calls by broad vessel class. Unknown: vessel identity, direction, AIS-dark movements, and actual cargo onboard."
2024-11-21,48,24,10,13,1,0,24,2242122,2997948,59.14,31.86,63.8,52.5,IMF PortWatch Daily_Chokepoints_Data chokepoint6,high_for_chokepoint_calls_low_for_cargo_contents,"Known: daily transit calls by broad vessel class. Unknown: vessel identity, direction, AIS-dark movements, and actual cargo onboard."
2024-11-22,73,37,17,10,5,4,36,1773717,2541881,61.14,32,97.0,81.0,IMF PortWatch Daily_Chokepoints_Data chokepoint6,high_for_chokepoint_calls_low_for_cargo_contents,"Known: daily transit calls by broad vessel class. Unknown: vessel identity, direction, AIS-dark movements, and actual cargo onboard."
2024-11-23,63,38,9,12,2,2,25,1537552,2178184,63.29,33.86,83.7,83.2,IMF PortWatch Daily_Chokepoints_Data chokepoint6,high_for_chokepoint_calls_low_for_cargo_contents,"Known: daily transit calls by broad vessel class. Unknown: vessel identity, direction, AIS-dark movements, and actual cargo onboard."
2024-11-24,48,25,12,8,2,1,23,443737,1215924,60.57,32.86,63.8,54.7,IMF PortWatch Daily_Chokepoints_Data chokepoint6,high_for_chokepoint_calls_low_for_cargo_contents,"Known: daily transit calls by broad vessel class. Unknown: vessel identity, direction, AIS-dark movements, and actual cargo onboard."
2024-11-25,63,35,8,10,3,7,28,2301109,2926222,58,31,83.7,76.6,IMF PortWatch Daily_Chokepoints_Data chokepoint6,high_for_chokepoint_calls_low_for_cargo_contents,"Known: daily transit calls by broad vessel class. Unknown: vessel identity, direction, AIS-dark movements, and actual cargo onboard."
2024-11-26,47,22,9,9,5,2,25,1948107,2606528,57.14,30.29,62.4,48.2,IMF PortWatch Daily_Chokepoints_Data chokepoint6,high_for_chokepoint_calls_low_for_cargo_contents,"Known: daily transit calls by broad vessel class. Unknown: vessel identity, direction, AIS-dark movements, and actual cargo onboard."
2024-11-27,46,28,7,7,2,2,18,1647715,2263124,55.43,29.86,61.1,61.3,IMF PortWatch Daily_Chokepoints_Data chokepoint6,high_for_chokepoint_calls_low_for_cargo_contents,"Known: daily transit calls by broad vessel class. Unknown: vessel identity, direction, AIS-dark movements, and actual cargo onboard."
2024-11-28,53,30,9,10,2,2,23,846676,1427726,56.14,30.71,70.4,65.7,IMF PortWatch Daily_Chokepoints_Data chokepoint6,high_for_chokepoint_calls_low_for_cargo_contents,"Known: daily transit calls by broad vessel class. Unknown: vessel identity, direction, AIS-dark movements, and actual cargo onboard."
2024-11-29,58,39,10,6,2,1,19,1651464,2426684,54,31,77.0,85.4,IMF PortWatch Daily_Chokepoints_Data chokepoint6,high_for_chokepoint_calls_low_for_cargo_contents,"Known: daily transit calls by broad vessel class. Unknown: vessel identity, direction, AIS-dark movements, and actual cargo onboard."
2024-11-30,58,25,18,11,4,0,33,1572596,2617400,53.29,29.14,77.0,54.7,IMF PortWatch Daily_Chokepoints_Data chokepoint6,high_for_chokepoint_calls_low_for_cargo_contents,"Known: daily transit calls by broad vessel class. Unknown: vessel identity, direction, AIS-dark movements, and actual cargo onboard."
2024-12-01,54,32,8,10,3,1,22,240812,950506,54.14,30.14,71.7,70.1,IMF PortWatch Daily_Chokepoints_Data chokepoint6,high_for_chokepoint_calls_low_for_cargo_contents,"Known: daily transit calls by broad vessel class. Unknown: vessel identity, direction, AIS-dark movements, and actual cargo onboard."
2024-12-02,68,42,8,12,3,3,26,1728012,2183317,54.86,31.14,90.3,91.9,IMF PortWatch Daily_Chokepoints_Data chokepoint6,high_for_chokepoint_calls_low_for_cargo_contents,"Known: daily transit calls by broad vessel class. Unknown: vessel identity, direction, AIS-dark movements, and actual cargo onboard."
2024-12-03,36,14,12,8,1,1,22,474306,1104387,53.29,30,47.8,30.6,IMF PortWatch Daily_Chokepoints_Data chokepoint6,high_for_chokepoint_calls_low_for_cargo_contents,"Known: daily transit calls by broad vessel class. Unknown: vessel identity, direction, AIS-dark movements, and actual cargo onboard."
2024-12-04,60,35,15,8,1,1,25,1152232,1903048,55.29,31,79.7,76.6,IMF PortWatch Daily_Chokepoints_Data chokepoint6,high_for_chokepoint_calls_low_for_cargo_contents,"Known: daily transit calls by broad vessel class. Unknown: vessel identity, direction, AIS-dark movements, and actual cargo onboard."
2024-12-05,47,25,8,11,2,1,22,1314095,1774210,54.43,30.29,62.4,54.7,IMF PortWatch Daily_Chokepoints_Data chokepoint6,high_for_chokepoint_calls_low_for_cargo_contents,"Known: daily transit calls by broad vessel class. Unknown: vessel identity, direction, AIS-dark movements, and actual cargo onboard."
2024-12-06,41,23,5,6,3,4,18,833908,1103132,52,28,54.5,50.4,IMF PortWatch Daily_Chokepoints_Data chokepoint6,high_for_chokepoint_calls_low_for_cargo_contents,"Known: daily transit calls by broad vessel class. Unknown: vessel identity, direction, AIS-dark movements, and actual cargo onboard."
2024-12-07,46,27,8,7,3,1,19,1536176,1924458,50.29,28.29,61.1,59.1,IMF PortWatch Daily_Chokepoints_Data chokepoint6,high_for_chokepoint_calls_low_for_cargo_contents,"Known: daily transit calls by broad vessel class. Unknown: vessel identity, direction, AIS-dark movements, and actual cargo onboard."
2024-12-08,35,20,8,7,0,0,15,665332,982676,47.57,26.57,46.5,43.8,IMF PortWatch Daily_Chokepoints_Data chokepoint6,high_for_chokepoint_calls_low_for_cargo_contents,"Known: daily transit calls by broad vessel class. Unknown: vessel identity, direction, AIS-dark movements, and actual cargo onboard."
2024-12-09,53,26,12,9,5,1,27,1381770,2323032,45.43,24.29,70.4,56.9,IMF PortWatch Daily_Chokepoints_Data chokepoint6,high_for_chokepoint_calls_low_for_cargo_contents,"Known: daily transit calls by broad vessel class. Unknown: vessel identity, direction, AIS-dark movements, and actual cargo onboard."
2024-12-10,51,29,8,5,5,4,22,1031485,1564714,47.57,26.43,67.7,63.5,IMF PortWatch Daily_Chokepoints_Data chokepoint6,high_for_chokepoint_calls_low_for_cargo_contents,"Known: daily transit calls by broad vessel class. Unknown: vessel identity, direction, AIS-dark movements, and actual cargo onboard."
2024-12-11,53,26,11,8,6,2,27,1268207,1669298,46.57,25.14,70.4,56.9,IMF PortWatch Daily_Chokepoints_Data chokepoint6,high_for_chokepoint_calls_low_for_cargo_contents,"Known: daily transit calls by broad vessel class. Unknown: vessel identity, direction, AIS-dark movements, and actual cargo onboard."
2024-12-12,77,42,13,16,4,2,35,2040943,3063227,50.86,27.57,102.3,91.9,IMF PortWatch Daily_Chokepoints_Data chokepoint6,high_for_chokepoint_calls_low_for_cargo_contents,"Known: daily transit calls by broad vessel class. Unknown: vessel identity, direction, AIS-dark movements, and actual cargo onboard."
2024-12-13,48,26,9,10,2,1,22,1465062,1977170,51.86,28,63.8,56.9,IMF PortWatch Daily_Chokepoints_Data chokepoint6,high_for_chokepoint_calls_low_for_cargo_contents,"Known: daily transit calls by broad vessel class. Unknown: vessel identity, direction, AIS-dark movements, and actual cargo onboard."
2024-12-14,46,27,10,6,3,0,19,1158485,1664512,51.86,28,61.1,59.1,IMF PortWatch Daily_Chokepoints_Data chokepoint6,high_for_chokepoint_calls_low_for_cargo_contents,"Known: daily transit calls by broad vessel class. Unknown: vessel identity, direction, AIS-dark movements, and actual cargo onboard."
2024-12-15,65,35,12,11,7,0,30,2286624,3073106,56.14,30.14,86.3,76.6,IMF PortWatch Daily_Chokepoints_Data chokepoint6,high_for_chokepoint_calls_low_for_cargo_contents,"Known: daily transit calls by broad vessel class. Unknown: vessel identity, direction, AIS-dark movements, and actual cargo onboard."
2024-12-16,63,43,7,9,1,3,20,1563075,2138539,57.57,32.57,83.7,94.1,IMF PortWatch Daily_Chokepoints_Data chokepoint6,high_for_chokepoint_calls_low_for_cargo_contents,"Known: daily transit calls by broad vessel class. Unknown: vessel identity, direction, AIS-dark movements, and actual cargo onboard."
2024-12-17,63,34,15,8,4,2,29,1145000,1782702,59.29,33.29,83.7,74.4,IMF PortWatch Daily_Chokepoints_Data chokepoint6,high_for_chokepoint_calls_low_for_cargo_contents,"Known: daily transit calls by broad vessel class. Unknown: vessel identity, direction, AIS-dark movements, and actual cargo onboard."
2024-12-18,34,18,7,6,0,3,16,1463928,1819571,56.57,32.14,45.2,39.4,IMF PortWatch Daily_Chokepoints_Data chokepoint6,high_for_chokepoint_calls_low_for_cargo_contents,"Known: daily transit calls by broad vessel class. Unknown: vessel identity, direction, AIS-dark movements, and actual cargo onboard."
2024-12-19,54,32,13,5,0,4,22,1099294,1530030,53.29,30.71,71.7,70.1,IMF PortWatch Daily_Chokepoints_Data chokepoint6,high_for_chokepoint_calls_low_for_cargo_contents,"Known: daily transit calls by broad vessel class. Unknown: vessel identity, direction, AIS-dark movements, and actual cargo onboard."
2024-12-20,64,43,12,5,2,2,21,1464037,2131652,55.57,33.14,85.0,94.1,IMF PortWatch Daily_Chokepoints_Data chokepoint6,high_for_chokepoint_calls_low_for_cargo_contents,"Known: daily transit calls by broad vessel class. Unknown: vessel identity, direction, AIS-dark movements, and actual cargo onboard."
2024-12-21,54,33,13,8,0,0,21,1671734,2211493,56.71,34,71.7,72.2,IMF PortWatch Daily_Chokepoints_Data chokepoint6,high_for_chokepoint_calls_low_for_cargo_contents,"Known: daily transit calls by broad vessel class. Unknown: vessel identity, direction, AIS-dark movements, and actual cargo onboard."
2024-12-22,60,33,12,11,2,2,27,2333837,3220768,56,33.71,79.7,72.2,IMF PortWatch Daily_Chokepoints_Data chokepoint6,high_for_chokepoint_calls_low_for_cargo_contents,"Known: daily transit calls by broad vessel class. Unknown: vessel identity, direction, AIS-dark movements, and actual cargo onboard."
2024-12-23,50,29,9,5,5,2,21,1189716,1889694,54.14,31.71,66.4,63.5,IMF PortWatch Daily_Chokepoints_Data chokepoint6,high_for_chokepoint_calls_low_for_cargo_contents,"Known: daily transit calls by broad vessel class. Unknown: vessel identity, direction, AIS-dark movements, and actual cargo onboard."
2024-12-24,50,25,10,9,4,2,25,853330,1517217,52.29,30.43,66.4,54.7,IMF PortWatch Daily_Chokepoints_Data chokepoint6,high_for_chokepoint_calls_low_for_cargo_contents,"Known: daily transit calls by broad vessel class. Unknown: vessel identity, direction, AIS-dark movements, and actual cargo onboard."
2024-12-25,63,27,12,14,4,6,36,1319113,2254017,56.43,31.71,83.7,59.1,IMF PortWatch Daily_Chokepoints_Data chokepoint6,high_for_chokepoint_calls_low_for_cargo_contents,"Known: daily transit calls by broad vessel class. Unknown: vessel identity, direction, AIS-dark movements, and actual cargo onboard."
2024-12-26,54,32,8,9,1,4,22,1230380,1951668,56.43,31.71,71.7,70.1,IMF PortWatch Daily_Chokepoints_Data chokepoint6,high_for_chokepoint_calls_low_for_cargo_contents,"Known: daily transit calls by broad vessel class. Unknown: vessel identity, direction, AIS-dark movements, and actual cargo onboard."
2024-12-27,52,30,13,6,1,2,22,1830463,2378719,54.71,29.86,69.1,65.7,IMF PortWatch Daily_Chokepoints_Data chokepoint6,high_for_chokepoint_calls_low_for_cargo_contents,"Known: daily transit calls by broad vessel class. Unknown: vessel identity, direction, AIS-dark movements, and actual cargo onboard."
2024-12-28,70,37,17,12,3,1,33,1478851,2261619,57,30.43,93.0,81.0,IMF PortWatch Daily_Chokepoints_Data chokepoint6,high_for_chokepoint_calls_low_for_cargo_contents,"Known: daily transit calls by broad vessel class. Unknown: vessel identity, direction, AIS-dark movements, and actual cargo onboard."
2024-12-29,55,37,11,4,3,0,18,1783238,2241728,56.29,31,73.1,81.0,IMF PortWatch Daily_Chokepoints_Data chokepoint6,high_for_chokepoint_calls_low_for_cargo_contents,"Known: daily transit calls by broad vessel class. Unknown: vessel identity, direction, AIS-dark movements, and actual cargo onboard."
2024-12-30,48,23,12,7,2,4,25,842391,1377578,56,30.14,63.8,50.4,IMF PortWatch Daily_Chokepoints_Data chokepoint6,high_for_chokepoint_calls_low_for_cargo_contents,"Known: daily transit calls by broad vessel class. Unknown: vessel identity, direction, AIS-dark movements, and actual cargo onboard."
2024-12-31,58,28,11,14,5,0,30,1512124,2474282,57.14,30.57,77.0,61.3,IMF PortWatch Daily_Chokepoints_Data chokepoint6,high_for_chokepoint_calls_low_for_cargo_contents,"Known: daily transit calls by broad vessel class. Unknown: vessel identity, direction, AIS-dark movements, and actual cargo onboard."
2025-01-01,74,41,18,11,2,2,33,2225748,2827756,58.71,32.57,98.3,89.8,IMF PortWatch Daily_Chokepoints_Data chokepoint6,high_for_chokepoint_calls_low_for_cargo_contents,"Known: daily transit calls by broad vessel class. Unknown: vessel identity, direction, AIS-dark movements, and actual cargo onboard."
2025-01-02,44,22,10,6,2,4,22,1185272,1857749,57.29,31.14,58.4,48.2,IMF PortWatch Daily_Chokepoints_Data chokepoint6,high_for_chokepoint_calls_low_for_cargo_contents,"Known: daily transit calls by broad vessel class. Unknown: vessel identity, direction, AIS-dark movements, and actual cargo onboard."
2025-01-03,67,37,15,7,5,3,30,2615342,3188496,59.43,32.14,89.0,81.0,IMF PortWatch Daily_Chokepoints_Data chokepoint6,high_for_chokepoint_calls_low_for_cargo_contents,"Known: daily transit calls by broad vessel class. Unknown: vessel identity, direction, AIS-dark movements, and actual cargo onboard."
2025-01-04,76,40,18,14,3,1,36,1557733,2853942,60.29,32.57,101.0,87.6,IMF PortWatch Daily_Chokepoints_Data chokepoint6,high_for_chokepoint_calls_low_for_cargo_contents,"Known: daily transit calls by broad vessel class. Unknown: vessel identity, direction, AIS-dark movements, and actual cargo onboard."
2025-01-05,56,38,9,5,4,0,18,1457594,1851550,60.43,32.71,74.4,83.2,IMF PortWatch Daily_Chokepoints_Data chokepoint6,high_for_chokepoint_calls_low_for_cargo_contents,"Known: daily transit calls by broad vessel class. Unknown: vessel identity, direction, AIS-dark movements, and actual cargo onboard."
2025-01-06,54,25,11,13,3,2,29,564363,1450968,61.29,33,71.7,54.7,IMF PortWatch Daily_Chokepoints_Data chokepoint6,high_for_chokepoint_calls_low_for_cargo_contents,"Known: daily transit calls by broad vessel class. Unknown: vessel identity, direction, AIS-dark movements, and actual cargo onboard."
2025-01-07,63,34,10,12,3,4,29,1957933,2884952,62,33.86,83.7,74.4,IMF PortWatch Daily_Chokepoints_Data chokepoint6,high_for_chokepoint_calls_low_for_cargo_contents,"Known: daily transit calls by broad vessel class. Unknown: vessel identity, direction, AIS-dark movements, and actual cargo onboard."
2025-01-08,65,30,19,12,2,2,35,1083148,1942284,60.71,32.29,86.3,65.7,IMF PortWatch Daily_Chokepoints_Data chokepoint6,high_for_chokepoint_calls_low_for_cargo_contents,"Known: daily transit calls by broad vessel class. Unknown: vessel identity, direction, AIS-dark movements, and actual cargo onboard."
2025-01-09,64,37,13,10,3,1,27,1832266,2663159,63.57,34.43,85.0,81.0,IMF PortWatch Daily_Chokepoints_Data chokepoint6,high_for_chokepoint_calls_low_for_cargo_contents,"Known: daily transit calls by broad vessel class. Unknown: vessel identity, direction, AIS-dark movements, and actual cargo onboard."
2025-01-10,67,41,13,11,2,0,26,2050750,2661043,63.57,35,89.0,89.8,IMF PortWatch Daily_Chokepoints_Data chokepoint6,high_for_chokepoint_calls_low_for_cargo_contents,"Known: daily transit calls by broad vessel class. Unknown: vessel identity, direction, AIS-dark movements, and actual cargo onboard."
2025-01-11,79,49,16,11,2,1,30,2642729,3268762,64,36.29,104.9,107.3,IMF PortWatch Daily_Chokepoints_Data chokepoint6,high_for_chokepoint_calls_low_for_cargo_contents,"Known: daily transit calls by broad vessel class. Unknown: vessel identity, direction, AIS-dark movements, and actual cargo onboard."
2025-01-12,91,53,16,12,4,6,38,2919789,3813067,69,38.43,120.9,116.0,IMF PortWatch Daily_Chokepoints_Data chokepoint6,high_for_chokepoint_calls_low_for_cargo_contents,"Known: daily transit calls by broad vessel class. Unknown: vessel identity, direction, AIS-dark movements, and actual cargo onboard."
2025-01-13,63,37,10,11,3,2,26,1537924,2352411,70.29,40.14,83.7,81.0,IMF PortWatch Daily_Chokepoints_Data chokepoint6,high_for_chokepoint_calls_low_for_cargo_contents,"Known: daily transit calls by broad vessel class. Unknown: vessel identity, direction, AIS-dark movements, and actual cargo onboard."
2025-01-14,71,33,13,11,8,6,38,1433408,2220650,71.43,40,94.3,72.2,IMF PortWatch Daily_Chokepoints_Data chokepoint6,high_for_chokepoint_calls_low_for_cargo_contents,"Known: daily transit calls by broad vessel class. Unknown: vessel identity, direction, AIS-dark movements, and actual cargo onboard."
2025-01-15,66,33,10,15,4,4,33,1947788,2792939,71.57,40.43,87.7,72.2,IMF PortWatch Daily_Chokepoints_Data chokepoint6,high_for_chokepoint_calls_low_for_cargo_contents,"Known: daily transit calls by broad vessel class. Unknown: vessel identity, direction, AIS-dark movements, and actual cargo onboard."
2025-01-16,73,42,20,5,4,2,31,1650742,2434769,72.86,41.14,97.0,91.9,IMF PortWatch Daily_Chokepoints_Data chokepoint6,high_for_chokepoint_calls_low_for_cargo_contents,"Known: daily transit calls by broad vessel class. Unknown: vessel identity, direction, AIS-dark movements, and actual cargo onboard."
2025-01-17,76,46,15,10,1,4,30,2714135,3555557,74.14,41.86,101.0,100.7,IMF PortWatch Daily_Chokepoints_Data chokepoint6,high_for_chokepoint_calls_low_for_cargo_contents,"Known: daily transit calls by broad vessel class. Unknown: vessel identity, direction, AIS-dark movements, and actual cargo onboard."
2025-01-18,75,43,15,9,4,4,32,2236196,2740097,73.57,41,99.6,94.1,IMF PortWatch Daily_Chokepoints_Data chokepoint6,high_for_chokepoint_calls_low_for_cargo_contents,"Known: daily transit calls by broad vessel class. Unknown: vessel identity, direction, AIS-dark movements, and actual cargo onboard."
2025-01-19,65,32,15,11,3,4,33,1160028,2136392,69.86,38,86.3,70.1,IMF PortWatch Daily_Chokepoints_Data chokepoint6,high_for_chokepoint_calls_low_for_cargo_contents,"Known: daily transit calls by broad vessel class. Unknown: vessel identity, direction, AIS-dark movements, and actual cargo onboard."
2025-01-20,72,45,15,8,2,2,27,1665943,2300160,71.14,39.14,95.6,98.5,IMF PortWatch Daily_Chokepoints_Data chokepoint6,high_for_chokepoint_calls_low_for_cargo_contents,"Known: daily transit calls by broad vessel class. Unknown: vessel identity, direction, AIS-dark movements, and actual cargo onboard."
2025-01-21,71,38,11,14,4,4,33,1465745,2297933,71.14,39.86,94.3,83.2,IMF PortWatch Daily_Chokepoints_Data chokepoint6,high_for_chokepoint_calls_low_for_cargo_contents,"Known: daily transit calls by broad vessel class. Unknown: vessel identity, direction, AIS-dark movements, and actual cargo onboard."
2025-01-22,59,35,11,10,3,0,24,2133054,2617250,70.14,40.14,78.4,76.6,IMF PortWatch Daily_Chokepoints_Data chokepoint6,high_for_chokepoint_calls_low_for_cargo_contents,"Known: daily transit calls by broad vessel class. Unknown: vessel identity, direction, AIS-dark movements, and actual cargo onboard."
2025-01-23,62,41,10,9,2,0,21,1886518,2678134,68.57,40,82.4,89.8,IMF PortWatch Daily_Chokepoints_Data chokepoint6,high_for_chokepoint_calls_low_for_cargo_contents,"Known: daily transit calls by broad vessel class. Unknown: vessel identity, direction, AIS-dark movements, and actual cargo onboard."
2025-01-24,67,30,18,17,0,2,37,1654768,2832322,67.29,37.71,89.0,65.7,IMF PortWatch Daily_Chokepoints_Data chokepoint6,high_for_chokepoint_calls_low_for_cargo_contents,"Known: daily transit calls by broad vessel class. Unknown: vessel identity, direction, AIS-dark movements, and actual cargo onboard."
2025-01-25,87,52,14,16,2,3,35,2177915,2913588,69,39,115.6,113.8,IMF PortWatch Daily_Chokepoints_Data chokepoint6,high_for_chokepoint_calls_low_for_cargo_contents,"Known: daily transit calls by broad vessel class. Unknown: vessel identity, direction, AIS-dark movements, and actual cargo onboard."
2025-01-26,79,54,12,4,5,4,25,2569602,2975340,71,42.14,104.9,118.2,IMF PortWatch Daily_Chokepoints_Data chokepoint6,high_for_chokepoint_calls_low_for_cargo_contents,"Known: daily transit calls by broad vessel class. Unknown: vessel identity, direction, AIS-dark movements, and actual cargo onboard."
2025-01-27,72,40,18,12,2,0,32,1073686,2101062,71,41.43,95.6,87.6,IMF PortWatch Daily_Chokepoints_Data chokepoint6,high_for_chokepoint_calls_low_for_cargo_contents,"Known: daily transit calls by broad vessel class. Unknown: vessel identity, direction, AIS-dark movements, and actual cargo onboard."
2025-01-28,60,33,13,7,1,6,27,1458593,2189935,69.43,40.71,79.7,72.2,IMF PortWatch Daily_Chokepoints_Data chokepoint6,high_for_chokepoint_calls_low_for_cargo_contents,"Known: daily transit calls by broad vessel class. Unknown: vessel identity, direction, AIS-dark movements, and actual cargo onboard."
2025-01-29,82,48,16,12,4,2,34,1551214,2463689,72.71,42.57,108.9,105.1,IMF PortWatch Daily_Chokepoints_Data chokepoint6,high_for_chokepoint_calls_low_for_cargo_contents,"Known: daily transit calls by broad vessel class. Unknown: vessel identity, direction, AIS-dark movements, and actual cargo onboard."
2025-01-30,74,37,14,18,1,4,37,2554673,3341627,74.43,42,98.3,81.0,IMF PortWatch Daily_Chokepoints_Data chokepoint6,high_for_chokepoint_calls_low_for_cargo_contents,"Known: daily transit calls by broad vessel class. Unknown: vessel identity, direction, AIS-dark movements, and actual cargo onboard."
2025-01-31,78,46,21,4,5,2,32,1479761,2091899,76,44.29,103.6,100.7,IMF PortWatch Daily_Chokepoints_Data chokepoint6,high_for_chokepoint_calls_low_for_cargo_contents,"Known: daily transit calls by broad vessel class. Unknown: vessel identity, direction, AIS-dark movements, and actual cargo onboard."
2025-02-01,59,30,12,14,3,0,29,1439569,2302407,72,41.14,78.4,65.7,IMF PortWatch Daily_Chokepoints_Data chokepoint6,high_for_chokepoint_calls_low_for_cargo_contents,"Known: daily transit calls by broad vessel class. Unknown: vessel identity, direction, AIS-dark movements, and actual cargo onboard."
2025-02-02,59,40,8,7,3,1,19,1194124,1832543,69.14,39.14,78.4,87.6,IMF PortWatch Daily_Chokepoints_Data chokepoint6,high_for_chokepoint_calls_low_for_cargo_contents,"Known: daily transit calls by broad vessel class. Unknown: vessel identity, direction, AIS-dark movements, and actual cargo onboard."
2025-02-03,78,44,17,13,4,0,34,2068522,3291596,70,39.71,103.6,96.3,IMF PortWatch Daily_Chokepoints_Data chokepoint6,high_for_chokepoint_calls_low_for_cargo_contents,"Known: daily transit calls by broad vessel class. Unknown: vessel identity, direction, AIS-dark movements, and actual cargo onboard."
2025-02-04,79,45,12,15,3,4,34,1475376,2245546,72.71,41.43,104.9,98.5,IMF PortWatch Daily_Chokepoints_Data chokepoint6,high_for_chokepoint_calls_low_for_cargo_contents,"Known: daily transit calls by broad vessel class. Unknown: vessel identity, direction, AIS-dark movements, and actual cargo onboard."
2025-02-05,62,35,14,8,2,3,27,1112829,1878992,69.86,39.57,82.4,76.6,IMF PortWatch Daily_Chokepoints_Data chokepoint6,high_for_chokepoint_calls_low_for_cargo_contents,"Known: daily transit calls by broad vessel class. Unknown: vessel identity, direction, AIS-dark movements, and actual cargo onboard."
2025-02-06,75,32,18,16,5,4,43,1493448,2542055,70,38.86,99.6,70.1,IMF PortWatch Daily_Chokepoints_Data chokepoint6,high_for_chokepoint_calls_low_for_cargo_contents,"Known: daily transit calls by broad vessel class. Unknown: vessel identity, direction, AIS-dark movements, and actual cargo onboard."
2025-02-07,56,29,13,7,5,2,27,1309308,2041448,66.86,36.43,74.4,63.5,IMF PortWatch Daily_Chokepoints_Data chokepoint6,high_for_chokepoint_calls_low_for_cargo_contents,"Known: daily transit calls by broad vessel class. Unknown: vessel identity, direction, AIS-dark movements, and actual cargo onboard."
2025-02-08,59,32,12,11,4,0,27,1230252,2158574,66.86,36.71,78.4,70.1,IMF PortWatch Daily_Chokepoints_Data chokepoint6,high_for_chokepoint_calls_low_for_cargo_contents,"Known: daily transit calls by broad vessel class. Unknown: vessel identity, direction, AIS-dark movements, and actual cargo onboard."
2025-02-09,75,45,15,11,2,2,30,1623694,2149340,69.14,37.43,99.6,98.5,IMF PortWatch Daily_Chokepoints_Data chokepoint6,high_for_chokepoint_calls_low_for_cargo_contents,"Known: daily transit calls by broad vessel class. Unknown: vessel identity, direction, AIS-dark movements, and actual cargo onboard."
2025-02-10,66,45,5,9,4,3,21,2733106,3522982,67.43,37.57,87.7,98.5,IMF PortWatch Daily_Chokepoints_Data chokepoint6,high_for_chokepoint_calls_low_for_cargo_contents,"Known: daily transit calls by broad vessel class. Unknown: vessel identity, direction, AIS-dark movements, and actual cargo onboard."
2025-02-11,92,49,19,12,6,6,43,1912801,2553286,69.29,38.14,122.2,107.3,IMF PortWatch Daily_Chokepoints_Data chokepoint6,high_for_chokepoint_calls_low_for_cargo_contents,"Known: daily transit calls by broad vessel class. Unknown: vessel identity, direction, AIS-dark movements, and actual cargo onboard."
2025-02-12,100,59,17,15,4,5,41,3252718,4217636,74.71,41.57,132.8,129.2,IMF PortWatch Daily_Chokepoints_Data chokepoint6,high_for_chokepoint_calls_low_for_cargo_contents,"Known: daily transit calls by broad vessel class. Unknown: vessel identity, direction, AIS-dark movements, and actual cargo onboard."
2025-02-13,127,63,29,25,5,5,64,3211579,5045477,82.14,46,168.7,137.9,IMF PortWatch Daily_Chokepoints_Data chokepoint6,high_for_chokepoint_calls_low_for_cargo_contents,"Known: daily transit calls by broad vessel class. Unknown: vessel identity, direction, AIS-dark movements, and actual cargo onboard."
2025-02-14,75,47,11,10,5,2,28,2390359,2955771,84.86,48.57,99.6,102.9,IMF PortWatch Daily_Chokepoints_Data chokepoint6,high_for_chokepoint_calls_low_for_cargo_contents,"Known: daily transit calls by broad vessel class. Unknown: vessel identity, direction, AIS-dark movements, and actual cargo onboard."
2025-02-15,70,38,16,13,0,3,32,1548888,2499695,86.43,49.43,93.0,83.2,IMF PortWatch Daily_Chokepoints_Data chokepoint6,high_for_chokepoint_calls_low_for_cargo_contents,"Known: daily transit calls by broad vessel class. Unknown: vessel identity, direction, AIS-dark movements, and actual cargo onboard."
2025-02-16,66,40,9,11,3,3,26,2411271,2969364,85.14,48.71,87.7,87.6,IMF PortWatch Daily_Chokepoints_Data chokepoint6,high_for_chokepoint_calls_low_for_cargo_contents,"Known: daily transit calls by broad vessel class. Unknown: vessel identity, direction, AIS-dark movements, and actual cargo onboard."
2025-02-17,63,32,17,8,3,3,31,1837081,2604457,84.71,46.86,83.7,70.1,IMF PortWatch Daily_Chokepoints_Data chokepoint6,high_for_chokepoint_calls_low_for_cargo_contents,"Known: daily transit calls by broad vessel class. Unknown: vessel identity, direction, AIS-dark movements, and actual cargo onboard."
2025-02-18,59,29,16,8,4,2,30,1738380,2233491,80,44,78.4,63.5,IMF PortWatch Daily_Chokepoints_Data chokepoint6,high_for_chokepoint_calls_low_for_cargo_contents,"Known: daily transit calls by broad vessel class. Unknown: vessel identity, direction, AIS-dark movements, and actual cargo onboard."
2025-02-19,76,43,22,6,5,0,33,2200837,2812889,76.57,41.71,101.0,94.1,IMF PortWatch Daily_Chokepoints_Data chokepoint6,high_for_chokepoint_calls_low_for_cargo_contents,"Known: daily transit calls by broad vessel class. Unknown: vessel identity, direction, AIS-dark movements, and actual cargo onboard."
2025-02-20,66,44,11,6,4,1,22,1661163,2391814,67.86,39,87.7,96.3,IMF PortWatch Daily_Chokepoints_Data chokepoint6,high_for_chokepoint_calls_low_for_cargo_contents,"Known: daily transit calls by broad vessel class. Unknown: vessel identity, direction, AIS-dark movements, and actual cargo onboard."
2025-02-21,77,39,19,13,2,4,38,1989074,3131031,68.14,37.86,102.3,85.4,IMF PortWatch Daily_Chokepoints_Data chokepoint6,high_for_chokepoint_calls_low_for_cargo_contents,"Known: daily transit calls by broad vessel class. Unknown: vessel identity, direction, AIS-dark movements, and actual cargo onboard."
2025-02-22,86,48,19,13,6,0,38,3146936,4104737,70.43,39.29,114.2,105.1,IMF PortWatch Daily_Chokepoints_Data chokepoint6,high_for_chokepoint_calls_low_for_cargo_contents,"Known: daily transit calls by broad vessel class. Unknown: vessel identity, direction, AIS-dark movements, and actual cargo onboard."
2025-02-23,64,30,15,11,6,2,34,792067,1599972,70.14,37.86,85.0,65.7,IMF PortWatch Daily_Chokepoints_Data chokepoint6,high_for_chokepoint_calls_low_for_cargo_contents,"Known: daily transit calls by broad vessel class. Unknown: vessel identity, direction, AIS-dark movements, and actual cargo onboard."
2025-02-24,60,38,12,7,0,3,22,1777190,2217149,69.71,38.71,79.7,83.2,IMF PortWatch Daily_Chokepoints_Data chokepoint6,high_for_chokepoint_calls_low_for_cargo_contents,"Known: daily transit calls by broad vessel class. Unknown: vessel identity, direction, AIS-dark movements, and actual cargo onboard."
2025-02-25,63,38,12,10,2,1,25,1593506,2571769,70.29,40,83.7,83.2,IMF PortWatch Daily_Chokepoints_Data chokepoint6,high_for_chokepoint_calls_low_for_cargo_contents,"Known: daily transit calls by broad vessel class. Unknown: vessel identity, direction, AIS-dark movements, and actual cargo onboard."
2025-02-26,37,20,7,7,2,1,17,784662,1085133,64.71,36.71,49.1,43.8,IMF PortWatch Daily_Chokepoints_Data chokepoint6,high_for_chokepoint_calls_low_for_cargo_contents,"Known: daily transit calls by broad vessel class. Unknown: vessel identity, direction, AIS-dark movements, and actual cargo onboard."
2025-02-27,70,38,13,11,5,3,32,623847,1124019,65.29,35.86,93.0,83.2,IMF PortWatch Daily_Chokepoints_Data chokepoint6,high_for_chokepoint_calls_low_for_cargo_contents,"Known: daily transit calls by broad vessel class. Unknown: vessel identity, direction, AIS-dark movements, and actual cargo onboard."
2025-02-28,59,35,9,13,2,0,24,1082888,2622145,62.71,35.29,78.4,76.6,IMF PortWatch Daily_Chokepoints_Data chokepoint6,high_for_chokepoint_calls_low_for_cargo_contents,"Known: daily transit calls by broad vessel class. Unknown: vessel identity, direction, AIS-dark movements, and actual cargo onboard."
2025-03-01,65,36,9,12,5,3,29,1523394,2363447,59.71,33.57,86.3,78.8,IMF PortWatch Daily_Chokepoints_Data chokepoint6,high_for_chokepoint_calls_low_for_cargo_contents,"Known: daily transit calls by broad vessel class. Unknown: vessel identity, direction, AIS-dark movements, and actual cargo onboard."
2025-03-02,59,34,10,12,2,1,25,2047318,2781023,59,34.14,78.4,74.4,IMF PortWatch Daily_Chokepoints_Data chokepoint6,high_for_chokepoint_calls_low_for_cargo_contents,"Known: daily transit calls by broad vessel class. Unknown: vessel identity, direction, AIS-dark movements, and actual cargo onboard."
2025-03-03,74,54,10,9,1,0,20,3240590,3828684,61,36.43,98.3,118.2,IMF PortWatch Daily_Chokepoints_Data chokepoint6,high_for_chokepoint_calls_low_for_cargo_contents,"Known: daily transit calls by broad vessel class. Unknown: vessel identity, direction, AIS-dark movements, and actual cargo onboard."
2025-03-04,74,39,16,11,4,4,35,1544028,2698249,62.57,36.57,98.3,85.4,IMF PortWatch Daily_Chokepoints_Data chokepoint6,high_for_chokepoint_calls_low_for_cargo_contents,"Known: daily transit calls by broad vessel class. Unknown: vessel identity, direction, AIS-dark movements, and actual cargo onboard."
2025-03-05,71,40,14,14,3,0,31,1855781,2735751,67.43,39.43,94.3,87.6,IMF PortWatch Daily_Chokepoints_Data chokepoint6,high_for_chokepoint_calls_low_for_cargo_contents,"Known: daily transit calls by broad vessel class. Unknown: vessel identity, direction, AIS-dark movements, and actual cargo onboard."
2025-03-06,105,68,20,9,1,7,37,3273775,4049122,72.43,43.71,139.5,148.9,IMF PortWatch Daily_Chokepoints_Data chokepoint6,high_for_chokepoint_calls_low_for_cargo_contents,"Known: daily transit calls by broad vessel class. Unknown: vessel identity, direction, AIS-dark movements, and actual cargo onboard."
2025-03-07,82,56,12,7,6,1,26,1956564,2614493,75.71,46.71,108.9,122.6,IMF PortWatch Daily_Chokepoints_Data chokepoint6,high_for_chokepoint_calls_low_for_cargo_contents,"Known: daily transit calls by broad vessel class. Unknown: vessel identity, direction, AIS-dark movements, and actual cargo onboard."
2025-03-08,80,53,12,10,3,2,27,1960214,2600099,77.86,49.14,106.3,116.0,IMF PortWatch Daily_Chokepoints_Data chokepoint6,high_for_chokepoint_calls_low_for_cargo_contents,"Known: daily transit calls by broad vessel class. Unknown: vessel identity, direction, AIS-dark movements, and actual cargo onboard."
2025-03-09,63,36,12,9,6,0,27,1750104,2239097,78.43,49.43,83.7,78.8,IMF PortWatch Daily_Chokepoints_Data chokepoint6,high_for_chokepoint_calls_low_for_cargo_contents,"Known: daily transit calls by broad vessel class. Unknown: vessel identity, direction, AIS-dark movements, and actual cargo onboard."
2025-03-10,80,46,21,5,5,3,34,3440936,4292088,79.29,48.29,106.3,100.7,IMF PortWatch Daily_Chokepoints_Data chokepoint6,high_for_chokepoint_calls_low_for_cargo_contents,"Known: daily transit calls by broad vessel class. Unknown: vessel identity, direction, AIS-dark movements, and actual cargo onboard."
2025-03-11,58,29,14,9,3,3,29,2163509,3093498,77,46.86,77.0,63.5,IMF PortWatch Daily_Chokepoints_Data chokepoint6,high_for_chokepoint_calls_low_for_cargo_contents,"Known: daily transit calls by broad vessel class. Unknown: vessel identity, direction, AIS-dark movements, and actual cargo onboard."
2025-03-12,73,45,17,7,3,1,28,2264267,3191137,77.29,47.57,97.0,98.5,IMF PortWatch Daily_Chokepoints_Data chokepoint6,high_for_chokepoint_calls_low_for_cargo_contents,"Known: daily transit calls by broad vessel class. Unknown: vessel identity, direction, AIS-dark movements, and actual cargo onboard."
2025-03-13,79,44,18,13,3,1,35,1904997,2600664,73.57,44.14,104.9,96.3,IMF PortWatch Daily_Chokepoints_Data chokepoint6,high_for_chokepoint_calls_low_for_cargo_contents,"Known: daily transit calls by broad vessel class. Unknown: vessel identity, direction, AIS-dark movements, and actual cargo onboard."
2025-03-14,65,27,15,19,2,2,38,1245921,2432216,71.14,40,86.3,59.1,IMF PortWatch Daily_Chokepoints_Data chokepoint6,high_for_chokepoint_calls_low_for_cargo_contents,"Known: daily transit calls by broad vessel class. Unknown: vessel identity, direction, AIS-dark movements, and actual cargo onboard."
2025-03-15,75,44,16,8,6,1,31,1660592,2322662,70.43,38.71,99.6,96.3,IMF PortWatch Daily_Chokepoints_Data chokepoint6,high_for_chokepoint_calls_low_for_cargo_contents,"Known: daily transit calls by broad vessel class. Unknown: vessel identity, direction, AIS-dark movements, and actual cargo onboard."
2025-03-16,107,62,20,9,12,4,45,2910303,4094476,76.71,42.43,142.1,135.7,IMF PortWatch Daily_Chokepoints_Data chokepoint6,high_for_chokepoint_calls_low_for_cargo_contents,"Known: daily transit calls by broad vessel class. Unknown: vessel identity, direction, AIS-dark movements, and actual cargo onboard."
2025-03-17,75,35,13,17,10,0,40,1736797,2806213,76,40.86,99.6,76.6,IMF PortWatch Daily_Chokepoints_Data chokepoint6,high_for_chokepoint_calls_low_for_cargo_contents,"Known: daily transit calls by broad vessel class. Unknown: vessel identity, direction, AIS-dark movements, and actual cargo onboard."
2025-03-18,83,46,19,11,4,3,37,2893943,3508262,79.57,43.29,110.3,100.7,IMF PortWatch Daily_Chokepoints_Data chokepoint6,high_for_chokepoint_calls_low_for_cargo_contents,"Known: daily transit calls by broad vessel class. Unknown: vessel identity, direction, AIS-dark movements, and actual cargo onboard."
2025-03-19,80,44,19,10,3,4,36,1457907,2616123,80.57,43.14,106.3,96.3,IMF PortWatch Daily_Chokepoints_Data chokepoint6,high_for_chokepoint_calls_low_for_cargo_contents,"Known: daily transit calls by broad vessel class. Unknown: vessel identity, direction, AIS-dark movements, and actual cargo onboard."
2025-03-20,86,57,13,14,2,0,29,2891295,3954261,81.57,45,114.2,124.8,IMF PortWatch Daily_Chokepoints_Data chokepoint6,high_for_chokepoint_calls_low_for_cargo_contents,"Known: daily transit calls by broad vessel class. Unknown: vessel identity, direction, AIS-dark movements, and actual cargo onboard."
2025-03-21,91,55,16,9,7,4,36,1966341,2747495,85.29,49,120.9,120.4,IMF PortWatch Daily_Chokepoints_Data chokepoint6,high_for_chokepoint_calls_low_for_cargo_contents,"Known: daily transit calls by broad vessel class. Unknown: vessel identity, direction, AIS-dark movements, and actual cargo onboard."
2025-03-22,61,40,12,6,3,0,21,2571704,3051055,83.29,48.43,81.0,87.6,IMF PortWatch Daily_Chokepoints_Data chokepoint6,high_for_chokepoint_calls_low_for_cargo_contents,"Known: daily transit calls by broad vessel class. Unknown: vessel identity, direction, AIS-dark movements, and actual cargo onboard."
2025-03-23,79,40,18,15,6,0,39,1730454,2931585,79.29,45.29,104.9,87.6,IMF PortWatch Daily_Chokepoints_Data chokepoint6,high_for_chokepoint_calls_low_for_cargo_contents,"Known: daily transit calls by broad vessel class. Unknown: vessel identity, direction, AIS-dark movements, and actual cargo onboard."
2025-03-24,74,41,16,12,1,4,33,1634613,2790214,79.14,46.14,98.3,89.8,IMF PortWatch Daily_Chokepoints_Data chokepoint6,high_for_chokepoint_calls_low_for_cargo_contents,"Known: daily transit calls by broad vessel class. Unknown: vessel identity, direction, AIS-dark movements, and actual cargo onboard."
2025-03-25,60,36,8,9,2,5,24,824950,1415305,75.86,44.71,79.7,78.8,IMF PortWatch Daily_Chokepoints_Data chokepoint6,high_for_chokepoint_calls_low_for_cargo_contents,"Known: daily transit calls by broad vessel class. Unknown: vessel identity, direction, AIS-dark movements, and actual cargo onboard."
2025-03-26,55,23,16,13,2,1,32,817854,1601148,72.29,41.71,73.1,50.4,IMF PortWatch Daily_Chokepoints_Data chokepoint6,high_for_chokepoint_calls_low_for_cargo_contents,"Known: daily transit calls by broad vessel class. Unknown: vessel identity, direction, AIS-dark movements, and actual cargo onboard."
2025-03-27,64,34,17,11,1,1,30,2670274,3776666,69.14,38.43,85.0,74.4,IMF PortWatch Daily_Chokepoints_Data chokepoint6,high_for_chokepoint_calls_low_for_cargo_contents,"Known: daily transit calls by broad vessel class. Unknown: vessel identity, direction, AIS-dark movements, and actual cargo onboard."
2025-03-28,115,64,24,21,6,0,51,2716538,4168589,72.57,39.71,152.8,140.1,IMF PortWatch Daily_Chokepoints_Data chokepoint6,high_for_chokepoint_calls_low_for_cargo_contents,"Known: daily transit calls by broad vessel class. Unknown: vessel identity, direction, AIS-dark movements, and actual cargo onboard."
2025-03-29,109,68,18,17,4,2,41,2944362,4066948,79.43,43.71,144.8,148.9,IMF PortWatch Daily_Chokepoints_Data chokepoint6,high_for_chokepoint_calls_low_for_cargo_contents,"Known: daily transit calls by broad vessel class. Unknown: vessel identity, direction, AIS-dark movements, and actual cargo onboard."
2025-03-30,98,66,13,13,3,3,32,2403544,3223787,82.14,47.43,130.2,144.5,IMF PortWatch Daily_Chokepoints_Data chokepoint6,high_for_chokepoint_calls_low_for_cargo_contents,"Known: daily transit calls by broad vessel class. Unknown: vessel identity, direction, AIS-dark movements, and actual cargo onboard."
2025-03-31,79,45,11,12,5,6,34,2449520,3256050,82.86,48,104.9,98.5,IMF PortWatch Daily_Chokepoints_Data chokepoint6,high_for_chokepoint_calls_low_for_cargo_contents,"Known: daily transit calls by broad vessel class. Unknown: vessel identity, direction, AIS-dark movements, and actual cargo onboard."
2025-04-01,115,61,30,14,2,8,54,2921673,4224908,90.71,51.57,152.8,133.5,IMF PortWatch Daily_Chokepoints_Data chokepoint6,high_for_chokepoint_calls_low_for_cargo_contents,"Known: daily transit calls by broad vessel class. Unknown: vessel identity, direction, AIS-dark movements, and actual cargo onboard."
2025-04-02,83,42,12,16,5,8,41,1516319,2184028,94.71,54.29,110.3,91.9,IMF PortWatch Daily_Chokepoints_Data chokepoint6,high_for_chokepoint_calls_low_for_cargo_contents,"Known: daily transit calls by broad vessel class. Unknown: vessel identity, direction, AIS-dark movements, and actual cargo onboard."
2025-04-03,67,45,13,5,0,4,22,1915405,2456818,95.14,55.86,89.0,98.5,IMF PortWatch Daily_Chokepoints_Data chokepoint6,high_for_chokepoint_calls_low_for_cargo_contents,"Known: daily transit calls by broad vessel class. Unknown: vessel identity, direction, AIS-dark movements, and actual cargo onboard."
2025-04-04,103,59,14,20,6,4,44,4063205,5416553,93.43,55.14,136.8,129.2,IMF PortWatch Daily_Chokepoints_Data chokepoint6,high_for_chokepoint_calls_low_for_cargo_contents,"Known: daily transit calls by broad vessel class. Unknown: vessel identity, direction, AIS-dark movements, and actual cargo onboard."
2025-04-05,83,41,19,16,4,3,42,1555139,2421164,89.71,51.29,110.3,89.8,IMF PortWatch Daily_Chokepoints_Data chokepoint6,high_for_chokepoint_calls_low_for_cargo_contents,"Known: daily transit calls by broad vessel class. Unknown: vessel identity, direction, AIS-dark movements, and actual cargo onboard."
2025-04-06,103,58,24,10,9,2,45,2685482,4118595,90.43,50.14,136.8,127.0,IMF PortWatch Daily_Chokepoints_Data chokepoint6,high_for_chokepoint_calls_low_for_cargo_contents,"Known: daily transit calls by broad vessel class. Unknown: vessel identity, direction, AIS-dark movements, and actual cargo onboard."
2025-04-07,95,54,20,11,6,4,41,2479881,3432265,92.71,51.43,126.2,118.2,IMF PortWatch Daily_Chokepoints_Data chokepoint6,high_for_chokepoint_calls_low_for_cargo_contents,"Known: daily transit calls by broad vessel class. Unknown: vessel identity, direction, AIS-dark movements, and actual cargo onboard."
2025-04-08,105,68,15,13,2,7,37,3350720,4252160,91.29,52.43,139.5,148.9,IMF PortWatch Daily_Chokepoints_Data chokepoint6,high_for_chokepoint_calls_low_for_cargo_contents,"Known: daily transit calls by broad vessel class. Unknown: vessel identity, direction, AIS-dark movements, and actual cargo onboard."
2025-04-09,111,59,20,21,7,4,52,2230641,3401990,95.29,54.86,147.4,129.2,IMF PortWatch Daily_Chokepoints_Data chokepoint6,high_for_chokepoint_calls_low_for_cargo_contents,"Known: daily transit calls by broad vessel class. Unknown: vessel identity, direction, AIS-dark movements, and actual cargo onboard."
2025-04-10,99,55,23,15,4,2,44,3193992,4204356,99.86,56.29,131.5,120.4,IMF PortWatch Daily_Chokepoints_Data chokepoint6,high_for_chokepoint_calls_low_for_cargo_contents,"Known: daily transit calls by broad vessel class. Unknown: vessel identity, direction, AIS-dark movements, and actual cargo onboard."
2025-04-11,109,59,23,17,6,4,50,2906187,3957026,100.71,56.29,144.8,129.2,IMF PortWatch Daily_Chokepoints_Data chokepoint6,high_for_chokepoint_calls_low_for_cargo_contents,"Known: daily transit calls by broad vessel class. Unknown: vessel identity, direction, AIS-dark movements, and actual cargo onboard."
2025-04-12,98,49,21,20,4,4,49,3092998,4214738,102.86,57.43,130.2,107.3,IMF PortWatch Daily_Chokepoints_Data chokepoint6,high_for_chokepoint_calls_low_for_cargo_contents,"Known: daily transit calls by broad vessel class. Unknown: vessel identity, direction, AIS-dark movements, and actual cargo onboard."
2025-04-13,94,58,18,12,3,3,36,3043148,3921283,101.57,57.43,124.9,127.0,IMF PortWatch Daily_Chokepoints_Data chokepoint6,high_for_chokepoint_calls_low_for_cargo_contents,"Known: daily transit calls by broad vessel class. Unknown: vessel identity, direction, AIS-dark movements, and actual cargo onboard."
2025-04-14,94,51,19,10,9,5,43,3083202,3951347,101.43,57,124.9,111.6,IMF PortWatch Daily_Chokepoints_Data chokepoint6,high_for_chokepoint_calls_low_for_cargo_contents,"Known: daily transit calls by broad vessel class. Unknown: vessel identity, direction, AIS-dark movements, and actual cargo onboard."
2025-04-15,51,28,9,9,2,3,23,1136395,1839642,93.71,51.29,67.7,61.3,IMF PortWatch Daily_Chokepoints_Data chokepoint6,high_for_chokepoint_calls_low_for_cargo_contents,"Known: daily transit calls by broad vessel class. Unknown: vessel identity, direction, AIS-dark movements, and actual cargo onboard."
2025-04-16,100,60,24,11,5,0,40,3058780,4316428,92.14,51.43,132.8,131.3,IMF PortWatch Daily_Chokepoints_Data chokepoint6,high_for_chokepoint_calls_low_for_cargo_contents,"Known: daily transit calls by broad vessel class. Unknown: vessel identity, direction, AIS-dark movements, and actual cargo onboard."
2025-04-17,58,31,13,9,4,1,27,971818,2151848,86.29,48,77.0,67.9,IMF PortWatch Daily_Chokepoints_Data chokepoint6,high_for_chokepoint_calls_low_for_cargo_contents,"Known: daily transit calls by broad vessel class. Unknown: vessel identity, direction, AIS-dark movements, and actual cargo onboard."
2025-04-18,38,17,7,9,3,2,21,436445,917418,76.14,42,50.5,37.2,IMF PortWatch Daily_Chokepoints_Data chokepoint6,high_for_chokepoint_calls_low_for_cargo_contents,"Known: daily transit calls by broad vessel class. Unknown: vessel identity, direction, AIS-dark movements, and actual cargo onboard."
2025-04-19,60,31,16,10,0,3,29,1669632,2620558,70.71,39.43,79.7,67.9,IMF PortWatch Daily_Chokepoints_Data chokepoint6,high_for_chokepoint_calls_low_for_cargo_contents,"Known: daily transit calls by broad vessel class. Unknown: vessel identity, direction, AIS-dark movements, and actual cargo onboard."
2025-04-20,78,49,19,8,1,1,29,2808057,3792931,68.43,38.14,103.6,107.3,IMF PortWatch Daily_Chokepoints_Data chokepoint6,high_for_chokepoint_calls_low_for_cargo_contents,"Known: daily transit calls by broad vessel class. Unknown: vessel identity, direction, AIS-dark movements, and actual cargo onboard."
2025-04-21,106,61,22,14,5,4,45,2787722,3810304,70.14,39.57,140.8,133.5,IMF PortWatch Daily_Chokepoints_Data chokepoint6,high_for_chokepoint_calls_low_for_cargo_contents,"Known: daily transit calls by broad vessel class. Unknown: vessel identity, direction, AIS-dark movements, and actual cargo onboard."
2025-04-22,121,59,25,24,7,6,62,2459374,4015841,80.14,44,160.7,129.2,IMF PortWatch Daily_Chokepoints_Data chokepoint6,high_for_chokepoint_calls_low_for_cargo_contents,"Known: daily transit calls by broad vessel class. Unknown: vessel identity, direction, AIS-dark movements, and actual cargo onboard."
2025-04-23,90,56,16,9,5,4,34,2468155,3372367,78.71,43.43,119.6,122.6,IMF PortWatch Daily_Chokepoints_Data chokepoint6,high_for_chokepoint_calls_low_for_cargo_contents,"Known: daily transit calls by broad vessel class. Unknown: vessel identity, direction, AIS-dark movements, and actual cargo onboard."
2025-04-24,105,55,22,16,7,5,50,1566774,2763464,85.43,46.86,139.5,120.4,IMF PortWatch Daily_Chokepoints_Data chokepoint6,high_for_chokepoint_calls_low_for_cargo_contents,"Known: daily transit calls by broad vessel class. Unknown: vessel identity, direction, AIS-dark movements, and actual cargo onboard."
2025-04-25,43,30,6,5,2,0,13,1377665,1663166,86.14,48.71,57.1,65.7,IMF PortWatch Daily_Chokepoints_Data chokepoint6,high_for_chokepoint_calls_low_for_cargo_contents,"Known: daily transit calls by broad vessel class. Unknown: vessel identity, direction, AIS-dark movements, and actual cargo onboard."
2025-04-26,110,67,20,14,3,6,43,3103280,4162666,93.29,53.86,146.1,146.7,IMF PortWatch Daily_Chokepoints_Data chokepoint6,high_for_chokepoint_calls_low_for_cargo_contents,"Known: daily transit calls by broad vessel class. Unknown: vessel identity, direction, AIS-dark movements, and actual cargo onboard."
2025-04-27,93,59,16,15,3,0,34,2287353,3231783,95.43,55.29,123.5,129.2,IMF PortWatch Daily_Chokepoints_Data chokepoint6,high_for_chokepoint_calls_low_for_cargo_contents,"Known: daily transit calls by broad vessel class. Unknown: vessel identity, direction, AIS-dark movements, and actual cargo onboard."
2025-04-28,74,41,15,14,2,2,33,1855543,2616954,90.86,52.43,98.3,89.8,IMF PortWatch Daily_Chokepoints_Data chokepoint6,high_for_chokepoint_calls_low_for_cargo_contents,"Known: daily transit calls by broad vessel class. Unknown: vessel identity, direction, AIS-dark movements, and actual cargo onboard."
2025-04-29,72,42,14,13,1,2,30,1683011,2660931,83.86,50,95.6,91.9,IMF PortWatch Daily_Chokepoints_Data chokepoint6,high_for_chokepoint_calls_low_for_cargo_contents,"Known: daily transit calls by broad vessel class. Unknown: vessel identity, direction, AIS-dark movements, and actual cargo onboard."
2025-04-30,80,41,19,14,3,3,39,2232699,3204762,82.43,47.86,106.3,89.8,IMF PortWatch Daily_Chokepoints_Data chokepoint6,high_for_chokepoint_calls_low_for_cargo_contents,"Known: daily transit calls by broad vessel class. Unknown: vessel identity, direction, AIS-dark movements, and actual cargo onboard."
2025-05-01,101,58,17,19,2,5,43,3396172,4681610,81.86,48.29,134.2,127.0,IMF PortWatch Daily_Chokepoints_Data chokepoint6,high_for_chokepoint_calls_low_for_cargo_contents,"Known: daily transit calls by broad vessel class. Unknown: vessel identity, direction, AIS-dark movements, and actual cargo onboard."
2025-05-02,96,62,19,9,3,3,34,2234276,3142313,89.43,52.86,127.5,135.7,IMF PortWatch Daily_Chokepoints_Data chokepoint6,high_for_chokepoint_calls_low_for_cargo_contents,"Known: daily transit calls by broad vessel class. Unknown: vessel identity, direction, AIS-dark movements, and actual cargo onboard."
2025-05-03,71,36,17,8,6,4,35,1889879,2596777,83.86,48.43,94.3,78.8,IMF PortWatch Daily_Chokepoints_Data chokepoint6,high_for_chokepoint_calls_low_for_cargo_contents,"Known: daily transit calls by broad vessel class. Unknown: vessel identity, direction, AIS-dark movements, and actual cargo onboard."
2025-05-04,77,48,12,11,4,2,29,2884464,3596074,81.57,46.86,102.3,105.1,IMF PortWatch Daily_Chokepoints_Data chokepoint6,high_for_chokepoint_calls_low_for_cargo_contents,"Known: daily transit calls by broad vessel class. Unknown: vessel identity, direction, AIS-dark movements, and actual cargo onboard."
2025-05-05,109,66,23,14,5,1,43,3074045,4377006,86.57,50.43,144.8,144.5,IMF PortWatch Daily_Chokepoints_Data chokepoint6,high_for_chokepoint_calls_low_for_cargo_contents,"Known: daily transit calls by broad vessel class. Unknown: vessel identity, direction, AIS-dark movements, and actual cargo onboard."
2025-05-06,103,53,25,20,3,2,50,2133741,3556701,91,52,136.8,116.0,IMF PortWatch Daily_Chokepoints_Data chokepoint6,high_for_chokepoint_calls_low_for_cargo_contents,"Known: daily transit calls by broad vessel class. Unknown: vessel identity, direction, AIS-dark movements, and actual cargo onboard."
2025-05-07,63,30,18,7,4,4,33,1797624,2570090,88.57,50.43,83.7,65.7,IMF PortWatch Daily_Chokepoints_Data chokepoint6,high_for_chokepoint_calls_low_for_cargo_contents,"Known: daily transit calls by broad vessel class. Unknown: vessel identity, direction, AIS-dark movements, and actual cargo onboard."
2025-05-08,30,19,6,3,1,1,11,422339,826765,78.43,44.86,39.9,41.6,IMF PortWatch Daily_Chokepoints_Data chokepoint6,high_for_chokepoint_calls_low_for_cargo_contents,"Known: daily transit calls by broad vessel class. Unknown: vessel identity, direction, AIS-dark movements, and actual cargo onboard."
2025-05-09,95,57,18,14,3,3,38,1445163,2249605,78.29,44.14,126.2,124.8,IMF PortWatch Daily_Chokepoints_Data chokepoint6,high_for_chokepoint_calls_low_for_cargo_contents,"Known: daily transit calls by broad vessel class. Unknown: vessel identity, direction, AIS-dark movements, and actual cargo onboard."
2025-05-10,71,41,13,9,6,2,30,1647544,2331083,78.29,44.86,94.3,89.8,IMF PortWatch Daily_Chokepoints_Data chokepoint6,high_for_chokepoint_calls_low_for_cargo_contents,"Known: daily transit calls by broad vessel class. Unknown: vessel identity, direction, AIS-dark movements, and actual cargo onboard."
2025-05-11,90,57,17,9,6,1,33,2203798,2939823,80.14,46.14,119.6,124.8,IMF PortWatch Daily_Chokepoints_Data chokepoint6,high_for_chokepoint_calls_low_for_cargo_contents,"Known: daily transit calls by broad vessel class. Unknown: vessel identity, direction, AIS-dark movements, and actual cargo onboard."
2025-05-12,109,66,19,19,4,1,43,3493837,4827783,80.14,46.14,144.8,144.5,IMF PortWatch Daily_Chokepoints_Data chokepoint6,high_for_chokepoint_calls_low_for_cargo_contents,"Known: daily transit calls by broad vessel class. Unknown: vessel identity, direction, AIS-dark movements, and actual cargo onboard."
2025-05-13,97,53,14,18,8,4,44,2240828,3192298,79.29,46.14,128.8,116.0,IMF PortWatch Daily_Chokepoints_Data chokepoint6,high_for_chokepoint_calls_low_for_cargo_contents,"Known: daily transit calls by broad vessel class. Unknown: vessel identity, direction, AIS-dark movements, and actual cargo onboard."
2025-05-14,108,63,21,16,5,3,45,2808883,3807973,85.71,50.86,143.5,137.9,IMF PortWatch Daily_Chokepoints_Data chokepoint6,high_for_chokepoint_calls_low_for_cargo_contents,"Known: daily transit calls by broad vessel class. Unknown: vessel identity, direction, AIS-dark movements, and actual cargo onboard."
2025-05-15,79,46,23,4,4,2,33,2043333,2853640,92.71,54.71,104.9,100.7,IMF PortWatch Daily_Chokepoints_Data chokepoint6,high_for_chokepoint_calls_low_for_cargo_contents,"Known: daily transit calls by broad vessel class. Unknown: vessel identity, direction, AIS-dark movements, and actual cargo onboard."
2025-05-16,97,48,17,20,10,2,49,2560062,3877829,93,53.43,128.8,105.1,IMF PortWatch Daily_Chokepoints_Data chokepoint6,high_for_chokepoint_calls_low_for_cargo_contents,"Known: daily transit calls by broad vessel class. Unknown: vessel identity, direction, AIS-dark movements, and actual cargo onboard."
2025-05-17,103,55,28,12,3,5,48,2238507,3650885,97.57,55.43,136.8,120.4,IMF PortWatch Daily_Chokepoints_Data chokepoint6,high_for_chokepoint_calls_low_for_cargo_contents,"Known: daily transit calls by broad vessel class. Unknown: vessel identity, direction, AIS-dark movements, and actual cargo onboard."
2025-05-18,102,63,19,13,5,2,39,2888620,3843159,99.29,56.29,135.5,137.9,IMF PortWatch Daily_Chokepoints_Data chokepoint6,high_for_chokepoint_calls_low_for_cargo_contents,"Known: daily transit calls by broad vessel class. Unknown: vessel identity, direction, AIS-dark movements, and actual cargo onboard."
2025-05-19,76,41,17,9,6,3,35,1396188,2079001,94.57,52.71,101.0,89.8,IMF PortWatch Daily_Chokepoints_Data chokepoint6,high_for_chokepoint_calls_low_for_cargo_contents,"Known: daily transit calls by broad vessel class. Unknown: vessel identity, direction, AIS-dark movements, and actual cargo onboard."
2025-05-20,113,67,18,19,3,6,46,3318877,4310867,96.86,54.71,150.1,146.7,IMF PortWatch Daily_Chokepoints_Data chokepoint6,high_for_chokepoint_calls_low_for_cargo_contents,"Known: daily transit calls by broad vessel class. Unknown: vessel identity, direction, AIS-dark movements, and actual cargo onboard."
2025-05-21,90,50,21,12,5,2,40,1413654,2353609,94.29,52.86,119.6,109.5,IMF PortWatch Daily_Chokepoints_Data chokepoint6,high_for_chokepoint_calls_low_for_cargo_contents,"Known: daily transit calls by broad vessel class. Unknown: vessel identity, direction, AIS-dark movements, and actual cargo onboard."
2025-05-22,101,58,21,12,4,6,43,1756704,2735768,97.43,54.57,134.2,127.0,IMF PortWatch Daily_Chokepoints_Data chokepoint6,high_for_chokepoint_calls_low_for_cargo_contents,"Known: daily transit calls by broad vessel class. Unknown: vessel identity, direction, AIS-dark movements, and actual cargo onboard."
2025-05-23,80,47,12,14,4,3,33,2620808,3307318,95,54.43,106.3,102.9,IMF PortWatch Daily_Chokepoints_Data chokepoint6,high_for_chokepoint_calls_low_for_cargo_contents,"Known: daily transit calls by broad vessel class. Unknown: vessel identity, direction, AIS-dark movements, and actual cargo onboard."
2025-05-24,97,51,23,13,9,1,46,2280069,3580608,94.14,53.86,128.8,111.6,IMF PortWatch Daily_Chokepoints_Data chokepoint6,high_for_chokepoint_calls_low_for_cargo_contents,"Known: daily transit calls by broad vessel class. Unknown: vessel identity, direction, AIS-dark movements, and actual cargo onboard."
2025-05-25,83,45,19,16,2,1,38,2011224,2914184,91.43,51.29,110.3,98.5,IMF PortWatch Daily_Chokepoints_Data chokepoint6,high_for_chokepoint_calls_low_for_cargo_contents,"Known: daily transit calls by broad vessel class. Unknown: vessel identity, direction, AIS-dark movements, and actual cargo onboard."
2025-05-26,109,49,27,24,6,3,60,3075452,4494514,96.14,52.43,144.8,107.3,IMF PortWatch Daily_Chokepoints_Data chokepoint6,high_for_chokepoint_calls_low_for_cargo_contents,"Known: daily transit calls by broad vessel class. Unknown: vessel identity, direction, AIS-dark movements, and actual cargo onboard."
2025-05-27,96,52,26,12,3,3,44,2487890,3790793,93.71,50.29,127.5,113.8,IMF PortWatch Daily_Chokepoints_Data chokepoint6,high_for_chokepoint_calls_low_for_cargo_contents,"Known: daily transit calls by broad vessel class. Unknown: vessel identity, direction, AIS-dark movements, and actual cargo onboard."
2025-05-28,82,44,18,12,6,2,38,2607278,3530128,92.57,49.43,108.9,96.3,IMF PortWatch Daily_Chokepoints_Data chokepoint6,high_for_chokepoint_calls_low_for_cargo_contents,"Known: daily transit calls by broad vessel class. Unknown: vessel identity, direction, AIS-dark movements, and actual cargo onboard."
2025-05-29,112,73,13,15,7,4,39,4045410,5240454,94.14,51.57,148.8,159.8,IMF PortWatch Daily_Chokepoints_Data chokepoint6,high_for_chokepoint_calls_low_for_cargo_contents,"Known: daily transit calls by broad vessel class. Unknown: vessel identity, direction, AIS-dark movements, and actual cargo onboard."
2025-05-30,107,65,15,16,7,4,42,1867395,2807910,98,54.14,142.1,142.3,IMF PortWatch Daily_Chokepoints_Data chokepoint6,high_for_chokepoint_calls_low_for_cargo_contents,"Known: daily transit calls by broad vessel class. Unknown: vessel identity, direction, AIS-dark movements, and actual cargo onboard."
2025-05-31,94,51,21,15,3,4,43,2186634,3139400,97.57,54.14,124.9,111.6,IMF PortWatch Daily_Chokepoints_Data chokepoint6,high_for_chokepoint_calls_low_for_cargo_contents,"Known: daily transit calls by broad vessel class. Unknown: vessel identity, direction, AIS-dark movements, and actual cargo onboard."
2025-06-01,98,47,29,12,7,3,51,2207649,3557678,99.71,54.43,130.2,102.9,IMF PortWatch Daily_Chokepoints_Data chokepoint6,high_for_chokepoint_calls_low_for_cargo_contents,"Known: daily transit calls by broad vessel class. Unknown: vessel identity, direction, AIS-dark movements, and actual cargo onboard."
2025-06-02,89,46,21,16,5,1,43,2343075,3303831,96.86,54,118.2,100.7,IMF PortWatch Daily_Chokepoints_Data chokepoint6,high_for_chokepoint_calls_low_for_cargo_contents,"Known: daily transit calls by broad vessel class. Unknown: vessel identity, direction, AIS-dark movements, and actual cargo onboard."
2025-06-03,88,50,13,17,4,4,38,2214225,3506776,95.71,53.71,116.9,109.5,IMF PortWatch Daily_Chokepoints_Data chokepoint6,high_for_chokepoint_calls_low_for_cargo_contents,"Known: daily transit calls by broad vessel class. Unknown: vessel identity, direction, AIS-dark movements, and actual cargo onboard."
2025-06-04,108,67,24,6,5,6,41,3461280,4419632,99.43,57,143.5,146.7,IMF PortWatch Daily_Chokepoints_Data chokepoint6,high_for_chokepoint_calls_low_for_cargo_contents,"Known: daily transit calls by broad vessel class. Unknown: vessel identity, direction, AIS-dark movements, and actual cargo onboard."
2025-06-05,85,49,16,15,3,2,36,2634857,3926581,95.57,53.57,112.9,107.3,IMF PortWatch Daily_Chokepoints_Data chokepoint6,high_for_chokepoint_calls_low_for_cargo_contents,"Known: daily transit calls by broad vessel class. Unknown: vessel identity, direction, AIS-dark movements, and actual cargo onboard."
2025-06-06,70,43,13,11,0,3,27,979768,1657614,90.29,50.43,93.0,94.1,IMF PortWatch Daily_Chokepoints_Data chokepoint6,high_for_chokepoint_calls_low_for_cargo_contents,"Known: daily transit calls by broad vessel class. Unknown: vessel identity, direction, AIS-dark movements, and actual cargo onboard."
2025-06-07,77,45,9,15,5,3,32,2596020,3407132,87.86,49.57,102.3,98.5,IMF PortWatch Daily_Chokepoints_Data chokepoint6,high_for_chokepoint_calls_low_for_cargo_contents,"Known: daily transit calls by broad vessel class. Unknown: vessel identity, direction, AIS-dark movements, and actual cargo onboard."
2025-06-08,106,60,17,20,8,1,46,3204347,4406782,89,51.43,140.8,131.3,IMF PortWatch Daily_Chokepoints_Data chokepoint6,high_for_chokepoint_calls_low_for_cargo_contents,"Known: daily transit calls by broad vessel class. Unknown: vessel identity, direction, AIS-dark movements, and actual cargo onboard."
2025-06-09,88,46,22,16,3,1,42,1969308,3114578,88.86,51.43,116.9,100.7,IMF PortWatch Daily_Chokepoints_Data chokepoint6,high_for_chokepoint_calls_low_for_cargo_contents,"Known: daily transit calls by broad vessel class. Unknown: vessel identity, direction, AIS-dark movements, and actual cargo onboard."
2025-06-10,89,44,24,15,3,3,45,2511484,3482498,89,50.57,118.2,96.3,IMF PortWatch Daily_Chokepoints_Data chokepoint6,high_for_chokepoint_calls_low_for_cargo_contents,"Known: daily transit calls by broad vessel class. Unknown: vessel identity, direction, AIS-dark movements, and actual cargo onboard."
2025-06-11,75,40,15,14,3,3,35,1869958,2797796,84.29,46.71,99.6,87.6,IMF PortWatch Daily_Chokepoints_Data chokepoint6,high_for_chokepoint_calls_low_for_cargo_contents,"Known: daily transit calls by broad vessel class. Unknown: vessel identity, direction, AIS-dark movements, and actual cargo onboard."
2025-06-12,88,56,15,10,5,2,32,2894421,3681914,84.71,47.71,116.9,122.6,IMF PortWatch Daily_Chokepoints_Data chokepoint6,high_for_chokepoint_calls_low_for_cargo_contents,"Known: daily transit calls by broad vessel class. Unknown: vessel identity, direction, AIS-dark movements, and actual cargo onboard."
2025-06-13,69,42,7,11,6,3,27,2044593,2661632,84.57,47.57,91.7,91.9,IMF PortWatch Daily_Chokepoints_Data chokepoint6,high_for_chokepoint_calls_low_for_cargo_contents,"Known: daily transit calls by broad vessel class. Unknown: vessel identity, direction, AIS-dark movements, and actual cargo onboard."
2025-06-14,88,47,18,18,3,2,41,1963930,3326486,86.14,47.86,116.9,102.9,IMF PortWatch Daily_Chokepoints_Data chokepoint6,high_for_chokepoint_calls_low_for_cargo_contents,"Known: daily transit calls by broad vessel class. Unknown: vessel identity, direction, AIS-dark movements, and actual cargo onboard."
2025-06-15,99,63,16,13,2,5,36,3481253,4434933,85.14,48.29,131.5,137.9,IMF PortWatch Daily_Chokepoints_Data chokepoint6,high_for_chokepoint_calls_low_for_cargo_contents,"Known: daily transit calls by broad vessel class. Unknown: vessel identity, direction, AIS-dark movements, and actual cargo onboard."
2025-06-16,42,21,11,6,1,3,21,1010220,1522010,78.57,44.71,55.8,46.0,IMF PortWatch Daily_Chokepoints_Data chokepoint6,high_for_chokepoint_calls_low_for_cargo_contents,"Known: daily transit calls by broad vessel class. Unknown: vessel identity, direction, AIS-dark movements, and actual cargo onboard."
2025-06-17,73,42,16,12,2,1,31,2073897,3262478,76.29,44.43,97.0,91.9,IMF PortWatch Daily_Chokepoints_Data chokepoint6,high_for_chokepoint_calls_low_for_cargo_contents,"Known: daily transit calls by broad vessel class. Unknown: vessel identity, direction, AIS-dark movements, and actual cargo onboard."
2025-06-18,108,59,17,21,8,3,49,2104112,3052177,81,47.14,143.5,129.2,IMF PortWatch Daily_Chokepoints_Data chokepoint6,high_for_chokepoint_calls_low_for_cargo_contents,"Known: daily transit calls by broad vessel class. Unknown: vessel identity, direction, AIS-dark movements, and actual cargo onboard."
2025-06-19,98,53,25,13,3,4,45,3425533,4340034,82.43,46.71,130.2,116.0,IMF PortWatch Daily_Chokepoints_Data chokepoint6,high_for_chokepoint_calls_low_for_cargo_contents,"Known: daily transit calls by broad vessel class. Unknown: vessel identity, direction, AIS-dark movements, and actual cargo onboard."
2025-06-20,85,48,18,11,6,2,37,2078094,3153975,84.71,47.57,112.9,105.1,IMF PortWatch Daily_Chokepoints_Data chokepoint6,high_for_chokepoint_calls_low_for_cargo_contents,"Known: daily transit calls by broad vessel class. Unknown: vessel identity, direction, AIS-dark movements, and actual cargo onboard."
2025-06-21,77,44,18,7,3,5,33,1605138,2389805,83.14,47.14,102.3,96.3,IMF PortWatch Daily_Chokepoints_Data chokepoint6,high_for_chokepoint_calls_low_for_cargo_contents,"Known: daily transit calls by broad vessel class. Unknown: vessel identity, direction, AIS-dark movements, and actual cargo onboard."
2025-06-22,67,39,15,8,3,2,28,2368174,3117391,78.57,43.71,89.0,85.4,IMF PortWatch Daily_Chokepoints_Data chokepoint6,high_for_chokepoint_calls_low_for_cargo_contents,"Known: daily transit calls by broad vessel class. Unknown: vessel identity, direction, AIS-dark movements, and actual cargo onboard."
2025-06-23,83,39,19,16,6,3,44,1936442,2908135,84.43,46.29,110.3,85.4,IMF PortWatch Daily_Chokepoints_Data chokepoint6,high_for_chokepoint_calls_low_for_cargo_contents,"Known: daily transit calls by broad vessel class. Unknown: vessel identity, direction, AIS-dark movements, and actual cargo onboard."
2025-06-24,66,37,15,10,3,1,29,1199313,1736619,83.43,45.57,87.7,81.0,IMF PortWatch Daily_Chokepoints_Data chokepoint6,high_for_chokepoint_calls_low_for_cargo_contents,"Known: daily transit calls by broad vessel class. Unknown: vessel identity, direction, AIS-dark movements, and actual cargo onboard."
2025-06-25,52,34,9,8,1,0,18,1194069,1627967,75.43,42,69.1,74.4,IMF PortWatch Daily_Chokepoints_Data chokepoint6,high_for_chokepoint_calls_low_for_cargo_contents,"Known: daily transit calls by broad vessel class. Unknown: vessel identity, direction, AIS-dark movements, and actual cargo onboard."
2025-06-26,67,39,19,4,3,2,28,2191979,2923748,71,40,89.0,85.4,IMF PortWatch Daily_Chokepoints_Data chokepoint6,high_for_chokepoint_calls_low_for_cargo_contents,"Known: daily transit calls by broad vessel class. Unknown: vessel identity, direction, AIS-dark movements, and actual cargo onboard."
2025-06-27,85,46,19,11,6,3,39,1469948,2471735,71,39.71,112.9,100.7,IMF PortWatch Daily_Chokepoints_Data chokepoint6,high_for_chokepoint_calls_low_for_cargo_contents,"Known: daily transit calls by broad vessel class. Unknown: vessel identity, direction, AIS-dark movements, and actual cargo onboard."
2025-06-28,69,37,14,10,6,2,32,1583954,2166357,69.86,38.71,91.7,81.0,IMF PortWatch Daily_Chokepoints_Data chokepoint6,high_for_chokepoint_calls_low_for_cargo_contents,"Known: daily transit calls by broad vessel class. Unknown: vessel identity, direction, AIS-dark movements, and actual cargo onboard."
2025-06-29,102,55,20,17,5,5,47,2473998,3538039,74.86,41,135.5,120.4,IMF PortWatch Daily_Chokepoints_Data chokepoint6,high_for_chokepoint_calls_low_for_cargo_contents,"Known: daily transit calls by broad vessel class. Unknown: vessel identity, direction, AIS-dark movements, and actual cargo onboard."
2025-06-30,92,49,17,12,11,3,43,2427179,3337974,76.14,42.43,122.2,107.3,IMF PortWatch Daily_Chokepoints_Data chokepoint6,high_for_chokepoint_calls_low_for_cargo_contents,"Known: daily transit calls by broad vessel class. Unknown: vessel identity, direction, AIS-dark movements, and actual cargo onboard."
2025-07-01,83,43,20,13,5,2,40,1654851,2585740,78.57,43.29,110.3,94.1,IMF PortWatch Daily_Chokepoints_Data chokepoint6,high_for_chokepoint_calls_low_for_cargo_contents,"Known: daily transit calls by broad vessel class. Unknown: vessel identity, direction, AIS-dark movements, and actual cargo onboard."
2025-07-02,72,44,12,11,4,1,28,1784626,2699234,81.43,44.71,95.6,96.3,IMF PortWatch Daily_Chokepoints_Data chokepoint6,high_for_chokepoint_calls_low_for_cargo_contents,"Known: daily transit calls by broad vessel class. Unknown: vessel identity, direction, AIS-dark movements, and actual cargo onboard."
2025-07-03,62,34,10,11,2,5,28,1691008,2425355,80.71,44,82.4,74.4,IMF PortWatch Daily_Chokepoints_Data chokepoint6,high_for_chokepoint_calls_low_for_cargo_contents,"Known: daily transit calls by broad vessel class. Unknown: vessel identity, direction, AIS-dark movements, and actual cargo onboard."
2025-07-04,94,56,18,13,6,1,38,2799793,3883340,82,45.43,124.9,122.6,IMF PortWatch Daily_Chokepoints_Data chokepoint6,high_for_chokepoint_calls_low_for_cargo_contents,"Known: daily transit calls by broad vessel class. Unknown: vessel identity, direction, AIS-dark movements, and actual cargo onboard."
2025-07-05,69,45,11,7,5,1,24,1387752,1882414,82,46.57,91.7,98.5,IMF PortWatch Daily_Chokepoints_Data chokepoint6,high_for_chokepoint_calls_low_for_cargo_contents,"Known: daily transit calls by broad vessel class. Unknown: vessel identity, direction, AIS-dark movements, and actual cargo onboard."
2025-07-06,75,44,13,13,3,2,31,1374650,2349972,78.14,45,99.6,96.3,IMF PortWatch Daily_Chokepoints_Data chokepoint6,high_for_chokepoint_calls_low_for_cargo_contents,"Known: daily transit calls by broad vessel class. Unknown: vessel identity, direction, AIS-dark movements, and actual cargo onboard."
2025-07-07,55,25,13,9,6,2,30,1893661,2411677,72.86,41.57,73.1,54.7,IMF PortWatch Daily_Chokepoints_Data chokepoint6,high_for_chokepoint_calls_low_for_cargo_contents,"Known: daily transit calls by broad vessel class. Unknown: vessel identity, direction, AIS-dark movements, and actual cargo onboard."
2025-07-08,76,42,15,10,7,2,34,1359103,2274226,71.86,41.43,101.0,91.9,IMF PortWatch Daily_Chokepoints_Data chokepoint6,high_for_chokepoint_calls_low_for_cargo_contents,"Known: daily transit calls by broad vessel class. Unknown: vessel identity, direction, AIS-dark movements, and actual cargo onboard."
2025-07-09,90,60,12,11,1,6,30,3514007,4298957,74.43,43.71,119.6,131.3,IMF PortWatch Daily_Chokepoints_Data chokepoint6,high_for_chokepoint_calls_low_for_cargo_contents,"Known: daily transit calls by broad vessel class. Unknown: vessel identity, direction, AIS-dark movements, and actual cargo onboard."
2025-07-10,82,48,18,12,3,1,34,2702362,3726854,77.29,45.71,108.9,105.1,IMF PortWatch Daily_Chokepoints_Data chokepoint6,high_for_chokepoint_calls_low_for_cargo_contents,"Known: daily transit calls by broad vessel class. Unknown: vessel identity, direction, AIS-dark movements, and actual cargo onboard."
2025-07-11,60,39,9,8,2,2,21,2349945,3021490,72.43,43.29,79.7,85.4,IMF PortWatch Daily_Chokepoints_Data chokepoint6,high_for_chokepoint_calls_low_for_cargo_contents,"Known: daily transit calls by broad vessel class. Unknown: vessel identity, direction, AIS-dark movements, and actual cargo onboard."
2025-07-12,104,60,23,18,0,3,44,3908363,4745533,77.43,45.43,138.1,131.3,IMF PortWatch Daily_Chokepoints_Data chokepoint6,high_for_chokepoint_calls_low_for_cargo_contents,"Known: daily transit calls by broad vessel class. Unknown: vessel identity, direction, AIS-dark movements, and actual cargo onboard."
2025-07-13,78,46,14,14,3,1,32,1437761,2209521,77.86,45.71,103.6,100.7,IMF PortWatch Daily_Chokepoints_Data chokepoint6,high_for_chokepoint_calls_low_for_cargo_contents,"Known: daily transit calls by broad vessel class. Unknown: vessel identity, direction, AIS-dark movements, and actual cargo onboard."
2025-07-14,98,56,18,15,4,5,42,2197531,3288551,84,50.14,130.2,122.6,IMF PortWatch Daily_Chokepoints_Data chokepoint6,high_for_chokepoint_calls_low_for_cargo_contents,"Known: daily transit calls by broad vessel class. Unknown: vessel identity, direction, AIS-dark movements, and actual cargo onboard."
2025-07-15,108,53,31,15,5,4,55,3182087,4523300,88.57,51.71,143.5,116.0,IMF PortWatch Daily_Chokepoints_Data chokepoint6,high_for_chokepoint_calls_low_for_cargo_contents,"Known: daily transit calls by broad vessel class. Unknown: vessel identity, direction, AIS-dark movements, and actual cargo onboard."
2025-07-16,109,66,14,23,2,4,43,3082708,4413119,91.29,52.57,144.8,144.5,IMF PortWatch Daily_Chokepoints_Data chokepoint6,high_for_chokepoint_calls_low_for_cargo_contents,"Known: daily transit calls by broad vessel class. Unknown: vessel identity, direction, AIS-dark movements, and actual cargo onboard."
2025-07-17,90,46,16,19,4,5,44,2158834,3252892,92.43,52.29,119.6,100.7,IMF PortWatch Daily_Chokepoints_Data chokepoint6,high_for_chokepoint_calls_low_for_cargo_contents,"Known: daily transit calls by broad vessel class. Unknown: vessel identity, direction, AIS-dark movements, and actual cargo onboard."
2025-07-18,81,42,19,15,4,1,39,2239938,3142360,95.43,52.71,107.6,91.9,IMF PortWatch Daily_Chokepoints_Data chokepoint6,high_for_chokepoint_calls_low_for_cargo_contents,"Known: daily transit calls by broad vessel class. Unknown: vessel identity, direction, AIS-dark movements, and actual cargo onboard."
2025-07-19,86,52,17,11,4,2,34,2304512,3174166,92.86,51.57,114.2,113.8,IMF PortWatch Daily_Chokepoints_Data chokepoint6,high_for_chokepoint_calls_low_for_cargo_contents,"Known: daily transit calls by broad vessel class. Unknown: vessel identity, direction, AIS-dark movements, and actual cargo onboard."
2025-07-20,109,63,25,15,4,2,46,2986319,4329749,97.29,54,144.8,137.9,IMF PortWatch Daily_Chokepoints_Data chokepoint6,high_for_chokepoint_calls_low_for_cargo_contents,"Known: daily transit calls by broad vessel class. Unknown: vessel identity, direction, AIS-dark movements, and actual cargo onboard."
2025-07-21,83,46,15,12,7,3,37,3056542,3923713,95.14,52.57,110.3,100.7,IMF PortWatch Daily_Chokepoints_Data chokepoint6,high_for_chokepoint_calls_low_for_cargo_contents,"Known: daily transit calls by broad vessel class. Unknown: vessel identity, direction, AIS-dark movements, and actual cargo onboard."
2025-07-22,77,32,22,9,9,5,45,1531945,2683825,90.71,49.57,102.3,70.1,IMF PortWatch Daily_Chokepoints_Data chokepoint6,high_for_chokepoint_calls_low_for_cargo_contents,"Known: daily transit calls by broad vessel class. Unknown: vessel identity, direction, AIS-dark movements, and actual cargo onboard."
2025-07-23,99,59,12,17,6,5,40,2499493,3222202,89.29,48.57,131.5,129.2,IMF PortWatch Daily_Chokepoints_Data chokepoint6,high_for_chokepoint_calls_low_for_cargo_contents,"Known: daily transit calls by broad vessel class. Unknown: vessel identity, direction, AIS-dark movements, and actual cargo onboard."
2025-07-24,87,46,16,19,3,3,41,2124879,3391946,88.86,48.57,115.6,100.7,IMF PortWatch Daily_Chokepoints_Data chokepoint6,high_for_chokepoint_calls_low_for_cargo_contents,"Known: daily transit calls by broad vessel class. Unknown: vessel identity, direction, AIS-dark movements, and actual cargo onboard."
2025-07-25,82,48,17,9,4,4,34,2478169,3213941,89,49.43,108.9,105.1,IMF PortWatch Daily_Chokepoints_Data chokepoint6,high_for_chokepoint_calls_low_for_cargo_contents,"Known: daily transit calls by broad vessel class. Unknown: vessel identity, direction, AIS-dark movements, and actual cargo onboard."
2025-07-26,69,47,13,4,3,2,22,1983361,2584875,86.57,48.71,91.7,102.9,IMF PortWatch Daily_Chokepoints_Data chokepoint6,high_for_chokepoint_calls_low_for_cargo_contents,"Known: daily transit calls by broad vessel class. Unknown: vessel identity, direction, AIS-dark movements, and actual cargo onboard."
2025-07-27,102,59,15,16,8,4,43,3299079,4203963,85.57,48.14,135.5,129.2,IMF PortWatch Daily_Chokepoints_Data chokepoint6,high_for_chokepoint_calls_low_for_cargo_contents,"Known: daily transit calls by broad vessel class. Unknown: vessel identity, direction, AIS-dark movements, and actual cargo onboard."
2025-07-28,95,55,18,13,5,4,40,2051368,2824046,87.29,49.43,126.2,120.4,IMF PortWatch Daily_Chokepoints_Data chokepoint6,high_for_chokepoint_calls_low_for_cargo_contents,"Known: daily transit calls by broad vessel class. Unknown: vessel identity, direction, AIS-dark movements, and actual cargo onboard."
2025-07-29,98,54,23,11,5,5,44,2517124,3572585,90.29,52.57,130.2,118.2,IMF PortWatch Daily_Chokepoints_Data chokepoint6,high_for_chokepoint_calls_low_for_cargo_contents,"Known: daily transit calls by broad vessel class. Unknown: vessel identity, direction, AIS-dark movements, and actual cargo onboard."
2025-07-30,77,45,15,8,4,5,32,3219241,4216075,87.14,50.57,102.3,98.5,IMF PortWatch Daily_Chokepoints_Data chokepoint6,high_for_chokepoint_calls_low_for_cargo_contents,"Known: daily transit calls by broad vessel class. Unknown: vessel identity, direction, AIS-dark movements, and actual cargo onboard."
2025-07-31,101,54,22,17,6,2,47,2103165,3088972,89.14,51.71,134.2,118.2,IMF PortWatch Daily_Chokepoints_Data chokepoint6,high_for_chokepoint_calls_low_for_cargo_contents,"Known: daily transit calls by broad vessel class. Unknown: vessel identity, direction, AIS-dark movements, and actual cargo onboard."
2025-08-01,53,38,10,4,0,1,15,1207393,1873386,85,50.29,70.4,83.2,IMF PortWatch Daily_Chokepoints_Data chokepoint6,high_for_chokepoint_calls_low_for_cargo_contents,"Known: daily transit calls by broad vessel class. Unknown: vessel identity, direction, AIS-dark movements, and actual cargo onboard."
2025-08-02,103,60,18,16,5,4,43,3713856,4778825,89.86,52.14,136.8,131.3,IMF PortWatch Daily_Chokepoints_Data chokepoint6,high_for_chokepoint_calls_low_for_cargo_contents,"Known: daily transit calls by broad vessel class. Unknown: vessel identity, direction, AIS-dark movements, and actual cargo onboard."
2025-08-03,77,42,15,15,3,2,35,2459241,3432386,86.29,49.71,102.3,91.9,IMF PortWatch Daily_Chokepoints_Data chokepoint6,high_for_chokepoint_calls_low_for_cargo_contents,"Known: daily transit calls by broad vessel class. Unknown: vessel identity, direction, AIS-dark movements, and actual cargo onboard."
2025-08-04,40,21,7,9,0,3,19,467457,1158261,78.43,44.86,53.1,46.0,IMF PortWatch Daily_Chokepoints_Data chokepoint6,high_for_chokepoint_calls_low_for_cargo_contents,"Known: daily transit calls by broad vessel class. Unknown: vessel identity, direction, AIS-dark movements, and actual cargo onboard."
2025-08-05,76,40,18,9,3,6,36,2552593,3263087,75.29,42.86,101.0,87.6,IMF PortWatch Daily_Chokepoints_Data chokepoint6,high_for_chokepoint_calls_low_for_cargo_contents,"Known: daily transit calls by broad vessel class. Unknown: vessel identity, direction, AIS-dark movements, and actual cargo onboard."
2025-08-06,70,33,10,17,5,5,37,1483852,2611435,74.29,41.14,93.0,72.2,IMF PortWatch Daily_Chokepoints_Data chokepoint6,high_for_chokepoint_calls_low_for_cargo_contents,"Known: daily transit calls by broad vessel class. Unknown: vessel identity, direction, AIS-dark movements, and actual cargo onboard."
2025-08-07,69,39,18,2,6,4,30,2293325,2940026,69.71,39,91.7,85.4,IMF PortWatch Daily_Chokepoints_Data chokepoint6,high_for_chokepoint_calls_low_for_cargo_contents,"Known: daily transit calls by broad vessel class. Unknown: vessel identity, direction, AIS-dark movements, and actual cargo onboard."
2025-08-08,75,43,13,13,2,4,32,1629400,2281609,72.86,39.71,99.6,94.1,IMF PortWatch Daily_Chokepoints_Data chokepoint6,high_for_chokepoint_calls_low_for_cargo_contents,"Known: daily transit calls by broad vessel class. Unknown: vessel identity, direction, AIS-dark movements, and actual cargo onboard."
2025-08-09,61,38,12,6,3,2,23,2199966,2726205,66.86,36.57,81.0,83.2,IMF PortWatch Daily_Chokepoints_Data chokepoint6,high_for_chokepoint_calls_low_for_cargo_contents,"Known: daily transit calls by broad vessel class. Unknown: vessel identity, direction, AIS-dark movements, and actual cargo onboard."
2025-08-10,44,24,9,7,2,2,20,1268625,1850129,62.14,34,58.4,52.5,IMF PortWatch Daily_Chokepoints_Data chokepoint6,high_for_chokepoint_calls_low_for_cargo_contents,"Known: daily transit calls by broad vessel class. Unknown: vessel identity, direction, AIS-dark movements, and actual cargo onboard."
2025-08-11,73,41,15,9,6,2,32,2131421,2848551,66.86,36.86,97.0,89.8,IMF PortWatch Daily_Chokepoints_Data chokepoint6,high_for_chokepoint_calls_low_for_cargo_contents,"Known: daily transit calls by broad vessel class. Unknown: vessel identity, direction, AIS-dark movements, and actual cargo onboard."
2025-08-12,125,66,28,20,9,2,59,2677255,4244530,73.86,40.57,166.0,144.5,IMF PortWatch Daily_Chokepoints_Data chokepoint6,high_for_chokepoint_calls_low_for_cargo_contents,"Known: daily transit calls by broad vessel class. Unknown: vessel identity, direction, AIS-dark movements, and actual cargo onboard."
2025-08-13,67,38,13,12,2,2,29,1476698,2310053,73.43,41.29,89.0,83.2,IMF PortWatch Daily_Chokepoints_Data chokepoint6,high_for_chokepoint_calls_low_for_cargo_contents,"Known: daily transit calls by broad vessel class. Unknown: vessel identity, direction, AIS-dark movements, and actual cargo onboard."
2025-08-14,98,52,16,17,7,6,46,2742377,3790361,77.57,43.14,130.2,113.8,IMF PortWatch Daily_Chokepoints_Data chokepoint6,high_for_chokepoint_calls_low_for_cargo_contents,"Known: daily transit calls by broad vessel class. Unknown: vessel identity, direction, AIS-dark movements, and actual cargo onboard."
2025-08-15,61,38,12,5,4,2,23,1350979,1934881,75.57,42.43,81.0,83.2,IMF PortWatch Daily_Chokepoints_Data chokepoint6,high_for_chokepoint_calls_low_for_cargo_contents,"Known: daily transit calls by broad vessel class. Unknown: vessel identity, direction, AIS-dark movements, and actual cargo onboard."
2025-08-16,63,36,10,13,3,1,27,1587563,3003032,75.86,42.14,83.7,78.8,IMF PortWatch Daily_Chokepoints_Data chokepoint6,high_for_chokepoint_calls_low_for_cargo_contents,"Known: daily transit calls by broad vessel class. Unknown: vessel identity, direction, AIS-dark movements, and actual cargo onboard."
2025-08-17,71,42,14,6,4,5,29,2615090,3439799,79.71,44.71,94.3,91.9,IMF PortWatch Daily_Chokepoints_Data chokepoint6,high_for_chokepoint_calls_low_for_cargo_contents,"Known: daily transit calls by broad vessel class. Unknown: vessel identity, direction, AIS-dark movements, and actual cargo onboard."
2025-08-18,90,47,17,20,3,3,43,2040042,3287400,82.14,45.57,119.6,102.9,IMF PortWatch Daily_Chokepoints_Data chokepoint6,high_for_chokepoint_calls_low_for_cargo_contents,"Known: daily transit calls by broad vessel class. Unknown: vessel identity, direction, AIS-dark movements, and actual cargo onboard."
2025-08-19,105,53,26,15,5,6,52,3953849,5453458,79.29,43.71,139.5,116.0,IMF PortWatch Daily_Chokepoints_Data chokepoint6,high_for_chokepoint_calls_low_for_cargo_contents,"Known: daily transit calls by broad vessel class. Unknown: vessel identity, direction, AIS-dark movements, and actual cargo onboard."
2025-08-20,69,44,14,7,2,2,25,2467354,2976335,79.57,44.57,91.7,96.3,IMF PortWatch Daily_Chokepoints_Data chokepoint6,high_for_chokepoint_calls_low_for_cargo_contents,"Known: daily transit calls by broad vessel class. Unknown: vessel identity, direction, AIS-dark movements, and actual cargo onboard."
2025-08-21,75,44,12,14,3,2,31,2406132,3508552,76.29,43.43,99.6,96.3,IMF PortWatch Daily_Chokepoints_Data chokepoint6,high_for_chokepoint_calls_low_for_cargo_contents,"Known: daily transit calls by broad vessel class. Unknown: vessel identity, direction, AIS-dark movements, and actual cargo onboard."
2025-08-22,113,73,18,10,6,6,40,3049896,3891785,83.71,48.43,150.1,159.8,IMF PortWatch Daily_Chokepoints_Data chokepoint6,high_for_chokepoint_calls_low_for_cargo_contents,"Known: daily transit calls by broad vessel class. Unknown: vessel identity, direction, AIS-dark movements, and actual cargo onboard."
2025-08-23,87,52,19,9,5,2,35,2162407,3138347,87.14,50.71,115.6,113.8,IMF PortWatch Daily_Chokepoints_Data chokepoint6,high_for_chokepoint_calls_low_for_cargo_contents,"Known: daily transit calls by broad vessel class. Unknown: vessel identity, direction, AIS-dark movements, and actual cargo onboard."
2025-08-24,103,55,23,17,4,4,48,3069295,4266823,91.71,52.57,136.8,120.4,IMF PortWatch Daily_Chokepoints_Data chokepoint6,high_for_chokepoint_calls_low_for_cargo_contents,"Known: daily transit calls by broad vessel class. Unknown: vessel identity, direction, AIS-dark movements, and actual cargo onboard."
2025-08-25,62,32,14,6,7,3,30,1693390,2265619,87.71,50.43,82.4,70.1,IMF PortWatch Daily_Chokepoints_Data chokepoint6,high_for_chokepoint_calls_low_for_cargo_contents,"Known: daily transit calls by broad vessel class. Unknown: vessel identity, direction, AIS-dark movements, and actual cargo onboard."
2025-08-26,60,32,12,8,6,2,28,1396598,1929519,81.29,47.43,79.7,70.1,IMF PortWatch Daily_Chokepoints_Data chokepoint6,high_for_chokepoint_calls_low_for_cargo_contents,"Known: daily transit calls by broad vessel class. Unknown: vessel identity, direction, AIS-dark movements, and actual cargo onboard."
2025-08-27,81,42,12,16,6,5,39,2579155,3368823,83,47.14,107.6,91.9,IMF PortWatch Daily_Chokepoints_Data chokepoint6,high_for_chokepoint_calls_low_for_cargo_contents,"Known: daily transit calls by broad vessel class. Unknown: vessel identity, direction, AIS-dark movements, and actual cargo onboard."
2025-08-28,90,55,14,11,5,5,35,2240540,2864044,85.14,48.71,119.6,120.4,IMF PortWatch Daily_Chokepoints_Data chokepoint6,high_for_chokepoint_calls_low_for_cargo_contents,"Known: daily transit calls by broad vessel class. Unknown: vessel identity, direction, AIS-dark movements, and actual cargo onboard."
2025-08-29,98,50,23,15,5,5,48,2275780,3580056,83,45.43,130.2,109.5,IMF PortWatch Daily_Chokepoints_Data chokepoint6,high_for_chokepoint_calls_low_for_cargo_contents,"Known: daily transit calls by broad vessel class. Unknown: vessel identity, direction, AIS-dark movements, and actual cargo onboard."
2025-08-30,83,52,11,10,7,3,31,3739526,4502428,82.43,45.43,110.3,113.8,IMF PortWatch Daily_Chokepoints_Data chokepoint6,high_for_chokepoint_calls_low_for_cargo_contents,"Known: daily transit calls by broad vessel class. Unknown: vessel identity, direction, AIS-dark movements, and actual cargo onboard."
2025-08-31,93,52,16,14,6,5,41,2501688,3176801,81,45,123.5,113.8,IMF PortWatch Daily_Chokepoints_Data chokepoint6,high_for_chokepoint_calls_low_for_cargo_contents,"Known: daily transit calls by broad vessel class. Unknown: vessel identity, direction, AIS-dark movements, and actual cargo onboard."
2025-09-01,93,57,23,7,4,2,36,2617326,3581110,85.43,48.57,123.5,124.8,IMF PortWatch Daily_Chokepoints_Data chokepoint6,high_for_chokepoint_calls_low_for_cargo_contents,"Known: daily transit calls by broad vessel class. Unknown: vessel identity, direction, AIS-dark movements, and actual cargo onboard."
2025-09-02,80,45,14,15,4,2,35,1688845,2710254,88.29,50.43,106.3,98.5,IMF PortWatch Daily_Chokepoints_Data chokepoint6,high_for_chokepoint_calls_low_for_cargo_contents,"Known: daily transit calls by broad vessel class. Unknown: vessel identity, direction, AIS-dark movements, and actual cargo onboard."
2025-09-03,86,39,15,19,6,7,47,2091423,3180896,89,50,114.2,85.4,IMF PortWatch Daily_Chokepoints_Data chokepoint6,high_for_chokepoint_calls_low_for_cargo_contents,"Known: daily transit calls by broad vessel class. Unknown: vessel identity, direction, AIS-dark movements, and actual cargo onboard."
2025-09-04,41,26,8,5,1,1,15,1061772,1408066,82,45.86,54.5,56.9,IMF PortWatch Daily_Chokepoints_Data chokepoint6,high_for_chokepoint_calls_low_for_cargo_contents,"Known: daily transit calls by broad vessel class. Unknown: vessel identity, direction, AIS-dark movements, and actual cargo onboard."
2025-09-05,120,75,23,18,3,1,45,3599143,4838728,85.14,49.43,159.4,164.2,IMF PortWatch Daily_Chokepoints_Data chokepoint6,high_for_chokepoint_calls_low_for_cargo_contents,"Known: daily transit calls by broad vessel class. Unknown: vessel identity, direction, AIS-dark movements, and actual cargo onboard."
2025-09-06,72,43,14,9,5,1,29,2429345,3051929,83.57,48.14,95.6,94.1,IMF PortWatch Daily_Chokepoints_Data chokepoint6,high_for_chokepoint_calls_low_for_cargo_contents,"Known: daily transit calls by broad vessel class. Unknown: vessel identity, direction, AIS-dark movements, and actual cargo onboard."
2025-09-07,99,54,18,16,8,3,45,3010705,4803269,84.43,48.43,131.5,118.2,IMF PortWatch Daily_Chokepoints_Data chokepoint6,high_for_chokepoint_calls_low_for_cargo_contents,"Known: daily transit calls by broad vessel class. Unknown: vessel identity, direction, AIS-dark movements, and actual cargo onboard."
2025-09-08,98,58,19,14,3,4,40,2653045,3943058,85.14,48.57,130.2,127.0,IMF PortWatch Daily_Chokepoints_Data chokepoint6,high_for_chokepoint_calls_low_for_cargo_contents,"Known: daily transit calls by broad vessel class. Unknown: vessel identity, direction, AIS-dark movements, and actual cargo onboard."
2025-09-09,83,42,19,14,6,2,41,1668185,3095470,85.57,48.14,110.3,91.9,IMF PortWatch Daily_Chokepoints_Data chokepoint6,high_for_chokepoint_calls_low_for_cargo_contents,"Known: daily transit calls by broad vessel class. Unknown: vessel identity, direction, AIS-dark movements, and actual cargo onboard."
2025-09-10,85,44,16,11,9,5,41,2267581,2938848,85.43,48.86,112.9,96.3,IMF PortWatch Daily_Chokepoints_Data chokepoint6,high_for_chokepoint_calls_low_for_cargo_contents,"Known: daily transit calls by broad vessel class. Unknown: vessel identity, direction, AIS-dark movements, and actual cargo onboard."
2025-09-11,69,33,15,9,9,3,36,1620037,2479423,89.43,49.86,91.7,72.2,IMF PortWatch Daily_Chokepoints_Data chokepoint6,high_for_chokepoint_calls_low_for_cargo_contents,"Known: daily transit calls by broad vessel class. Unknown: vessel identity, direction, AIS-dark movements, and actual cargo onboard."
2025-09-12,59,40,7,7,4,1,19,1201950,1766235,80.71,44.86,78.4,87.6,IMF PortWatch Daily_Chokepoints_Data chokepoint6,high_for_chokepoint_calls_low_for_cargo_contents,"Known: daily transit calls by broad vessel class. Unknown: vessel identity, direction, AIS-dark movements, and actual cargo onboard."
2025-09-13,58,31,17,7,1,2,27,1480424,2465728,78.71,43.14,77.0,67.9,IMF PortWatch Daily_Chokepoints_Data chokepoint6,high_for_chokepoint_calls_low_for_cargo_contents,"Known: daily transit calls by broad vessel class. Unknown: vessel identity, direction, AIS-dark movements, and actual cargo onboard."
2025-09-14,41,24,6,7,2,2,17,1125531,1536507,70.43,38.86,54.5,52.5,IMF PortWatch Daily_Chokepoints_Data chokepoint6,high_for_chokepoint_calls_low_for_cargo_contents,"Known: daily transit calls by broad vessel class. Unknown: vessel identity, direction, AIS-dark movements, and actual cargo onboard."
2025-09-15,61,29,12,11,6,3,32,763385,1252803,65.14,34.71,81.0,63.5,IMF PortWatch Daily_Chokepoints_Data chokepoint6,high_for_chokepoint_calls_low_for_cargo_contents,"Known: daily transit calls by broad vessel class. Unknown: vessel identity, direction, AIS-dark movements, and actual cargo onboard."
2025-09-16,59,37,13,4,1,4,22,1482032,2031029,61.71,34,78.4,81.0,IMF PortWatch Daily_Chokepoints_Data chokepoint6,high_for_chokepoint_calls_low_for_cargo_contents,"Known: daily transit calls by broad vessel class. Unknown: vessel identity, direction, AIS-dark movements, and actual cargo onboard."
2025-09-17,105,55,25,14,3,8,50,2286099,3133846,64.57,35.57,139.5,120.4,IMF PortWatch Daily_Chokepoints_Data chokepoint6,high_for_chokepoint_calls_low_for_cargo_contents,"Known: daily transit calls by broad vessel class. Unknown: vessel identity, direction, AIS-dark movements, and actual cargo onboard."
2025-09-18,76,43,12,14,2,5,33,2393158,3186772,65.57,37,101.0,94.1,IMF PortWatch Daily_Chokepoints_Data chokepoint6,high_for_chokepoint_calls_low_for_cargo_contents,"Known: daily transit calls by broad vessel class. Unknown: vessel identity, direction, AIS-dark movements, and actual cargo onboard."
2025-09-19,52,26,14,5,4,3,26,1804399,2520218,64.57,35,69.1,56.9,IMF PortWatch Daily_Chokepoints_Data chokepoint6,high_for_chokepoint_calls_low_for_cargo_contents,"Known: daily transit calls by broad vessel class. Unknown: vessel identity, direction, AIS-dark movements, and actual cargo onboard."
2025-09-20,63,46,6,10,1,0,17,1777491,2342257,65.29,37.14,83.7,100.7,IMF PortWatch Daily_Chokepoints_Data chokepoint6,high_for_chokepoint_calls_low_for_cargo_contents,"Known: daily transit calls by broad vessel class. Unknown: vessel identity, direction, AIS-dark movements, and actual cargo onboard."
2025-09-21,73,51,9,11,1,1,22,1632000,2159952,69.86,41,97.0,111.6,IMF PortWatch Daily_Chokepoints_Data chokepoint6,high_for_chokepoint_calls_low_for_cargo_contents,"Known: daily transit calls by broad vessel class. Unknown: vessel identity, direction, AIS-dark movements, and actual cargo onboard."
2025-09-22,44,22,4,10,6,2,22,704503,1049891,67.43,40,58.4,48.2,IMF PortWatch Daily_Chokepoints_Data chokepoint6,high_for_chokepoint_calls_low_for_cargo_contents,"Known: daily transit calls by broad vessel class. Unknown: vessel identity, direction, AIS-dark movements, and actual cargo onboard."
2025-09-23,87,52,19,9,3,4,35,2720643,3673182,71.43,42.14,115.6,113.8,IMF PortWatch Daily_Chokepoints_Data chokepoint6,high_for_chokepoint_calls_low_for_cargo_contents,"Known: daily transit calls by broad vessel class. Unknown: vessel identity, direction, AIS-dark movements, and actual cargo onboard."
2025-09-24,90,52,14,13,5,6,38,2236283,3138412,69.29,41.71,119.6,113.8,IMF PortWatch Daily_Chokepoints_Data chokepoint6,high_for_chokepoint_calls_low_for_cargo_contents,"Known: daily transit calls by broad vessel class. Unknown: vessel identity, direction, AIS-dark movements, and actual cargo onboard."
2025-09-25,62,26,21,9,5,1,36,1745296,2610617,67.29,39.29,82.4,56.9,IMF PortWatch Daily_Chokepoints_Data chokepoint6,high_for_chokepoint_calls_low_for_cargo_contents,"Known: daily transit calls by broad vessel class. Unknown: vessel identity, direction, AIS-dark movements, and actual cargo onboard."
2025-09-26,49,24,5,18,1,1,25,775395,1493741,66.86,39,65.1,52.5,IMF PortWatch Daily_Chokepoints_Data chokepoint6,high_for_chokepoint_calls_low_for_cargo_contents,"Known: daily transit calls by broad vessel class. Unknown: vessel identity, direction, AIS-dark movements, and actual cargo onboard."
2025-09-27,68,42,9,11,6,0,26,2190446,2882810,67.57,38.43,90.3,91.9,IMF PortWatch Daily_Chokepoints_Data chokepoint6,high_for_chokepoint_calls_low_for_cargo_contents,"Known: daily transit calls by broad vessel class. Unknown: vessel identity, direction, AIS-dark movements, and actual cargo onboard."
2025-09-28,86,54,17,10,5,0,32,3311216,4129382,69.43,38.86,114.2,118.2,IMF PortWatch Daily_Chokepoints_Data chokepoint6,high_for_chokepoint_calls_low_for_cargo_contents,"Known: daily transit calls by broad vessel class. Unknown: vessel identity, direction, AIS-dark movements, and actual cargo onboard."
2025-09-29,77,43,12,11,4,7,34,1196112,1879659,74.14,41.86,102.3,94.1,IMF PortWatch Daily_Chokepoints_Data chokepoint6,high_for_chokepoint_calls_low_for_cargo_contents,"Known: daily transit calls by broad vessel class. Unknown: vessel identity, direction, AIS-dark movements, and actual cargo onboard."
2025-09-30,99,56,21,9,9,4,43,2097595,3284740,75.86,42.43,131.5,122.6,IMF PortWatch Daily_Chokepoints_Data chokepoint6,high_for_chokepoint_calls_low_for_cargo_contents,"Known: daily transit calls by broad vessel class. Unknown: vessel identity, direction, AIS-dark movements, and actual cargo onboard."
2025-10-01,85,50,15,10,8,2,35,2880908,3512419,75.14,42.14,112.9,109.5,IMF PortWatch Daily_Chokepoints_Data chokepoint6,high_for_chokepoint_calls_low_for_cargo_contents,"Known: daily transit calls by broad vessel class. Unknown: vessel identity, direction, AIS-dark movements, and actual cargo onboard."
2025-10-02,94,56,19,13,1,5,38,4213415,5125971,79.71,46.43,124.9,122.6,IMF PortWatch Daily_Chokepoints_Data chokepoint6,high_for_chokepoint_calls_low_for_cargo_contents,"Known: daily transit calls by broad vessel class. Unknown: vessel identity, direction, AIS-dark movements, and actual cargo onboard."
2025-10-03,100,54,21,18,2,5,46,2981788,4214726,87,50.71,132.8,118.2,IMF PortWatch Daily_Chokepoints_Data chokepoint6,high_for_chokepoint_calls_low_for_cargo_contents,"Known: daily transit calls by broad vessel class. Unknown: vessel identity, direction, AIS-dark movements, and actual cargo onboard."
2025-10-04,116,71,26,12,4,3,45,1767642,2804847,93.86,54.86,154.1,155.4,IMF PortWatch Daily_Chokepoints_Data chokepoint6,high_for_chokepoint_calls_low_for_cargo_contents,"Known: daily transit calls by broad vessel class. Unknown: vessel identity, direction, AIS-dark movements, and actual cargo onboard."
2025-10-05,119,72,20,16,6,5,47,3521158,4557078,98.57,57.43,158.1,157.6,IMF PortWatch Daily_Chokepoints_Data chokepoint6,high_for_chokepoint_calls_low_for_cargo_contents,"Known: daily transit calls by broad vessel class. Unknown: vessel identity, direction, AIS-dark movements, and actual cargo onboard."
2025-10-06,64,29,16,15,2,2,35,1788244,3273300,96.71,55.43,85.0,63.5,IMF PortWatch Daily_Chokepoints_Data chokepoint6,high_for_chokepoint_calls_low_for_cargo_contents,"Known: daily transit calls by broad vessel class. Unknown: vessel identity, direction, AIS-dark movements, and actual cargo onboard."
2025-10-07,25,11,9,2,0,3,14,543901,852588,86.14,49,33.2,24.1,IMF PortWatch Daily_Chokepoints_Data chokepoint6,high_for_chokepoint_calls_low_for_cargo_contents,"Known: daily transit calls by broad vessel class. Unknown: vessel identity, direction, AIS-dark movements, and actual cargo onboard."
2025-10-08,53,25,12,9,3,4,28,1037540,1545525,81.57,45.43,70.4,54.7,IMF PortWatch Daily_Chokepoints_Data chokepoint6,high_for_chokepoint_calls_low_for_cargo_contents,"Known: daily transit calls by broad vessel class. Unknown: vessel identity, direction, AIS-dark movements, and actual cargo onboard."
2025-10-09,46,27,8,9,2,0,19,1205631,1742452,74.71,41.29,61.1,59.1,IMF PortWatch Daily_Chokepoints_Data chokepoint6,high_for_chokepoint_calls_low_for_cargo_contents,"Known: daily transit calls by broad vessel class. Unknown: vessel identity, direction, AIS-dark movements, and actual cargo onboard."
2025-10-10,59,26,13,11,7,2,33,974903,1778704,68.86,37.29,78.4,56.9,IMF PortWatch Daily_Chokepoints_Data chokepoint6,high_for_chokepoint_calls_low_for_cargo_contents,"Known: daily transit calls by broad vessel class. Unknown: vessel identity, direction, AIS-dark movements, and actual cargo onboard."
2025-10-11,42,24,9,4,3,2,18,902965,1298897,58.29,30.57,55.8,52.5,IMF PortWatch Daily_Chokepoints_Data chokepoint6,high_for_chokepoint_calls_low_for_cargo_contents,"Known: daily transit calls by broad vessel class. Unknown: vessel identity, direction, AIS-dark movements, and actual cargo onboard."
2025-10-12,55,23,10,12,8,2,32,890370,2037181,49.14,23.57,73.1,50.4,IMF PortWatch Daily_Chokepoints_Data chokepoint6,high_for_chokepoint_calls_low_for_cargo_contents,"Known: daily transit calls by broad vessel class. Unknown: vessel identity, direction, AIS-dark movements, and actual cargo onboard."
2025-10-13,70,37,10,12,7,4,33,1636984,2639433,50,24.71,93.0,81.0,IMF PortWatch Daily_Chokepoints_Data chokepoint6,high_for_chokepoint_calls_low_for_cargo_contents,"Known: daily transit calls by broad vessel class. Unknown: vessel identity, direction, AIS-dark movements, and actual cargo onboard."
2025-10-14,117,63,25,19,6,4,54,4567780,6268750,63.14,32.14,155.4,137.9,IMF PortWatch Daily_Chokepoints_Data chokepoint6,high_for_chokepoint_calls_low_for_cargo_contents,"Known: daily transit calls by broad vessel class. Unknown: vessel identity, direction, AIS-dark movements, and actual cargo onboard."
2025-10-15,43,29,8,5,1,0,14,1361753,1630106,61.71,32.71,57.1,63.5,IMF PortWatch Daily_Chokepoints_Data chokepoint6,high_for_chokepoint_calls_low_for_cargo_contents,"Known: daily transit calls by broad vessel class. Unknown: vessel identity, direction, AIS-dark movements, and actual cargo onboard."
2025-10-16,39,20,8,9,2,0,19,717025,1524674,60.71,31.71,51.8,43.8,IMF PortWatch Daily_Chokepoints_Data chokepoint6,high_for_chokepoint_calls_low_for_cargo_contents,"Known: daily transit calls by broad vessel class. Unknown: vessel identity, direction, AIS-dark movements, and actual cargo onboard."
2025-10-17,58,24,12,15,6,1,34,1208079,2289152,60.57,31.43,77.0,52.5,IMF PortWatch Daily_Chokepoints_Data chokepoint6,high_for_chokepoint_calls_low_for_cargo_contents,"Known: daily transit calls by broad vessel class. Unknown: vessel identity, direction, AIS-dark movements, and actual cargo onboard."
2025-10-18,69,41,12,9,5,2,28,1747594,2797815,64.43,33.86,91.7,89.8,IMF PortWatch Daily_Chokepoints_Data chokepoint6,high_for_chokepoint_calls_low_for_cargo_contents,"Known: daily transit calls by broad vessel class. Unknown: vessel identity, direction, AIS-dark movements, and actual cargo onboard."
2025-10-19,61,34,14,11,0,2,27,1618382,2760076,65.29,35.43,81.0,74.4,IMF PortWatch Daily_Chokepoints_Data chokepoint6,high_for_chokepoint_calls_low_for_cargo_contents,"Known: daily transit calls by broad vessel class. Unknown: vessel identity, direction, AIS-dark movements, and actual cargo onboard."
2025-10-20,60,33,7,11,3,6,27,1736887,2729916,63.86,34.86,79.7,72.2,IMF PortWatch Daily_Chokepoints_Data chokepoint6,high_for_chokepoint_calls_low_for_cargo_contents,"Known: daily transit calls by broad vessel class. Unknown: vessel identity, direction, AIS-dark movements, and actual cargo onboard."
2025-10-21,69,39,17,11,1,1,30,1493720,2240727,57,31.43,91.7,85.4,IMF PortWatch Daily_Chokepoints_Data chokepoint6,high_for_chokepoint_calls_low_for_cargo_contents,"Known: daily transit calls by broad vessel class. Unknown: vessel identity, direction, AIS-dark movements, and actual cargo onboard."
2025-10-22,76,47,10,9,4,6,29,2771785,3092419,61.71,34,101.0,102.9,IMF PortWatch Daily_Chokepoints_Data chokepoint6,high_for_chokepoint_calls_low_for_cargo_contents,"Known: daily transit calls by broad vessel class. Unknown: vessel identity, direction, AIS-dark movements, and actual cargo onboard."
2025-10-23,78,45,16,10,3,4,33,2278065,3038591,67.29,37.57,103.6,98.5,IMF PortWatch Daily_Chokepoints_Data chokepoint6,high_for_chokepoint_calls_low_for_cargo_contents,"Known: daily transit calls by broad vessel class. Unknown: vessel identity, direction, AIS-dark movements, and actual cargo onboard."
2025-10-24,102,62,16,19,3,2,40,2242037,3810703,73.57,43,135.5,135.7,IMF PortWatch Daily_Chokepoints_Data chokepoint6,high_for_chokepoint_calls_low_for_cargo_contents,"Known: daily transit calls by broad vessel class. Unknown: vessel identity, direction, AIS-dark movements, and actual cargo onboard."
2025-10-25,98,60,17,16,3,2,38,3609411,4861177,77.71,45.71,130.2,131.3,IMF PortWatch Daily_Chokepoints_Data chokepoint6,high_for_chokepoint_calls_low_for_cargo_contents,"Known: daily transit calls by broad vessel class. Unknown: vessel identity, direction, AIS-dark movements, and actual cargo onboard."
2025-10-26,73,39,17,11,5,1,34,2457845,3334992,79.43,46.43,97.0,85.4,IMF PortWatch Daily_Chokepoints_Data chokepoint6,high_for_chokepoint_calls_low_for_cargo_contents,"Known: daily transit calls by broad vessel class. Unknown: vessel identity, direction, AIS-dark movements, and actual cargo onboard."
2025-10-27,74,43,15,6,4,6,31,2342586,2896360,81.43,47.86,98.3,94.1,IMF PortWatch Daily_Chokepoints_Data chokepoint6,high_for_chokepoint_calls_low_for_cargo_contents,"Known: daily transit calls by broad vessel class. Unknown: vessel identity, direction, AIS-dark movements, and actual cargo onboard."
2025-10-28,99,50,27,18,2,2,49,1911293,3310033,85.71,49.43,131.5,109.5,IMF PortWatch Daily_Chokepoints_Data chokepoint6,high_for_chokepoint_calls_low_for_cargo_contents,"Known: daily transit calls by broad vessel class. Unknown: vessel identity, direction, AIS-dark movements, and actual cargo onboard."
2025-10-29,88,51,15,13,7,2,37,2384003,3216611,87.43,50,116.9,111.6,IMF PortWatch Daily_Chokepoints_Data chokepoint6,high_for_chokepoint_calls_low_for_cargo_contents,"Known: daily transit calls by broad vessel class. Unknown: vessel identity, direction, AIS-dark movements, and actual cargo onboard."
2025-10-30,78,39,12,14,6,7,39,1727619,2772545,87.43,49.14,103.6,85.4,IMF PortWatch Daily_Chokepoints_Data chokepoint6,high_for_chokepoint_calls_low_for_cargo_contents,"Known: daily transit calls by broad vessel class. Unknown: vessel identity, direction, AIS-dark movements, and actual cargo onboard."
2025-10-31,78,42,16,16,3,1,36,3436232,4365246,84,46.29,103.6,91.9,IMF PortWatch Daily_Chokepoints_Data chokepoint6,high_for_chokepoint_calls_low_for_cargo_contents,"Known: daily transit calls by broad vessel class. Unknown: vessel identity, direction, AIS-dark movements, and actual cargo onboard."
2025-11-01,72,47,12,10,2,1,25,1808993,2553874,80.29,44.43,95.6,102.9,IMF PortWatch Daily_Chokepoints_Data chokepoint6,high_for_chokepoint_calls_low_for_cargo_contents,"Known: daily transit calls by broad vessel class. Unknown: vessel identity, direction, AIS-dark movements, and actual cargo onboard."
2025-11-02,60,35,14,6,2,3,25,1878385,2549551,78.43,43.86,79.7,76.6,IMF PortWatch Daily_Chokepoints_Data chokepoint6,high_for_chokepoint_calls_low_for_cargo_contents,"Known: daily transit calls by broad vessel class. Unknown: vessel identity, direction, AIS-dark movements, and actual cargo onboard."
2025-11-03,25,12,3,7,3,0,13,380722,756662,71.43,39.43,33.2,26.3,IMF PortWatch Daily_Chokepoints_Data chokepoint6,high_for_chokepoint_calls_low_for_cargo_contents,"Known: daily transit calls by broad vessel class. Unknown: vessel identity, direction, AIS-dark movements, and actual cargo onboard."
2025-11-04,51,33,8,6,2,2,18,717230,1110479,64.57,37,67.7,72.2,IMF PortWatch Daily_Chokepoints_Data chokepoint6,high_for_chokepoint_calls_low_for_cargo_contents,"Known: daily transit calls by broad vessel class. Unknown: vessel identity, direction, AIS-dark movements, and actual cargo onboard."
2025-11-05,49,31,9,6,1,2,18,2423561,2783711,59,34.14,65.1,67.9,IMF PortWatch Daily_Chokepoints_Data chokepoint6,high_for_chokepoint_calls_low_for_cargo_contents,"Known: daily transit calls by broad vessel class. Unknown: vessel identity, direction, AIS-dark movements, and actual cargo onboard."
2025-11-06,66,37,11,12,5,1,29,1999860,2661082,57.29,33.86,87.7,81.0,IMF PortWatch Daily_Chokepoints_Data chokepoint6,high_for_chokepoint_calls_low_for_cargo_contents,"Known: daily transit calls by broad vessel class. Unknown: vessel identity, direction, AIS-dark movements, and actual cargo onboard."
2025-11-07,75,35,15,16,6,3,40,2020579,2933426,56.86,32.86,99.6,76.6,IMF PortWatch Daily_Chokepoints_Data chokepoint6,high_for_chokepoint_calls_low_for_cargo_contents,"Known: daily transit calls by broad vessel class. Unknown: vessel identity, direction, AIS-dark movements, and actual cargo onboard."
2025-11-08,106,62,16,22,2,4,44,3344733,4226279,61.71,35,140.8,135.7,IMF PortWatch Daily_Chokepoints_Data chokepoint6,high_for_chokepoint_calls_low_for_cargo_contents,"Known: daily transit calls by broad vessel class. Unknown: vessel identity, direction, AIS-dark movements, and actual cargo onboard."
2025-11-09,68,43,10,9,3,3,25,2531874,3161766,62.86,36.14,90.3,94.1,IMF PortWatch Daily_Chokepoints_Data chokepoint6,high_for_chokepoint_calls_low_for_cargo_contents,"Known: daily transit calls by broad vessel class. Unknown: vessel identity, direction, AIS-dark movements, and actual cargo onboard."
2025-11-10,65,41,9,12,1,2,24,2050581,3035303,68.57,40.29,86.3,89.8,IMF PortWatch Daily_Chokepoints_Data chokepoint6,high_for_chokepoint_calls_low_for_cargo_contents,"Known: daily transit calls by broad vessel class. Unknown: vessel identity, direction, AIS-dark movements, and actual cargo onboard."
2025-11-11,84,52,17,9,4,2,32,2159571,2817672,73.29,43,111.6,113.8,IMF PortWatch Daily_Chokepoints_Data chokepoint6,high_for_chokepoint_calls_low_for_cargo_contents,"Known: daily transit calls by broad vessel class. Unknown: vessel identity, direction, AIS-dark movements, and actual cargo onboard."
2025-11-12,54,29,11,9,3,2,25,1429636,1896857,74,42.71,71.7,63.5,IMF PortWatch Daily_Chokepoints_Data chokepoint6,high_for_chokepoint_calls_low_for_cargo_contents,"Known: daily transit calls by broad vessel class. Unknown: vessel identity, direction, AIS-dark movements, and actual cargo onboard."
2025-11-13,65,33,11,16,5,0,32,1529571,2583440,73.86,42.14,86.3,72.2,IMF PortWatch Daily_Chokepoints_Data chokepoint6,high_for_chokepoint_calls_low_for_cargo_contents,"Known: daily transit calls by broad vessel class. Unknown: vessel identity, direction, AIS-dark movements, and actual cargo onboard."
2025-11-14,66,38,8,9,4,7,28,2950191,3467778,72.57,42.57,87.7,83.2,IMF PortWatch Daily_Chokepoints_Data chokepoint6,high_for_chokepoint_calls_low_for_cargo_contents,"Known: daily transit calls by broad vessel class. Unknown: vessel identity, direction, AIS-dark movements, and actual cargo onboard."
2025-11-15,67,38,12,12,2,3,29,2322682,3268139,67,39.14,89.0,83.2,IMF PortWatch Daily_Chokepoints_Data chokepoint6,high_for_chokepoint_calls_low_for_cargo_contents,"Known: daily transit calls by broad vessel class. Unknown: vessel identity, direction, AIS-dark movements, and actual cargo onboard."
2025-11-16,47,22,10,10,4,1,25,962361,1787229,64,36.14,62.4,48.2,IMF PortWatch Daily_Chokepoints_Data chokepoint6,high_for_chokepoint_calls_low_for_cargo_contents,"Known: daily transit calls by broad vessel class. Unknown: vessel identity, direction, AIS-dark movements, and actual cargo onboard."
2025-11-17,45,26,8,7,3,1,19,1260059,1821560,61.14,34,59.8,56.9,IMF PortWatch Daily_Chokepoints_Data chokepoint6,high_for_chokepoint_calls_low_for_cargo_contents,"Known: daily transit calls by broad vessel class. Unknown: vessel identity, direction, AIS-dark movements, and actual cargo onboard."
2025-11-18,43,28,6,3,3,3,15,1436542,1821559,55.29,30.57,57.1,61.3,IMF PortWatch Daily_Chokepoints_Data chokepoint6,high_for_chokepoint_calls_low_for_cargo_contents,"Known: daily transit calls by broad vessel class. Unknown: vessel identity, direction, AIS-dark movements, and actual cargo onboard."
2025-11-19,64,38,9,12,1,4,26,1997768,2699564,56.71,31.86,85.0,83.2,IMF PortWatch Daily_Chokepoints_Data chokepoint6,high_for_chokepoint_calls_low_for_cargo_contents,"Known: daily transit calls by broad vessel class. Unknown: vessel identity, direction, AIS-dark movements, and actual cargo onboard."
2025-11-20,65,42,12,6,2,3,23,2064640,2793698,56.71,33.14,86.3,91.9,IMF PortWatch Daily_Chokepoints_Data chokepoint6,high_for_chokepoint_calls_low_for_cargo_contents,"Known: daily transit calls by broad vessel class. Unknown: vessel identity, direction, AIS-dark movements, and actual cargo onboard."
2025-11-21,46,31,7,7,1,0,15,1584138,2091681,53.86,32.14,61.1,67.9,IMF PortWatch Daily_Chokepoints_Data chokepoint6,high_for_chokepoint_calls_low_for_cargo_contents,"Known: daily transit calls by broad vessel class. Unknown: vessel identity, direction, AIS-dark movements, and actual cargo onboard."
2025-11-22,50,29,8,9,2,2,21,959162,1260753,51.43,30.86,66.4,63.5,IMF PortWatch Daily_Chokepoints_Data chokepoint6,high_for_chokepoint_calls_low_for_cargo_contents,"Known: daily transit calls by broad vessel class. Unknown: vessel identity, direction, AIS-dark movements, and actual cargo onboard."
2025-11-23,58,27,12,10,5,4,31,776010,1354677,53,31.57,77.0,59.1,IMF PortWatch Daily_Chokepoints_Data chokepoint6,high_for_chokepoint_calls_low_for_cargo_contents,"Known: daily transit calls by broad vessel class. Unknown: vessel identity, direction, AIS-dark movements, and actual cargo onboard."
2025-11-24,45,22,11,7,2,3,23,939319,1638191,53,31,59.8,48.2,IMF PortWatch Daily_Chokepoints_Data chokepoint6,high_for_chokepoint_calls_low_for_cargo_contents,"Known: daily transit calls by broad vessel class. Unknown: vessel identity, direction, AIS-dark movements, and actual cargo onboard."
2025-11-25,64,35,11,12,3,3,29,1559728,2309248,56,32,85.0,76.6,IMF PortWatch Daily_Chokepoints_Data chokepoint6,high_for_chokepoint_calls_low_for_cargo_contents,"Known: daily transit calls by broad vessel class. Unknown: vessel identity, direction, AIS-dark movements, and actual cargo onboard."
2025-11-26,48,30,5,5,5,3,18,1171516,1606120,53.71,30.86,63.8,65.7,IMF PortWatch Daily_Chokepoints_Data chokepoint6,high_for_chokepoint_calls_low_for_cargo_contents,"Known: daily transit calls by broad vessel class. Unknown: vessel identity, direction, AIS-dark movements, and actual cargo onboard."
2025-11-27,48,29,7,9,3,0,19,2042975,2611752,51.29,29,63.8,63.5,IMF PortWatch Daily_Chokepoints_Data chokepoint6,high_for_chokepoint_calls_low_for_cargo_contents,"Known: daily transit calls by broad vessel class. Unknown: vessel identity, direction, AIS-dark movements, and actual cargo onboard."
2025-11-28,50,26,6,14,2,2,24,1185354,1826655,51.86,28.29,66.4,56.9,IMF PortWatch Daily_Chokepoints_Data chokepoint6,high_for_chokepoint_calls_low_for_cargo_contents,"Known: daily transit calls by broad vessel class. Unknown: vessel identity, direction, AIS-dark movements, and actual cargo onboard."
2025-11-29,40,21,12,4,2,1,19,770032,1135854,50.43,27.14,53.1,46.0,IMF PortWatch Daily_Chokepoints_Data chokepoint6,high_for_chokepoint_calls_low_for_cargo_contents,"Known: daily transit calls by broad vessel class. Unknown: vessel identity, direction, AIS-dark movements, and actual cargo onboard."
2025-11-30,53,32,7,7,6,1,21,2468868,2876790,49.71,27.86,70.4,70.1,IMF PortWatch Daily_Chokepoints_Data chokepoint6,high_for_chokepoint_calls_low_for_cargo_contents,"Known: daily transit calls by broad vessel class. Unknown: vessel identity, direction, AIS-dark movements, and actual cargo onboard."
2025-12-01,64,35,6,14,9,0,29,3025778,3941666,52.43,29.71,85.0,76.6,IMF PortWatch Daily_Chokepoints_Data chokepoint6,high_for_chokepoint_calls_low_for_cargo_contents,"Known: daily transit calls by broad vessel class. Unknown: vessel identity, direction, AIS-dark movements, and actual cargo onboard."
2025-12-02,56,28,12,12,3,1,28,1231411,1929786,51.29,28.71,74.4,61.3,IMF PortWatch Daily_Chokepoints_Data chokepoint6,high_for_chokepoint_calls_low_for_cargo_contents,"Known: daily transit calls by broad vessel class. Unknown: vessel identity, direction, AIS-dark movements, and actual cargo onboard."
2025-12-03,49,25,11,8,1,4,24,1512845,2418462,51.43,28,65.1,54.7,IMF PortWatch Daily_Chokepoints_Data chokepoint6,high_for_chokepoint_calls_low_for_cargo_contents,"Known: daily transit calls by broad vessel class. Unknown: vessel identity, direction, AIS-dark movements, and actual cargo onboard."
2025-12-04,43,30,8,4,1,0,13,1715620,2395955,50.71,28.14,57.1,65.7,IMF PortWatch Daily_Chokepoints_Data chokepoint6,high_for_chokepoint_calls_low_for_cargo_contents,"Known: daily transit calls by broad vessel class. Unknown: vessel identity, direction, AIS-dark movements, and actual cargo onboard."
2025-12-05,43,26,2,13,2,0,17,1204017,1585789,49.71,28.14,57.1,56.9,IMF PortWatch Daily_Chokepoints_Data chokepoint6,high_for_chokepoint_calls_low_for_cargo_contents,"Known: daily transit calls by broad vessel class. Unknown: vessel identity, direction, AIS-dark movements, and actual cargo onboard."
2025-12-06,66,38,11,13,1,3,28,1323388,2017076,53.43,30.57,87.7,83.2,IMF PortWatch Daily_Chokepoints_Data chokepoint6,high_for_chokepoint_calls_low_for_cargo_contents,"Known: daily transit calls by broad vessel class. Unknown: vessel identity, direction, AIS-dark movements, and actual cargo onboard."
2025-12-07,44,28,7,6,2,1,16,1320197,1794672,52.14,30,58.4,61.3,IMF PortWatch Daily_Chokepoints_Data chokepoint6,high_for_chokepoint_calls_low_for_cargo_contents,"Known: daily transit calls by broad vessel class. Unknown: vessel identity, direction, AIS-dark movements, and actual cargo onboard."
2025-12-08,56,25,10,14,2,5,31,1134668,2186144,51,28.57,74.4,54.7,IMF PortWatch Daily_Chokepoints_Data chokepoint6,high_for_chokepoint_calls_low_for_cargo_contents,"Known: daily transit calls by broad vessel class. Unknown: vessel identity, direction, AIS-dark movements, and actual cargo onboard."
2025-12-09,82,46,12,16,6,2,36,1806733,2792137,54.71,31.14,108.9,100.7,IMF PortWatch Daily_Chokepoints_Data chokepoint6,high_for_chokepoint_calls_low_for_cargo_contents,"Known: daily transit calls by broad vessel class. Unknown: vessel identity, direction, AIS-dark movements, and actual cargo onboard."
2025-12-10,50,30,5,9,6,0,20,1003135,1823881,54.86,31.86,66.4,65.7,IMF PortWatch Daily_Chokepoints_Data chokepoint6,high_for_chokepoint_calls_low_for_cargo_contents,"Known: daily transit calls by broad vessel class. Unknown: vessel identity, direction, AIS-dark movements, and actual cargo onboard."
2025-12-11,50,30,7,7,4,2,20,1964902,2291678,55.86,31.86,66.4,65.7,IMF PortWatch Daily_Chokepoints_Data chokepoint6,high_for_chokepoint_calls_low_for_cargo_contents,"Known: daily transit calls by broad vessel class. Unknown: vessel identity, direction, AIS-dark movements, and actual cargo onboard."
2025-12-12,40,22,6,8,3,1,18,1184935,1514338,55.43,31.29,53.1,48.2,IMF PortWatch Daily_Chokepoints_Data chokepoint6,high_for_chokepoint_calls_low_for_cargo_contents,"Known: daily transit calls by broad vessel class. Unknown: vessel identity, direction, AIS-dark movements, and actual cargo onboard."
2025-12-13,45,26,9,4,4,2,19,1256662,1755425,52.43,29.57,59.8,56.9,IMF PortWatch Daily_Chokepoints_Data chokepoint6,high_for_chokepoint_calls_low_for_cargo_contents,"Known: daily transit calls by broad vessel class. Unknown: vessel identity, direction, AIS-dark movements, and actual cargo onboard."
2025-12-14,48,36,6,4,2,0,12,2455638,2760730,53,30.71,63.8,78.8,IMF PortWatch Daily_Chokepoints_Data chokepoint6,high_for_chokepoint_calls_low_for_cargo_contents,"Known: daily transit calls by broad vessel class. Unknown: vessel identity, direction, AIS-dark movements, and actual cargo onboard."
2025-12-15,46,18,13,9,3,3,28,1304890,2130558,51.57,29.71,61.1,39.4,IMF PortWatch Daily_Chokepoints_Data chokepoint6,high_for_chokepoint_calls_low_for_cargo_contents,"Known: daily transit calls by broad vessel class. Unknown: vessel identity, direction, AIS-dark movements, and actual cargo onboard."
2025-12-16,53,31,10,9,2,1,22,1891843,2752548,47.43,27.57,70.4,67.9,IMF PortWatch Daily_Chokepoints_Data chokepoint6,high_for_chokepoint_calls_low_for_cargo_contents,"Known: daily transit calls by broad vessel class. Unknown: vessel identity, direction, AIS-dark movements, and actual cargo onboard."
2025-12-17,35,26,2,4,2,1,9,860045,1119178,45.29,27,46.5,56.9,IMF PortWatch Daily_Chokepoints_Data chokepoint6,high_for_chokepoint_calls_low_for_cargo_contents,"Known: daily transit calls by broad vessel class. Unknown: vessel identity, direction, AIS-dark movements, and actual cargo onboard."
2025-12-18,55,33,10,8,3,1,22,1963432,2640513,46,27.43,73.1,72.2,IMF PortWatch Daily_Chokepoints_Data chokepoint6,high_for_chokepoint_calls_low_for_cargo_contents,"Known: daily transit calls by broad vessel class. Unknown: vessel identity, direction, AIS-dark movements, and actual cargo onboard."
2025-12-19,30,17,8,4,1,0,13,828897,1341392,44.57,26.71,39.9,37.2,IMF PortWatch Daily_Chokepoints_Data chokepoint6,high_for_chokepoint_calls_low_for_cargo_contents,"Known: daily transit calls by broad vessel class. Unknown: vessel identity, direction, AIS-dark movements, and actual cargo onboard."
2025-12-20,47,19,10,12,4,2,28,1140189,2035306,44.86,25.71,62.4,41.6,IMF PortWatch Daily_Chokepoints_Data chokepoint6,high_for_chokepoint_calls_low_for_cargo_contents,"Known: daily transit calls by broad vessel class. Unknown: vessel identity, direction, AIS-dark movements, and actual cargo onboard."
2025-12-21,53,28,13,11,0,1,25,719285,1857869,45.57,24.57,70.4,61.3,IMF PortWatch Daily_Chokepoints_Data chokepoint6,high_for_chokepoint_calls_low_for_cargo_contents,"Known: daily transit calls by broad vessel class. Unknown: vessel identity, direction, AIS-dark movements, and actual cargo onboard."
2025-12-22,44,26,4,8,5,1,18,858100,1341160,45.29,25.71,58.4,56.9,IMF PortWatch Daily_Chokepoints_Data chokepoint6,high_for_chokepoint_calls_low_for_cargo_contents,"Known: daily transit calls by broad vessel class. Unknown: vessel identity, direction, AIS-dark movements, and actual cargo onboard."
2025-12-23,22,9,6,5,0,2,13,972045,1389657,40.86,22.57,29.2,19.7,IMF PortWatch Daily_Chokepoints_Data chokepoint6,high_for_chokepoint_calls_low_for_cargo_contents,"Known: daily transit calls by broad vessel class. Unknown: vessel identity, direction, AIS-dark movements, and actual cargo onboard."
2025-12-24,63,29,12,16,5,1,34,929216,2117952,44.86,23,83.7,63.5,IMF PortWatch Daily_Chokepoints_Data chokepoint6,high_for_chokepoint_calls_low_for_cargo_contents,"Known: daily transit calls by broad vessel class. Unknown: vessel identity, direction, AIS-dark movements, and actual cargo onboard."
2025-12-25,53,23,6,16,4,4,30,868039,1909636,44.57,21.57,70.4,50.4,IMF PortWatch Daily_Chokepoints_Data chokepoint6,high_for_chokepoint_calls_low_for_cargo_contents,"Known: daily transit calls by broad vessel class. Unknown: vessel identity, direction, AIS-dark movements, and actual cargo onboard."
2025-12-26,56,32,10,9,5,0,24,2486445,3095567,48.29,23.71,74.4,70.1,IMF PortWatch Daily_Chokepoints_Data chokepoint6,high_for_chokepoint_calls_low_for_cargo_contents,"Known: daily transit calls by broad vessel class. Unknown: vessel identity, direction, AIS-dark movements, and actual cargo onboard."
2025-12-27,64,39,9,9,5,2,25,1867382,2601064,50.71,26.57,85.0,85.4,IMF PortWatch Daily_Chokepoints_Data chokepoint6,high_for_chokepoint_calls_low_for_cargo_contents,"Known: daily transit calls by broad vessel class. Unknown: vessel identity, direction, AIS-dark movements, and actual cargo onboard."
2025-12-28,38,18,2,12,5,1,20,1270196,1600332,48.57,25.14,50.5,39.4,IMF PortWatch Daily_Chokepoints_Data chokepoint6,high_for_chokepoint_calls_low_for_cargo_contents,"Known: daily transit calls by broad vessel class. Unknown: vessel identity, direction, AIS-dark movements, and actual cargo onboard."
2025-12-29,49,25,13,4,4,3,24,643850,1462025,49.29,25,65.1,54.7,IMF PortWatch Daily_Chokepoints_Data chokepoint6,high_for_chokepoint_calls_low_for_cargo_contents,"Known: daily transit calls by broad vessel class. Unknown: vessel identity, direction, AIS-dark movements, and actual cargo onboard."
2025-12-30,64,34,10,10,7,3,30,1680707,2531272,55.29,28.57,85.0,74.4,IMF PortWatch Daily_Chokepoints_Data chokepoint6,high_for_chokepoint_calls_low_for_cargo_contents,"Known: daily transit calls by broad vessel class. Unknown: vessel identity, direction, AIS-dark movements, and actual cargo onboard."
2025-12-31,67,44,10,7,2,4,23,1449369,1748249,55.86,30.71,89.0,96.3,IMF PortWatch Daily_Chokepoints_Data chokepoint6,high_for_chokepoint_calls_low_for_cargo_contents,"Known: daily transit calls by broad vessel class. Unknown: vessel identity, direction, AIS-dark movements, and actual cargo onboard."
2026-01-01,64,29,20,7,4,4,35,1713442,2664408,57.43,31.57,85.0,63.5,IMF PortWatch Daily_Chokepoints_Data chokepoint6,high_for_chokepoint_calls_low_for_cargo_contents,"Known: daily transit calls by broad vessel class. Unknown: vessel identity, direction, AIS-dark movements, and actual cargo onboard."
2026-01-02,47,20,7,16,3,1,27,1102080,2003345,56.14,29.86,62.4,43.8,IMF PortWatch Daily_Chokepoints_Data chokepoint6,high_for_chokepoint_calls_low_for_cargo_contents,"Known: daily transit calls by broad vessel class. Unknown: vessel identity, direction, AIS-dark movements, and actual cargo onboard."
2026-01-03,45,25,12,4,2,2,20,935308,1967198,53.43,27.86,59.8,54.7,IMF PortWatch Daily_Chokepoints_Data chokepoint6,high_for_chokepoint_calls_low_for_cargo_contents,"Known: daily transit calls by broad vessel class. Unknown: vessel identity, direction, AIS-dark movements, and actual cargo onboard."
2026-01-04,46,23,8,11,1,3,23,1107801,2124349,54.57,28.57,61.1,50.4,IMF PortWatch Daily_Chokepoints_Data chokepoint6,high_for_chokepoint_calls_low_for_cargo_contents,"Known: daily transit calls by broad vessel class. Unknown: vessel identity, direction, AIS-dark movements, and actual cargo onboard."
2026-01-05,61,30,12,12,6,1,31,1948403,2711045,56.29,29.29,81.0,65.7,IMF PortWatch Daily_Chokepoints_Data chokepoint6,high_for_chokepoint_calls_low_for_cargo_contents,"Known: daily transit calls by broad vessel class. Unknown: vessel identity, direction, AIS-dark movements, and actual cargo onboard."
2026-01-06,59,30,14,5,7,3,29,375419,1019652,55.57,28.71,78.4,65.7,IMF PortWatch Daily_Chokepoints_Data chokepoint6,high_for_chokepoint_calls_low_for_cargo_contents,"Known: daily transit calls by broad vessel class. Unknown: vessel identity, direction, AIS-dark movements, and actual cargo onboard."
2026-01-07,63,37,11,10,2,3,26,1536799,2122045,55,27.71,83.7,81.0,IMF PortWatch Daily_Chokepoints_Data chokepoint6,high_for_chokepoint_calls_low_for_cargo_contents,"Known: daily transit calls by broad vessel class. Unknown: vessel identity, direction, AIS-dark movements, and actual cargo onboard."
2026-01-08,61,37,8,12,2,2,24,2085390,3008400,54.57,28.86,81.0,81.0,IMF PortWatch Daily_Chokepoints_Data chokepoint6,high_for_chokepoint_calls_low_for_cargo_contents,"Known: daily transit calls by broad vessel class. Unknown: vessel identity, direction, AIS-dark movements, and actual cargo onboard."
2026-01-09,73,40,9,14,6,4,33,2991391,3727608,58.29,31.71,97.0,87.6,IMF PortWatch Daily_Chokepoints_Data chokepoint6,high_for_chokepoint_calls_low_for_cargo_contents,"Known: daily transit calls by broad vessel class. Unknown: vessel identity, direction, AIS-dark movements, and actual cargo onboard."
2026-01-10,62,33,10,10,5,4,29,1184808,1777076,60.71,32.86,82.4,72.2,IMF PortWatch Daily_Chokepoints_Data chokepoint6,high_for_chokepoint_calls_low_for_cargo_contents,"Known: daily transit calls by broad vessel class. Unknown: vessel identity, direction, AIS-dark movements, and actual cargo onboard."
2026-01-11,62,31,15,11,1,4,31,1935469,2698117,63,34,82.4,67.9,IMF PortWatch Daily_Chokepoints_Data chokepoint6,high_for_chokepoint_calls_low_for_cargo_contents,"Known: daily transit calls by broad vessel class. Unknown: vessel identity, direction, AIS-dark movements, and actual cargo onboard."
2026-01-12,51,33,8,4,2,4,18,1659754,2024940,61.57,34.43,67.7,72.2,IMF PortWatch Daily_Chokepoints_Data chokepoint6,high_for_chokepoint_calls_low_for_cargo_contents,"Known: daily transit calls by broad vessel class. Unknown: vessel identity, direction, AIS-dark movements, and actual cargo onboard."
2026-01-13,51,24,12,10,3,2,27,641841,1329359,60.43,33.57,67.7,52.5,IMF PortWatch Daily_Chokepoints_Data chokepoint6,high_for_chokepoint_calls_low_for_cargo_contents,"Known: daily transit calls by broad vessel class. Unknown: vessel identity, direction, AIS-dark movements, and actual cargo onboard."
2026-01-14,60,34,4,14,6,2,26,1260279,1828588,60,33.14,79.7,74.4,IMF PortWatch Daily_Chokepoints_Data chokepoint6,high_for_chokepoint_calls_low_for_cargo_contents,"Known: daily transit calls by broad vessel class. Unknown: vessel identity, direction, AIS-dark movements, and actual cargo onboard."
2026-01-15,62,35,14,9,3,1,27,1845107,2717989,60.14,32.86,82.4,76.6,IMF PortWatch Daily_Chokepoints_Data chokepoint6,high_for_chokepoint_calls_low_for_cargo_contents,"Known: daily transit calls by broad vessel class. Unknown: vessel identity, direction, AIS-dark movements, and actual cargo onboard."
2026-01-16,50,28,6,9,2,5,22,1061684,1798686,56.86,31.14,66.4,61.3,IMF PortWatch Daily_Chokepoints_Data chokepoint6,high_for_chokepoint_calls_low_for_cargo_contents,"Known: daily transit calls by broad vessel class. Unknown: vessel identity, direction, AIS-dark movements, and actual cargo onboard."
2026-01-17,38,23,5,8,2,0,15,901828,1445923,53.43,29.71,50.5,50.4,IMF PortWatch Daily_Chokepoints_Data chokepoint6,high_for_chokepoint_calls_low_for_cargo_contents,"Known: daily transit calls by broad vessel class. Unknown: vessel identity, direction, AIS-dark movements, and actual cargo onboard."
2026-01-18,53,20,12,10,8,3,33,1302150,2184798,52.14,28.14,70.4,43.8,IMF PortWatch Daily_Chokepoints_Data chokepoint6,high_for_chokepoint_calls_low_for_cargo_contents,"Known: daily transit calls by broad vessel class. Unknown: vessel identity, direction, AIS-dark movements, and actual cargo onboard."
2026-01-19,58,29,9,11,7,2,29,924715,2329720,53.14,27.57,77.0,63.5,IMF PortWatch Daily_Chokepoints_Data chokepoint6,high_for_chokepoint_calls_low_for_cargo_contents,"Known: daily transit calls by broad vessel class. Unknown: vessel identity, direction, AIS-dark movements, and actual cargo onboard."
2026-01-20,55,31,8,11,1,4,24,1253055,2084853,53.71,28.57,73.1,67.9,IMF PortWatch Daily_Chokepoints_Data chokepoint6,high_for_chokepoint_calls_low_for_cargo_contents,"Known: daily transit calls by broad vessel class. Unknown: vessel identity, direction, AIS-dark movements, and actual cargo onboard."
2026-01-21,53,27,15,7,2,2,26,2051286,2817276,52.71,27.57,70.4,59.1,IMF PortWatch Daily_Chokepoints_Data chokepoint6,high_for_chokepoint_calls_low_for_cargo_contents,"Known: daily transit calls by broad vessel class. Unknown: vessel identity, direction, AIS-dark movements, and actual cargo onboard."
2026-01-22,62,36,5,15,2,4,26,1411533,2283905,52.71,27.71,82.4,78.8,IMF PortWatch Daily_Chokepoints_Data chokepoint6,high_for_chokepoint_calls_low_for_cargo_contents,"Known: daily transit calls by broad vessel class. Unknown: vessel identity, direction, AIS-dark movements, and actual cargo onboard."
2026-01-23,47,24,9,6,8,0,23,1230089,1816685,52.29,27.14,62.4,52.5,IMF PortWatch Daily_Chokepoints_Data chokepoint6,high_for_chokepoint_calls_low_for_cargo_contents,"Known: daily transit calls by broad vessel class. Unknown: vessel identity, direction, AIS-dark movements, and actual cargo onboard."
2026-01-24,44,21,9,10,2,2,23,878943,1371103,53.14,26.86,58.4,46.0,IMF PortWatch Daily_Chokepoints_Data chokepoint6,high_for_chokepoint_calls_low_for_cargo_contents,"Known: daily transit calls by broad vessel class. Unknown: vessel identity, direction, AIS-dark movements, and actual cargo onboard."
2026-01-25,62,41,9,7,2,3,21,2629818,3131426,54.43,29.86,82.4,89.8,IMF PortWatch Daily_Chokepoints_Data chokepoint6,high_for_chokepoint_calls_low_for_cargo_contents,"Known: daily transit calls by broad vessel class. Unknown: vessel identity, direction, AIS-dark movements, and actual cargo onboard."
2026-01-26,41,19,6,7,6,3,22,1238981,1789952,52,28.43,54.5,41.6,IMF PortWatch Daily_Chokepoints_Data chokepoint6,high_for_chokepoint_calls_low_for_cargo_contents,"Known: daily transit calls by broad vessel class. Unknown: vessel identity, direction, AIS-dark movements, and actual cargo onboard."
2026-01-27,58,28,19,5,4,2,30,1253238,1723064,52.43,28,77.0,61.3,IMF PortWatch Daily_Chokepoints_Data chokepoint6,high_for_chokepoint_calls_low_for_cargo_contents,"Known: daily transit calls by broad vessel class. Unknown: vessel identity, direction, AIS-dark movements, and actual cargo onboard."
2026-01-28,51,28,7,9,5,2,23,1214507,1713078,52.14,28.14,67.7,61.3,IMF PortWatch Daily_Chokepoints_Data chokepoint6,high_for_chokepoint_calls_low_for_cargo_contents,"Known: daily transit calls by broad vessel class. Unknown: vessel identity, direction, AIS-dark movements, and actual cargo onboard."
2026-01-29,69,39,13,10,5,2,30,1590761,2314406,53.14,28.57,91.7,85.4,IMF PortWatch Daily_Chokepoints_Data chokepoint6,high_for_chokepoint_calls_low_for_cargo_contents,"Known: daily transit calls by broad vessel class. Unknown: vessel identity, direction, AIS-dark movements, and actual cargo onboard."
2026-01-30,68,37,13,10,4,4,31,1644140,2470899,56.14,30.43,90.3,81.0,IMF PortWatch Daily_Chokepoints_Data chokepoint6,high_for_chokepoint_calls_low_for_cargo_contents,"Known: daily transit calls by broad vessel class. Unknown: vessel identity, direction, AIS-dark movements, and actual cargo onboard."
2026-01-31,70,40,9,13,7,1,30,1652157,3011406,59.86,33.14,93.0,87.6,IMF PortWatch Daily_Chokepoints_Data chokepoint6,high_for_chokepoint_calls_low_for_cargo_contents,"Known: daily transit calls by broad vessel class. Unknown: vessel identity, direction, AIS-dark movements, and actual cargo onboard."
2026-02-01,48,19,10,10,4,5,29,1035130,1646216,57.86,30,63.8,41.6,IMF PortWatch Daily_Chokepoints_Data chokepoint6,high_for_chokepoint_calls_low_for_cargo_contents,"Known: daily transit calls by broad vessel class. Unknown: vessel identity, direction, AIS-dark movements, and actual cargo onboard."
2026-02-02,67,41,11,6,6,3,26,2714863,3449459,61.57,33.14,89.0,89.8,IMF PortWatch Daily_Chokepoints_Data chokepoint6,high_for_chokepoint_calls_low_for_cargo_contents,"Known: daily transit calls by broad vessel class. Unknown: vessel identity, direction, AIS-dark movements, and actual cargo onboard."
2026-02-03,60,32,10,10,8,0,28,1211012,1999587,61.86,33.71,79.7,70.1,IMF PortWatch Daily_Chokepoints_Data chokepoint6,high_for_chokepoint_calls_low_for_cargo_contents,"Known: daily transit calls by broad vessel class. Unknown: vessel identity, direction, AIS-dark movements, and actual cargo onboard."
2026-02-04,41,19,9,6,6,1,22,983924,1471364,60.43,32.43,54.5,41.6,IMF PortWatch Daily_Chokepoints_Data chokepoint6,high_for_chokepoint_calls_low_for_cargo_contents,"Known: daily transit calls by broad vessel class. Unknown: vessel identity, direction, AIS-dark movements, and actual cargo onboard."
2026-02-05,66,36,12,12,4,2,30,1814047,2594792,60,32,87.7,78.8,IMF PortWatch Daily_Chokepoints_Data chokepoint6,high_for_chokepoint_calls_low_for_cargo_contents,"Known: daily transit calls by broad vessel class. Unknown: vessel identity, direction, AIS-dark movements, and actual cargo onboard."
2026-02-06,57,33,6,13,2,3,24,1050896,1694325,58.43,31.43,75.7,72.2,IMF PortWatch Daily_Chokepoints_Data chokepoint6,high_for_chokepoint_calls_low_for_cargo_contents,"Known: daily transit calls by broad vessel class. Unknown: vessel identity, direction, AIS-dark movements, and actual cargo onboard."
2026-02-07,58,38,6,12,1,1,20,2323504,2748142,56.71,31.14,77.0,83.2,IMF PortWatch Daily_Chokepoints_Data chokepoint6,high_for_chokepoint_calls_low_for_cargo_contents,"Known: daily transit calls by broad vessel class. Unknown: vessel identity, direction, AIS-dark movements, and actual cargo onboard."
2026-02-08,57,31,11,8,6,1,26,1061581,1600469,58,32.86,75.7,67.9,IMF PortWatch Daily_Chokepoints_Data chokepoint6,high_for_chokepoint_calls_low_for_cargo_contents,"Known: daily transit calls by broad vessel class. Unknown: vessel identity, direction, AIS-dark movements, and actual cargo onboard."
2026-02-09,52,33,3,12,1,3,19,999250,1763162,55.86,31.71,69.1,72.2,IMF PortWatch Daily_Chokepoints_Data chokepoint6,high_for_chokepoint_calls_low_for_cargo_contents,"Known: daily transit calls by broad vessel class. Unknown: vessel identity, direction, AIS-dark movements, and actual cargo onboard."
2026-02-10,60,38,10,8,2,2,22,2479703,3290551,55.86,32.57,79.7,83.2,IMF PortWatch Daily_Chokepoints_Data chokepoint6,high_for_chokepoint_calls_low_for_cargo_contents,"Known: daily transit calls by broad vessel class. Unknown: vessel identity, direction, AIS-dark movements, and actual cargo onboard."
2026-02-11,76,47,10,13,4,2,29,1441505,2025046,60.86,36.57,101.0,102.9,IMF PortWatch Daily_Chokepoints_Data chokepoint6,high_for_chokepoint_calls_low_for_cargo_contents,"Known: daily transit calls by broad vessel class. Unknown: vessel identity, direction, AIS-dark movements, and actual cargo onboard."
2026-02-12,61,31,9,12,7,2,30,1615866,2341852,60.14,35.86,81.0,67.9,IMF PortWatch Daily_Chokepoints_Data chokepoint6,high_for_chokepoint_calls_low_for_cargo_contents,"Known: daily transit calls by broad vessel class. Unknown: vessel identity, direction, AIS-dark movements, and actual cargo onboard."
2026-02-13,97,51,19,18,4,5,46,2392334,3697759,65.86,38.43,128.8,111.6,IMF PortWatch Daily_Chokepoints_Data chokepoint6,high_for_chokepoint_calls_low_for_cargo_contents,"Known: daily transit calls by broad vessel class. Unknown: vessel identity, direction, AIS-dark movements, and actual cargo onboard."
2026-02-14,91,53,17,16,4,1,38,2559173,3605080,70.57,40.57,120.9,116.0,IMF PortWatch Daily_Chokepoints_Data chokepoint6,high_for_chokepoint_calls_low_for_cargo_contents,"Known: daily transit calls by broad vessel class. Unknown: vessel identity, direction, AIS-dark movements, and actual cargo onboard."
2026-02-15,72,40,9,17,4,2,32,1157354,2328634,72.71,41.86,95.6,87.6,IMF PortWatch Daily_Chokepoints_Data chokepoint6,high_for_chokepoint_calls_low_for_cargo_contents,"Known: daily transit calls by broad vessel class. Unknown: vessel identity, direction, AIS-dark movements, and actual cargo onboard."
2026-02-16,41,27,6,3,4,1,14,1381731,1650792,71.14,41,54.5,59.1,IMF PortWatch Daily_Chokepoints_Data chokepoint6,high_for_chokepoint_calls_low_for_cargo_contents,"Known: daily transit calls by broad vessel class. Unknown: vessel identity, direction, AIS-dark movements, and actual cargo onboard."
2026-02-17,70,37,14,11,4,4,33,1902017,2900635,72.57,40.86,93.0,81.0,IMF PortWatch Daily_Chokepoints_Data chokepoint6,high_for_chokepoint_calls_low_for_cargo_contents,"Known: daily transit calls by broad vessel class. Unknown: vessel identity, direction, AIS-dark movements, and actual cargo onboard."
2026-02-18,72,36,13,14,5,4,36,1799200,2744688,72,39.29,95.6,78.8,IMF PortWatch Daily_Chokepoints_Data chokepoint6,high_for_chokepoint_calls_low_for_cargo_contents,"Known: daily transit calls by broad vessel class. Unknown: vessel identity, direction, AIS-dark movements, and actual cargo onboard."
2026-02-19,88,48,18,17,3,2,40,2755888,4151497,75.86,41.71,116.9,105.1,IMF PortWatch Daily_Chokepoints_Data chokepoint6,high_for_chokepoint_calls_low_for_cargo_contents,"Known: daily transit calls by broad vessel class. Unknown: vessel identity, direction, AIS-dark movements, and actual cargo onboard."
2026-02-20,88,53,17,11,5,2,35,2903719,3869147,74.57,42,116.9,116.0,IMF PortWatch Daily_Chokepoints_Data chokepoint6,high_for_chokepoint_calls_low_for_cargo_contents,"Known: daily transit calls by broad vessel class. Unknown: vessel identity, direction, AIS-dark movements, and actual cargo onboard."
2026-02-21,79,50,8,17,2,2,29,1816744,2431386,72.86,41.57,104.9,109.5,IMF PortWatch Daily_Chokepoints_Data chokepoint6,high_for_chokepoint_calls_low_for_cargo_contents,"Known: daily transit calls by broad vessel class. Unknown: vessel identity, direction, AIS-dark movements, and actual cargo onboard."
2026-02-22,125,68,31,19,4,3,57,3572104,5235136,80.43,45.57,166.0,148.9,IMF PortWatch Daily_Chokepoints_Data chokepoint6,high_for_chokepoint_calls_low_for_cargo_contents,"Known: daily transit calls by broad vessel class. Unknown: vessel identity, direction, AIS-dark movements, and actual cargo onboard."
2026-02-23,88,58,7,12,5,6,30,1893516,2451468,87.14,50,116.9,127.0,IMF PortWatch Daily_Chokepoints_Data chokepoint6,high_for_chokepoint_calls_low_for_cargo_contents,"Known: daily transit calls by broad vessel class. Unknown: vessel identity, direction, AIS-dark movements, and actual cargo onboard."
2026-02-24,42,20,8,9,1,4,22,1418323,2092252,83.14,47.57,55.8,43.8,IMF PortWatch Daily_Chokepoints_Data chokepoint6,high_for_chokepoint_calls_low_for_cargo_contents,"Known: daily transit calls by broad vessel class. Unknown: vessel identity, direction, AIS-dark movements, and actual cargo onboard."
2026-02-25,112,57,30,16,6,3,55,4168541,5545881,88.86,50.57,148.8,124.8,IMF PortWatch Daily_Chokepoints_Data chokepoint6,high_for_chokepoint_calls_low_for_cargo_contents,"Known: daily transit calls by broad vessel class. Unknown: vessel identity, direction, AIS-dark movements, and actual cargo onboard."
2026-02-26,86,44,15,12,12,3,42,909158,1823647,88.57,50,114.2,96.3,IMF PortWatch Daily_Chokepoints_Data chokepoint6,high_for_chokepoint_calls_low_for_cargo_contents,"Known: daily transit calls by broad vessel class. Unknown: vessel identity, direction, AIS-dark movements, and actual cargo onboard."
2026-02-27,53,30,5,12,5,1,23,581713,1207186,83.57,46.71,70.4,65.7,IMF PortWatch Daily_Chokepoints_Data chokepoint6,high_for_chokepoint_calls_low_for_cargo_contents,"Known: daily transit calls by broad vessel class. Unknown: vessel identity, direction, AIS-dark movements, and actual cargo onboard."
2026-02-28,51,33,5,10,2,1,18,2539454,2839159,79.57,44.29,67.7,72.2,IMF PortWatch Daily_Chokepoints_Data chokepoint6,high_for_chokepoint_calls_low_for_cargo_contents,"Known: daily transit calls by broad vessel class. Unknown: vessel identity, direction, AIS-dark movements, and actual cargo onboard."
2026-03-01,18,5,3,7,3,0,13,153007,494931,64.29,35.29,23.9,10.9,IMF PortWatch Daily_Chokepoints_Data chokepoint6,high_for_chokepoint_calls_low_for_cargo_contents,"Known: daily transit calls by broad vessel class. Unknown: vessel identity, direction, AIS-dark movements, and actual cargo onboard."
2026-03-02,4,1,0,3,0,0,3,0,61822,52.29,27.14,5.3,2.2,IMF PortWatch Daily_Chokepoints_Data chokepoint6,high_for_chokepoint_calls_low_for_cargo_contents,"Known: daily transit calls by broad vessel class. Unknown: vessel identity, direction, AIS-dark movements, and actual cargo onboard."
2026-03-03,4,1,1,2,0,0,3,6701,103665,46.86,24.43,5.3,2.2,IMF PortWatch Daily_Chokepoints_Data chokepoint6,high_for_chokepoint_calls_low_for_cargo_contents,"Known: daily transit calls by broad vessel class. Unknown: vessel identity, direction, AIS-dark movements, and actual cargo onboard."
2026-03-04,0,0,0,0,0,0,0,0,0,30.86,16.29,0.0,0.0,IMF PortWatch Daily_Chokepoints_Data chokepoint6,high_for_chokepoint_calls_low_for_cargo_contents,"Known: daily transit calls by broad vessel class. Unknown: vessel identity, direction, AIS-dark movements, and actual cargo onboard."
2026-03-05,3,1,0,1,1,0,2,0,24031,19,10.14,4.0,2.2,IMF PortWatch Daily_Chokepoints_Data chokepoint6,high_for_chokepoint_calls_low_for_cargo_contents,"Known: daily transit calls by broad vessel class. Unknown: vessel identity, direction, AIS-dark movements, and actual cargo onboard."
2026-03-06,0,0,0,0,0,0,0,0,0,11.43,5.86,0.0,0.0,IMF PortWatch Daily_Chokepoints_Data chokepoint6,high_for_chokepoint_calls_low_for_cargo_contents,"Known: daily transit calls by broad vessel class. Unknown: vessel identity, direction, AIS-dark movements, and actual cargo onboard."
2026-03-07,2,0,0,2,0,0,2,0,102414,4.43,1.14,2.7,0.0,IMF PortWatch Daily_Chokepoints_Data chokepoint6,high_for_chokepoint_calls_low_for_cargo_contents,"Known: daily transit calls by broad vessel class. Unknown: vessel identity, direction, AIS-dark movements, and actual cargo onboard."
2026-03-08,1,0,0,1,0,0,1,0,51168,2,0.43,1.3,0.0,IMF PortWatch Daily_Chokepoints_Data chokepoint6,high_for_chokepoint_calls_low_for_cargo_contents,"Known: daily transit calls by broad vessel class. Unknown: vessel identity, direction, AIS-dark movements, and actual cargo onboard."
2026-03-09,1,0,0,0,1,0,1,0,1599,1.57,0.29,1.3,0.0,IMF PortWatch Daily_Chokepoints_Data chokepoint6,high_for_chokepoint_calls_low_for_cargo_contents,"Known: daily transit calls by broad vessel class. Unknown: vessel identity, direction, AIS-dark movements, and actual cargo onboard."
2026-03-10,2,1,0,1,0,0,1,42122,42122,1.29,0.29,2.7,2.2,IMF PortWatch Daily_Chokepoints_Data chokepoint6,high_for_chokepoint_calls_low_for_cargo_contents,"Known: daily transit calls by broad vessel class. Unknown: vessel identity, direction, AIS-dark movements, and actual cargo onboard."
2026-03-11,1,0,0,1,0,0,1,0,43477,1.43,0.29,1.3,0.0,IMF PortWatch Daily_Chokepoints_Data chokepoint6,high_for_chokepoint_calls_low_for_cargo_contents,"Known: daily transit calls by broad vessel class. Unknown: vessel identity, direction, AIS-dark movements, and actual cargo onboard."
2026-03-12,1,0,1,0,0,0,1,0,0,1.14,0.14,1.3,0.0,IMF PortWatch Daily_Chokepoints_Data chokepoint6,high_for_chokepoint_calls_low_for_cargo_contents,"Known: daily transit calls by broad vessel class. Unknown: vessel identity, direction, AIS-dark movements, and actual cargo onboard."
2026-03-13,0,0,0,0,0,0,0,0,0,1.14,0.14,0.0,0.0,IMF PortWatch Daily_Chokepoints_Data chokepoint6,high_for_chokepoint_calls_low_for_cargo_contents,"Known: daily transit calls by broad vessel class. Unknown: vessel identity, direction, AIS-dark movements, and actual cargo onboard."
2026-03-14,0,0,0,0,0,0,0,0,0,0.86,0.14,0.0,0.0,IMF PortWatch Daily_Chokepoints_Data chokepoint6,high_for_chokepoint_calls_low_for_cargo_contents,"Known: daily transit calls by broad vessel class. Unknown: vessel identity, direction, AIS-dark movements, and actual cargo onboard."
2026-03-15,7,2,2,3,0,0,5,339183,363277,1.71,0.43,9.3,4.4,IMF PortWatch Daily_Chokepoints_Data chokepoint6,high_for_chokepoint_calls_low_for_cargo_contents,"Known: daily transit calls by broad vessel class. Unknown: vessel identity, direction, AIS-dark movements, and actual cargo onboard."
2026-03-16,2,0,0,2,0,0,2,0,0,1.86,0.43,2.7,0.0,IMF PortWatch Daily_Chokepoints_Data chokepoint6,high_for_chokepoint_calls_low_for_cargo_contents,"Known: daily transit calls by broad vessel class. Unknown: vessel identity, direction, AIS-dark movements, and actual cargo onboard."
2026-03-17,1,1,0,0,0,0,0,47804,47804,1.71,0.43,1.3,2.2,IMF PortWatch Daily_Chokepoints_Data chokepoint6,high_for_chokepoint_calls_low_for_cargo_contents,"Known: daily transit calls by broad vessel class. Unknown: vessel identity, direction, AIS-dark movements, and actual cargo onboard."
2026-03-18,0,0,0,0,0,0,0,0,0,1.57,0.43,0.0,0.0,IMF PortWatch Daily_Chokepoints_Data chokepoint6,high_for_chokepoint_calls_low_for_cargo_contents,"Known: daily transit calls by broad vessel class. Unknown: vessel identity, direction, AIS-dark movements, and actual cargo onboard."
2026-03-19,0,0,0,0,0,0,0,0,0,1.43,0.43,0.0,0.0,IMF PortWatch Daily_Chokepoints_Data chokepoint6,high_for_chokepoint_calls_low_for_cargo_contents,"Known: daily transit calls by broad vessel class. Unknown: vessel identity, direction, AIS-dark movements, and actual cargo onboard."
2026-03-20,3,2,0,1,0,0,1,118692,193637,1.86,0.71,4.0,4.4,IMF PortWatch Daily_Chokepoints_Data chokepoint6,high_for_chokepoint_calls_low_for_cargo_contents,"Known: daily transit calls by broad vessel class. Unknown: vessel identity, direction, AIS-dark movements, and actual cargo onboard."
2026-03-21,0,0,0,0,0,0,0,0,0,1.86,0.71,0.0,0.0,IMF PortWatch Daily_Chokepoints_Data chokepoint6,high_for_chokepoint_calls_low_for_cargo_contents,"Known: daily transit calls by broad vessel class. Unknown: vessel identity, direction, AIS-dark movements, and actual cargo onboard."
2026-03-22,2,0,0,2,0,0,2,0,31388,1.14,0.43,2.7,0.0,IMF PortWatch Daily_Chokepoints_Data chokepoint6,high_for_chokepoint_calls_low_for_cargo_contents,"Known: daily transit calls by broad vessel class. Unknown: vessel identity, direction, AIS-dark movements, and actual cargo onboard."
2026-03-23,4,2,0,2,0,0,2,48834,137492,1.43,0.71,5.3,4.4,IMF PortWatch Daily_Chokepoints_Data chokepoint6,high_for_chokepoint_calls_low_for_cargo_contents,"Known: daily transit calls by broad vessel class. Unknown: vessel identity, direction, AIS-dark movements, and actual cargo onboard."
2026-03-24,2,1,0,0,1,0,1,0,12988,1.57,0.71,2.7,2.2,IMF PortWatch Daily_Chokepoints_Data chokepoint6,high_for_chokepoint_calls_low_for_cargo_contents,"Known: daily transit calls by broad vessel class. Unknown: vessel identity, direction, AIS-dark movements, and actual cargo onboard."
2026-03-25,1,1,0,0,0,0,0,0,0,1.71,0.86,1.3,2.2,IMF PortWatch Daily_Chokepoints_Data chokepoint6,high_for_chokepoint_calls_low_for_cargo_contents,"Known: daily transit calls by broad vessel class. Unknown: vessel identity, direction, AIS-dark movements, and actual cargo onboard."
2026-03-26,4,0,0,4,0,0,4,0,73148,2.29,0.86,5.3,0.0,IMF PortWatch Daily_Chokepoints_Data chokepoint6,high_for_chokepoint_calls_low_for_cargo_contents,"Known: daily transit calls by broad vessel class. Unknown: vessel identity, direction, AIS-dark movements, and actual cargo onboard."
2026-03-27,2,0,0,2,0,0,2,0,68784,2.14,0.57,2.7,0.0,IMF PortWatch Daily_Chokepoints_Data chokepoint6,high_for_chokepoint_calls_low_for_cargo_contents,"Known: daily transit calls by broad vessel class. Unknown: vessel identity, direction, AIS-dark movements, and actual cargo onboard."
2026-03-28,5,0,0,5,0,0,5,0,97272,2.86,0.57,6.6,0.0,IMF PortWatch Daily_Chokepoints_Data chokepoint6,high_for_chokepoint_calls_low_for_cargo_contents,"Known: daily transit calls by broad vessel class. Unknown: vessel identity, direction, AIS-dark movements, and actual cargo onboard."
2026-03-29,5,2,0,2,1,0,3,5464,124948,3.29,0.86,6.6,4.4,IMF PortWatch Daily_Chokepoints_Data chokepoint6,high_for_chokepoint_calls_low_for_cargo_contents,"Known: daily transit calls by broad vessel class. Unknown: vessel identity, direction, AIS-dark movements, and actual cargo onboard."
2026-03-30,6,3,2,0,1,0,3,0,109762,3.57,1,8.0,6.6,IMF PortWatch Daily_Chokepoints_Data chokepoint6,high_for_chokepoint_calls_low_for_cargo_contents,"Known: daily transit calls by broad vessel class. Unknown: vessel identity, direction, AIS-dark movements, and actual cargo onboard."
2026-03-31,5,2,1,1,1,0,3,70842,84095,4,1.14,6.6,4.4,IMF PortWatch Daily_Chokepoints_Data chokepoint6,high_for_chokepoint_calls_low_for_cargo_contents,"Known: daily transit calls by broad vessel class. Unknown: vessel identity, direction, AIS-dark movements, and actual cargo onboard."
2026-04-01,6,1,0,4,1,0,5,4062,85696,4.71,1.14,8.0,2.2,IMF PortWatch Daily_Chokepoints_Data chokepoint6,high_for_chokepoint_calls_low_for_cargo_contents,"Known: daily transit calls by broad vessel class. Unknown: vessel identity, direction, AIS-dark movements, and actual cargo onboard."
2026-04-02,1,0,0,1,0,0,1,0,40276,4.29,1.14,1.3,0.0,IMF PortWatch Daily_Chokepoints_Data chokepoint6,high_for_chokepoint_calls_low_for_cargo_contents,"Known: daily transit calls by broad vessel class. Unknown: vessel identity, direction, AIS-dark movements, and actual cargo onboard."
2026-04-03,3,2,0,1,0,0,1,97195,147579,4.43,1.43,4.0,4.4,IMF PortWatch Daily_Chokepoints_Data chokepoint6,high_for_chokepoint_calls_low_for_cargo_contents,"Known: daily transit calls by broad vessel class. Unknown: vessel identity, direction, AIS-dark movements, and actual cargo onboard."
2026-04-04,10,3,1,6,0,0,7,38238,134722,5.14,1.86,13.3,6.6,IMF PortWatch Daily_Chokepoints_Data chokepoint6,high_for_chokepoint_calls_low_for_cargo_contents,"Known: daily transit calls by broad vessel class. Unknown: vessel identity, direction, AIS-dark movements, and actual cargo onboard."
2026-04-05,4,4,0,0,0,0,0,264106,264106,5,2.14,5.3,8.8,IMF PortWatch Daily_Chokepoints_Data chokepoint6,high_for_chokepoint_calls_low_for_cargo_contents,"Known: daily transit calls by broad vessel class. Unknown: vessel identity, direction, AIS-dark movements, and actual cargo onboard."
2026-04-06,5,0,1,3,1,0,5,0,107315,4.86,1.71,6.6,0.0,IMF PortWatch Daily_Chokepoints_Data chokepoint6,high_for_chokepoint_calls_low_for_cargo_contents,"Known: daily transit calls by broad vessel class. Unknown: vessel identity, direction, AIS-dark movements, and actual cargo onboard."
2026-04-07,3,2,0,1,0,0,1,69890,113878,4.57,1.71,4.0,4.4,IMF PortWatch Daily_Chokepoints_Data chokepoint6,high_for_chokepoint_calls_low_for_cargo_contents,"Known: daily transit calls by broad vessel class. Unknown: vessel identity, direction, AIS-dark movements, and actual cargo onboard."
2026-04-08,3,0,0,3,0,0,3,0,35363,4.14,1.57,4.0,0.0,IMF PortWatch Daily_Chokepoints_Data chokepoint6,high_for_chokepoint_calls_low_for_cargo_contents,"Known: daily transit calls by broad vessel class. Unknown: vessel identity, direction, AIS-dark movements, and actual cargo onboard."
2026-04-09,7,5,0,2,0,0,2,164591,215865,5,2.29,9.3,10.9,IMF PortWatch Daily_Chokepoints_Data chokepoint6,high_for_chokepoint_calls_low_for_cargo_contents,"Known: daily transit calls by broad vessel class. Unknown: vessel identity, direction, AIS-dark movements, and actual cargo onboard."
2026-04-10,3,0,0,3,0,0,3,0,0,5,2,4.0,0.0,IMF PortWatch Daily_Chokepoints_Data chokepoint6,high_for_chokepoint_calls_low_for_cargo_contents,"Known: daily transit calls by broad vessel class. Unknown: vessel identity, direction, AIS-dark movements, and actual cargo onboard."
2026-04-11,6,3,1,2,0,0,3,287665,402443,4.43,2,8.0,6.6,IMF PortWatch Daily_Chokepoints_Data chokepoint6,high_for_chokepoint_calls_low_for_cargo_contents,"Known: daily transit calls by broad vessel class. Unknown: vessel identity, direction, AIS-dark movements, and actual cargo onboard."
2026-04-12,12,3,1,8,0,0,9,33937,208464,5.57,1.86,15.9,6.6,IMF PortWatch Daily_Chokepoints_Data chokepoint6,high_for_chokepoint_calls_low_for_cargo_contents,"Known: daily transit calls by broad vessel class. Unknown: vessel identity, direction, AIS-dark movements, and actual cargo onboard."
2026-04-13,5,3,1,0,1,0,2,34634,66709,5.57,2.29,6.6,6.6,IMF PortWatch Daily_Chokepoints_Data chokepoint6,high_for_chokepoint_calls_low_for_cargo_contents,"Known: daily transit calls by broad vessel class. Unknown: vessel identity, direction, AIS-dark movements, and actual cargo onboard."
2026-04-14,4,2,1,1,0,0,2,30952,114192,5.71,2.29,5.3,4.4,IMF PortWatch Daily_Chokepoints_Data chokepoint6,high_for_chokepoint_calls_low_for_cargo_contents,"Known: daily transit calls by broad vessel class. Unknown: vessel identity, direction, AIS-dark movements, and actual cargo onboard."
2026-04-15,7,4,1,2,0,0,3,6839,344547,6.29,2.86,9.3,8.8,IMF PortWatch Daily_Chokepoints_Data chokepoint6,high_for_chokepoint_calls_low_for_cargo_contents,"Known: daily transit calls by broad vessel class. Unknown: vessel identity, direction, AIS-dark movements, and actual cargo onboard."
2026-04-16,3,1,1,1,0,0,2,75745,79186,5.71,2.29,4.0,2.2,IMF PortWatch Daily_Chokepoints_Data chokepoint6,high_for_chokepoint_calls_low_for_cargo_contents,"Known: daily transit calls by broad vessel class. Unknown: vessel identity, direction, AIS-dark movements, and actual cargo onboard."
2026-04-17,8,3,0,5,0,0,5,5366,5366,6.43,2.71,10.6,6.6,IMF PortWatch Daily_Chokepoints_Data chokepoint6,high_for_chokepoint_calls_low_for_cargo_contents,"Known: daily transit calls by broad vessel class. Unknown: vessel identity, direction, AIS-dark movements, and actual cargo onboard."
2026-04-18,20,12,4,4,0,0,8,516261,827847,8.43,4,26.6,26.3,IMF PortWatch Daily_Chokepoints_Data chokepoint6,high_for_chokepoint_calls_low_for_cargo_contents,"Known: daily transit calls by broad vessel class. Unknown: vessel identity, direction, AIS-dark movements, and actual cargo onboard."
2026-04-19,2,1,0,0,1,0,1,6839,11633,7,3.71,2.7,2.2,IMF PortWatch Daily_Chokepoints_Data chokepoint6,high_for_chokepoint_calls_low_for_cargo_contents,"Known: daily transit calls by broad vessel class. Unknown: vessel identity, direction, AIS-dark movements, and actual cargo onboard."
2026-04-20,3,2,1,0,0,0,1,36579,56282,6.71,3.57,4.0,4.4,IMF PortWatch Daily_Chokepoints_Data chokepoint6,high_for_chokepoint_calls_low_for_cargo_contents,"Known: daily transit calls by broad vessel class. Unknown: vessel identity, direction, AIS-dark movements, and actual cargo onboard."
2026-04-21,2,2,0,0,0,0,0,75113,75113,6.43,3.57,2.7,4.4,IMF PortWatch Daily_Chokepoints_Data chokepoint6,high_for_chokepoint_calls_low_for_cargo_contents,"Known: daily transit calls by broad vessel class. Unknown: vessel identity, direction, AIS-dark movements, and actual cargo onboard."
2026-04-22,5,2,2,1,0,0,3,0,120039,6.14,3.29,6.6,4.4,IMF PortWatch Daily_Chokepoints_Data chokepoint6,high_for_chokepoint_calls_low_for_cargo_contents,"Known: daily transit calls by broad vessel class. Unknown: vessel identity, direction, AIS-dark movements, and actual cargo onboard."
2026-04-23,1,0,0,1,0,0,1,0,33377,5.86,3.14,1.3,0.0,IMF PortWatch Daily_Chokepoints_Data chokepoint6,high_for_chokepoint_calls_low_for_cargo_contents,"Known: daily transit calls by broad vessel class. Unknown: vessel identity, direction, AIS-dark movements, and actual cargo onboard."
2026-04-24,5,2,0,1,2,0,3,33283,72566,5.43,3,6.6,4.4,IMF PortWatch Daily_Chokepoints_Data chokepoint6,high_for_chokepoint_calls_low_for_cargo_contents,"Known: daily transit calls by broad vessel class. Unknown: vessel identity, direction, AIS-dark movements, and actual cargo onboard."
2026-04-25,3,1,0,1,1,0,2,42882,96668,3,1.43,4.0,2.2,IMF PortWatch Daily_Chokepoints_Data chokepoint6,high_for_chokepoint_calls_low_for_cargo_contents,"Known: daily transit calls by broad vessel class. Unknown: vessel identity, direction, AIS-dark movements, and actual cargo onboard."
2026-04-26,2,1,0,0,1,0,1,0,11122,3,1.43,2.7,2.2,IMF PortWatch Daily_Chokepoints_Data chokepoint6,high_for_chokepoint_calls_low_for_cargo_contents,"Known: daily transit calls by broad vessel class. Unknown: vessel identity, direction, AIS-dark movements, and actual cargo onboard."
2026-04-27,0,0,0,0,0,0,0,0,0,2.57,1.14,0.0,0.0,IMF PortWatch Daily_Chokepoints_Data chokepoint6,high_for_chokepoint_calls_low_for_cargo_contents,"Known: daily transit calls by broad vessel class. Unknown: vessel identity, direction, AIS-dark movements, and actual cargo onboard."
2026-04-28,5,2,0,1,2,0,3,323392,383069,3,1.14,6.6,4.4,IMF PortWatch Daily_Chokepoints_Data chokepoint6,high_for_chokepoint_calls_low_for_cargo_contents,"Known: daily transit calls by broad vessel class. Unknown: vessel identity, direction, AIS-dark movements, and actual cargo onboard."
2026-04-29,5,3,0,1,1,0,2,11036,326600,3,1.29,6.6,6.6,IMF PortWatch Daily_Chokepoints_Data chokepoint6,high_for_chokepoint_calls_low_for_cargo_contents,"Known: daily transit calls by broad vessel class. Unknown: vessel identity, direction, AIS-dark movements, and actual cargo onboard."
2026-04-30,6,4,1,1,0,0,2,64253,64253,3.71,1.86,8.0,8.8,IMF PortWatch Daily_Chokepoints_Data chokepoint6,high_for_chokepoint_calls_low_for_cargo_contents,"Known: daily transit calls by broad vessel class. Unknown: vessel identity, direction, AIS-dark movements, and actual cargo onboard."
2026-05-01,5,2,0,1,2,0,3,36640,69966,3.71,1.86,6.6,4.4,IMF PortWatch Daily_Chokepoints_Data chokepoint6,high_for_chokepoint_calls_low_for_cargo_contents,"Known: daily transit calls by broad vessel class. Unknown: vessel identity, direction, AIS-dark movements, and actual cargo onboard."
2026-05-02,6,4,0,2,0,0,2,93041,93041,4.14,2.29,8.0,8.8,IMF PortWatch Daily_Chokepoints_Data chokepoint6,high_for_chokepoint_calls_low_for_cargo_contents,"Known: daily transit calls by broad vessel class. Unknown: vessel identity, direction, AIS-dark movements, and actual cargo onboard."
2026-05-03,6,1,0,3,2,0,5,0,127798,4.71,2.29,8.0,2.2,IMF PortWatch Daily_Chokepoints_Data chokepoint6,high_for_chokepoint_calls_low_for_cargo_contents,"Known: daily transit calls by broad vessel class. Unknown: vessel identity, direction, AIS-dark movements, and actual cargo onboard."
2026-05-04,2,0,1,1,0,0,2,0,12784,5,2.29,2.7,0.0,IMF PortWatch Daily_Chokepoints_Data chokepoint6,high_for_chokepoint_calls_low_for_cargo_contents,"Known: daily transit calls by broad vessel class. Unknown: vessel identity, direction, AIS-dark movements, and actual cargo onboard."
2026-05-05,0,0,0,0,0,0,0,0,0,4.29,2,0.0,0.0,IMF PortWatch Daily_Chokepoints_Data chokepoint6,high_for_chokepoint_calls_low_for_cargo_contents,"Known: daily transit calls by broad vessel class. Unknown: vessel identity, direction, AIS-dark movements, and actual cargo onboard."
2026-05-06,0,0,0,0,0,0,0,0,0,3.57,1.57,0.0,0.0,IMF PortWatch Daily_Chokepoints_Data chokepoint6,high_for_chokepoint_calls_low_for_cargo_contents,"Known: daily transit calls by broad vessel class. Unknown: vessel identity, direction, AIS-dark movements, and actual cargo onboard."
2026-05-07,0,0,0,0,0,0,0,0,0,2.71,1,0.0,0.0,IMF PortWatch Daily_Chokepoints_Data chokepoint6,high_for_chokepoint_calls_low_for_cargo_contents,"Known: daily transit calls by broad vessel class. Unknown: vessel identity, direction, AIS-dark movements, and actual cargo onboard."
2026-05-08,0,0,0,0,0,0,0,0,0,2,0.71,0.0,0.0,IMF PortWatch Daily_Chokepoints_Data chokepoint6,high_for_chokepoint_calls_low_for_cargo_contents,"Known: daily transit calls by broad vessel class. Unknown: vessel identity, direction, AIS-dark movements, and actual cargo onboard."
2026-05-09,1,1,0,0,0,0,0,98525,98525,1.29,0.29,1.3,2.2,IMF PortWatch Daily_Chokepoints_Data chokepoint6,high_for_chokepoint_calls_low_for_cargo_contents,"Known: daily transit calls by broad vessel class. Unknown: vessel identity, direction, AIS-dark movements, and actual cargo onboard."
2026-05-10,5,2,1,2,0,0,3,319376,457574,1.14,0.43,6.6,4.4,IMF PortWatch Daily_Chokepoints_Data chokepoint6,high_for_chokepoint_calls_low_for_cargo_contents,"Known: daily transit calls by broad vessel class. Unknown: vessel identity, direction, AIS-dark movements, and actual cargo onboard."
2026-05-11,6,4,0,2,0,0,2,88456,114837,1.71,1,8.0,8.8,IMF PortWatch Daily_Chokepoints_Data chokepoint6,high_for_chokepoint_calls_low_for_cargo_contents,"Known: daily transit calls by broad vessel class. Unknown: vessel identity, direction, AIS-dark movements, and actual cargo onboard."
2026-05-12,3,1,0,0,1,1,2,0,344,2.14,1.14,4.0,2.2,IMF PortWatch Daily_Chokepoints_Data chokepoint6,high_for_chokepoint_calls_low_for_cargo_contents,"Known: daily transit calls by broad vessel class. Unknown: vessel identity, direction, AIS-dark movements, and actual cargo onboard."
2026-05-13,3,2,0,0,1,0,1,349804,350554,2.57,1.43,4.0,4.4,IMF PortWatch Daily_Chokepoints_Data chokepoint6,high_for_chokepoint_calls_low_for_cargo_contents,"Known: daily transit calls by broad vessel class. Unknown: vessel identity, direction, AIS-dark movements, and actual cargo onboard."
2026-05-14,6,3,1,1,1,0,3,42976,60351,3.43,1.86,8.0,6.6,IMF PortWatch Daily_Chokepoints_Data chokepoint6,high_for_chokepoint_calls_low_for_cargo_contents,"Known: daily transit calls by broad vessel class. Unknown: vessel identity, direction, AIS-dark movements, and actual cargo onboard."
2026-05-15,2,2,0,0,0,0,0,5341,5341,3.71,2.14,2.7,4.4,IMF PortWatch Daily_Chokepoints_Data chokepoint6,high_for_chokepoint_calls_low_for_cargo_contents,"Known: daily transit calls by broad vessel class. Unknown: vessel identity, direction, AIS-dark movements, and actual cargo onboard."
2026-05-16,6,1,0,4,1,0,5,36579,178216,4.43,2.14,8.0,2.2,IMF PortWatch Daily_Chokepoints_Data chokepoint6,high_for_chokepoint_calls_low_for_cargo_contents,"Known: daily transit calls by broad vessel class. Unknown: vessel identity, direction, AIS-dark movements, and actual cargo onboard."
2026-05-17,2,1,0,0,1,0,1,0,10961,4,2,2.7,2.2,IMF PortWatch Daily_Chokepoints_Data chokepoint6,high_for_chokepoint_calls_low_for_cargo_contents,"Known: daily transit calls by broad vessel class. Unknown: vessel identity, direction, AIS-dark movements, and actual cargo onboard."
2026-05-18,4,1,1,0,2,0,3,13968,16651,3.71,1.57,5.3,2.2,IMF PortWatch Daily_Chokepoints_Data chokepoint6,high_for_chokepoint_calls_low_for_cargo_contents,"Known: daily transit calls by broad vessel class. Unknown: vessel identity, direction, AIS-dark movements, and actual cargo onboard."
2026-05-19,4,3,1,0,0,0,1,570517,609497,3.86,1.86,5.3,6.6,IMF PortWatch Daily_Chokepoints_Data chokepoint6,high_for_chokepoint_calls_low_for_cargo_contents,"Known: daily transit calls by broad vessel class. Unknown: vessel identity, direction, AIS-dark movements, and actual cargo onboard."
2026-05-20,7,3,2,2,0,0,4,290295,418971,4.43,2,9.3,6.6,IMF PortWatch Daily_Chokepoints_Data chokepoint6,high_for_chokepoint_calls_low_for_cargo_contents,"Known: daily transit calls by broad vessel class. Unknown: vessel identity, direction, AIS-dark movements, and actual cargo onboard."
2026-05-21,4,2,0,1,1,0,2,42682,74078,4.14,1.86,5.3,4.4,IMF PortWatch Daily_Chokepoints_Data chokepoint6,high_for_chokepoint_calls_low_for_cargo_contents,"Known: daily transit calls by broad vessel class. Unknown: vessel identity, direction, AIS-dark movements, and actual cargo onboard."
2026-05-22,2,0,0,2,0,0,2,0,0,4.14,1.57,2.7,0.0,IMF PortWatch Daily_Chokepoints_Data chokepoint6,high_for_chokepoint_calls_low_for_cargo_contents,"Known: daily transit calls by broad vessel class. Unknown: vessel identity, direction, AIS-dark movements, and actual cargo onboard."
2026-05-23,3,1,0,1,1,0,2,284471,307741,3.71,1.57,4.0,2.2,IMF PortWatch Daily_Chokepoints_Data chokepoint6,high_for_chokepoint_calls_low_for_cargo_contents,"Known: daily transit calls by broad vessel class. Unknown: vessel identity, direction, AIS-dark movements, and actual cargo onboard."
2026-05-24,5,2,0,3,0,0,3,6839,87734,4.14,1.71,6.6,4.4,IMF PortWatch Daily_Chokepoints_Data chokepoint6,high_for_chokepoint_calls_low_for_cargo_contents,"Known: daily transit calls by broad vessel class. Unknown: vessel identity, direction, AIS-dark movements, and actual cargo onboard."
2026-05-25,4,0,1,2,1,0,4,0,86752,4.14,1.57,5.3,0.0,IMF PortWatch Daily_Chokepoints_Data chokepoint6,high_for_chokepoint_calls_low_for_cargo_contents,"Known: daily transit calls by broad vessel class. Unknown: vessel identity, direction, AIS-dark movements, and actual cargo onboard."
2026-05-26,3,2,0,1,0,0,1,0,0,4,1.43,4.0,4.4,IMF PortWatch Daily_Chokepoints_Data chokepoint6,high_for_chokepoint_calls_low_for_cargo_contents,"Known: daily transit calls by broad vessel class. Unknown: vessel identity, direction, AIS-dark movements, and actual cargo onboard."
2026-05-27,1,1,0,0,0,0,0,106096,106096,3.14,1.14,1.3,2.2,IMF PortWatch Daily_Chokepoints_Data chokepoint6,high_for_chokepoint_calls_low_for_cargo_contents,"Known: daily transit calls by broad vessel class. Unknown: vessel identity, direction, AIS-dark movements, and actual cargo onboard."
2026-05-28,2,0,0,1,1,0,2,0,65232,2.86,0.86,2.7,0.0,IMF PortWatch Daily_Chokepoints_Data chokepoint6,high_for_chokepoint_calls_low_for_cargo_contents,"Known: daily transit calls by broad vessel class. Unknown: vessel identity, direction, AIS-dark movements, and actual cargo onboard."
2026-05-29,1,0,0,0,0,1,1,0,6056,2.71,0.86,1.3,0.0,IMF PortWatch Daily_Chokepoints_Data chokepoint6,high_for_chokepoint_calls_low_for_cargo_contents,"Known: daily transit calls by broad vessel class. Unknown: vessel identity, direction, AIS-dark movements, and actual cargo onboard."
2026-05-30,3,0,0,2,1,0,3,0,52574,2.71,0.71,4.0,0.0,IMF PortWatch Daily_Chokepoints_Data chokepoint6,high_for_chokepoint_calls_low_for_cargo_contents,"Known: daily transit calls by broad vessel class. Unknown: vessel identity, direction, AIS-dark movements, and actual cargo onboard."
2026-05-31,2,0,0,1,1,0,2,0,44835,2.29,0.43,2.7,0.0,IMF PortWatch Daily_Chokepoints_Data chokepoint6,high_for_chokepoint_calls_low_for_cargo_contents,"Known: daily transit calls by broad vessel class. Unknown: vessel identity, direction, AIS-dark movements, and actual cargo onboard."
2026-06-01,2,1,0,1,0,0,1,38238,90292,2,0.57,2.7,2.2,IMF PortWatch Daily_Chokepoints_Data chokepoint6,high_for_chokepoint_calls_low_for_cargo_contents,"Known: daily transit calls by broad vessel class. Unknown: vessel identity, direction, AIS-dark movements, and actual cargo onboard."
2026-06-02,5,3,0,1,0,1,2,33268,71987,2.29,0.71,6.6,6.6,IMF PortWatch Daily_Chokepoints_Data chokepoint6,high_for_chokepoint_calls_low_for_cargo_contents,"Known: daily transit calls by broad vessel class. Unknown: vessel identity, direction, AIS-dark movements, and actual cargo onboard."
2026-06-03,8,3,0,3,2,0,5,12593,115719,3.29,1,10.6,6.6,IMF PortWatch Daily_Chokepoints_Data chokepoint6,high_for_chokepoint_calls_low_for_cargo_contents,"Known: daily transit calls by broad vessel class. Unknown: vessel identity, direction, AIS-dark movements, and actual cargo onboard."
2026-06-04,3,1,0,0,2,0,2,0,1047,3.43,1.14,4.0,2.2,IMF PortWatch Daily_Chokepoints_Data chokepoint6,high_for_chokepoint_calls_low_for_cargo_contents,"Known: daily transit calls by broad vessel class. Unknown: vessel identity, direction, AIS-dark movements, and actual cargo onboard."
2026-06-05,0,0,0,0,0,0,0,0,0,3.29,1.14,0.0,0.0,IMF PortWatch Daily_Chokepoints_Data chokepoint6,high_for_chokepoint_calls_low_for_cargo_contents,"Known: daily transit calls by broad vessel class. Unknown: vessel identity, direction, AIS-dark movements, and actual cargo onboard."
2026-06-06,2,0,0,2,0,0,2,0,93370,3.14,1.14,2.7,0.0,IMF PortWatch Daily_Chokepoints_Data chokepoint6,high_for_chokepoint_calls_low_for_cargo_contents,"Known: daily transit calls by broad vessel class. Unknown: vessel identity, direction, AIS-dark movements, and actual cargo onboard."
2026-06-07,0,0,0,0,0,0,0,0,0,2.86,1.14,0.0,0.0,IMF PortWatch Daily_Chokepoints_Data chokepoint6,high_for_chokepoint_calls_low_for_cargo_contents,"Known: daily transit calls by broad vessel class. Unknown: vessel identity, direction, AIS-dark movements, and actual cargo onboard."
2026-06-08,7,1,2,1,3,0,6,6794,61448,3.57,1.14,9.3,2.2,IMF PortWatch Daily_Chokepoints_Data chokepoint6,high_for_chokepoint_calls_low_for_cargo_contents,"Known: daily transit calls by broad vessel class. Unknown: vessel identity, direction, AIS-dark movements, and actual cargo onboard."
2026-06-09,4,2,0,1,1,0,2,48671,110820,3.43,1,5.3,4.4,IMF PortWatch Daily_Chokepoints_Data chokepoint6,high_for_chokepoint_calls_low_for_cargo_contents,"Known: daily transit calls by broad vessel class. Unknown: vessel identity, direction, AIS-dark movements, and actual cargo onboard."
2026-06-10,3,0,0,0,3,0,3,0,13825,2.71,0.57,4.0,0.0,IMF PortWatch Daily_Chokepoints_Data chokepoint6,high_for_chokepoint_calls_low_for_cargo_contents,"Known: daily transit calls by broad vessel class. Unknown: vessel identity, direction, AIS-dark movements, and actual cargo onboard."
2026-06-11,2,2,0,0,0,0,0,11142,11142,2.57,0.71,2.7,4.4,IMF PortWatch Daily_Chokepoints_Data chokepoint6,high_for_chokepoint_calls_low_for_cargo_contents,"Known: daily transit calls by broad vessel class. Unknown: vessel identity, direction, AIS-dark movements, and actual cargo onboard."
2026-06-12,1,1,0,0,0,0,0,11375,11375,2.71,0.86,1.3,2.2,IMF PortWatch Daily_Chokepoints_Data chokepoint6,high_for_chokepoint_calls_low_for_cargo_contents,"Known: daily transit calls by broad vessel class. Unknown: vessel identity, direction, AIS-dark movements, and actual cargo onboard."
2026-06-13,0,0,0,0,0,0,0,0,0,2.43,0.86,0.0,0.0,IMF PortWatch Daily_Chokepoints_Data chokepoint6,high_for_chokepoint_calls_low_for_cargo_contents,"Known: daily transit calls by broad vessel class. Unknown: vessel identity, direction, AIS-dark movements, and actual cargo onboard."
2026-06-14,0,0,0,0,0,0,0,0,0,2.43,0.86,0.0,0.0,IMF PortWatch Daily_Chokepoints_Data chokepoint6,high_for_chokepoint_calls_low_for_cargo_contents,"Known: daily transit calls by broad vessel class. Unknown: vessel identity, direction, AIS-dark movements, and actual cargo onboard."
2026-06-15,6,1,0,2,3,0,5,0,86520,2.29,0.86,8.0,2.2,IMF PortWatch Daily_Chokepoints_Data chokepoint6,high_for_chokepoint_calls_low_for_cargo_contents,"Known: daily transit calls by broad vessel class. Unknown: vessel identity, direction, AIS-dark movements, and actual cargo onboard."
2026-06-16,5,2,1,0,2,0,3,35583,38841,2.43,0.86,6.6,4.4,IMF PortWatch Daily_Chokepoints_Data chokepoint6,high_for_chokepoint_calls_low_for_cargo_contents,"Known: daily transit calls by broad vessel class. Unknown: vessel identity, direction, AIS-dark movements, and actual cargo onboard."
2026-06-17,8,0,2,4,2,0,8,0,135479,3.14,0.86,10.6,0.0,IMF PortWatch Daily_Chokepoints_Data chokepoint6,high_for_chokepoint_calls_low_for_cargo_contents,"Known: daily transit calls by broad vessel class. Unknown: vessel identity, direction, AIS-dark movements, and actual cargo onboard."
2026-06-18,19,10,1,7,1,0,9,459872,822778,5.57,2,25.2,21.9,IMF PortWatch Daily_Chokepoints_Data chokepoint6,high_for_chokepoint_calls_low_for_cargo_contents,"Known: daily transit calls by broad vessel class. Unknown: vessel identity, direction, AIS-dark movements, and actual cargo onboard."
2026-06-19,9,3,2,1,3,0,6,600658,729047,6.71,2.29,12.0,6.6,IMF PortWatch Daily_Chokepoints_Data chokepoint6,high_for_chokepoint_calls_low_for_cargo_contents,"Known: daily transit calls by broad vessel class. Unknown: vessel identity, direction, AIS-dark movements, and actual cargo onboard."
2026-06-20,23,12,1,6,4,0,11,543037,856885,10,4,30.6,26.3,IMF PortWatch Daily_Chokepoints_Data chokepoint6,high_for_chokepoint_calls_low_for_cargo_contents,"Known: daily transit calls by broad vessel class. Unknown: vessel identity, direction, AIS-dark movements, and actual cargo onboard."
2026-06-21,6,1,1,2,2,0,5,65755,161589,10.86,4.14,8.0,2.2,IMF PortWatch Daily_Chokepoints_Data chokepoint6,high_for_chokepoint_calls_low_for_cargo_contents,"Known: daily transit calls by broad vessel class. Unknown: vessel identity, direction, AIS-dark movements, and actual cargo onboard."
2026-06-22,10,8,0,2,0,0,2,337125,411312,11.43,5.14,13.3,17.5,IMF PortWatch Daily_Chokepoints_Data chokepoint6,high_for_chokepoint_calls_low_for_cargo_contents,"Known: daily transit calls by broad vessel class. Unknown: vessel identity, direction, AIS-dark movements, and actual cargo onboard."
2026-06-23,11,4,1,5,1,0,7,835217,1040380,12.29,5.43,14.6,8.8,IMF PortWatch Daily_Chokepoints_Data chokepoint6,high_for_chokepoint_calls_low_for_cargo_contents,"Known: daily transit calls by broad vessel class. Unknown: vessel identity, direction, AIS-dark movements, and actual cargo onboard."
2026-06-24,44,18,5,18,2,1,26,1256969,1929204,17.43,8,58.4,39.4,IMF PortWatch Daily_Chokepoints_Data chokepoint6,high_for_chokepoint_calls_low_for_cargo_contents,"Known: daily transit calls by broad vessel class. Unknown: vessel identity, direction, AIS-dark movements, and actual cargo onboard."
2026-06-25,43,21,7,12,3,0,22,1383947,1841015,20.86,9.57,57.1,46.0,IMF PortWatch Daily_Chokepoints_Data chokepoint6,high_for_chokepoint_calls_low_for_cargo_contents,"Known: daily transit calls by broad vessel class. Unknown: vessel identity, direction, AIS-dark movements, and actual cargo onboard."
2026-06-26,27,17,2,6,2,0,10,655492,968267,23.43,11.57,35.9,37.2,IMF PortWatch Daily_Chokepoints_Data chokepoint6,high_for_chokepoint_calls_low_for_cargo_contents,"Known: daily transit calls by broad vessel class. Unknown: vessel identity, direction, AIS-dark movements, and actual cargo onboard."
2026-06-27,24,9,3,6,6,0,15,552718,955285,23.57,11.14,31.9,19.7,IMF PortWatch Daily_Chokepoints_Data chokepoint6,high_for_chokepoint_calls_low_for_cargo_contents,"Known: daily transit calls by broad vessel class. Unknown: vessel identity, direction, AIS-dark movements, and actual cargo onboard."
2026-06-28,11,6,2,1,2,0,5,86241,240909,24.29,11.86,14.6,13.1,IMF PortWatch Daily_Chokepoints_Data chokepoint6,high_for_chokepoint_calls_low_for_cargo_contents,"Known: daily transit calls by broad vessel class. Unknown: vessel identity, direction, AIS-dark movements, and actual cargo onboard."
2026-06-29,24,12,4,6,2,0,12,976186,1287883,26.29,12.43,31.9,26.3,IMF PortWatch Daily_Chokepoints_Data chokepoint6,high_for_chokepoint_calls_low_for_cargo_contents,"Known: daily transit calls by broad vessel class. Unknown: vessel identity, direction, AIS-dark movements, and actual cargo onboard."
2026-06-30,14,5,0,7,2,0,9,232679,565738,26.71,12.57,18.6,10.9,IMF PortWatch Daily_Chokepoints_Data chokepoint6,high_for_chokepoint_calls_low_for_cargo_contents,"Known: daily transit calls by broad vessel class. Unknown: vessel identity, direction, AIS-dark movements, and actual cargo onboard."
2026-07-01,27,17,2,4,4,0,10,1409459,1582436,24.29,12.43,35.9,37.2,IMF PortWatch Daily_Chokepoints_Data chokepoint6,high_for_chokepoint_calls_low_for_cargo_contents,"Known: daily transit calls by broad vessel class. Unknown: vessel identity, direction, AIS-dark movements, and actual cargo onboard."
2026-07-02,25,14,4,6,1,0,11,235228,569513,21.71,11.43,33.2,30.6,IMF PortWatch Daily_Chokepoints_Data chokepoint6,high_for_chokepoint_calls_low_for_cargo_contents,"Known: daily transit calls by broad vessel class. Unknown: vessel identity, direction, AIS-dark movements, and actual cargo onboard."
2026-07-03,23,17,1,4,1,0,6,1127426,1309798,21.14,11.43,30.6,37.2,IMF PortWatch Daily_Chokepoints_Data chokepoint6,high_for_chokepoint_calls_low_for_cargo_contents,"Known: daily transit calls by broad vessel class. Unknown: vessel identity, direction, AIS-dark movements, and actual cargo onboard."
2026-07-04,15,6,3,4,2,0,9,353844,545114,19.86,11,19.9,13.1,IMF PortWatch Daily_Chokepoints_Data chokepoint6,high_for_chokepoint_calls_low_for_cargo_contents,"Known: daily transit calls by broad vessel class. Unknown: vessel identity, direction, AIS-dark movements, and actual cargo onboard."
2026-07-05,20,15,0,5,0,0,5,782230,892809,21.14,12.29,26.6,32.8,IMF PortWatch Daily_Chokepoints_Data chokepoint6,high_for_chokepoint_calls_low_for_cargo_contents,"Known: daily transit calls by broad vessel class. Unknown: vessel identity, direction, AIS-dark movements, and actual cargo onboard."
2026-07-06,23,14,3,2,2,2,9,2066636,2231545,21,12.57,30.6,30.6,IMF PortWatch Daily_Chokepoints_Data chokepoint6,high_for_chokepoint_calls_low_for_cargo_contents,"Known: daily transit calls by broad vessel class. Unknown: vessel identity, direction, AIS-dark movements, and actual cargo onboard."
2026-07-07,24,10,1,7,2,4,14,1210489,1356531,22.43,13.29,31.9,21.9,IMF PortWatch Daily_Chokepoints_Data chokepoint6,high_for_chokepoint_calls_low_for_cargo_contents,"Known: daily transit calls by broad vessel class. Unknown: vessel identity, direction, AIS-dark movements, and actual cargo onboard."
2026-07-08,11,4,2,3,2,0,7,273790,362461,20.14,11.43,14.6,8.8,IMF PortWatch Daily_Chokepoints_Data chokepoint6,high_for_chokepoint_calls_low_for_cargo_contents,"Known: daily transit calls by broad vessel class. Unknown: vessel identity, direction, AIS-dark movements, and actual cargo onboard."
2026-07-09,7,2,2,2,1,0,5,45539,155560,17.57,9.71,9.3,4.4,IMF PortWatch Daily_Chokepoints_Data chokepoint6,high_for_chokepoint_calls_low_for_cargo_contents,"Known: daily transit calls by broad vessel class. Unknown: vessel identity, direction, AIS-dark movements, and actual cargo onboard."
2026-07-10,4,3,0,1,0,0,1,48377,118849,14.86,7.71,5.3,6.6,IMF PortWatch Daily_Chokepoints_Data chokepoint6,high_for_chokepoint_calls_low_for_cargo_contents,"Known: daily transit calls by broad vessel class. Unknown: vessel identity, direction, AIS-dark movements, and actual cargo onboard."
2026-07-11,6,3,0,3,0,0,3,118896,228875,13.57,7.29,8.0,6.6,IMF PortWatch Daily_Chokepoints_Data chokepoint6,high_for_chokepoint_calls_low_for_cargo_contents,"Known: daily transit calls by broad vessel class. Unknown: vessel identity, direction, AIS-dark movements, and actual cargo onboard."
2026-07-12,3,1,1,0,1,0,2,58739,63129,11.14,5.29,4.0,2.2,IMF PortWatch Daily_Chokepoints_Data chokepoint6,high_for_chokepoint_calls_low_for_cargo_contents,"Known: daily transit calls by broad vessel class. Unknown: vessel identity, direction, AIS-dark movements, and actual cargo onboard."
2026-07-13,7,2,1,1,3,0,5,42247,65012,8.86,3.57,9.3,4.4,IMF PortWatch Daily_Chokepoints_Data chokepoint6,high_for_chokepoint_calls_low_for_cargo_contents,"Known: daily transit calls by broad vessel class. Unknown: vessel identity, direction, AIS-dark movements, and actual cargo onboard."
2026-07-14,5,3,1,1,0,0,2,45089,87376,6.14,2.57,6.6,6.6,IMF PortWatch Daily_Chokepoints_Data chokepoint6,high_for_chokepoint_calls_low_for_cargo_contents,"Known: daily transit calls by broad vessel class. Unknown: vessel identity, direction, AIS-dark movements, and actual cargo onboard."
2026-07-15,8,3,1,3,1,0,5,0,214434,5.71,2.43,10.6,6.6,IMF PortWatch Daily_Chokepoints_Data chokepoint6,high_for_chokepoint_calls_low_for_cargo_contents,"Known: daily transit calls by broad vessel class. Unknown: vessel identity, direction, AIS-dark movements, and actual cargo onboard."
2026-07-16,4,1,2,1,0,0,3,0,28460,5.29,2.29,5.3,2.2,IMF PortWatch Daily_Chokepoints_Data chokepoint6,high_for_chokepoint_calls_low_for_cargo_contents,"Known: daily transit calls by broad vessel class. Unknown: vessel identity, direction, AIS-dark movements, and actual cargo onboard."
2026-07-17,1,1,0,0,0,0,0,1231,1231,4.86,2,1.3,2.2,IMF PortWatch Daily_Chokepoints_Data chokepoint6,high_for_chokepoint_calls_low_for_cargo_contents,"Known: daily transit calls by broad vessel class. Unknown: vessel identity, direction, AIS-dark movements, and actual cargo onboard."
2026-07-18,5,2,0,2,1,0,3,36937,132322,4.71,1.86,6.6,4.4,IMF PortWatch Daily_Chokepoints_Data chokepoint6,high_for_chokepoint_calls_low_for_cargo_contents,"Known: daily transit calls by broad vessel class. Unknown: vessel identity, direction, AIS-dark movements, and actual cargo onboard."
2026-07-19,4,2,1,0,1,0,2,39216,54047,4.86,2,5.3,4.4,IMF PortWatch Daily_Chokepoints_Data chokepoint6,high_for_chokepoint_calls_low_for_cargo_contents,"Known: daily transit calls by broad vessel class. Unknown: vessel identity, direction, AIS-dark movements, and actual cargo onboard."
2026-07-20,3,1,1,1,0,0,2,0,157,4.29,1.86,4.0,2.2,IMF PortWatch Daily_Chokepoints_Data chokepoint6,high_for_chokepoint_calls_low_for_cargo_contents,"Known: daily transit calls by broad vessel class. Unknown: vessel identity, direction, AIS-dark movements, and actual cargo onboard."
2026-07-21,4,1,0,1,2,0,3,43064,71614,4.14,1.57,5.3,2.2,IMF PortWatch Daily_Chokepoints_Data chokepoint6,high_for_chokepoint_calls_low_for_cargo_contents,"Known: daily transit calls by broad vessel class. Unknown: vessel identity, direction, AIS-dark movements, and actual cargo onboard."
2026-07-22,3,1,0,1,1,0,2,0,35435,3.43,1.29,4.0,2.2,IMF PortWatch Daily_Chokepoints_Data chokepoint6,high_for_chokepoint_calls_low_for_cargo_contents,"Known: daily transit calls by broad vessel class. Unknown: vessel identity, direction, AIS-dark movements, and actual cargo onboard."
2026-07-23,0,0,0,0,0,0,0,0,0,2.86,1.14,0.0,0.0,IMF PortWatch Daily_Chokepoints_Data chokepoint6,high_for_chokepoint_calls_low_for_cargo_contents,"Known: daily transit calls by broad vessel class. Unknown: vessel identity, direction, AIS-dark movements, and actual cargo onboard."
2026-07-24,3,0,0,2,1,0,3,0,591,3.14,1,4.0,0.0,IMF PortWatch Daily_Chokepoints_Data chokepoint6,high_for_chokepoint_calls_low_for_cargo_contents,"Known: daily transit calls by broad vessel class. Unknown: vessel identity, direction, AIS-dark movements, and actual cargo onboard."
2026-07-25,1,0,0,0,1,0,1,0,324,2.57,0.71,1.3,0.0,IMF PortWatch Daily_Chokepoints_Data chokepoint6,high_for_chokepoint_calls_low_for_cargo_contents,"Known: daily transit calls by broad vessel class. Unknown: vessel identity, direction, AIS-dark movements, and actual cargo onboard."
2026-07-26,3,2,0,1,0,0,1,81157,122054,2.43,0.71,4.0,4.4,IMF PortWatch Daily_Chokepoints_Data chokepoint6,high_for_chokepoint_calls_low_for_cargo_contents,"Known: daily transit calls by broad vessel class. Unknown: vessel identity, direction, AIS-dark movements, and actual cargo onboard."
2026-07-27,4,0,0,3,1,0,4,0,170314,2.57,0.57,5.3,0.0,IMF PortWatch Daily_Chokepoints_Data chokepoint6,high_for_chokepoint_calls_low_for_cargo_contents,"Known: daily transit calls by broad vessel class. Unknown: vessel identity, direction, AIS-dark movements, and actual cargo onboard."
2026-07-28,4,1,0,3,0,0,3,38762,63967,2.57,0.57,5.3,2.2,IMF PortWatch Daily_Chokepoints_Data chokepoint6,high_for_chokepoint_calls_low_for_cargo_contents,"Known: daily transit calls by broad vessel class. Unknown: vessel identity, direction, AIS-dark movements, and actual cargo onboard."
2026-07-29,6,2,0,4,0,0,4,115119,179594,3,0.71,8.0,4.4,IMF PortWatch Daily_Chokepoints_Data chokepoint6,high_for_chokepoint_calls_low_for_cargo_contents,"Known: daily transit calls by broad vessel class. Unknown: vessel identity, direction, AIS-dark movements, and actual cargo onboard."
2026-07-30,2,1,1,0,0,0,1,5325,5325,3.29,0.86,2.7,2.2,IMF PortWatch Daily_Chokepoints_Data chokepoint6,high_for_chokepoint_calls_low_for_cargo_contents,"Known: daily transit calls by broad vessel class. Unknown: vessel identity, direction, AIS-dark movements, and actual cargo onboard."
2026-07-31,6,1,1,2,2,0,5,282046,470124,3.71,1,8.0,2.2,IMF PortWatch Daily_Chokepoints_Data chokepoint6,high_for_chokepoint_calls_low_for_cargo_contents,"Known: daily transit calls by broad vessel class. Unknown: vessel identity, direction, AIS-dark movements, and actual cargo onboard."
2026-08-01,3,2,0,1,0,0,1,1067,1067,4,1.29,4.0,4.4,IMF PortWatch Daily_Chokepoints_Data chokepoint6,high_for_chokepoint_calls_low_for_cargo_contents,"Known: daily transit calls by broad vessel class. Unknown: vessel identity, direction, AIS-dark movements, and actual cargo onboard."
2026-08-02,2,0,1,1,0,0,2,0,107354,3.86,1,2.7,0.0,IMF PortWatch Daily_Chokepoints_Data chokepoint6,high_for_chokepoint_calls_low_for_cargo_contents,"Known: daily transit calls by broad vessel class. Unknown: vessel identity, direction, AIS-dark movements, and actual cargo onboard."
2026-08-03,6,3,0,3,0,0,3,6134,131517,4.14,1.43,8.0,6.6,IMF PortWatch Daily_Chokepoints_Data chokepoint6,high_for_chokepoint_calls_low_for_cargo_contents,"Known: daily transit calls by broad vessel class. Unknown: vessel identity, direction, AIS-dark movements, and actual cargo onboard."
2026-08-04,6,4,0,2,0,0,2,64214,214958,4.43,1.86,8.0,8.8,IMF PortWatch Daily_Chokepoints_Data chokepoint6,high_for_chokepoint_calls_low_for_cargo_contents,"Known: daily transit calls by broad vessel class. Unknown: vessel identity, direction, AIS-dark movements, and actual cargo onboard."
2026-08-05,4,0,1,1,2,0,4,0,4805,4.14,1.57,5.3,0.0,IMF PortWatch Daily_Chokepoints_Data chokepoint6,high_for_chokepoint_calls_low_for_cargo_contents,"Known: daily transit calls by broad vessel class. Unknown: vessel identity, direction, AIS-dark movements, and actual cargo onboard."
2026-08-06,2,0,0,1,1,0,2,0,25140,4.14,1.43,2.7,0.0,IMF PortWatch Daily_Chokepoints_Data chokepoint6,high_for_chokepoint_calls_low_for_cargo_contents,"Known: daily transit calls by broad vessel class. Unknown: vessel identity, direction, AIS-dark movements, and actual cargo onboard."
2026-08-07,4,2,0,2,0,0,2,0,90890,3.86,1.57,5.3,4.4,IMF PortWatch Daily_Chokepoints_Data chokepoint6,high_for_chokepoint_calls_low_for_cargo_contents,"Known: daily transit calls by broad vessel class. Unknown: vessel identity, direction, AIS-dark movements, and actual cargo onboard."
2026-08-08,8,1,3,3,1,0,7,0,378306,4.57,1.43,10.6,2.2,IMF PortWatch Daily_Chokepoints_Data chokepoint6,high_for_chokepoint_calls_low_for_cargo_contents,"Known: daily transit calls by broad vessel class. Unknown: vessel identity, direction, AIS-dark movements, and actual cargo onboard."
2026-08-09,1,0,0,1,0,0,1,0,0,4.43,1.43,1.3,0.0,IMF PortWatch Daily_Chokepoints_Data chokepoint6,high_for_chokepoint_calls_low_for_cargo_contents,"Known: daily transit calls by broad vessel class. Unknown: vessel identity, direction, AIS-dark movements, and actual cargo onboard."
2026-08-10,4,2,0,2,0,0,2,11478,64034,4.14,1.29,5.3,4.4,IMF PortWatch Daily_Chokepoints_Data chokepoint6,high_for_chokepoint_calls_low_for_cargo_contents,"Known: daily transit calls by broad vessel class. Unknown: vessel identity, direction, AIS-dark movements, and actual cargo onboard."
2026-08-11,8,2,0,3,3,0,6,1067,99876,4.43,1,10.6,4.4,IMF PortWatch Daily_Chokepoints_Data chokepoint6,high_for_chokepoint_calls_low_for_cargo_contents,"Known: daily transit calls by broad vessel class. Unknown: vessel identity, direction, AIS-dark movements, and actual cargo onboard."
2026-08-12,1,0,0,0,1,0,1,0,1391,4,1,1.3,0.0,IMF PortWatch Daily_Chokepoints_Data chokepoint6,high_for_chokepoint_calls_low_for_cargo_contents,"Known: daily transit calls by broad vessel class. Unknown: vessel identity, direction, AIS-dark movements, and actual cargo onboard."
2026-08-13,4,1,0,3,0,0,3,36112,97359,4.29,1.14,5.3,2.2,IMF PortWatch Daily_Chokepoints_Data chokepoint6,high_for_chokepoint_calls_low_for_cargo_contents,"Known: daily transit calls by broad vessel class. Unknown: vessel identity, direction, AIS-dark movements, and actual cargo onboard."
2026-08-14,6,1,0,5,0,0,5,0,191299,4.57,1,8.0,2.2,IMF PortWatch Daily_Chokepoints_Data chokepoint6,high_for_chokepoint_calls_low_for_cargo_contents,"Known: daily transit calls by broad vessel class. Unknown: vessel identity, direction, AIS-dark movements, and actual cargo onboard."
2026-08-15,1,1,0,0,0,0,0,1067,1067,3.57,1,1.3,2.2,IMF PortWatch Daily_Chokepoints_Data chokepoint6,high_for_chokepoint_calls_low_for_cargo_contents,"Known: daily transit calls by broad vessel class. Unknown: vessel identity, direction, AIS-dark movements, and actual cargo onboard."
2026-08-16,1,1,0,0,0,0,0,0,0,3.57,1.14,1.3,2.2,IMF PortWatch Daily_Chokepoints_Data chokepoint6,high_for_chokepoint_calls_low_for_cargo_contents,"Known: daily transit calls by broad vessel class. Unknown: vessel identity, direction, AIS-dark movements, and actual cargo onboard."
